Institution Name,State abbreviation (HD2023),Control of institution (HD2023),"Grand total (All students, Undergraduate total)",Conscientiousness,Resilience/Grit,Adaptability,Self Direction,Growth Mindset,Cognitive Readiness,Communication,Quantitative Reasoning
Abilene Christian University-Undergraduate Online,TX,2,918,Unavailable,Unavailable,Unavailable,Unavailable,Unavailable,Unavailable,Unavailable,Unavailable
Abraham Lincoln University,CA,3,49,Unavailable,Unavailable,Unavailable,Unavailable,Unavailable,Unavailable,Unavailable,Unavailable
Academy College,MN,3,118,82,2,16,52,40,Unavailable,Unavailable,Unavailable
Academy of Art University,CA,3,4191,20,99,2,21,20,Unavailable,Unavailable,Unavailable
Adams State University,CO,1,1576,34,17,2,8,7,Unavailable,Unavailable,Unavailable
Alaska Pacific University,AK,2,437,37,62,4,24,18,Unavailable,Unavailable,Unavailable
Albany State University,GA,1,6018,29,41,2,17,22,Unavailable,Unavailable,Unavailable
Albertus Magnus College,CT,2,892,58,23,11,25,20,Unavailable,Unavailable,Unavailable
Albion College,MI,2,1354,60,20,1,9,4,Unavailable,Unavailable,Unavailable
Albizu University-Miami,FL,2,226,53,114,0,28,15,Unavailable,Unavailable,Unavailable
Albright College,PA,2,1328,52,5,2,9,2,Unavailable,Unavailable,Unavailable
Allen University,SC,2,635,9,44,2,21,32,Unavailable,Unavailable,Unavailable
Alliant International University-San Diego,CA,3,355,63,7,4,25,0,Unavailable,Unavailable,Unavailable
Alma College,MI,2,1235,63,11,Unavailable,Unavailable,Unavailable,Unavailable,Unavailable,Unavailable
Alverno College,WI,2,887,50,55,5,21,27,Unavailable,Unavailable,Unavailable
American Academy of Art College,IL,3,90,43,31,9,29,38,Unavailable,Unavailable,Unavailable
American Baptist College,TN,2,48,17,8,0,21,0,Unavailable,Unavailable,Unavailable
American InterContinental University System,AZ,3,6830,12,17,Unavailable,Unavailable,Unavailable,Unavailable,Unavailable,Unavailable
American InterContinental University-Atlanta,GA,3,670,25,7,11,26,3,Unavailable,Unavailable,Unavailable
American InterContinental University-Houston,TX,3,124,28,5,13,39,20,Unavailable,Unavailable,Unavailable
American International College,MA,2,1331,45,20,4,16,22,Unavailable,Unavailable,Unavailable
American Public University System,WV,3,40478,21,30,Unavailable,Unavailable,Unavailable,Unavailable,Unavailable,Unavailable
Ana G. Mendez University,FL,2,4915,Unavailable,Unavailable,Unavailable,Unavailable,Unavailable,Unavailable,Unavailable,Unavailable
Antioch College,OH,2,127,29,37,1,7,3,Unavailable,Unavailable,Unavailable
Arizona Christian University,AZ,2,1210,42,10,4,13,14,Unavailable,Unavailable,Unavailable
Arizona State University Campus Immersion,AZ,1,65174,63,20,9,26,28,Unavailable,Unavailable,Unavailable
Arkansas Baptist College,AR,2,373,28,3,0,11,8,Unavailable,Unavailable,Unavailable
Arlington Baptist University,TX,2,268,36,70,3,23,35,Unavailable,Unavailable,Unavailable
Art Center College of Design,CA,2,2079,62,100,5,25,37,Unavailable,Unavailable,Unavailable
Asbury University,KY,2,1638,57,22,7,16,13,Unavailable,Unavailable,Unavailable
Ashford University,CA,3,24949,17,76,0,22,2,Unavailable,Unavailable,Unavailable
Assumption University,MA,2,1688,70,5,1,13,2,Unavailable,Unavailable,Unavailable
Atlantis University,FL,3,313,65,0,9,21,0,Unavailable,Unavailable,Unavailable
Augsburg University,MN,2,2445,56,23,4,14,12,Unavailable,Unavailable,Unavailable
Ave Maria University,FL,2,1250,60,8,12,34,42,Unavailable,Unavailable,Unavailable
Baptist University of the Americas,TX,2,98,61,57,9,44,37,Unavailable,Unavailable,Unavailable
Barclay College,KS,2,163,49,32,6,16,7,Unavailable,Unavailable,Unavailable
Barry University,FL,2,3150,45,37,1,7,6,Unavailable,Unavailable,Unavailable
Beacon College,FL,2,527,60,35,2,12,7,Unavailable,Unavailable,Unavailable
Bellevue University,NE,2,11096,46,21,8,22,2,Unavailable,Unavailable,Unavailable
Benedictine University,IL,2,1842,55,18,6,22,26,Unavailable,Unavailable,Unavailable
Berkeley College-New York,NY,3,1756,33,14,8,21,11,Unavailable,Unavailable,Unavailable
Berkeley College-Woodland Park,NJ,3,1900,48,11,11,27,14,Unavailable,Unavailable,Unavailable
Berklee College of Music,MA,2,7608,54,22,8,19,14,Unavailable,Unavailable,Unavailable
Bethany College,KS,2,637,39,10,3,10,12,Unavailable,Unavailable,Unavailable
Bethany College,WV,2,645,41,21,1,6,6,Unavailable,Unavailable,Unavailable
Bethesda University,CA,2,212,20,22,5,33,39,Unavailable,Unavailable,Unavailable
Beulah Heights University,GA,2,158,6,33,2,36,22,Unavailable,Unavailable,Unavailable
Blackburn College,IL,2,389,45,19,3,10,4,Unavailable,Unavailable,Unavailable
Bluefield University,VA,2,694,54,11,9,26,30,Unavailable,Unavailable,Unavailable
Bob Jones University,SC,2,2477,65,10,3,15,9,Unavailable,Unavailable,Unavailable
Boise State University,ID,1,23491,51,46,5,18,26,Unavailable,Unavailable,Unavailable
Boricua College,NY,2,401,47,120,Unavailable,Unavailable,Unavailable,Unavailable,Unavailable,Unavailable
Boston Architectural College,MA,2,306,43,64,9,29,29,Unavailable,Unavailable,Unavailable
Brescia University,KY,2,551,40,30,8,21,22,Unavailable,Unavailable,Unavailable
Brewton-Parker College,GA,2,1049,19,49,1,13,19,Unavailable,Unavailable,Unavailable
Briar Cliff University,IA,2,737,58,14,6,17,15,Unavailable,Unavailable,Unavailable
Bridges Christian College,LA,2,110,Unavailable,Unavailable,Unavailable,Unavailable,Unavailable,Unavailable,Unavailable,Unavailable
Bryan College-Dayton,TN,2,1398,57,16,4,12,11,Unavailable,Unavailable,Unavailable
Caldwell University,NJ,2,1448,55,14,6,20,22,Unavailable,Unavailable,Unavailable
California Aeronautical University,CA,3,383,Unavailable,Unavailable,Unavailable,Unavailable,32,Unavailable,Unavailable,Unavailable
California Baptist University,CA,2,8110,54,34,7,21,22,Unavailable,Unavailable,Unavailable
California College of ASU,CA,2,149,56,21,3,12,3,Unavailable,Unavailable,Unavailable
California College of the Arts,CA,2,1012,62,37,2,11,6,Unavailable,Unavailable,Unavailable
California Institute of Technology,CA,2,1023,91,9,Unavailable,Unavailable,Unavailable,Unavailable,Unavailable,Unavailable
California Institute of the Arts,CA,2,918,71,13,Unavailable,Unavailable,Unavailable,Unavailable,Unavailable,Unavailable
California Intercontinental University,SD,3,141,63,17,Unavailable,Unavailable,Unavailable,Unavailable,Unavailable,Unavailable
California Jazz Conservatory,CA,2,20,16,67,Unavailable,Unavailable,Unavailable,Unavailable,Unavailable,Unavailable
California Miramar University,CA,3,105,28,Unavailable,10,34,39,Unavailable,Unavailable,Unavailable
California Polytechnic State University-San Luis Obispo,CA,1,21559,78,40,5,23,24,Unavailable,Unavailable,Unavailable
California State Polytechnic University-Humboldt,CA,1,5594,56,63,4,23,29,Unavailable,Unavailable,Unavailable
California State Polytechnic University-Pomona,CA,1,24455,69,72,5,25,32,Unavailable,Unavailable,Unavailable
California State University Maritime Academy,CA,1,761,71,14,5,20,13,Unavailable,Unavailable,Unavailable
California State University-Bakersfield,CA,1,8336,55,78,4,24,30,Unavailable,Unavailable,Unavailable
California State University-Channel Islands,CA,1,5290,67,54,6,28,32,Unavailable,Unavailable,Unavailable
California State University-Chico,CA,1,13160,68,47,7,26,31,Unavailable,Unavailable,Unavailable
California State University-Dominguez Hills,CA,1,12730,63,69,4,24,26,Unavailable,Unavailable,Unavailable
California State University-East Bay,CA,1,10562,62,89,4,24,26,Unavailable,Unavailable,Unavailable
California State University-Fresno,CA,1,21430,58,105,3,20,29,Unavailable,Unavailable,Unavailable
California State University-Fullerton,CA,1,37125,72,60,6,24,29,Unavailable,Unavailable,Unavailable
California State University-Long Beach,CA,1,34243,75,54,6,24,27,Unavailable,Unavailable,Unavailable
California State University-Los Angeles,CA,1,21527,57,130,2,20,28,Unavailable,Unavailable,Unavailable
California State University-Monterey Bay,CA,1,5909,68,38,6,22,23,Unavailable,Unavailable,Unavailable
California State University-Northridge,CA,1,32429,62,85,3,22,29,Unavailable,Unavailable,Unavailable
California State University-Sacramento,CA,1,28268,64,74,4,21,27,Unavailable,Unavailable,Unavailable
California State University-San Bernardino,CA,1,16067,62,88,5,26,35,Unavailable,Unavailable,Unavailable
California State University-San Marcos,CA,1,14246,58,96,3,17,23,Unavailable,Unavailable,Unavailable
California State University-Stanislaus,CA,1,8669,61,85,4,24,31,Unavailable,Unavailable,Unavailable
Calumet College of Saint Joseph,IN,2,560,44,19,3,14,9,Unavailable,Unavailable,Unavailable
Cambridge College,MA,2,717,38,115,0,24,12,Unavailable,Unavailable,Unavailable
Cameron University,OK,1,3244,23,43,4,19,25,Unavailable,Unavailable,Unavailable
Campbell University,NC,2,2813,48,25,7,18,15,Unavailable,Unavailable,Unavailable
Campbellsville University,KY,2,6853,39,24,2,7,5,Unavailable,Unavailable,Unavailable
Canisius University,NY,2,1798,71,7,8,24,21,Unavailable,Unavailable,Unavailable
Capella University,MN,3,16177,28,13,Unavailable,Unavailable,Unavailable,Unavailable,Unavailable,Unavailable
Capitol Technology University,MD,2,266,50,28,9,27,30,Unavailable,Unavailable,Unavailable
Carolina University,NC,2,424,34,28,7,26,32,Unavailable,Unavailable,Unavailable
Centenary University,NJ,2,951,56,12,8,25,24,Unavailable,Unavailable,Unavailable
Central Christian College of Kansas,KS,2,437,34,33,2,13,11,Unavailable,Unavailable,Unavailable
Central Methodist University-College of Graduate and Extended Studies,MO,2,3247,63,55,0,12,5,Unavailable,Unavailable,Unavailable
Central State University,OH,1,3429,21,74,3,21,17,Unavailable,Unavailable,Unavailable
Central Washington University,WA,1,8309,62,11,7,21,19,Unavailable,Unavailable,Unavailable
Chadron State College,NE,1,1785,38,34,5,17,20,Unavailable,Unavailable,Unavailable
Chamberlain University-Louisiana,LA,3,517,Unavailable,Unavailable,Unavailable,Unavailable,Unavailable,Unavailable,Unavailable,Unavailable
Champion Christian College,AR,2,139,Unavailable,Unavailable,Unavailable,Unavailable,Unavailable,Unavailable,Unavailable,Unavailable
Charter Oak State College,CT,1,1683,Unavailable,Unavailable,Unavailable,Unavailable,Unavailable,Unavailable,Unavailable,Unavailable
Chestnut Hill College,PA,2,972,59,12,10,23,14,Unavailable,Unavailable,Unavailable
Cheyney University of Pennsylvania,PA,1,724,38,33,4,22,31,Unavailable,Unavailable,Unavailable
Chicago State University,IL,1,1495,28,116,1,24,27,Unavailable,Unavailable,Unavailable
City University of Seattle,WA,2,1180,Unavailable,Unavailable,Unavailable,Unavailable,3,Unavailable,Unavailable,Unavailable
City Vision University,MO,2,188,Unavailable,Unavailable,Unavailable,Unavailable,Unavailable,Unavailable,Unavailable,Unavailable
Claflin University,SC,2,1754,46,26,2,8,4,Unavailable,Unavailable,Unavailable
Clarks Summit University,PA,2,345,54,25,3,13,10,Unavailable,Unavailable,Unavailable
Cleary University,MI,2,811,48,29,5,25,19,Unavailable,Unavailable,Unavailable
Cleveland Institute of Music,OH,2,194,69,18,5,21,18,Unavailable,Unavailable,Unavailable
Clinton College,SC,2,106,21,81,0,11,2,Unavailable,Unavailable,Unavailable
Coker University,SC,2,1187,49,14,4,15,21,Unavailable,Unavailable,Unavailable
Colby-Sawyer College,NH,2,834,65,16,5,15,6,Unavailable,Unavailable,Unavailable
College for Creative Studies,MI,2,1399,53,37,5,18,22,Unavailable,Unavailable,Unavailable
College of Staten Island CUNY,NY,1,9786,32,35,4,17,22,Unavailable,Unavailable,Unavailable
College of the Atlantic,ME,2,360,64,20,Unavailable,Unavailable,Unavailable,Unavailable,Unavailable,Unavailable
College Unbound,RI,2,401,Unavailable,Unavailable,Unavailable,Unavailable,Unavailable,Unavailable,Unavailable,Unavailable
Colorado Christian University,CO,2,6730,29,11,13,17,3,Unavailable,Unavailable,Unavailable
Colorado State University Global,CO,1,6568,Unavailable,Unavailable,Unavailable,Unavailable,Unavailable,Unavailable,Unavailable,Unavailable
Colorado State University-Fort Collins,CO,1,25834,63,34,5,17,17,Unavailable,Unavailable,Unavailable
Colorado Technical University-Colorado Springs,CO,3,26114,21,24,8,23,2,Unavailable,Unavailable,Unavailable
Columbia College,MO,2,5633,32,29,7,21,7,Unavailable,Unavailable,Unavailable
Columbia College,SC,2,1268,48,14,11,17,3,Unavailable,Unavailable,Unavailable
Columbia College Chicago,IL,2,6344,53,13,5,18,18,Unavailable,Unavailable,Unavailable
Columbia International University,SC,2,916,67,11,11,29,33,Unavailable,Unavailable,Unavailable
Columbia Southern University,AL,3,13111,44,36,Unavailable,Unavailable,Unavailable,Unavailable,Unavailable,Unavailable
Columbus College of Art & Design,OH,2,893,60,10,7,23,21,Unavailable,Unavailable,Unavailable
Concordia University-Chicago,IL,2,1377,49,11,9,22,21,Unavailable,Unavailable,Unavailable
Concordia University-Irvine,CA,2,1465,65,9,7,22,17,Unavailable,Unavailable,Unavailable
Concordia University-Saint Paul,MN,2,3146,58,13,11,23,17,Unavailable,Unavailable,Unavailable
Corban University,OR,2,785,55,20,4,14,13,Unavailable,Unavailable,Unavailable
Cornerstone University,MI,2,1444,61,9,8,21,17,Unavailable,Unavailable,Unavailable
Cornish College of the Arts,WA,2,502,53,9,2,9,2,Unavailable,Unavailable,Unavailable
Criswell College,TX,2,118,40,19,6,17,8,Unavailable,Unavailable,Unavailable
Crowley's Ridge College,AR,2,225,19,104,0,17,37,Unavailable,Unavailable,Unavailable
Crown College,MN,2,1379,52,19,5,11,6,Unavailable,Unavailable,Unavailable
Cumberland University,TN,2,2652,60,14,4,15,17,Unavailable,Unavailable,Unavailable
CUNY Graduate School and University Center,NY,1,3237,Unavailable,Unavailable,Unavailable,Unavailable,13,Unavailable,Unavailable,Unavailable
Curtis Institute of Music,PA,2,106,74,Unavailable,Unavailable,Unavailable,30,Unavailable,Unavailable,Unavailable
Daemen University,NY,2,1806,60,18,6,14,12,Unavailable,Unavailable,Unavailable
Dakota Wesleyan University,SD,2,767,57,9,5,18,16,Unavailable,Unavailable,Unavailable
Dalton State College,GA,1,4902,30,89,1,13,18,Unavailable,Unavailable,Unavailable
Davenport University,MI,2,3833,43,23,9,21,20,Unavailable,Unavailable,Unavailable
Dean College,MA,2,1151,47,8,2,9,5,Unavailable,Unavailable,Unavailable
Defiance College,OH,2,464,47,18,2,11,9,Unavailable,Unavailable,Unavailable
Design Institute of San Diego,CA,3,92,49,53,12,38,37,Unavailable,Unavailable,Unavailable
DeVry College of New York,NY,3,175,33,14,11,34,15,Unavailable,Unavailable,Unavailable
DeVry University-Arizona,AZ,3,22,28,10,12,21,4,Unavailable,Unavailable,Unavailable
DeVry University-Florida,FL,3,188,27,19,10,26,2,Unavailable,Unavailable,Unavailable
DeVry University-Georgia,GA,3,472,24,23,5,26,6,Unavailable,Unavailable,Unavailable
DeVry University-Nevada,NV,3,4,19,29,0,31,10,Unavailable,Unavailable,Unavailable
DeVry University-New Jersey,NJ,3,68,32,32,6,24,8,Unavailable,Unavailable,Unavailable
DeVry University-Ohio,OH,3,218,21,20,6,24,2,Unavailable,Unavailable,Unavailable
DeVry University-Texas,TX,3,26,26,11,13,33,16,Unavailable,Unavailable,Unavailable
DeVry University-Virginia,VA,3,25,26,Unavailable,0,30,11,Unavailable,Unavailable,Unavailable
Dickinson College,PA,2,2204,81,5,Unavailable,Unavailable,Unavailable,Unavailable,Unavailable,Unavailable
Dickinson State University,ND,1,1392,39,35,3,15,21,Unavailable,Unavailable,Unavailable
Divine Word College,IA,2,61,85,1,Unavailable,Unavailable,Unavailable,Unavailable,Unavailable,Unavailable
Doane University,NE,2,1190,56,12,3,11,4,Unavailable,Unavailable,Unavailable
Drury University-College of Continuing Professional Studies,MO,2,716,35,40,4,25,14,Unavailable,Unavailable,Unavailable
Eagle Gate College-Boise Campus,ID,3,511,Unavailable,Unavailable,Unavailable,Unavailable,Unavailable,Unavailable,Unavailable,Unavailable
East Texas Baptist University,TX,2,1659,45,10,4,12,11,Unavailable,Unavailable,Unavailable
East-West University,IL,2,528,21,55,Unavailable,Unavailable,Unavailable,Unavailable,Unavailable,Unavailable
Eastern Mennonite University,VA,2,863,61,20,2,9,5,Unavailable,Unavailable,Unavailable
Eastern Oregon University,OR,1,2515,45,28,7,18,11,Unavailable,Unavailable,Unavailable
Eastern Washington University,WA,1,7246,51,50,5,18,24,Unavailable,Unavailable,Unavailable
Ecclesia College,AR,2,138,18,13,2,6,2,Unavailable,Unavailable,Unavailable
Edgewood College,WI,2,1214,56,31,4,15,15,Unavailable,Unavailable,Unavailable
Edward Waters University,FL,2,1113,24,41,3,25,35,Unavailable,Unavailable,Unavailable
Emmanuel University,GA,2,861,39,24,2,10,14,Unavailable,Unavailable,Unavailable
Empire State University,NY,1,7789,43,60,6,21,5,Unavailable,Unavailable,Unavailable
Epic Bible College & Graduate School,CA,2,60,12,Unavailable,0,38,20,Unavailable,Unavailable,Unavailable
Erskine College,SC,2,854,47,6,4,18,23,Unavailable,Unavailable,Unavailable
Eureka College,IL,2,527,59,14,2,8,3,Unavailable,Unavailable,Unavailable
Evangel University,MO,2,1427,55,5,2,10,6,Unavailable,Unavailable,Unavailable
Evangel University-College of Online Learning,MO,2,241,Unavailable,Unavailable,Unavailable,Unavailable,Unavailable,Unavailable,Unavailable,Unavailable
Everglades University,FL,2,2369,57,28,19,33,14,Unavailable,Unavailable,Unavailable
Faith International University,WA,2,196,Unavailable,Unavailable,6,Unavailable,Unavailable,Unavailable,Unavailable,Unavailable
Fisher College,MA,2,1384,34,20,6,15,8,Unavailable,Unavailable,Unavailable
Five Towns College,NY,3,662,43,23,2,11,15,Unavailable,Unavailable,Unavailable
Florida Memorial University,FL,2,1299,40,52,2,12,16,Unavailable,Unavailable,Unavailable
Florida National University-Main Campus,FL,3,2359,42,4,13,32,19,Unavailable,Unavailable,Unavailable
Fontbonne University,MO,2,650,60,15,10,30,34,Unavailable,Unavailable,Unavailable
Franklin University,OH,2,5815,50,10,9,22,1,Unavailable,Unavailable,Unavailable
Fresno Pacific University,CA,2,1616,61,11,19,38,32,Unavailable,Unavailable,Unavailable
Frostburg State University,MD,1,3344,53,43,4,14,20,Unavailable,Unavailable,Unavailable
Full Sail University,FL,3,25195,45,2,17,23,7,Unavailable,Unavailable,Unavailable
Gannon University,PA,2,2920,61,24,3,14,14,Unavailable,Unavailable,Unavailable
Geneva College,PA,2,1149,67,11,3,14,5,Unavailable,Unavailable,Unavailable
Georgia Gwinnett College,GA,1,11907,19,116,1,16,25,Unavailable,Unavailable,Unavailable
Glenville State University,WV,1,1583,30,25,5,18,26,Unavailable,Unavailable,Unavailable
Gnomon,CA,3,555,Unavailable,Unavailable,Unavailable,Unavailable,0,Unavailable,Unavailable,Unavailable
Goddard College,VT,2,113,56,2,17,53,40,Unavailable,Unavailable,Unavailable
Golden Gate University,CA,2,575,Unavailable,Unavailable,Unavailable,Unavailable,15,Unavailable,Unavailable,Unavailable
Goldey-Beacom College,DE,2,702,60,10,10,26,27,Unavailable,Unavailable,Unavailable
Governors State University,IL,1,2536,48,33,3,24,21,Unavailable,Unavailable,Unavailable
Grace Christian University,MI,2,891,32,24,6,15,6,Unavailable,Unavailable,Unavailable
Graceland University-Lamoni,IA,2,902,60,17,4,14,9,Unavailable,Unavailable,Unavailable
Grand Canyon University,AZ,3,70929,45,19,13,22,11,Unavailable,Unavailable,Unavailable
Grand View University,IA,2,1483,58,10,6,18,16,Unavailable,Unavailable,Unavailable
Great Lakes Christian College,MI,2,130,27,97,2,12,17,Unavailable,Unavailable,Unavailable
Great Northern University,WA,2,36,Unavailable,Unavailable,Unavailable,Unavailable,Unavailable,Unavailable,Unavailable,Unavailable
Greensboro College,NC,2,809,35,17,3,14,17,Unavailable,Unavailable,Unavailable
Hallmark University,TX,2,782,66,2,19,38,17,Unavailable,Unavailable,Unavailable
Hampshire College,MA,2,717,60,15,Unavailable,Unavailable,Unavailable,Unavailable,Unavailable,Unavailable
Harris-Stowe State University,MO,1,1098,22,68,1,19,27,Unavailable,Unavailable,Unavailable
Harrisburg University of Science and Technology,PA,2,718,36,34,4,16,19,Unavailable,Unavailable,Unavailable
Heidelberg University,OH,2,905,57,10,5,18,18,Unavailable,Unavailable,Unavailable
Hellenic College-Holy Cross Greek Orthodox School of Theology,MA,2,64,57,5,6,16,1,Unavailable,Unavailable,Unavailable
Henderson State University,AR,1,1493,38,36,5,25,34,Unavailable,Unavailable,Unavailable
Heritage University,WA,2,783,55,35,5,19,14,Unavailable,Unavailable,Unavailable
Herzing University-Madison,WI,2,2181,34,10,9,25,6,Unavailable,Unavailable,Unavailable
Herzing University-New Orleans,LA,2,361,37,13,10,29,11,Unavailable,Unavailable,Unavailable
Hiram College,OH,2,983,55,8,3,13,12,Unavailable,Unavailable,Unavailable
Hobe Sound Bible College,FL,2,141,25,14,4,16,4,Unavailable,Unavailable,Unavailable
Hodges University,FL,2,173,27,46,4,43,42,Unavailable,Unavailable,Unavailable
Holy Apostles College and Seminary,CT,2,270,24,35,4,13,5,Unavailable,Unavailable,Unavailable
Hood College,MD,2,1209,65,11,2,12,4,Unavailable,Unavailable,Unavailable
Hult International Business School,MA,2,694,Unavailable,Unavailable,Unavailable,Unavailable,Unavailable,Unavailable,Unavailable,Unavailable
Humphreys University-Stockton and Modesto Campuses,CA,2,183,52,7,45,33,2,Unavailable,Unavailable,Unavailable
Huston-Tillotson University,TX,2,982,36,54,3,17,16,Unavailable,Unavailable,Unavailable
Idaho State University,ID,1,10406,55,30,3,17,24,Unavailable,Unavailable,Unavailable
Indiana Institute of Technology,IN,2,1642,41,32,1,7,10,Unavailable,Unavailable,Unavailable
Indiana Institute of Technology-College of Professional Studies,IN,2,2535,15,Unavailable,0,21,2,Unavailable,Unavailable,Unavailable
Indiana State University,IN,1,6668,42,33,5,15,15,Unavailable,Unavailable,Unavailable
Indiana Wesleyan University-National & Global,IN,2,6118,Unavailable,Unavailable,Unavailable,Unavailable,2,Unavailable,Unavailable,Unavailable
Jarvis Christian University,TX,2,730,19,32,7,27,37,Unavailable,Unavailable,Unavailable
Johnson & Wales University-Online,RI,2,1990,30,68,Unavailable,Unavailable,Unavailable,Unavailable,Unavailable,Unavailable
Johnson C Smith University,NC,2,1058,40,47,4,19,25,Unavailable,Unavailable,Unavailable
Kansas Christian College,KS,2,143,18,75,0,18,26,Unavailable,Unavailable,Unavailable
Kansas City Art Institute,MO,2,789,61,12,Unavailable,Unavailable,Unavailable,Unavailable,Unavailable,Unavailable
Kansas Wesleyan University,KS,2,899,46,14,4,14,15,Unavailable,Unavailable,Unavailable
Keene State College,NH,1,2718,61,11,1,9,3,Unavailable,Unavailable,Unavailable
King University,TN,2,1076,69,5,10,21,12,Unavailable,Unavailable,Unavailable
Kuyper College,MI,2,153,42,81,0,9,8,Unavailable,Unavailable,Unavailable
La Salle University,PA,2,2426,59,12,4,15,9,Unavailable,Unavailable,Unavailable
La Sierra University,CA,2,1244,48,24,Unavailable,Unavailable,Unavailable,Unavailable,Unavailable,Unavailable
LaGrange College,GA,2,582,45,12,3,12,12,Unavailable,Unavailable,Unavailable
Laguna College of Art and Design,CA,2,776,59,40,9,29,32,Unavailable,Unavailable,Unavailable
Lake Superior State University,MI,1,1669,52,49,3,14,18,Unavailable,Unavailable,Unavailable
Lakeland University,WI,2,2318,40,28,5,15,19,Unavailable,Unavailable,Unavailable
Landmark College,VT,2,598,Unavailable,Unavailable,Unavailable,Unavailable,3,Unavailable,Unavailable,Unavailable
Lane College,TN,2,822,25,75,3,19,29,Unavailable,Unavailable,Unavailable
Langston University,OK,1,1743,28,45,2,17,24,Unavailable,Unavailable,Unavailable
Lawrence Technological University,MI,2,2367,45,107,2,11,25,Unavailable,Unavailable,Unavailable
Le Moyne-Owen College,TN,2,646,23,65,1,8,7,Unavailable,Unavailable,Unavailable
Lees-McRae College,NC,2,818,63,7,4,10,2,Unavailable,Unavailable,Unavailable
Lenoir-Rhyne University,NC,2,1477,47,17,6,20,26,Unavailable,Unavailable,Unavailable
Lesley University,MA,2,1342,59,20,8,22,20,Unavailable,Unavailable,Unavailable
Lewis-Clark State College,ID,1,3702,48,21,3,15,19,Unavailable,Unavailable,Unavailable
Liberty University,VA,2,52823,39,24,15,20,9,Unavailable,Unavailable,Unavailable
Life Pacific University,CA,2,396,50,31,7,19,15,Unavailable,Unavailable,Unavailable
Limestone University,SC,2,1598,35,26,8,26,29,Unavailable,Unavailable,Unavailable
Lincoln Christian University,IL,2,45,43,15,15,31,18,Unavailable,Unavailable,Unavailable
Lincoln University,MO,1,1707,27,48,2,16,26,Unavailable,Unavailable,Unavailable
Lindsey Wilson College,KY,2,1783,48,21,5,18,20,Unavailable,Unavailable,Unavailable
Linfield University,OR,2,1678,71,15,6,20,14,Unavailable,Unavailable,Unavailable
Livingstone College,NC,2,799,22,38,2,16,23,Unavailable,Unavailable,Unavailable
Loras College,IA,2,1130,66,12,2,12,4,Unavailable,Unavailable,Unavailable
Los Angeles College of Music,CA,3,267,58,10,Unavailable,Unavailable,Unavailable,Unavailable,Unavailable,Unavailable
Los Angeles Film School,CA,3,5833,45,4,15,23,0,Unavailable,Unavailable,Unavailable
Los Angeles Pacific University,CA,2,1617,46,18,Unavailable,Unavailable,Unavailable,Unavailable,Unavailable,Unavailable
Louisiana Christian University,LA,2,803,32,30,3,15,23,Unavailable,Unavailable,Unavailable
Lourdes University,OH,2,827,53,10,7,22,19,Unavailable,Unavailable,Unavailable
Loyola Marymount University,CA,2,7336,78,8,3,17,6,Unavailable,Unavailable,Unavailable
Loyola University New Orleans,LA,2,3205,59,15,6,19,17,Unavailable,Unavailable,Unavailable
Lyon College,AR,2,584,48,13,2,9,8,Unavailable,Unavailable,Unavailable
Magdalen College,NH,2,58,63,12,Unavailable,Unavailable,Unavailable,Unavailable,Unavailable,Unavailable
Maharishi International University,IA,2,777,62,19,8,23,1,Unavailable,Unavailable,Unavailable
Maine College of Art & Design,ME,2,422,45,7,1,6,1,Unavailable,Unavailable,Unavailable
Manchester University,IN,2,915,51,10,4,17,16,Unavailable,Unavailable,Unavailable
Manhattan School of Music,NY,2,543,69,10,2,13,5,Unavailable,Unavailable,Unavailable
Manhattanville College,NY,2,1329,61,12,7,21,19,Unavailable,Unavailable,Unavailable
Manna University,NC,2,172,63,Unavailable,21,32,10,Unavailable,Unavailable,Unavailable
Marian University,IN,2,2492,53,17,7,19,15,Unavailable,Unavailable,Unavailable
Marian University,WI,2,1074,54,24,6,16,10,Unavailable,Unavailable,Unavailable
Mars Hill University,NC,2,1002,36,13,3,12,13,Unavailable,Unavailable,Unavailable
Martin University,IN,2,177,14,54,0,22,4,Unavailable,Unavailable,Unavailable
Mary Baldwin University,VA,2,1217,51,20,8,20,18,Unavailable,Unavailable,Unavailable
Marymount University,VA,2,2216,66,18,7,22,24,Unavailable,Unavailable,Unavailable
Maryville University of Saint Louis,MO,2,6062,62,15,20,27,15,Unavailable,Unavailable,Unavailable
Massachusetts College of Art and Design,MA,1,1876,66,21,10,29,31,Unavailable,Unavailable,Unavailable
Massachusetts College of Liberal Arts,MA,1,836,61,14,5,18,14,Unavailable,Unavailable,Unavailable
Massachusetts Maritime Academy,MA,1,1271,74,19,2,16,7,Unavailable,Unavailable,Unavailable
Mayville State University,ND,1,963,40,34,3,11,11,Unavailable,Unavailable,Unavailable
McDaniel College,MD,2,1665,63,12,3,16,11,Unavailable,Unavailable,Unavailable
McKendree University,IL,2,1605,52,17,9,23,25,Unavailable,Unavailable,Unavailable
Menlo College,CA,2,831,55,14,3,12,7,Unavailable,Unavailable,Unavailable
Mercy University,NY,2,6482,53,26,7,22,23,Unavailable,Unavailable,Unavailable
Mercyhurst University,PA,2,2292,64,11,1,11,2,Unavailable,Unavailable,Unavailable
Merrimack College,MA,2,4199,69,4,2,13,4,Unavailable,Unavailable,Unavailable
Metropolitan College of New York,NY,2,430,42,14,10,29,6,Unavailable,Unavailable,Unavailable
Miami University-Hamilton,OH,1,2345,20,53,1,17,25,Unavailable,Unavailable,Unavailable
Miami University-Middletown,OH,1,1213,21,63,1,15,26,Unavailable,Unavailable,Unavailable
Mid-America Christian University,OK,2,1636,31,52,6,22,15,Unavailable,Unavailable,Unavailable
Midwestern State University,TX,1,4508,49,51,5,19,23,Unavailable,Unavailable,Unavailable
Miles College,AL,2,1151,25,94,2,15,22,Unavailable,Unavailable,Unavailable
Millennia Atlantic University,FL,3,104,Unavailable,Unavailable,Unavailable,Unavailable,Unavailable,Unavailable,Unavailable,Unavailable
Milwaukee School of Engineering,WI,2,2653,59,35,3,12,12,Unavailable,Unavailable,Unavailable
Misericordia University,PA,2,1670,56,8,9,24,20,Unavailable,Unavailable,Unavailable
Missouri Western State University,MO,1,3604,36,47,2,15,29,Unavailable,Unavailable,Unavailable
Mitchell College,CT,2,500,51,4,1,8,2,Unavailable,Unavailable,Unavailable
Monroe College,NY,3,6400,51,12,13,25,13,Unavailable,Unavailable,Unavailable
Montana State University Billings,MT,1,3765,31,49,3,18,24,Unavailable,Unavailable,Unavailable
Montana State University-Northern,MT,1,982,39,19,4,19,24,Unavailable,Unavailable,Unavailable
Montreat College,NC,2,759,31,6,4,14,14,Unavailable,Unavailable,Unavailable
Montserrat College of Art,MA,2,276,68,3,5,20,18,Unavailable,Unavailable,Unavailable
Morehead State University,KY,1,8058,46,32,4,15,30,Unavailable,Unavailable,Unavailable
MORRIS BROWN COLLEGE,GA,2,343,Unavailable,Unavailable,Unavailable,Unavailable,Unavailable,Unavailable,Unavailable,Unavailable
Morris College,SC,2,421,22,87,2,19,27,Unavailable,Unavailable,Unavailable
Mount Saint Mary's University,CA,2,1767,59,16,5,17,13,Unavailable,Unavailable,Unavailable
Naropa University,CO,2,368,52,47,4,22,10,Unavailable,Unavailable,Unavailable
National American University-Rapid City,SD,3,836,19,12,Unavailable,Unavailable,Unavailable,Unavailable,Unavailable,Unavailable
National Louis University,IL,2,4239,42,34,5,16,9,Unavailable,Unavailable,Unavailable
National University,CA,2,10151,37,37,5,23,3,Unavailable,Unavailable,Unavailable
Neumann University,PA,2,1695,49,30,5,20,25,Unavailable,Unavailable,Unavailable
Nevada State University,NV,1,7224,30,70,1,13,21,Unavailable,Unavailable,Unavailable
New England College,NH,2,986,26,20,4,17,18,Unavailable,Unavailable,Unavailable
New Jersey City University,NJ,1,4209,50,55,4,22,27,Unavailable,Unavailable,Unavailable
New Mexico Highlands University,NM,1,1710,48,32,5,23,21,Unavailable,Unavailable,Unavailable
New York Film Academy,CA,3,965,65,1,Unavailable,Unavailable,Unavailable,Unavailable,Unavailable,Unavailable
New York School of Interior Design,NY,2,440,54,Unavailable,0,25,20,Unavailable,Unavailable,Unavailable
Newman University,KS,2,2398,63,8,4,16,26,Unavailable,Unavailable,Unavailable
Newschool of Architecture and Design,CA,3,213,52,73,5,25,22,Unavailable,Unavailable,Unavailable
North American University,TX,2,573,33,22,5,24,28,Unavailable,Unavailable,Unavailable
North Carolina Wesleyan University,NC,2,1212,63,14,5,18,9,Unavailable,Unavailable,Unavailable
North Central University,MN,2,865,53,7,7,19,18,Unavailable,Unavailable,Unavailable
North Park University,IL,2,1876,60,23,5,17,16,Unavailable,Unavailable,Unavailable
Northeastern Illinois University,IL,1,4042,42,94,1,21,22,Unavailable,Unavailable,Unavailable
Northern Arizona University,AZ,1,23128,57,20,7,20,19,Unavailable,Unavailable,Unavailable
Northern Illinois University,IL,1,11358,58,35,6,23,29,Unavailable,Unavailable,Unavailable
Northern Michigan University,MI,1,6584,51,39,4,14,14,Unavailable,Unavailable,Unavailable
Northwest College of Art & Design,WA,3,150,42,1,Unavailable,Unavailable,Unavailable,Unavailable,Unavailable,Unavailable
Northwest University-Center for Online and Extended Education,WA,2,1187,40,13,6,9,2,Unavailable,Unavailable,Unavailable
Northwestern College,IA,2,1146,68,7,4,15,6,Unavailable,Unavailable,Unavailable
Northwood University,MI,2,1989,63,17,13,25,17,Unavailable,Unavailable,Unavailable
Nossi College of Art and Design,TN,3,278,52,5,Unavailable,Unavailable,Unavailable,Unavailable,Unavailable,Unavailable
Notre Dame of Maryland University,MD,2,686,60,12,10,23,11,Unavailable,Unavailable,Unavailable
Oak Valley College,CA,2,52,Unavailable,Unavailable,Unavailable,Unavailable,Unavailable,Unavailable,Unavailable,Unavailable
Oakland City University,IN,2,522,65,35,2,11,9,Unavailable,Unavailable,Unavailable
Oakwood University,AL,2,1279,43,66,3,14,21,Unavailable,Unavailable,Unavailable
Ohio State University-Lima Campus,OH,1,739,26,12,2,17,25,Unavailable,Unavailable,Unavailable
Oklahoma Panhandle State University,OK,1,1071,25,14,9,21,20,Unavailable,Unavailable,Unavailable
Oklahoma Wesleyan University,OK,2,824,48,8,5,17,22,Unavailable,Unavailable,Unavailable
Oregon State University,OR,1,30021,60,41,9,20,16,Unavailable,Unavailable,Unavailable
Oregon State University-Cascades Campus,OR,1,1058,65,16,Unavailable,Unavailable,Unavailable,Unavailable,Unavailable,Unavailable
Otis College of Art and Design,CA,2,1243,68,9,15,38,42,Unavailable,Unavailable,Unavailable
Our Lady of the Lake University,TX,2,1147,42,30,5,23,28,Unavailable,Unavailable,Unavailable
Pacific Northwest College of Art,OR,2,412,37,31,Unavailable,Unavailable,Unavailable,Unavailable,Unavailable,Unavailable
Pacific Oaks College,CA,2,346,Unavailable,Unavailable,Unavailable,Unavailable,21,Unavailable,Unavailable,Unavailable
Pacific Rim Christian University,HI,2,114,81,36,12,33,22,Unavailable,Unavailable,Unavailable
Pacific States University,CA,2,17,Unavailable,Unavailable,Unavailable,Unavailable,Unavailable,Unavailable,Unavailable,Unavailable
Paine College,GA,2,344,13,41,1,21,28,Unavailable,Unavailable,Unavailable
Park University,MO,2,5376,44,61,4,22,13,Unavailable,Unavailable,Unavailable
Parker University,TX,2,504,Unavailable,Unavailable,Unavailable,Unavailable,3,Unavailable,Unavailable,Unavailable
Paul Quinn College,TX,2,600,20,52,4,19,16,Unavailable,Unavailable,Unavailable
Paul Smiths College of Arts and Science,NY,2,582,61,6,5,19,17,Unavailable,Unavailable,Unavailable
Peirce College,PA,2,790,24,Unavailable,0,23,2,Unavailable,Unavailable,Unavailable
Pennsylvania Academy of the Fine Arts,PA,2,99,55,9,3,14,4,Unavailable,Unavailable,Unavailable
Pennsylvania College of Art and Design,PA,2,323,55,7,6,19,15,Unavailable,Unavailable,Unavailable
Peru State College,NE,1,1452,39,35,5,16,18,Unavailable,Unavailable,Unavailable
Pfeiffer University,NC,2,654,46,11,4,15,17,Unavailable,Unavailable,Unavailable
Philander Smith University,AR,2,848,28,52,2,18,21,Unavailable,Unavailable,Unavailable
Pillar College,NJ,2,489,29,54,1,17,7,Unavailable,Unavailable,Unavailable
Pitzer College,CA,2,1204,86,10,Unavailable,Unavailable,Unavailable,Unavailable,Unavailable,Unavailable
Plymouth State University,NH,1,3336,55,16,5,18,20,Unavailable,Unavailable,Unavailable
Polytechnic University of Puerto Rico-Miami,FL,2,29,Unavailable,Unavailable,Unavailable,Unavailable,0,Unavailable,Unavailable,Unavailable
Polytechnic University of Puerto Rico-Orlando,FL,2,102,34,7,17,37,27,Unavailable,Unavailable,Unavailable
Post University,CT,3,19575,16,25,7,22,2,Unavailable,Unavailable,Unavailable
Prescott College,AZ,2,257,44,10,6,13,1,Unavailable,Unavailable,Unavailable
Providence Christian College,CA,2,147,37,13,Unavailable,Unavailable,Unavailable,Unavailable,Unavailable,Unavailable
Purdue University Global,IN,1,31791,28,Unavailable,12,22,1,Unavailable,Unavailable,Unavailable
Rabbinical Seminary Mkor Chaim,NJ,2,81,Unavailable,Unavailable,Unavailable,Unavailable,Unavailable,Unavailable,Unavailable,Unavailable
Reach University,CA,2,1226,Unavailable,Unavailable,Unavailable,Unavailable,Unavailable,Unavailable,Unavailable,Unavailable
Regis College,MA,2,1096,68,8,10,27,23,Unavailable,Unavailable,Unavailable
Ringling College of Art and Design,FL,2,1722,77,13,5,22,14,Unavailable,Unavailable,Unavailable
Rivier University,NH,2,1335,58,15,6,17,7,Unavailable,Unavailable,Unavailable
Robert Morris University,PA,2,3769,58,17,6,18,20,Unavailable,Unavailable,Unavailable
Rochester University,MI,2,1144,54,30,4,20,30,Unavailable,Unavailable,Unavailable
Rocky Mountain College of Art and Design,CO,3,1888,28,16,11,18,10,Unavailable,Unavailable,Unavailable
Rogers State University,OK,1,3094,26,32,4,18,24,Unavailable,Unavailable,Unavailable
Rosemont College,PA,2,484,22,13,6,13,7,Unavailable,Unavailable,Unavailable
Russell Sage College,NY,2,1080,64,11,5,18,12,Unavailable,Unavailable,Unavailable
Rust College,MS,2,429,22,99,2,11,13,Unavailable,Unavailable,Unavailable
Rutgers University-Newark,NJ,1,7417,64,43,5,19,20,Unavailable,Unavailable,Unavailable
Sacred Heart Major Seminary,MI,2,188,42,Unavailable,22,33,5,Unavailable,Unavailable,Unavailable
Sacred Heart University,CT,2,6960,69,8,8,24,20,Unavailable,Unavailable,Unavailable
Saint Ambrose University,IA,2,2114,64,12,8,20,16,Unavailable,Unavailable,Unavailable
Saint Augustine's University,NC,2,930,32,7,3,20,31,Unavailable,Unavailable,Unavailable
Saint Elizabeth University,NJ,2,670,60,20,4,18,18,Unavailable,Unavailable,Unavailable
Saint Leo University,FL,2,7603,29,11,12,19,7,Unavailable,Unavailable,Unavailable
Saint Mary's College of California,CA,2,2044,72,11,2,14,3,Unavailable,Unavailable,Unavailable
Saint Mary's University of Minnesota,MN,2,1075,64,10,9,26,23,Unavailable,Unavailable,Unavailable
Saint Peter's University,NJ,2,2101,54,19,8,19,19,Unavailable,Unavailable,Unavailable
Saint Xavier University,IL,2,3039,56,19,6,23,27,Unavailable,Unavailable,Unavailable
Salem University,WV,3,695,44,12,8,29,24,Unavailable,Unavailable,Unavailable
San Diego Christian College,CA,2,93,50,19,8,27,24,Unavailable,Unavailable,Unavailable
San Diego State University,CA,1,34050,74,33,9,26,28,Unavailable,Unavailable,Unavailable
San Francisco Conservatory of Music,CA,2,215,73,11,Unavailable,Unavailable,Unavailable,Unavailable,Unavailable,Unavailable
San Francisco State University,CA,1,20756,60,54,5,23,30,Unavailable,Unavailable,Unavailable
San Ignacio University,FL,3,211,76,7,22,45,34,Unavailable,Unavailable,Unavailable
San Jose State University,CA,1,27111,67,77,5,23,32,Unavailable,Unavailable,Unavailable
Savannah State University,GA,1,2857,23,63,2,17,27,Unavailable,Unavailable,Unavailable
Schiller International University,FL,3,35,35,9,0,17,1,Unavailable,Unavailable,Unavailable
School of the Art Institute of Chicago,IL,2,2762,63,30,2,12,10,Unavailable,Unavailable,Unavailable
Schreiner University,TX,2,1062,54,7,7,23,26,Unavailable,Unavailable,Unavailable
Seattle Film Institute,WA,3,60,Unavailable,Unavailable,Unavailable,Unavailable,Unavailable,Unavailable,Unavailable,Unavailable
Shaw University,NC,2,843,20,50,2,17,22,Unavailable,Unavailable,Unavailable
Shawnee State University,OH,1,2982,37,24,5,18,26,Unavailable,Unavailable,Unavailable
Shenandoah University,VA,2,2590,66,11,5,20,20,Unavailable,Unavailable,Unavailable
Simmons College of Kentucky,KY,2,389,11,19,6,23,14,Unavailable,Unavailable,Unavailable
Simpson University,CA,2,755,68,6,10,24,14,Unavailable,Unavailable,Unavailable
Sonoma State University,CA,1,5412,64,29,7,23,24,Unavailable,Unavailable,Unavailable
South Carolina State University,SC,1,2762,27,70,2,17,29,Unavailable,Unavailable,Unavailable
South Florida Bible College and Theological Seminary,FL,2,273,9,Unavailable,0,28,18,Unavailable,Unavailable,Unavailable
South University-Austin,TX,3,243,25,68,0,26,11,Unavailable,Unavailable,Unavailable
South University-Columbia,SC,3,445,30,41,1,23,6,Unavailable,Unavailable,Unavailable
South University-Montgomery,AL,3,302,27,29,3,23,6,Unavailable,Unavailable,Unavailable
South University-Savannah,GA,3,247,30,11,3,24,7,Unavailable,Unavailable,Unavailable
South University-Savannah Online,GA,3,6494,19,23,Unavailable,Unavailable,Unavailable,Unavailable,Unavailable,Unavailable
South University-Virginia Beach,VA,3,252,28,41,0,25,8,Unavailable,Unavailable,Unavailable
Southeastern University,FL,2,9167,46,23,4,11,18,Unavailable,Unavailable,Unavailable
Southern California Seminary,CA,2,31,Unavailable,Unavailable,Unavailable,Unavailable,6,Unavailable,Unavailable,Unavailable
Southern Connecticut State University,CT,1,6781,50,44,5,19,26,Unavailable,Unavailable,Unavailable
Southern Nazarene University,OK,2,1465,53,15,7,18,11,Unavailable,Unavailable,Unavailable
Southern New Hampshire University,NH,2,159653,33,25,14,22,3,Unavailable,Unavailable,Unavailable
Southern Oregon University,OR,1,4368,43,26,4,15,19,Unavailable,Unavailable,Unavailable
Southwestern Christian University,OK,2,351,24,28,2,14,18,Unavailable,Unavailable,Unavailable
Southwestern College,KS,2,1038,41,28,8,14,4,Unavailable,Unavailable,Unavailable
St. Andrews University,NC,2,806,41,16,4,9,2,Unavailable,Unavailable,Unavailable
St. Francis College,NY,2,1934,49,42,7,23,32,Unavailable,Unavailable,Unavailable
St. Thomas Aquinas College,NY,2,1795,56,28,2,10,11,Unavailable,Unavailable,Unavailable
St. Thomas University,FL,2,3967,44,20,4,13,23,Unavailable,Unavailable,Unavailable
State University of New York at Cortland,NY,1,5905,68,17,4,16,13,Unavailable,Unavailable,Unavailable
Sterling College,VT,2,78,45,6,3,12,1,Unavailable,Unavailable,Unavailable
Stevenson University,MD,2,3028,59,14,8,22,21,Unavailable,Unavailable,Unavailable
Stillman College,AL,2,779,14,55,2,24,32,Unavailable,Unavailable,Unavailable
Stonehill College,MA,2,2515,84,5,1,17,1,Unavailable,Unavailable,Unavailable
Strayer University-Alabama,AL,3,1473,Unavailable,Unavailable,Unavailable,Unavailable,1,Unavailable,Unavailable,Unavailable
Strayer University-District of Columbia,DC,3,310,18,Unavailable,0,26,4,Unavailable,Unavailable,Unavailable
Strayer University-Florida,FL,3,1314,23,Unavailable,7,24,3,Unavailable,Unavailable,Unavailable
Strayer University-Georgia,GA,3,4878,15,36,4,23,2,Unavailable,Unavailable,Unavailable
Strayer University-Global Region,DC,3,10093,10,25,7,23,2,Unavailable,Unavailable,Unavailable
Strayer University-Maryland,MD,3,1177,24,Unavailable,10,25,3,Unavailable,Unavailable,Unavailable
Strayer University-North Carolina,NC,3,2728,12,61,0,23,2,Unavailable,Unavailable,Unavailable
Strayer University-Pennsylvania,PA,3,1334,19,Unavailable,47,28,2,Unavailable,Unavailable,Unavailable
Strayer University-South Carolina,SC,3,1830,14,41,0,23,1,Unavailable,Unavailable,Unavailable
Strayer University-Tennessee,TN,3,2670,12,Unavailable,0,22,2,Unavailable,Unavailable,Unavailable
Strayer University-Texas,TX,3,2397,17,28,8,24,2,Unavailable,Unavailable,Unavailable
Strayer University-Virginia,VA,3,2010,30,33,9,25,3,Unavailable,Unavailable,Unavailable
SUNY College of Environmental Science and Forestry,NY,1,2346,77,6,4,17,6,Unavailable,Unavailable,Unavailable
SUNY College of Technology at Canton,NY,1,2919,50,15,11,23,19,Unavailable,Unavailable,Unavailable
SUNY College of Technology at Delhi,NY,1,2634,50,12,6,15,9,Unavailable,Unavailable,Unavailable
SUNY Old Westbury,NY,1,4040,58,29,6,20,21,Unavailable,Unavailable,Unavailable
Talladega College,AL,2,782,17,29,5,24,29,Unavailable,Unavailable,Unavailable
Talmudical Institute of Upstate New York,NY,2,16,Unavailable,Unavailable,Unavailable,Unavailable,Unavailable,Unavailable,Unavailable,Unavailable
Telshe Yeshiva-Chicago,IL,2,78,2,Unavailable,Unavailable,Unavailable,Unavailable,Unavailable,Unavailable,Unavailable
Temple University,PA,1,21720,70,24,8,26,27,Unavailable,Unavailable,Unavailable
Texas A&M University-Central Texas,TX,1,1702,Unavailable,Unavailable,Unavailable,Unavailable,10,Unavailable,Unavailable,Unavailable
Texas College,TX,2,644,10,18,1,28,37,Unavailable,Unavailable,Unavailable
Texas Woman's University,TX,1,10260,52,48,5,19,25,Unavailable,Unavailable,Unavailable
The Catholic University of America,DC,2,3139,70,11,3,15,6,Unavailable,Unavailable,Unavailable
The College of Saint Rose,NY,2,1250,57,19,7,21,22,Unavailable,Unavailable,Unavailable
The Juilliard School,NY,2,619,86,8,4,23,2,Unavailable,Unavailable,Unavailable
The Master's University and Seminary,CA,2,1914,60,11,9,17,3,Unavailable,Unavailable,Unavailable
The New England Conservatory of Music,MA,2,393,73,14,2,16,6,Unavailable,Unavailable,Unavailable
The New School,NY,2,6841,67,17,6,21,20,Unavailable,Unavailable,Unavailable
The University of Findlay,OH,2,3954,63,20,4,17,27,Unavailable,Unavailable,Unavailable
The University of Montana-Western,MT,1,1440,51,61,3,12,10,Unavailable,Unavailable,Unavailable
The University of Olivet,MI,2,938,46,12,1,6,2,Unavailable,Unavailable,Unavailable
The University of Tampa,FL,2,10111,61,15,1,9,4,Unavailable,Unavailable,Unavailable
Thiel College,PA,2,819,44,12,3,12,13,Unavailable,Unavailable,Unavailable
Thomas College,ME,2,1581,52,12,3,13,27,Unavailable,Unavailable,Unavailable
Thomas Edison State University,NJ,1,6773,Unavailable,Unavailable,Unavailable,Unavailable,3,Unavailable,Unavailable,Unavailable
Thomas More College of Liberal Arts,NH,2,95,91,0,Unavailable,Unavailable,Unavailable,Unavailable,Unavailable,Unavailable
Tougaloo College,MS,2,711,21,42,1,3,4,Unavailable,Unavailable,Unavailable
Touro University Worldwide,CA,2,451,48,7,22,25,3,Unavailable,Unavailable,Unavailable
Trine University,IN,2,4157,56,22,3,14,21,Unavailable,Unavailable,Unavailable
Trine University-Regional/Non-Traditional Campuses,IN,2,444,64,50,0,10,1,Unavailable,Unavailable,Unavailable
Trinity International University-Florida,FL,2,69,Unavailable,Unavailable,Unavailable,Unavailable,15,Unavailable,Unavailable,Unavailable
Trinity International University-Illinois,IL,2,140,49,15,14,20,2,Unavailable,Unavailable,Unavailable
Trinity Washington University,DC,2,1604,37,50,4,20,18,Unavailable,Unavailable,Unavailable
Truett McConnell University,GA,2,2612,35,22,1,5,15,Unavailable,Unavailable,Unavailable
Tusculum University,TN,2,1022,42,33,2,10,10,Unavailable,Unavailable,Unavailable
Union Adventist University,NE,2,536,54,36,1,8,6,Unavailable,Unavailable,Unavailable
United States Sports Academy,AL,2,144,Unavailable,Unavailable,Unavailable,Unavailable,5,Unavailable,Unavailable,Unavailable
Unity Environmental University,ME,2,5655,45,18,20,22,4,Unavailable,Unavailable,Unavailable
University of Advancing Technology,AZ,3,892,48,2,8,15,2,Unavailable,Unavailable,Unavailable
University of Alaska Anchorage,AK,1,10162,29,56,3,20,24,Unavailable,Unavailable,Unavailable
University of Alaska Fairbanks,AK,1,5638,35,32,6,19,19,Unavailable,Unavailable,Unavailable
University of Alaska Southeast,AK,1,1678,35,33,3,17,14,Unavailable,Unavailable,Unavailable
University of Arkansas Grantham,AR,1,3203,21,16,Unavailable,Unavailable,Unavailable,Unavailable,Unavailable,Unavailable
University of Charleston,WV,2,2087,52,26,10,26,16,Unavailable,Unavailable,Unavailable
University of Evansville,IN,2,1741,63,17,5,18,17,Unavailable,Unavailable,Unavailable
University of Fort Lauderdale,FL,2,260,Unavailable,Unavailable,Unavailable,Unavailable,26,Unavailable,Unavailable,Unavailable
University of Holy Cross,LA,2,806,24,121,1,13,24,Unavailable,Unavailable,Unavailable
University of Indianapolis,IN,2,3957,57,19,5,17,19,Unavailable,Unavailable,Unavailable
University of Jamestown,ND,2,964,50,18,3,12,11,Unavailable,Unavailable,Unavailable
University of Maine,ME,1,9267,52,33,5,18,24,Unavailable,Unavailable,Unavailable
University of Maine at Augusta,ME,1,4250,23,71,1,16,12,Unavailable,Unavailable,Unavailable
University of Maine at Fort Kent,ME,1,1357,50,33,4,12,9,Unavailable,Unavailable,Unavailable
University of Maine at Presque Isle,ME,1,2152,44,30,7,17,12,Unavailable,Unavailable,Unavailable
University of Management and Technology,VA,3,323,71,Unavailable,0,26,1,Unavailable,Unavailable,Unavailable
University of Mary,ND,2,2650,58,15,5,15,11,Unavailable,Unavailable,Unavailable
University of Maryland Eastern Shore,MD,1,2233,32,75,2,17,27,Unavailable,Unavailable,Unavailable
University of Maryland Global Campus,MD,1,50793,27,87,2,19,6,Unavailable,Unavailable,Unavailable
University of Massachusetts Global,CA,1,5511,50,Unavailable,0,20,3,Unavailable,Unavailable,Unavailable
University of Minnesota-Crookston,MN,1,2518,48,20,9,16,10,Unavailable,Unavailable,Unavailable
University of Minnesota-Morris,MN,1,1020,57,23,3,13,11,Unavailable,Unavailable,Unavailable
University of Montevallo,AL,1,2545,49,36,4,17,25,Unavailable,Unavailable,Unavailable
University of Nevada-Reno,NV,1,17965,56,39,4,15,19,Unavailable,Unavailable,Unavailable
University of New England,ME,2,3863,65,16,4,16,4,Unavailable,Unavailable,Unavailable
University of New Hampshire College of Professional Studies Online,NH,1,1100,44,79,Unavailable,Unavailable,Unavailable,Unavailable,Unavailable,Unavailable
University of North Alabama,AL,1,7451,48,47,5,17,29,Unavailable,Unavailable,Unavailable
University of North Carolina at Pembroke,NC,1,5485,42,48,6,19,18,Unavailable,Unavailable,Unavailable
University of North Dakota,ND,1,10216,50,36,8,21,24,Unavailable,Unavailable,Unavailable
University of Phoenix-Arizona,AZ,3,80637,24,81,0,21,2,Unavailable,Unavailable,Unavailable
University of Pikeville,KY,2,1596,55,18,3,18,31,Unavailable,Unavailable,Unavailable
University of Saint Katherine,CA,2,230,Unavailable,Unavailable,Unavailable,Unavailable,Unavailable,Unavailable,Unavailable,Unavailable
University of San Diego,CA,2,5726,77,14,2,14,3,Unavailable,Unavailable,Unavailable
University of Silicon Valley,CA,3,378,44,71,5,24,29,Unavailable,Unavailable,Unavailable
University of Sioux Falls,SD,2,1276,58,17,8,24,26,Unavailable,Unavailable,Unavailable
University of South Carolina Beaufort,SC,1,2067,33,29,4,20,26,Unavailable,Unavailable,Unavailable
University of the Arts,PA,2,1072,66,9,10,29,30,Unavailable,Unavailable,Unavailable
University of the Cumberlands,KY,2,6091,44,12,11,20,12,Unavailable,Unavailable,Unavailable
University of the District of Columbia,DC,1,3297,26,44,3,22,15,Unavailable,Unavailable,Unavailable
University of the Potomac-VA Campus,VA,3,177,Unavailable,Unavailable,10,Unavailable,Unavailable,Unavailable,Unavailable,Unavailable
University of the Potomac-Washington DC Campus,DC,3,266,85,11,19,37,5,Unavailable,Unavailable,Unavailable
University of the Southwest,NM,2,337,40,63,2,24,32,Unavailable,Unavailable,Unavailable
University of the West,CA,2,53,71,184,0,10,11,Unavailable,Unavailable,Unavailable
University of Valley Forge,PA,2,498,38,14,7,17,18,Unavailable,Unavailable,Unavailable
University of Washington-Seattle Campus,WA,1,39515,81,14,4,21,12,Unavailable,Unavailable,Unavailable
University of Washington-Tacoma Campus,WA,1,4014,73,11,8,24,17,Unavailable,Unavailable,Unavailable
University of Wyoming,WY,1,8250,55,40,7,22,26,Unavailable,Unavailable,Unavailable
VanderCook College of Music,IL,2,99,60,11,1,11,2,Unavailable,Unavailable,Unavailable
Vanguard University of Southern California,CA,2,1987,61,11,9,24,23,Unavailable,Unavailable,Unavailable
Vermont State University,VT,1,4087,54,24,6,20,18,Unavailable,Unavailable,Unavailable
Villa Maria College,NY,2,545,42,9,4,17,15,Unavailable,Unavailable,Unavailable
Virginia University of Lynchburg,VA,2,170,91,131,0,13,17,Unavailable,Unavailable,Unavailable
Voorhees University,SC,2,460,32,30,3,7,3,Unavailable,Unavailable,Unavailable
Walden University,MN,3,7362,Unavailable,Unavailable,Unavailable,Unavailable,Unavailable,Unavailable,Unavailable,Unavailable
Waldorf University,IA,3,2196,42,32,9,19,3,Unavailable,Unavailable,Unavailable
Walla Walla University,WA,2,1266,60,49,1,9,9,Unavailable,Unavailable,Unavailable
Warner Pacific University,OR,2,350,49,14,5,20,14,Unavailable,Unavailable,Unavailable
Washburn University,KS,1,4930,52,44,4,16,20,Unavailable,Unavailable,Unavailable
Washington & Jefferson College,PA,2,1162,75,4,Unavailable,Unavailable,Unavailable,Unavailable,Unavailable,Unavailable
Washington State University,WA,1,21923,59,36,4,13,11,Unavailable,Unavailable,Unavailable
Washington University of Science and Technology,VA,3,302,37,Unavailable,8,Unavailable,Unavailable,Unavailable,Unavailable,Unavailable
Wayland Baptist University,TX,2,2162,46,16,5,26,17,Unavailable,Unavailable,Unavailable
Wayne State College,NE,1,3934,50,36,3,13,19,Unavailable,Unavailable,Unavailable
Webber International University,FL,2,879,29,7,2,11,14,Unavailable,Unavailable,Unavailable
Welch College,TN,2,358,53,35,4,11,7,Unavailable,Unavailable,Unavailable
Wells College,NY,2,357,56,7,2,11,5,Unavailable,Unavailable,Unavailable
Westcliff University,CA,3,2037,74,Unavailable,13,Unavailable,Unavailable,Unavailable,Unavailable,Unavailable
Western Governors University,UT,2,135822,45,18,Unavailable,Unavailable,Unavailable,Unavailable,Unavailable,Unavailable
Western Illinois University,IL,1,5025,56,32,7,22,26,Unavailable,Unavailable,Unavailable
Western New Mexico University,NM,1,2602,33,31,5,21,23,Unavailable,Unavailable,Unavailable
Westfield State University,MA,1,3788,60,20,7,21,21,Unavailable,Unavailable,Unavailable
Westminster College,PA,2,1155,71,9,2,15,5,Unavailable,Unavailable,Unavailable
Wheeling University,WV,2,588,60,147,2,16,28,Unavailable,Unavailable,Unavailable
Whittier College,CA,2,813,65,10,6,19,14,Unavailable,Unavailable,Unavailable
Wiley University,TX,2,636,14,45,3,26,37,Unavailable,Unavailable,Unavailable
William Woods University,MO,2,1097,50,11,14,22,14,Unavailable,Unavailable,Unavailable
Williamson Christian College,TN,2,40,32,139,0,38,40,Unavailable,Unavailable,Unavailable
Wilmington University,DE,2,9355,44,48,4,19,7,Unavailable,Unavailable,Unavailable
Worcester Polytechnic Institute,MA,2,5453,86,7,2,19,4,Unavailable,Unavailable,Unavailable
Wright State University-Lake Campus,OH,1,1398,21,10,4,12,20,Unavailable,Unavailable,Unavailable
Yeshiva Gedolah Tiferes Boruch,NJ,2,70,Unavailable,Unavailable,Unavailable,Unavailable,Unavailable,Unavailable,Unavailable,Unavailable
Yeshiva of Kasho,NY,2,174,Unavailable,Unavailable,Unavailable,Unavailable,Unavailable,Unavailable,Unavailable,Unavailable
Yeshivas Emek Hatorah,NJ,2,93,4,Unavailable,Unavailable,Unavailable,Unavailable,Unavailable,Unavailable,Unavailable
Yeshivas Sanz Klauzenburg,NY,2,107,Unavailable,Unavailable,Unavailable,Unavailable,Unavailable,Unavailable,Unavailable,Unavailable
Young Harris College,GA,2,1403,40,4,0,4,2,Unavailable,Unavailable,Unavailable
Anna Maria College,MA,2,995,53,18,6,15,11,Unavailable,Unavailable,Unavailable
Bowie State University,MD,1,5288,45,66,3,20,27,Unavailable,Unavailable,Unavailable
Carlow University,PA,2,1344,53,19,12,26,22,Unavailable,Unavailable,Unavailable
CUNY Medgar Evers College,NY,1,3846,26,29,4,21,22,Unavailable,Unavailable,Unavailable
DeVry University-California,CA,3,2083,24,26,4,29,11,Unavailable,Unavailable,Unavailable
Eastern Illinois University,IL,1,6849,52,25,4,13,18,Unavailable,Unavailable,Unavailable
Fairleigh Dickinson University-Metropolitan Campus,NJ,2,5440,51,27,3,12,16,Unavailable,Unavailable,Unavailable
Georgian Court University,NJ,2,1478,69,15,7,23,26,Unavailable,Unavailable,Unavailable
Kean University,NJ,1,11234,53,51,3,12,10,Unavailable,Unavailable,Unavailable
Morningside University,IA,2,1177,53,15,2,8,3,Unavailable,Unavailable,Unavailable
Oakland University,MI,1,12719,53,48,5,21,26,Unavailable,Unavailable,Unavailable
Portland State University,OR,1,15960,52,39,7,22,23,Unavailable,Unavailable,Unavailable
Regis University,CO,2,2680,52,14,11,24,16,Unavailable,Unavailable,Unavailable
Reinhardt University,GA,2,1082,37,27,2,12,14,Unavailable,Unavailable,Unavailable
Texas A & M University-Kingsville,TX,1,5187,47,52,3,14,20,Unavailable,Unavailable,Unavailable
University at Albany,NY,1,12190,67,10,7,22,20,Unavailable,Unavailable,Unavailable
William Paterson University of New Jersey,NJ,1,6546,55,39,8,23,21,Unavailable,Unavailable,Unavailable
Woodbury University,CA,2,825,56,52,5,21,24,Unavailable,Unavailable,Unavailable
Art Academy of Cincinnati,OH,2,255,38,5,Unavailable,Unavailable,Unavailable,Unavailable,Unavailable,Unavailable
Barton College,NC,2,1163,58,14,9,27,30,Unavailable,Unavailable,Unavailable
Bethel College-North Newton,KS,2,502,53,9,1,7,4,Unavailable,Unavailable,Unavailable
Clark Atlanta University,GA,2,3495,37,44,4,22,34,Unavailable,Unavailable,Unavailable
Concordia University Ann Arbor,MI,2,1044,53,36,3,14,21,Unavailable,Unavailable,Unavailable
Coppin State University,MD,1,1810,36,50,3,22,25,Unavailable,Unavailable,Unavailable
CUNY Lehman College,NY,1,11227,52,36,7,26,27,Unavailable,Unavailable,Unavailable
CUNY New York City College of Technology,NY,1,13767,27,54,2,17,22,Unavailable,Unavailable,Unavailable
CUNY York College,NY,1,5906,33,98,1,16,25,Unavailable,Unavailable,Unavailable
Eastern University,PA,2,2068,58,9,11,23,14,Unavailable,Unavailable,Unavailable
Elizabeth City State University,NC,1,2048,38,48,4,21,27,Unavailable,Unavailable,Unavailable
Fairleigh Dickinson University-Florham Campus,NJ,2,1997,61,14,4,16,13,Unavailable,Unavailable,Unavailable
Gods Bible School and College,OH,2,417,27,27,8,19,25,Unavailable,Unavailable,Unavailable
Hastings College,NE,2,990,54,5,1,9,5,Unavailable,Unavailable,Unavailable
Hilbert College,NY,2,939,60,4,11,25,23,Unavailable,Unavailable,Unavailable
North Carolina Central University,NC,1,5973,47,48,6,21,30,Unavailable,Unavailable,Unavailable
Simpson College,IA,2,1140,65,5,4,16,7,Unavailable,Unavailable,Unavailable
SUNY College at Potsdam,NY,1,2211,49,30,3,12,14,Unavailable,Unavailable,Unavailable
The University of Montana,MT,1,7570,44,31,5,18,20,Unavailable,Unavailable,Unavailable
William Jessup University,CA,2,1056,61,16,10,24,21,Unavailable,Unavailable,Unavailable
Bloomfield College,NJ,2,904,37,42,4,22,29,Unavailable,Unavailable,Unavailable
Culver-Stockton College,MO,2,930,52,10,5,15,16,Unavailable,Unavailable,Unavailable
Dominican University New York,NY,2,1089,49,41,4,19,24,Unavailable,Unavailable,Unavailable
Elon University,NC,2,6402,81,5,0,16,1,Unavailable,Unavailable,Unavailable
Wilberforce University,OH,2,602,18,72,0,4,5,Unavailable,Unavailable,Unavailable
Bay Path University,MA,2,1278,53,20,15,27,16,Unavailable,Unavailable,Unavailable
College of Our Lady of the Elms,MA,2,1038,68,5,13,26,17,Unavailable,Unavailable,Unavailable
Millsaps College,MS,2,582,63,12,1,11,3,Unavailable,Unavailable,Unavailable
Mount Mercy University,IA,2,1185,59,14,6,17,11,Unavailable,Unavailable,Unavailable
Norfolk State University,VA,1,5510,37,70,4,26,39,Unavailable,Unavailable,Unavailable
Sterling College,KS,2,680,40,13,3,7,3,Unavailable,Unavailable,Unavailable
University of Hawaii at Manoa,HI,1,14576,57,36,7,22,27,Unavailable,Unavailable,Unavailable
University of Mount Saint Vincent,NY,2,2398,59,34,6,18,19,Unavailable,Unavailable,Unavailable
Western Kentucky University,KY,1,14590,50,30,6,18,24,Unavailable,Unavailable,Unavailable
Western Oregon University,OR,1,3249,49,39,6,23,28,Unavailable,Unavailable,Unavailable
CUNY John Jay College of Criminal Justice,NY,1,11678,57,26,8,23,25,Unavailable,Unavailable,Unavailable
CUNY Queens College,NY,1,13998,49,48,4,17,21,Unavailable,Unavailable,Unavailable
Minnesota State University-Mankato,MN,1,12897,50,47,5,19,27,Unavailable,Unavailable,Unavailable
Morehouse College,GA,2,2738,46,37,2,8,5,Unavailable,Unavailable,Unavailable
Multnomah University,OR,2,330,48,10,8,17,10,Unavailable,Unavailable,Unavailable
North Dakota State University-Main Campus,ND,1,9791,58,43,6,22,30,Unavailable,Unavailable,Unavailable
Springfield College,MA,2,1924,75,5,1,14,3,Unavailable,Unavailable,Unavailable
University of Washington-Bothell Campus,WA,1,5248,77,18,5,18,12,Unavailable,Unavailable,Unavailable
Western Connecticut State University,CT,1,3542,50,44,4,18,23,Unavailable,Unavailable,Unavailable
Chaminade University of Honolulu,HI,2,1764,45,19,11,24,21,Unavailable,Unavailable,Unavailable
Chowan University,NC,2,638,33,31,3,17,24,Unavailable,Unavailable,Unavailable
CUNY Brooklyn College,NY,1,11330,53,40,5,21,25,Unavailable,Unavailable,Unavailable
Curry College,MA,2,1818,58,11,3,11,4,Unavailable,Unavailable,Unavailable
Elmira College,NY,2,613,64,6,3,13,3,Unavailable,Unavailable,Unavailable
Embry-Riddle Aeronautical University-Worldwide,FL,2,9037,25,72,5,22,7,Unavailable,Unavailable,Unavailable
Ferrum College,VA,2,747,32,21,4,18,26,Unavailable,Unavailable,Unavailable
Franklin Pierce University,NH,2,1058,43,16,2,9,10,Unavailable,Unavailable,Unavailable
Hope International University,CA,2,549,35,41,5,18,22,Unavailable,Unavailable,Unavailable
Keystone College,PA,2,978,40,27,6,21,22,Unavailable,Unavailable,Unavailable
Mount Saint Mary College,NY,2,1897,57,21,6,19,24,Unavailable,Unavailable,Unavailable
Salem State University,MA,1,4853,57,24,7,22,25,Unavailable,Unavailable,Unavailable
School of Visual Arts,NY,3,3442,74,13,Unavailable,Unavailable,Unavailable,Unavailable,Unavailable,Unavailable
Southern California Institute of Architecture,CA,2,239,54,579,Unavailable,Unavailable,Unavailable,Unavailable,Unavailable,Unavailable
Wesleyan College,GA,2,595,62,4,6,17,11,Unavailable,Unavailable,Unavailable
Concordia University-Nebraska,NE,2,2934,59,19,2,11,15,Unavailable,Unavailable,Unavailable
Dominican University of California,CA,2,1182,74,11,8,23,13,Unavailable,Unavailable,Unavailable
Holy Cross College,IN,2,547,42,5,1,7,1,Unavailable,Unavailable,Unavailable
Holy Family University,PA,2,2446,59,23,9,29,33,Unavailable,Unavailable,Unavailable
Mid-Atlantic Christian University,NC,2,177,36,54,4,17,19,Unavailable,Unavailable,Unavailable
Point University,GA,2,2617,31,27,5,8,5,Unavailable,Unavailable,Unavailable
Ramapo College of New Jersey,NJ,1,5013,66,15,5,19,14,Unavailable,Unavailable,Unavailable
Saint Joseph's College of Maine,ME,2,1059,49,4,8,15,3,Unavailable,Unavailable,Unavailable
Southeast Missouri State University,MO,1,8099,45,37,5,17,25,Unavailable,Unavailable,Unavailable
University of Mount Union,OH,2,1927,66,6,4,17,11,Unavailable,Unavailable,Unavailable
Alvernia University,PA,2,2050,58,44,5,18,17,Unavailable,Unavailable,Unavailable
Aurora University,IL,2,4098,65,13,5,14,6,Unavailable,Unavailable,Unavailable
Baker University,KS,2,1457,61,15,4,11,4,Unavailable,Unavailable,Unavailable
Carroll College,MT,2,1062,64,23,2,13,8,Unavailable,Unavailable,Unavailable
CUNY City College,NY,1,12356,49,67,3,17,24,Unavailable,Unavailable,Unavailable
Framingham State University,MA,1,2817,53,26,5,17,19,Unavailable,Unavailable,Unavailable
Hartwick College,NY,2,1112,58,8,2,11,7,Unavailable,Unavailable,Unavailable
Metropolitan State University,MN,1,5271,52,39,5,24,16,Unavailable,Unavailable,Unavailable
Montclair State University,NJ,1,18062,65,30,7,23,26,Unavailable,Unavailable,Unavailable
Ohio Christian University,OH,2,1340,23,11,6,10,1,Unavailable,Unavailable,Unavailable
Tennessee Technological University,TN,1,8838,59,42,4,17,21,Unavailable,Unavailable,Unavailable
University of Bridgeport,CT,2,1479,52,40,8,25,23,Unavailable,Unavailable,Unavailable
University of North Texas at Dallas,TX,1,3018,53,36,7,25,26,Unavailable,Unavailable,Unavailable
Virginia Wesleyan University,VA,2,1626,48,8,2,8,2,Unavailable,Unavailable,Unavailable
Concordia University-Wisconsin,WI,2,2525,52,23,7,19,18,Unavailable,Unavailable,Unavailable
CUNY Bernard M Baruch College,NY,1,16086,65,30,7,22,22,Unavailable,Unavailable,Unavailable
CUNY Hunter College,NY,1,17378,51,50,4,16,20,Unavailable,Unavailable,Unavailable
Randolph College,VA,2,541,54,9,1,8,2,Unavailable,Unavailable,Unavailable
University of Maine at Farmington,ME,1,1605,52,25,4,14,17,Unavailable,Unavailable,Unavailable
University of South Carolina-Upstate,SC,1,4471,55,26,7,25,31,Unavailable,Unavailable,Unavailable
Worcester State University,MA,1,4734,59,24,6,19,20,Unavailable,Unavailable,Unavailable
Averett University,VA,2,1180,47,17,10,24,25,Unavailable,Unavailable,Unavailable
Hebrew Theological College,IL,2,197,28,Unavailable,0,Unavailable,Unavailable,Unavailable,Unavailable,Unavailable
Keuka College,NY,2,922,61,8,8,21,18,Unavailable,Unavailable,Unavailable
SUNY College of Agriculture and Technology at Cobleskill,NY,1,1792,52,6,5,17,17,Unavailable,Unavailable,Unavailable
Virginia Union University,VA,2,1170,43,25,8,33,43,Unavailable,Unavailable,Unavailable
Bridgewater College,VA,2,1391,61,10,1,10,4,Unavailable,Unavailable,Unavailable
Cottey College,MO,2,266,61,9,2,12,4,Unavailable,Unavailable,Unavailable
Iona University,NY,2,3134,59,17,2,11,8,Unavailable,Unavailable,Unavailable
Missouri Baptist University,MO,2,4889,50,23,2,11,30,Unavailable,Unavailable,Unavailable
Ohio Dominican University,OH,2,894,50,16,7,22,24,Unavailable,Unavailable,Unavailable
Pacific Lutheran University,WA,2,2393,67,13,3,14,5,Unavailable,Unavailable,Unavailable
Pennsylvania State University-Penn State Shenango,PA,1,332,44,40,1,16,22,Unavailable,Unavailable,Unavailable
Rhode Island College,RI,1,4785,47,66,3,14,15,Unavailable,Unavailable,Unavailable
SUNY College at Plattsburgh,NY,1,3856,64,17,9,24,22,Unavailable,Unavailable,Unavailable
Texas Wesleyan University,TX,2,1910,39,32,2,15,20,Unavailable,Unavailable,Unavailable
Touro University,NY,2,5098,54,17,13,24,19,Unavailable,Unavailable,Unavailable
University of Saint Joseph,CT,2,879,63,15,6,22,22,Unavailable,Unavailable,Unavailable
Widener University,PA,2,2811,66,3,4,15,7,Unavailable,Unavailable,Unavailable
Bridgewater State University,MA,1,8172,57,36,7,22,26,Unavailable,Unavailable,Unavailable
Felician University,NJ,2,1833,55,48,6,27,35,Unavailable,Unavailable,Unavailable
Florida Institute of Technology-Online,FL,2,629,Unavailable,Unavailable,Unavailable,Unavailable,Unavailable,Unavailable,Unavailable,Unavailable
Lasell University,MA,2,1183,62,10,9,24,24,Unavailable,Unavailable,Unavailable
Mount Aloysius College,PA,2,2942,51,20,3,13,28,Unavailable,Unavailable,Unavailable
Newberry College,SC,2,1462,46,33,4,16,21,Unavailable,Unavailable,Unavailable
Pacific University,OR,2,1613,72,9,5,18,9,Unavailable,Unavailable,Unavailable
Salem College,NC,2,436,61,5,9,26,22,Unavailable,Unavailable,Unavailable
SUNY at Purchase College,NY,1,3165,64,12,5,17,12,Unavailable,Unavailable,Unavailable
University of Baltimore,MD,1,1292,51,32,8,33,26,Unavailable,Unavailable,Unavailable
Western Washington University,WA,1,13704,65,37,3,13,11,Unavailable,Unavailable,Unavailable
Cabrini University,PA,2,710,55,10,5,20,23,Unavailable,Unavailable,Unavailable
Fayetteville State University,NC,1,5845,43,30,7,24,22,Unavailable,Unavailable,Unavailable
Kutztown University of Pennsylvania,PA,1,6420,53,32,3,15,17,Unavailable,Unavailable,Unavailable
Saint Michael's College,VT,2,1178,76,6,3,17,6,Unavailable,Unavailable,Unavailable
SUNY Buffalo State University,NY,1,5572,45,32,3,14,15,Unavailable,Unavailable,Unavailable
Trinity College,CT,2,2237,83,5,1,17,2,Unavailable,Unavailable,Unavailable
University of Mount Olive,NC,2,1937,51,15,10,22,11,Unavailable,Unavailable,Unavailable
University of Southern Maine,ME,1,5520,41,44,4,18,26,Unavailable,Unavailable,Unavailable
Arcadia University,PA,2,1890,60,11,4,15,12,Unavailable,Unavailable,Unavailable
Husson University,ME,2,2525,51,44,6,18,23,Unavailable,Unavailable,Unavailable
La Roche University,PA,2,2300,43,18,3,11,22,Unavailable,Unavailable,Unavailable
Lewis & Clark College,OR,2,2194,73,10,Unavailable,Unavailable,Unavailable,Unavailable,Unavailable,Unavailable
University of Massachusetts-Dartmouth,MA,1,5602,53,28,4,11,7,Unavailable,Unavailable,Unavailable
University of North Carolina at Greensboro,NC,1,14156,52,32,8,23,26,Unavailable,Unavailable,Unavailable
University of Oregon,OR,1,19963,70,18,5,20,17,Unavailable,Unavailable,Unavailable
Wilson College,PA,2,1180,53,32,6,20,15,Unavailable,Unavailable,Unavailable
Bushnell University,OR,2,535,60,13,9,25,20,Unavailable,Unavailable,Unavailable
California Lutheran University,CA,2,2380,74,7,3,15,2,Unavailable,Unavailable,Unavailable
College of Coastal Georgia,GA,1,3189,27,41,2,16,20,Unavailable,Unavailable,Unavailable
Dominican University,IL,2,2397,56,18,7,24,31,Unavailable,Unavailable,Unavailable
Emmanuel College,MA,2,1973,71,8,1,12,2,Unavailable,Unavailable,Unavailable
Lincoln University,PA,1,1717,44,38,1,6,5,Unavailable,Unavailable,Unavailable
Pennsylvania State University-Penn State Fayette- Eberly,PA,1,419,39,16,3,14,15,Unavailable,Unavailable,Unavailable
Pennsylvania State University-World Campus,PA,1,7945,35,42,10,18,5,Unavailable,Unavailable,Unavailable
Salisbury University,MD,1,6281,67,22,5,17,15,Unavailable,Unavailable,Unavailable
Siena College,NY,2,3497,75,5,6,23,15,Unavailable,Unavailable,Unavailable
Fort Valley State University,GA,1,2558,39,62,4,19,28,Unavailable,Unavailable,Unavailable
George Fox University,OR,2,3004,68,12,8,22,20,Unavailable,Unavailable,Unavailable
Mount St. Mary's University,MD,2,1873,60,11,6,20,18,Unavailable,Unavailable,Unavailable
Nazareth University,NY,2,1900,70,12,3,16,10,Unavailable,Unavailable,Unavailable
Roberts Wesleyan University,NY,2,1092,68,8,11,25,16,Unavailable,Unavailable,Unavailable
Saint Martin's University,WA,2,1267,57,14,8,20,13,Unavailable,Unavailable,Unavailable
SUNY at Fredonia,NY,1,2877,60,22,4,16,16,Unavailable,Unavailable,Unavailable
The Evergreen State College,WA,1,2108,54,24,6,19,10,Unavailable,Unavailable,Unavailable
Utica University,NY,2,2580,62,12,8,20,16,Unavailable,Unavailable,Unavailable
Virginia State University,VA,1,4829,42,34,1,6,4,Unavailable,Unavailable,Unavailable
William Peace University,NC,2,730,46,14,5,12,4,Unavailable,Unavailable,Unavailable
Azusa Pacific University,CA,2,2977,67,23,8,24,17,Unavailable,Unavailable,Unavailable
Beloit College,WI,2,948,72,9,1,13,2,Unavailable,Unavailable,Unavailable
Bryant University,RI,2,3240,83,4,Unavailable,Unavailable,Unavailable,Unavailable,Unavailable,Unavailable
Eastern Connecticut State University,CT,1,3839,58,21,2,10,7,Unavailable,Unavailable,Unavailable
Endicott College,MA,2,3176,75,5,4,19,9,Unavailable,Unavailable,Unavailable
Johnson & Wales University-Providence,RI,2,3952,61,8,5,17,15,Unavailable,Unavailable,Unavailable
Marist College,NY,2,5545,77,8,5,23,15,Unavailable,Unavailable,Unavailable
Molloy College,NY,2,3259,66,35,8,26,29,Unavailable,Unavailable,Unavailable
Pennsylvania State University-Penn State Schuylkill,PA,1,650,24,16,2,15,21,Unavailable,Unavailable,Unavailable
Pittsburg State University,KS,1,4426,53,37,6,23,32,Unavailable,Unavailable,Unavailable
Point Loma Nazarene University,CA,2,3158,76,9,9,22,12,Unavailable,Unavailable,Unavailable
Regent University,VA,2,4577,37,16,21,24,10,Unavailable,Unavailable,Unavailable
Suffolk University,MA,2,4484,60,21,3,14,12,Unavailable,Unavailable,Unavailable
Towson University,MD,1,16517,68,26,6,20,19,Unavailable,Unavailable,Unavailable
West Chester University of Pennsylvania,PA,1,14344,68,24,7,21,21,Unavailable,Unavailable,Unavailable
Winston-Salem State University,NC,1,4260,51,30,6,25,32,Unavailable,Unavailable,Unavailable
Brenau University,GA,2,1195,35,18,8,18,16,Unavailable,Unavailable,Unavailable
Cedar Crest College,PA,2,886,53,16,10,28,27,Unavailable,Unavailable,Unavailable
Champlain College,VT,2,2886,56,15,12,19,6,Unavailable,Unavailable,Unavailable
D'Youville  University,NY,2,1299,61,42,10,35,44,Unavailable,Unavailable,Unavailable
Hampden-Sydney College,VA,2,876,61,9,Unavailable,Unavailable,Unavailable,Unavailable,Unavailable,Unavailable
Lynn University,FL,2,2823,53,12,6,16,15,Unavailable,Unavailable,Unavailable
McMurry University,TX,2,2544,32,34,2,9,21,Unavailable,Unavailable,Unavailable
Oglethorpe University,GA,2,1499,51,25,1,9,6,Unavailable,Unavailable,Unavailable
Oregon Institute of Technology,OR,1,5012,48,40,3,13,16,Unavailable,Unavailable,Unavailable
Pennsylvania State University-Penn State Greater Allegheny,PA,1,361,22,47,1,12,17,Unavailable,Unavailable,Unavailable
Pennsylvania Western University,PA,1,8336,50,27,7,21,23,Unavailable,Unavailable,Unavailable
Sarah Lawrence College,NY,2,1521,75,11,1,14,2,Unavailable,Unavailable,Unavailable
University of Lynchburg,VA,2,1792,64,13,4,16,12,Unavailable,Unavailable,Unavailable
University of Portland,OR,2,3136,78,8,2,17,5,Unavailable,Unavailable,Unavailable
Walsh University,OH,2,1423,64,23,7,23,27,Unavailable,Unavailable,Unavailable
East Stroudsburg University of Pennsylvania,PA,1,4697,49,25,5,17,21,Unavailable,Unavailable,Unavailable
Eastern Nazarene College,MA,2,379,44,45,7,19,23,Unavailable,Unavailable,Unavailable
Manhattan College,NY,2,2928,72,17,2,15,5,Unavailable,Unavailable,Unavailable
Maryland Institute College of Art,MD,2,1324,74,10,3,17,5,Unavailable,Unavailable,Unavailable
Minneapolis College of Art and Design,MN,2,714,65,10,4,18,11,Unavailable,Unavailable,Unavailable
Nichols College,MA,2,1152,60,4,3,10,1,Unavailable,Unavailable,Unavailable
Ripon College,WI,2,734,62,9,1,10,3,Unavailable,Unavailable,Unavailable
Salve Regina University,RI,2,2117,73,4,4,18,7,Unavailable,Unavailable,Unavailable
St. Joseph's University-New York,NY,2,3369,65,9,11,26,19,Unavailable,Unavailable,Unavailable
Sul Ross State University,TX,1,1441,36,42,4,17,17,Unavailable,Unavailable,Unavailable
Warren Wilson College,NC,2,742,44,23,1,6,4,Unavailable,Unavailable,Unavailable
Massachusetts Institute of Technology,MA,2,4576,94,9,Unavailable,Unavailable,Unavailable,90,73,91
Georgetown University,DC,2,7968,93,6,2,23,3,90,74,90
Georgia Institute of Technology-Main Campus,GA,1,19505,80,58,3,17,19,87,61,88
United States Merchant Marine Academy,NY,1,947,81,0,Unavailable,Unavailable,Unavailable,82,64,83
University of Florida,FL,1,34924,84,20,10,32,29,81,64,79
Webb Institute,NY,2,105,77,Unavailable,Unavailable,Unavailable,Unavailable,68,56,71
Purdue University-Main Campus,IN,1,39864,71,29,5,20,19,70,55,70
Florida Polytechnic University,FL,1,1569,49,Unavailable,3,Unavailable,Unavailable,71,47,70
University of Florida-Online,FL,1,5462,53,40,Unavailable,Unavailable,Unavailable,72,45,69
Duke University,NC,2,6488,94,7,0,22,2,68,62,68
University of Georgia,GA,1,31514,83,20,4,20,12,66,56,66
South Dakota School of Mines and Technology,SD,1,2170,45,81,1,8,13,63,38,65
Yale University,CT,2,6818,94,10,0,21,3,64,60,64
Brown University,RI,2,7741,93,10,1,22,5,63,59,63
University of Chicago,IL,2,7643,94,6,Unavailable,Unavailable,Unavailable,63,61,63
Texas A & M University-College Station,TX,1,59933,78,31,6,23,23,64,50,63
The University of Tennessee-Knoxville,TN,1,28883,66,25,7,24,27,65,50,62
Northwestern University,IL,2,9157,93,11,1,21,3,61,58,62
Bryn Mawr College,PA,2,1349,85,6,Unavailable,Unavailable,Unavailable,64,60,61
Princeton University,NJ,2,5671,95,9,Unavailable,Unavailable,Unavailable,60,59,60
Rice University,TX,2,4574,91,6,1,21,2,59,57,59
Florida State University,FL,1,32217,79,14,11,30,28,61,53,59
Harvard University,MA,2,9095,93,13,4,26,5,58,57,59
Florida Gulf Coast University,FL,1,14227,56,38,6,22,28,60,43,58
Harding University,AR,2,3496,62,29,3,13,12,60,46,58
University of Pennsylvania,PA,2,11611,94,8,3,24,3,56,57,57
Taylor University,IN,2,2372,77,1,2,16,6,59,51,57
University of Arkansas,AR,1,27472,62,27,5,16,15,59,46,57
Carnegie Mellon University,PA,2,7289,85,16,2,21,8,56,54,57
Florida Institute of Technology,FL,2,3458,63,25,2,11,5,57,48,57
Auburn University,AL,1,26874,72,35,6,21,23,60,48,57
Franklin W Olin College of Engineering,MA,2,402,90,Unavailable,Unavailable,Unavailable,Unavailable,56,52,56
Harvey Mudd College,CA,2,949,92,6,Unavailable,Unavailable,Unavailable,55,56,56
Urshan College,MO,2,514,Unavailable,Unavailable,6,Unavailable,Unavailable,60,35,56
Samford University,AL,2,3832,74,13,2,15,7,58,51,56
Michigan Technological University,MI,1,5892,60,79,1,9,14,56,39,56
Missouri University of Science and Technology,MO,1,5510,56,110,2,13,25,55,35,55
Stanford University,CA,2,8054,90,22,0,19,6,54,52,54
Dartmouth College,NH,2,4447,92,10,Unavailable,Unavailable,Unavailable,54,55,54
The University of Texas at Dallas,TX,1,21330,65,24,5,19,18,53,44,53
University of Virginia-Main Campus,VA,1,17612,91,5,5,26,9,53,54,53
University of Michigan-Ann Arbor,MI,1,33730,90,14,3,22,8,53,53,53
The University of Texas at Austin,TX,1,42444,79,20,7,26,23,53,50,53
Reed College,OR,2,1439,70,19,2,14,8,55,48,53
Case Western Reserve University,OH,2,6186,79,22,1,15,5,51,48,52
New College of Florida,FL,1,710,64,13,3,12,3,54,46,51
University of South Florida,FL,1,37269,71,19,12,29,29,52,47,51
West Virginia University,WV,1,18615,59,34,6,21,27,52,40,51
Embry-Riddle Aeronautical University-Daytona Beach,FL,2,10274,57,63,1,9,13,51,38,50
University of Central Florida,FL,1,59470,66,31,9,24,25,52,43,50
Rose-Hulman Institute of Technology,IN,2,2235,83,15,2,19,7,49,48,50
Louisiana State University and Agricultural & Mechanical College,LA,1,32574,61,41,5,19,26,52,40,50
New Mexico Institute of Mining and Technology,NM,1,1227,51,62,2,11,13,51,37,50
Covenant College,GA,2,908,70,8,1,13,2,50,46,49
Cedarville University,OH,2,4916,72,13,4,19,17,51,45,49
University of West Florida,FL,1,9661,56,29,9,23,24,51,39,49
William & Mary,VA,1,6963,89,5,1,20,2,50,52,49
University of Nebraska-Lincoln,NE,1,19338,61,33,7,25,33,48,39,48
Williams College,MA,2,2112,92,9,Unavailable,Unavailable,Unavailable,47,51,47
University of Tulsa,OK,2,2485,67,22,2,12,5,47,43,46
Bowdoin College,ME,2,1850,92,5,Unavailable,Unavailable,Unavailable,47,52,46
Colorado School of Mines,CO,1,5839,79,21,2,16,6,46,44,46
Washington University in St Louis,MO,2,8267,90,6,3,23,3,45,50,46
Dordt University,IA,2,1695,74,6,3,18,9,46,45,46
Ouachita Baptist University,AR,2,1734,66,7,3,14,8,49,43,46
St. John's College,NM,2,369,60,15,Unavailable,Unavailable,Unavailable,48,44,45
Truman State University,MO,1,3302,68,18,5,20,21,47,42,45
Columbia University in the City of New York,NY,2,9111,88,11,4,23,3,45,52,45
Creighton University,NE,2,4262,77,9,6,22,15,47,45,45
Montana Technological University,MT,1,1435,56,39,3,16,16,44,32,45
University of Mississippi,MS,1,19094,64,22,9,26,30,46,39,45
Dakota State University,SD,1,2950,39,38,4,13,16,43,31,45
Carleton College,MN,2,2069,90,4,Unavailable,Unavailable,Unavailable,46,51,45
University of North Carolina at Chapel Hill,NC,1,20681,89,7,5,25,11,46,50,44
Kansas State University,KS,1,15113,58,44,6,19,23,46,37,44
University of Iowa,IA,1,22130,66,28,8,26,30,46,39,44
Louisiana Tech University,LA,1,10401,50,35,2,10,14,44,34,44
Colby College,ME,2,2284,84,7,Unavailable,Unavailable,Unavailable,44,48,44
Anderson University,SC,2,3413,62,10,7,22,22,44,40,44
South Dakota State University,SD,1,10177,53,30,4,16,20,42,34,44
Wellesley College,MA,2,2418,89,9,0,20,3,44,50,44
University of North Florida,FL,1,14264,61,21,9,25,29,46,39,44
Haverford College,PA,2,1424,88,6,Unavailable,Unavailable,Unavailable,43,48,43
Fort Hays State University,KS,1,10206,59,21,6,15,10,45,31,43
University of Louisville,KY,1,16194,51,34,7,21,26,45,36,43
University of Illinois Urbana-Champaign,IL,1,35564,82,16,10,30,29,43,46,43
West Virginia University Institute of Technology,WV,1,1448,28,29,2,11,21,45,30,43
Southern Adventist University,TN,2,2827,54,50,3,15,21,46,36,43
Johns Hopkins University,MD,2,6089,92,8,3,24,6,42,50,43
Oberlin College,OH,2,2966,79,13,Unavailable,Unavailable,Unavailable,44,46,43
Washington and Lee University,VA,2,1898,93,3,Unavailable,Unavailable,Unavailable,43,50,43
Oklahoma State University-Main Campus,OK,1,21354,59,34,7,21,25,44,36,43
Mississippi State University,MS,1,18230,56,41,5,15,18,44,33,43
Union University,TN,2,1891,61,11,6,18,10,48,41,42
Marshall University,WV,1,8235,48,40,5,18,24,45,34,42
University of Missouri-Columbia,MO,1,23613,65,32,7,22,26,44,38,42
Old Dominion University,VA,1,17736,48,53,6,19,21,43,31,42
Rensselaer Polytechnic Institute,NY,2,5954,81,16,Unavailable,Unavailable,Unavailable,50,42,42
Martin Luther College,MN,2,743,65,32,5,15,7,42,38,42
Swarthmore College,PA,2,1644,92,8,Unavailable,Unavailable,Unavailable,41,49,42
Northwest Nazarene University,ID,2,1156,57,21,3,10,3,49,36,42
Florida Atlantic University,FL,1,24614,56,28,7,23,27,43,37,41
Clemson University,SC,1,22875,79,23,7,23,20,42,41,41
Abilene Christian University,TX,2,3188,57,25,3,13,14,42,36,41
University of Kansas,KS,1,20696,61,25,7,21,24,43,37,41
Calvary University,MO,2,198,29,77,2,14,19,42,28,41
St. John's College,MD,2,488,60,9,Unavailable,Unavailable,Unavailable,44,46,41
Macalester College,MN,2,2142,88,6,Unavailable,Unavailable,Unavailable,43,50,41
Murray State University,KY,1,7878,54,33,5,16,20,40,34,40
Lee University,TN,2,3253,50,20,5,13,8,43,37,40
Utah State University,UT,1,25048,50,53,4,17,27,42,31,40
Amherst College,MA,2,1910,91,7,Unavailable,Unavailable,Unavailable,40,49,40
Vanderbilt University,TN,2,7152,92,5,1,21,3,40,48,40
DePauw University,IN,2,1819,82,5,1,17,3,39,46,39
Oklahoma Baptist University,OK,2,1409,52,17,2,10,6,41,32,39
Wake Forest University,NC,2,5471,89,6,1,21,3,40,47,39
Cornell University,NY,2,16051,93,6,2,23,5,38,47,39
Freed-Hardeman University,TN,2,1878,56,14,3,13,13,42,39,39
Oklahoma Christian University,OK,2,2012,48,24,6,15,10,39,31,39
Fairmont State University,WV,1,3060,50,38,5,19,26,41,31,39
Bowling Green State University-Main Campus,OH,1,14014,60,29,4,16,18,40,34,39
Embry-Riddle Aeronautical University-Prescott,AZ,2,3250,61,54,2,11,12,38,33,38
Kettering University,MI,2,1290,53,298,0,3,19,38,24,38
Barnard College,NY,2,3353,91,7,1,20,2,39,48,38
Grinnell College,IA,2,1775,85,6,Unavailable,Unavailable,Unavailable,39,47,38
University of Miami,FL,2,12883,79,13,5,22,13,39,43,38
The University of Tennessee-Chattanooga,TN,1,9982,50,34,7,25,33,42,33,38
The University of Alabama,AL,1,33435,65,29,6,18,18,39,36,38
Furman University,SC,2,2327,79,8,0,15,2,40,44,38
University of Maryland-College Park,MD,1,30608,80,17,7,24,17,37,41,38
Andrews University,MI,2,1312,58,48,4,15,16,39,37,38
University of Akron Main Campus,OH,1,11452,44,79,3,18,31,38,27,38
Bethel University,TN,2,2719,54,15,4,12,11,38,23,38
Indiana University-Bloomington,IN,1,36833,77,16,7,25,21,38,41,38
Milligan University,TN,2,834,65,6,8,24,22,39,38,38
Saginaw Valley State University,MI,1,6184,38,106,2,14,24,38,27,38
University of Alabama in Huntsville,AL,1,6851,53,42,6,22,27,39,31,37
Florida International University,FL,1,44363,65,30,9,23,25,39,38,37
College of the Holy Cross,MA,2,3035,92,1,Unavailable,Unavailable,Unavailable,38,47,37
Calvin University,MI,2,3053,75,15,2,14,4,37,40,37
University of Oklahoma-Norman Campus,OK,1,22025,62,39,6,21,25,38,36,37
Union College,NY,2,2082,83,6,Unavailable,Unavailable,Unavailable,38,45,37
Clarkson University,NY,2,2513,74,15,2,15,8,37,38,37
Augustana University,SD,2,1871,67,21,2,12,8,37,37,37
Middle Tennessee State University,TN,1,17668,50,29,6,19,22,40,32,37
Denison University,OH,2,2405,80,7,Unavailable,Unavailable,Unavailable,38,45,37
University of Pittsburgh-Pittsburgh Campus,PA,1,25171,78,18,3,18,13,38,41,37
Benedictine College,KS,2,2391,58,29,1,7,5,38,34,37
Wabash College,IN,2,845,81,6,0,16,2,36,42,37
Butler University,IN,2,4519,81,9,2,18,7,37,41,37
The University of the South,TN,2,1615,79,7,Unavailable,Unavailable,Unavailable,39,45,37
Messiah University,PA,2,2586,75,4,4,19,10,37,41,37
Belmont University,TN,2,7330,66,14,6,21,20,39,38,37
Montana State University,MT,1,14872,47,53,2,10,13,37,28,37
American College of the Building Arts,SC,2,140,Unavailable,Unavailable,Unavailable,Unavailable,Unavailable,36,29,36
Binghamton University,NY,1,14409,80,10,3,18,6,36,42,36
Youngstown State University,OH,1,8436,44,70,3,17,28,36,28,36
Boston College,MA,2,10083,90,3,3,23,5,36,46,36
Rutgers University-New Brunswick,NJ,1,36588,80,15,9,28,24,35,40,36
The Cooper Union for the Advancement of Science and Art,NY,2,901,77,30,Unavailable,Unavailable,Unavailable,35,39,36
Indiana Wesleyan University-Marion,IN,2,2079,70,12,3,15,9,36,36,36
Trevecca Nazarene University,TN,2,1825,49,15,6,18,17,38,33,36
Mount Vernon Nazarene University,OH,2,1631,56,24,5,12,6,36,32,36
Lafayette College,PA,2,2764,87,4,0,19,1,36,45,35
Virginia Polytechnic Institute and State University,VA,1,30504,81,23,9,29,28,35,39,35
Transylvania University,KY,2,1022,72,4,0,13,1,37,40,35
University of the Ozarks,AR,2,763,47,16,1,8,6,39,37,35
Hope College,MI,2,3368,79,4,2,18,5,36,41,35
University of South Dakota,SD,1,7095,51,28,5,16,22,35,32,35
Smith College,MA,2,2506,90,6,Unavailable,Unavailable,Unavailable,36,47,35
Marietta College,OH,2,1085,52,18,1,8,6,35,31,35
Northern State University,SD,1,2932,43,36,3,12,25,35,29,35
Missouri State University-Springfield,MO,1,19259,55,33,5,17,26,36,31,35
Lawrence University,WI,2,1410,75,16,Unavailable,Unavailable,Unavailable,37,41,35
Stevens Institute of Technology,NJ,2,4092,79,33,4,21,19,34,38,35
Thomas Aquinas College,CA,2,539,84,13,Unavailable,Unavailable,Unavailable,36,43,35
Huntington University,IN,2,1286,65,13,3,14,7,32,33,35
Brigham Young University-Idaho,ID,2,42996,40,129,5,20,20,36,25,35
University of Southern California,CA,2,21023,89,13,12,35,6,34,43,34
Mississippi College,MS,2,2706,56,16,7,19,22,36,34,34
Claremont McKenna College,CA,2,1381,88,13,Unavailable,Unavailable,Unavailable,34,44,34
College of the Ozarks,MO,2,1427,59,39,0,8,7,36,34,34
Tulane University of Louisiana,LA,2,8077,74,10,7,22,15,36,43,34
Baylor University,TX,2,15155,76,16,6,22,18,35,39,34
Lipscomb University,TN,2,3270,65,9,9,25,23,35,37,34
University of Nebraska at Kearney,NE,1,4224,49,59,6,18,24,36,31,34
Iowa State University,IA,1,25332,68,33,7,25,31,34,33,34
University of Kentucky,KY,1,23930,62,25,6,20,22,35,33,34
Emory University,GA,2,7359,90,6,9,29,17,47,44,34
Scripps College,CA,2,1082,80,7,Unavailable,Unavailable,Unavailable,35,42,34
Trinity University,TX,2,2531,76,14,Unavailable,Unavailable,Unavailable,35,40,34
Florida Agricultural and Mechanical University,FL,1,7796,52,67,4,21,32,35,30,34
Pomona College,CA,2,1664,92,7,Unavailable,Unavailable,Unavailable,34,45,33
University of Central Arkansas,AR,1,7884,46,30,4,16,21,37,30,33
Northern Kentucky University,KY,1,9927,46,45,7,20,29,37,29,33
Centre College,KY,2,1356,86,2,Unavailable,Unavailable,Unavailable,35,44,33
Wesleyan University,CT,2,3066,90,5,1,20,1,34,45,33
McNeese State University,LA,1,5560,38,58,4,18,28,36,28,33
Brandeis University,MA,2,3675,86,6,8,30,21,33,44,33
Southwestern Adventist University,TX,2,813,46,37,2,11,11,34,28,33
DigiPen Institute of Technology,WA,3,1042,52,23,6,19,19,34,32,33
The University of Texas at Arlington,TX,1,31112,53,41,6,19,17,33,29,33
Ohio State University-Main Campus,OH,1,45728,76,22,11,31,32,34,39,33
University of Vermont,VT,1,12168,75,10,5,20,13,34,39,33
Bethany Lutheran College,MN,2,850,57,16,4,16,17,32,34,33
Rochester Institute of Technology,NY,2,14076,58,115,2,13,25,33,28,33
The College of Wooster,OH,2,1876,75,5,0,13,1,34,40,32
Drury University,MO,2,1368,54,34,3,13,15,34,32,32
The University of Tennessee Southern,TN,1,946,41,19,4,16,22,35,27,32
North Carolina State University at Raleigh,NC,1,27323,79,24,7,25,23,33,37,32
Maryville College,TN,2,1142,57,13,3,15,14,35,31,32
University of Idaho,ID,1,9269,58,25,5,17,23,33,31,32
Western Michigan University,MI,1,13026,54,63,5,21,30,33,27,32
Ohio Northern University,OH,2,2592,72,16,1,13,6,32,33,32
LeTourneau University,TX,2,3227,49,13,4,12,15,32,32,32
East Tennessee State University,TN,1,10633,53,39,7,23,30,33,28,32
Purdue University Fort Wayne,IN,1,8110,37,46,2,13,23,32,24,32
New Mexico State University-Main Campus,NM,1,12113,47,60,5,21,28,33,27,32
Saint Johns University,MN,2,1481,78,7,1,15,2,32,36,32
Bethel University,IN,2,1107,61,14,8,18,13,32,32,32
Grand Valley State University,MI,1,19243,59,42,5,19,24,32,30,31
Blue Mountain Christian University,MS,2,942,61,16,4,15,21,31,29,31
Northeastern University Oakland,CA,2,542,Unavailable,Unavailable,Unavailable,Unavailable,Unavailable,31,16,31
University of Wisconsin-Madison,WI,1,36797,83,23,5,22,16,32,40,31
Southwestern University,TX,2,1457,72,6,Unavailable,Unavailable,Unavailable,32,37,31
Arkansas State University,AR,1,8760,51,22,7,19,19,33,31,31
Brigham Young University,UT,2,32221,61,150,3,16,30,33,30,31
Lehigh University,PA,2,5811,85,11,1,19,5,32,41,31
Saint Vincent College,PA,2,1280,72,10,4,18,11,32,36,31
University of New Mexico-Main Campus,NM,1,16905,51,44,6,21,24,32,28,31
University of Louisiana at Monroe,LA,1,6550,50,27,4,14,18,34,30,31
University of South Alabama,AL,1,8914,43,41,4,18,24,34,28,31
Saint Louis University,MO,2,10519,71,8,4,17,7,32,38,31
Illinois Institute of Technology,IL,2,3316,66,54,3,16,20,31,32,31
University of Houston-Clear Lake,TX,1,6108,59,35,7,25,21,31,27,31
George Washington University,DC,2,11387,81,8,3,18,3,32,41,31
The University of Tennessee-Martin,TN,1,6234,46,33,3,10,12,32,28,31
University of South Carolina-Columbia,SC,1,28470,73,14,10,30,30,32,37,31
Fisk University,TN,2,950,37,10,0,5,2,30,29,31
Colgate University,NY,2,3131,89,4,Unavailable,Unavailable,Unavailable,31,43,31
Johnson University,TN,2,708,56,18,7,18,12,33,34,31
Central College,IA,2,1095,66,10,1,10,2,32,33,31
Charleston Southern University,SC,2,2914,44,22,6,18,21,32,28,31
Central Michigan University,MI,1,10055,55,51,6,18,22,31,28,31
Tufts University,MA,2,6877,92,5,2,23,4,45,43,31
Franciscan University of Steubenville,OH,2,2978,71,12,8,22,18,32,36,31
St Olaf College,MN,2,3074,84,5,0,17,1,32,43,30
Malone University,OH,2,987,59,12,7,22,27,32,30,30
Eastern Michigan University,MI,1,11129,48,63,4,19,25,31,25,30
University of Wisconsin-Whitewater,WI,1,9812,59,41,6,19,24,32,28,30
Kent State University at Kent,OH,1,20485,59,26,8,23,27,30,31,30
Nicholls State University,LA,1,5612,46,54,3,15,22,31,26,30
Georgia College & State University,GA,1,5681,58,20,2,10,8,30,31,30
Tennessee Wesleyan University,TN,2,857,53,12,7,17,15,31,29,30
Whitman College,WA,2,1544,86,12,Unavailable,Unavailable,Unavailable,30,41,30
Wichita State University,KS,1,12856,45,50,5,19,25,32,28,30
Yeshiva University,NY,2,3091,78,13,2,18,9,31,39,30
American University,DC,2,7817,76,7,4,20,10,32,40,29
Earlham College,IN,2,635,71,12,1,12,3,30,37,29
Northeastern University,MA,2,15891,72,562,0,7,28,29,20,29
Wheaton College,IL,2,2119,86,6,1,18,2,30,41,29
University of Denver,CO,2,6415,72,11,3,16,5,30,36,29
University of Southern Mississippi,MS,1,10012,48,31,8,23,28,32,27,29
Augusta University,GA,1,5684,51,44,5,23,32,30,26,29
Capital University,OH,2,1747,62,10,6,20,18,31,31,29
Valley City State University,ND,1,1628,47,25,5,16,23,30,26,29
Villanova University,PA,2,7063,87,4,4,24,7,29,41,29
Southern Illinois University-Edwardsville,IL,1,8975,52,37,4,16,18,30,26,29
Purdue University Northwest,IN,1,7902,41,52,2,13,20,29,24,29
Santa Clara University,CA,2,6249,89,6,1,20,2,29,37,29
Centenary College of Louisiana,LA,2,620,55,9,1,8,2,30,32,29
Northwest Missouri State University,MO,1,5599,45,33,4,13,16,32,27,29
Southeastern Louisiana University,LA,1,12684,35,62,2,12,22,32,26,29
Boston University,MA,2,18656,86,7,2,19,2,28,43,29
Belmont Abbey College,NC,2,1549,47,13,3,12,12,29,27,29
University of Nebraska at Omaha,NE,1,11859,43,63,5,22,30,30,25,29
East Central University,OK,1,2460,34,33,4,19,23,32,23,29
Hendrix College,AR,2,1098,71,4,Unavailable,Unavailable,Unavailable,31,37,28
Michigan State University,MI,1,40483,76,29,8,27,29,29,34,28
Saint Francis University,PA,2,2429,70,7,8,23,27,29,34,28
John Brown University,AR,2,1882,68,12,5,18,14,30,34,28
Lincoln Memorial University,TN,2,1605,60,16,8,26,28,30,28,28
Babson College,MA,2,2752,91,4,1,22,3,27,45,28
Maranatha Baptist University,WI,2,759,54,21,4,12,9,31,32,28
Baldwin Wallace University,OH,2,2809,61,18,4,15,12,29,31,28
Kenyon College,OH,2,2184,84,5,Unavailable,Unavailable,Unavailable,30,42,28
University of Cincinnati-Main Campus,OH,1,31184,63,58,6,22,31,29,27,28
University of Pittsburgh-Johnstown,PA,1,1940,46,28,1,6,4,29,26,28
Franklin and Marshall College,PA,2,1911,80,8,Unavailable,Unavailable,Unavailable,29,41,28
The College of New Jersey,NJ,1,7073,82,13,2,18,5,28,36,28
University of Central Oklahoma,OK,1,10454,37,79,2,17,23,31,23,28
Randall University,OK,2,281,23,32,2,20,24,31,18,28
University of Rochester,NY,2,6764,84,12,2,19,4,28,40,28
Bucknell University,PA,2,3846,87,6,Unavailable,Unavailable,Unavailable,29,40,28
Susquehanna University,PA,2,2241,73,7,1,14,2,29,35,28
Louisiana State University-Shreveport,LA,1,2548,34,38,5,18,20,32,24,28
Louisiana State University-Alexandria,LA,1,5330,29,36,6,17,11,32,23,28
Bluffton University,OH,2,602,57,6,2,8,2,27,28,28
Eastern Kentucky University,KY,1,12726,47,34,13,40,23,31,27,28
Colorado College,CO,2,2145,85,4,Unavailable,Unavailable,Unavailable,29,40,28
Pennsylvania State University-Main Campus,PA,1,42223,80,21,7,26,23,28,37,28
University of Detroit Mercy,MI,2,3352,60,20,5,19,27,28,35,28
University of Southern Indiana,IN,1,7428,48,34,4,16,26,28,25,28
College of Saint Benedict,MN,2,1410,77,5,1,14,1,28,36,28
University of Puget Sound,WA,2,1632,71,9,1,13,2,29,34,28
Georgia Southern University,GA,1,22295,48,47,5,21,29,29,26,28
Concord University,WV,1,1472,43,28,6,20,26,29,26,28
Shepherd University,WV,1,2906,47,22,6,22,28,29,26,28
Augustana College,IL,2,2446,78,1,1,15,0,28,39,27
Westminster College,MO,2,593,50,12,3,11,8,28,28,27
West Texas A & M University,TX,1,6786,49,37,6,19,20,29,26,27
University of Michigan-Flint,MI,1,4751,40,84,3,21,26,28,21,27
Xavier University,OH,2,4748,72,11,7,22,17,29,34,27
Anderson University,IN,2,1095,58,13,6,20,19,28,29,27
Drexel University,PA,2,13589,63,78,2,12,16,27,28,27
York University,NE,2,443,50,21,3,14,15,28,22,27
Muhlenberg College,PA,2,1788,77,6,1,16,2,29,38,27
Saint Mary's College,IN,2,1424,73,7,1,14,3,29,36,27
Carson-Newman University,TN,2,1669,54,9,5,18,20,29,28,27
University of North Georgia,GA,1,17242,33,38,4,14,21,28,25,27
The University of Texas at San Antonio,TX,1,30310,53,48,6,23,30,28,26,27
University of Central Missouri,MO,1,7203,55,29,5,19,25,30,25,27
Occidental College,CA,2,1854,81,5,1,17,1,28,39,27
Concordia College at Moorhead,MN,2,1799,73,5,3,17,8,27,35,27
Northwestern State University of Louisiana,LA,1,7898,41,35,6,17,22,30,25,27
Kentucky Wesleyan College,KY,2,834,49,14,4,13,12,27,25,27
Ferris State University,MI,1,8940,56,26,6,18,18,27,25,27
Southern Arkansas University Main Campus,AR,1,3224,42,17,4,18,25,30,25,27
Gettysburg College,PA,2,2216,81,3,0,16,1,27,40,27
Nova Southeastern University,FL,2,7219,61,10,8,25,26,27,31,27
Black Hills State University,SD,1,3279,39,39,3,12,23,28,23,27
Miami University-Oxford,OH,1,16478,79,13,5,23,16,27,36,27
Judson University,IL,2,793,59,12,10,24,21,27,31,27
Aquinas College,MI,2,1209,55,36,4,15,18,27,27,27
College of Saint Mary,NE,2,482,68,14,10,30,28,28,29,26
Tarleton State University,TX,1,13688,57,34,6,19,23,27,24,26
University of Minnesota-Twin Cities,MN,1,39556,79,13,7,25,23,27,36,26
Spalding University,KY,2,734,48,27,6,19,21,28,25,26
Hamilton College,NY,2,2048,90,4,Unavailable,Unavailable,Unavailable,39,40,26
University of West Georgia,GA,1,8413,40,58,4,18,27,27,23,26
University of Connecticut,CT,1,19388,79,12,5,23,15,26,37,26
Ohio University-Main Campus,OH,1,19100,65,24,9,24,23,27,29,26
Colorado Mesa University,CO,1,8711,37,37,4,15,20,27,23,26
Eckerd College,FL,2,1986,65,7,Unavailable,Unavailable,Unavailable,27,33,26
MidAmerica Nazarene University,KS,2,1185,61,17,3,13,9,27,24,26
University of St Francis,IL,2,1306,63,27,9,27,28,26,27,26
Minot State University,ND,1,2474,43,40,5,18,23,28,25,26
West Virginia Wesleyan College,WV,2,938,52,21,4,14,16,27,27,26
University of Wisconsin-Milwaukee,WI,1,18047,46,67,4,21,30,27,23,26
Wofford College,SC,2,1873,78,6,Unavailable,Unavailable,Unavailable,36,41,26
Marquette University,WI,2,7652,75,22,2,17,11,26,33,26
Birmingham-Southern College,AL,2,713,68,8,1,11,2,26,32,26
Illinois College,IL,2,956,68,4,3,12,1,26,32,26
Northland College,WI,2,485,58,9,2,11,6,28,29,25
Kennesaw State University,GA,1,40509,43,93,3,18,28,26,22,25
University of Houston,TX,1,37946,56,37,8,25,31,26,28,25
Angelo State University,TX,1,9623,45,30,3,13,24,26,23,25
High Point University,NC,2,5006,70,5,1,12,3,26,32,25
Minnesota State University Moorhead,MN,1,3413,55,28,8,25,30,27,26,25
University of Dayton,OH,2,8176,74,22,3,17,12,26,33,25
Hampton University,VA,2,3255,54,34,1,7,5,25,26,25
University of Michigan-Dearborn,MI,1,6071,50,63,5,22,31,25,24,25
William Jewell College,MO,2,868,66,6,5,19,14,27,31,25
Goshen College,IN,2,773,66,12,6,19,11,25,29,25
Wilmington College,OH,2,924,54,5,4,15,12,26,27,25
Eastern New Mexico University-Main Campus,NM,1,4072,44,39,6,18,17,25,20,25
Florida Southern College,FL,2,2626,65,5,7,21,16,26,33,25
Ohio Wesleyan University,OH,2,1452,63,9,0,10,2,26,31,25
Southwestern Assemblies of God University,TX,2,1413,38,24,8,17,18,26,25,25
University of Nevada-Las Vegas,NV,1,25794,45,80,4,22,32,27,23,25
University of North Carolina at Charlotte,NC,1,23981,59,33,7,21,24,25,27,25
McPherson College,KS,2,788,51,16,1,7,3,26,26,25
University of Arkansas at Little Rock,AR,1,5789,42,31,6,20,19,26,23,24
Skidmore College,NY,2,2776,84,3,Unavailable,Unavailable,Unavailable,25,38,24
Southern Methodist University,TX,2,7115,80,10,2,17,5,25,36,24
Delta State University,MS,1,1964,49,32,5,19,26,28,24,24
Rollins College,FL,2,2595,68,13,Unavailable,Unavailable,Unavailable,25,34,24
University of Minnesota-Duluth,MN,1,8525,60,33,4,17,22,24,26,24
Southeastern Oklahoma State University,OK,1,3207,35,38,4,20,19,28,20,24
Mercer University,GA,2,4807,64,14,8,18,7,25,32,24
University of Alabama at Birmingham,AL,1,12382,52,31,9,24,28,26,27,24
North Greenville University,SC,2,1944,53,15,7,18,18,25,27,24
Muskingum University,OH,2,1524,53,20,3,12,9,25,25,24
Stephen F Austin State University,TX,1,9575,51,33,6,21,28,25,24,24
University of Notre Dame,IN,2,8968,93,6,1,22,3,48,40,24
Bellarmine University,KY,2,2351,64,12,4,15,10,25,30,24
York College of Pennsylvania,PA,2,3308,60,25,6,19,20,24,27,24
Williams Baptist University,AR,2,491,35,18,3,15,19,27,23,24
Gonzaga University,WA,2,5163,82,11,2,18,6,24,36,24
University of Dallas,TX,2,1427,70,6,1,14,4,25,33,24
Texas Christian University,TX,2,10937,78,15,1,15,4,24,35,24
The University of Texas at Tyler,TX,1,7287,55,27,6,22,24,24,24,24
Northwestern Oklahoma State University,OK,1,1724,31,30,4,16,21,26,21,24
William Carey University,MS,2,3113,48,17,7,18,22,30,27,23
Dallas Baptist University,TX,2,2850,53,20,9,26,32,23,27,23
University of Wisconsin-Stevens Point,WI,1,7419,52,41,5,19,26,23,23,23
Spring Hill College,AL,2,851,50,14,6,17,18,22,28,23
Christopher Newport University,VA,1,4407,72,12,1,12,3,27,32,23
New Jersey Institute of Technology,NJ,1,9523,72,65,3,15,17,23,28,23
Mount St. Joseph University,OH,2,1446,47,32,5,17,27,25,25,23
Southwest Baptist University,MO,2,1622,53,14,6,19,21,24,26,23
Tuskegee University,AL,2,2400,76,88,0,7,10,25,26,23
Texas Tech University,TX,1,32635,59,43,7,24,31,24,25,23
Mississippi University for Women,MS,1,1995,63,17,8,21,22,26,23,23
Dallas Christian College,TX,2,278,24,39,2,13,12,23,16,23
Prairie View A & M University,TX,1,8527,39,100,2,17,29,24,21,23
Gustavus Adolphus College,MN,2,1952,77,7,1,15,3,24,34,23
Maine Maritime Academy,ME,1,889,69,27,4,18,15,23,28,23
Wright State University-Main Campus,OH,1,7012,43,40,5,21,29,25,21,23
Davidson College,NC,2,1904,89,4,Unavailable,Unavailable,Unavailable,43,39,23
Drake University,IA,2,2702,77,7,6,22,15,23,33,23
Oklahoma City University,OK,2,1447,58,4,5,16,10,25,30,23
Baptist University of Florida,FL,2,331,33,62,7,17,21,25,26,23
Texas State University,TX,1,34547,56,45,5,21,27,23,24,23
Southwestern Oklahoma State University,OK,1,3995,41,52,4,18,24,25,19,23
Syracuse University,NY,2,15739,79,14,3,18,8,23,35,23
Texas A & M University-Corpus Christi,TX,1,7822,36,62,3,15,21,23,19,23
Luther College,IA,2,1463,69,8,0,12,2,23,33,22
DeSales University,PA,2,2149,59,13,7,18,11,23,30,22
Central Baptist College,AR,2,550,40,24,6,17,20,23,24,22
University of New Orleans,LA,1,5476,39,51,4,21,32,25,21,22
University of North Texas,TX,1,33858,58,32,8,26,31,23,26,22
Lubbock Christian University,TX,2,1320,51,22,4,15,17,22,21,22
Bluefield State University,WV,1,1249,46,70,4,21,28,23,19,22
The College of Idaho,ID,2,1049,55,9,Unavailable,Unavailable,Unavailable,28,29,22
Wisconsin Lutheran College,WI,2,1021,57,19,2,10,6,22,26,22
University of West Alabama,AL,1,2673,40,25,8,18,8,25,23,22
John Carroll University,OH,2,2287,73,9,2,16,6,23,32,22
Central Methodist University-College of Liberal Arts and Sciences,MO,2,1017,49,20,3,13,14,23,26,22
University of Illinois Springfield,IL,1,2342,54,21,11,23,19,22,24,22
Ashland University,OH,2,3123,64,14,9,26,28,22,27,22
Xavier University of Louisiana,LA,2,2591,47,25,4,18,24,23,24,22
Neumont College of Computer Science,UT,3,530,51,8,1,9,2,22,26,22
Tiffin University,OH,2,2669,46,20,5,15,13,23,22,22
Northeastern State University,OK,1,5006,44,44,5,21,23,24,21,22
Middlebury College,VT,2,2800,89,8,0,19,2,33,38,22
Tabor College,KS,2,581,53,6,1,7,1,22,22,22
Illinois Wesleyan University,IL,2,1576,80,7,1,17,3,22,35,22
Juniata College,PA,2,1212,75,4,2,17,5,22,34,22
University of Mary Hardin-Baylor,TX,2,3024,53,25,5,18,20,22,24,22
Stony Brook University,NY,1,17549,73,16,9,27,25,21,33,22
Christian Brothers University,TN,2,1204,56,13,6,20,22,23,29,22
Winona State University,MN,1,5267,60,29,6,19,20,22,24,22
University of Memphis,TN,1,16771,49,42,6,18,23,24,23,22
Missouri Southern State University,MO,1,3930,42,35,4,17,23,24,20,22
Fordham University,NY,2,10307,79,7,2,18,4,22,35,21
Loyola University Chicago,IL,2,12487,69,9,3,16,7,23,32,21
St. Mary's College of Maryland,MD,1,1577,70,10,2,14,6,23,30,21
Carthage College,WI,2,2642,65,11,1,11,3,21,28,21
Rocky Mountain College,MT,2,794,48,19,4,16,17,22,24,21
Bemidji State University,MN,1,3610,51,26,7,20,19,23,21,21
New York University,NY,2,29760,84,9,5,23,11,30,38,21
Rockhurst University,MO,2,2430,74,8,8,24,21,22,31,21
Hofstra University,NY,2,6224,64,13,2,13,7,22,29,21
Illinois State University,IL,1,18450,67,23,5,19,19,22,26,21
Faulkner University,AL,2,1793,39,37,3,16,10,23,19,21
University of Massachusetts-Amherst,MA,1,23936,79,8,4,19,5,21,35,21
Faith Baptist Bible College and Theological Seminary,IA,2,518,56,13,3,14,14,24,27,21
University of Wisconsin-Eau Claire,WI,1,9304,60,36,5,18,22,21,25,21
University of Wisconsin-La Crosse,WI,1,9378,64,43,6,22,29,21,25,21
University of Missouri-Kansas City,MO,1,10149,53,39,3,13,21,22,22,21
Wentworth Institute of Technology,MA,2,3813,65,22,2,12,7,21,29,21
Olivet Nazarene University,IL,2,2569,58,12,5,16,13,21,27,21
University of Northern Iowa,IA,1,7734,62,34,6,19,21,22,25,21
Sam Houston State University,TX,1,18179,56,35,7,22,25,21,24,21
Bentley University,MA,2,4350,87,5,1,19,3,21,37,21
University of Mary Washington,VA,1,3611,67,14,7,20,14,22,30,21
Greenville University,IL,2,905,56,6,7,20,19,21,26,21
Providence College,RI,2,4191,84,5,1,18,2,21,36,21
Saint Joseph's University,PA,2,4828,74,9,4,19,9,21,33,21
Virginia Military Institute,VA,1,1560,71,14,Unavailable,Unavailable,Unavailable,21,30,21
Seton Hill University,PA,2,1597,62,23,7,20,18,24,27,21
Rhodes College,TN,2,1936,83,5,Unavailable,Unavailable,Unavailable,22,37,21
DePaul University,IL,2,14374,64,16,9,24,22,21,29,21
University of Colorado Colorado Springs,CO,1,9398,42,51,5,20,25,21,19,21
Hobart William Smith Colleges,NY,2,1618,71,8,Unavailable,Unavailable,Unavailable,21,32,20
Friends University,KS,2,1460,41,27,4,15,24,21,23,20
Gallaudet University,DC,2,919,53,95,3,19,25,20,19,20
Berry College,GA,2,2226,71,8,1,13,3,21,31,20
George Mason University,VA,1,27666,69,29,11,29,30,21,28,20
University of Maryland-Baltimore County,MD,1,10490,63,34,8,26,31,20,27,20
Pennsylvania State University-Penn State Erie-Behrend College,PA,1,3226,44,35,2,11,14,20,22,20
Trinity College of Florida,FL,2,189,39,9,7,20,14,21,14,20
Spelman College,GA,2,3633,76,16,10,23,9,22,31,20
Randolph-Macon College,VA,2,1500,71,8,1,12,2,21,31,20
Webster University,MO,2,2204,55,18,9,22,19,22,26,20
Midland University,NE,2,1333,47,14,2,8,5,21,23,20
Bradley University,IL,2,3883,72,23,5,20,20,20,28,20
Western Colorado University,CO,1,3569,47,9,1,8,10,20,20,20
University of New Hampshire-Main Campus,NH,1,11376,75,10,4,19,11,20,32,20
Ursinus College,PA,2,1492,70,7,Unavailable,Unavailable,Unavailable,21,31,20
Elizabethtown College,PA,2,1857,70,9,4,18,9,20,31,20
Bethel University,MN,2,2629,70,12,7,20,14,20,30,20
Vassar College,NY,2,2456,91,5,Unavailable,Unavailable,Unavailable,29,37,20
University at Buffalo,NY,1,20463,68,16,7,23,21,20,31,20
Chatham University,PA,2,1507,66,8,8,24,22,20,28,20
Pacific Union College,CA,2,910,44,37,3,10,4,21,21,20
Brevard College,NC,2,764,34,22,1,4,3,20,20,20
Kalamazoo College,MI,2,1196,74,10,Unavailable,Unavailable,Unavailable,20,32,19
Viterbo University,WI,2,1443,61,21,9,22,19,20,26,19
Wittenberg University,OH,2,1288,60,12,1,10,4,19,25,19
Long Island University,NY,2,11753,51,24,1,6,3,20,21,19
The University of Texas Permian Basin,TX,1,4654,45,39,7,22,24,19,20,19
Ithaca College,NY,2,4368,76,6,3,17,8,20,32,19
University of Colorado Boulder,CO,1,32105,67,32,6,20,21,20,27,19
Southern Wesleyan University,SC,2,887,55,13,8,20,16,20,23,19
Quinnipiac University,CT,2,6248,79,4,8,27,18,20,33,19
University of Hawaii at Hilo,HI,1,2424,40,25,6,23,29,21,21,19
University of Wisconsin-Stout,WI,1,6093,51,60,4,17,23,19,19,19
Roanoke College,VA,2,1824,68,5,1,12,1,20,30,19
Virginia Commonwealth University,VA,1,21205,64,27,9,27,32,20,26,19
University of Saint Francis-Fort Wayne,IN,2,1601,54,7,10,28,29,19,26,19
University of Toledo,OH,1,11447,48,53,5,18,27,19,21,19
Troy University,AL,1,10468,41,41,7,17,13,21,21,19
University of St Thomas,MN,2,6044,73,13,5,21,14,19,31,19
Duquesne University,PA,2,5226,76,13,6,23,18,19,30,19
University of Northwestern-St Paul,MN,2,3173,62,12,2,12,9,20,27,19
Georgetown College,KY,2,1200,52,7,3,13,11,20,25,19
Lander University,SC,1,3669,49,34,5,18,24,20,23,19
Connecticut College,CT,2,1995,80,4,0,16,1,19,34,19
Biola University,CA,2,3395,65,21,7,20,18,20,28,19
University of Arizona,AZ,1,41899,58,26,10,24,25,19,26,19
Indiana University-Indianapolis,IN,1,17037,50,38,7,23,28,19,22,19
Wayne State University,MI,1,16117,50,55,6,23,31,19,22,19
Union College,KY,2,737,39,23,5,18,20,19,21,19
Cornell College,IA,2,1082,64,5,Unavailable,Unavailable,Unavailable,19,29,19
College of Charleston,SC,1,10660,63,12,8,23,23,19,28,19
Hardin-Simmons University,TX,2,1283,49,20,6,22,27,19,21,19
Soka University of America,CA,2,464,89,2,Unavailable,Unavailable,Unavailable,18,43,18
Emerson College,MA,2,4171,78,5,2,17,4,19,35,18
SUNY Maritime College,NY,1,1243,68,34,4,19,19,21,26,18
University of Massachusetts-Lowell,MA,1,12128,58,30,6,15,10,19,26,18
Southern Illinois University-Carbondale,IL,1,8195,54,24,6,18,17,19,21,18
Lake Erie College,OH,2,744,50,17,6,20,26,19,20,18
Palm Beach Atlantic University,FL,2,3094,53,14,5,17,20,19,26,18
University of Scranton,PA,2,3666,75,5,1,15,2,21,32,18
Franklin College,IN,2,911,60,6,1,10,1,18,26,18
Jacksonville University,FL,2,2662,49,14,5,16,14,19,23,18
University of Louisiana at Lafayette,LA,1,13179,46,73,3,14,21,19,19,18
Seattle University,WA,2,4137,74,9,4,18,8,18,30,18
Valparaiso University,IN,2,2255,72,11,5,20,14,19,29,18
University of Wisconsin-Platteville,WI,1,6270,52,72,2,11,16,17,18,18
Pennsylvania State University-Penn State York,PA,1,702,18,45,1,13,18,18,14,18
University of Delaware,DE,1,19772,78,13,7,24,19,18,32,18
Carroll University,WI,2,2623,63,13,5,17,14,19,27,18
University of Saint Mary,KS,2,1015,55,21,5,17,20,19,21,18
Drew University,NJ,2,1624,74,7,2,15,3,18,32,18
Saint Norbert College,WI,2,2089,76,4,1,15,3,19,31,18
Queens University of Charlotte,NC,2,1373,64,11,8,23,23,18,28,18
Concordia University Texas,TX,2,1391,39,26,5,18,14,18,18,18
Hollins University,VA,2,673,62,1,1,11,1,19,29,18
University of Wisconsin-River Falls,WI,1,4675,55,34,6,22,31,18,22,18
Lamar University,TX,1,7998,39,65,5,21,24,18,16,18
Saint Anselm College,NH,2,2052,76,5,2,16,5,18,31,17
Pennsylvania State University-Penn State Berks,PA,1,1940,32,38,2,15,22,18,15,17
Rowan University,NJ,1,14869,66,29,8,24,25,18,25,17
Piedmont University,GA,2,1261,51,17,5,17,15,18,21,17
Trinity Baptist College,FL,2,385,27,15,2,14,14,19,16,17
Converse University,SC,2,852,54,6,7,22,23,18,25,17
Shippensburg University of Pennsylvania,PA,1,4421,54,24,2,9,7,17,22,17
North Central College,IL,2,2397,67,10,4,14,7,17,27,17
Westmont College,CA,2,1310,72,4,1,13,1,18,30,17
University of Connecticut-Avery Point,CT,1,474,53,36,2,11,9,17,22,17
Thomas More University,KY,2,1823,46,34,3,13,22,18,20,17
Gardner-Webb University,NC,2,1840,42,56,8,20,22,18,21,17
Knox College,IL,2,1001,73,14,1,13,3,17,30,17
Goucher College,MD,2,964,57,9,1,9,2,17,27,17
Appalachian State University,NC,1,19405,70,21,8,24,23,17,26,17
Coastal Carolina University,SC,1,10306,50,28,4,15,19,17,21,17
University of California-Berkeley,CA,1,33078,90,13,6,25,12,16,34,17
Savannah College of Art and Design,GA,2,14657,64,21,5,16,12,18,30,17
University of the Pacific,CA,2,3297,68,30,Unavailable,Unavailable,Unavailable,17,25,17
Texas A&M University-Texarkana,TX,1,1760,45,26,5,24,24,18,17,17
Indiana University-Southeast,IN,1,3286,35,48,5,20,26,17,16,17
Auburn University at Montgomery,AL,1,3407,36,79,2,17,26,19,17,17
Grace College and Theological Seminary,IN,2,1817,70,2,6,21,14,17,29,16
Nebraska Wesleyan University,NE,2,1531,61,11,4,15,10,17,26,16
University of Wisconsin-Green Bay,WI,1,9853,53,29,6,19,27,17,21,16
Indiana University-Kokomo,IN,1,2674,44,39,5,18,23,16,18,16
Abraham Baldwin Agricultural College,GA,1,3768,30,23,2,12,17,17,15,16
Otterbein University,OH,2,2119,64,11,3,15,9,16,27,16
University of Missouri-St Louis,MO,1,12137,57,27,5,15,25,17,22,16
Southwest Minnesota State University,MN,1,6884,44,37,2,8,19,17,18,16
Pennsylvania State University-Penn State Harrisburg,PA,1,4164,39,39,2,10,14,16,18,16
Willamette University,OR,2,1571,72,8,Unavailable,Unavailable,Unavailable,25,29,16
Sweet Briar College,VA,2,464,48,0,1,8,4,17,24,16
Monmouth College,IL,2,727,60,9,1,8,2,16,23,16
University of South Carolina Aiken,SC,1,3109,40,48,5,18,24,17,17,16
Fairfield University,CT,2,4968,82,2,4,22,9,20,33,16
Roger Williams University,RI,2,4050,63,7,4,14,5,17,28,16
Commonwealth University of Pennsylvania,PA,1,9967,53,27,6,22,28,16,21,16
St. John Fisher University,NY,2,2590,76,10,6,23,17,16,28,16
Colorado State University Pueblo,CO,1,4816,37,43,3,14,23,16,16,16
University of Hawaii-West Oahu,HI,1,2863,47,61,4,21,21,16,16,16
Pennsylvania State University-Penn State Altoona,PA,1,2421,13,24,0,5,7,16,12,16
University of North Carolina School of the Arts,NC,1,902,73,7,4,18,8,18,30,16
St Bonaventure University,NY,2,1914,70,4,4,17,10,16,29,16
Westminster University,UT,2,895,64,11,3,14,6,17,26,16
Ball State University,IN,1,14874,62,21,7,21,23,16,25,16
Lancaster Bible College,PA,2,1778,56,20,12,21,9,16,23,16
Georgia State University,GA,1,27588,51,38,7,24,29,16,22,16
Alice Lloyd College,KY,2,553,35,25,Unavailable,Unavailable,Unavailable,17,15,16
Rhode Island School of Design,RI,2,2092,83,24,1,16,6,16,35,16
Stetson University,FL,2,2338,61,8,2,11,4,17,27,16
St Catherine University,MN,2,2431,59,13,11,25,18,17,23,16
Alabama A & M University,AL,1,5845,24,76,1,13,22,17,15,16
University of Science and Arts of Oklahoma,OK,1,914,30,26,3,15,19,18,19,16
Chapman University,CA,2,7874,77,10,1,15,3,16,31,16
Seton Hall University,NJ,2,6061,68,8,3,17,10,16,28,16
Saint Mary-of-the-Woods College,IN,2,898,58,14,11,21,13,16,23,16
Spring Arbor University,MI,2,1091,58,22,7,17,12,16,22,16
University of Richmond,VA,2,3054,84,5,8,28,17,27,35,15
Trinity Christian College,IL,2,827,59,16,3,11,4,16,24,15
Pennsylvania State University-Penn State Brandywine,PA,1,1223,27,47,2,13,21,16,13,15
Mount Holyoke College,MA,2,2209,84,6,Unavailable,Unavailable,Unavailable,16,36,15
Marywood University,PA,2,1874,64,19,6,22,21,16,25,15
Longwood University,VA,1,3223,63,19,2,12,7,17,24,15
Stephens College,MO,2,354,54,8,3,11,1,18,24,15
Life University,GA,2,873,40,41,6,26,34,15,17,15
Warner University,FL,2,798,48,20,5,21,28,16,16,15
Benedict College,SC,2,1694,20,31,2,16,24,23,16,15
Southeastern Baptist Theological Seminary,NC,2,758,Unavailable,Unavailable,3,Unavailable,Unavailable,17,12,15
Wheaton College (Massachusetts),MA,2,1778,72,6,0,12,1,16,30,15
Brigham Young University-Hawaii,HI,2,2836,60,50,3,16,11,15,24,15
West Liberty University,WV,1,1944,66,21,4,18,21,16,22,15
Avila University,MO,2,1196,54,48,6,21,24,16,19,15
Hannibal-LaGrange University,MO,2,402,53,42,6,22,19,17,19,15
Presbyterian College,SC,2,903,59,14,1,9,5,15,24,15
Lewis University,IL,2,3948,63,20,9,24,25,15,22,15
University of California-Los Angeles,CA,1,33040,91,8,5,23,7,15,35,15
Austin College,TX,2,1128,67,5,1,11,1,16,28,15
Howard University,DC,2,10190,58,17,8,27,34,16,26,15
King's College,PA,2,1590,62,10,2,12,4,16,25,15
University of North Carolina Asheville,NC,1,2907,60,25,4,15,9,16,23,15
The University of Texas at El Paso,TX,1,20609,42,86,3,18,25,15,19,15
Thomas Jefferson University,PA,2,3731,73,11,11,25,18,15,25,15
Gwynedd Mercy University,PA,2,1457,65,16,7,21,19,15,22,15
University of Houston-Victoria,TX,1,2707,40,53,3,22,18,15,14,15
Pennsylvania State University-Penn State Lehigh Valley,PA,1,954,26,40,2,18,27,15,12,15
St. John's University-New York,NY,2,15699,64,27,5,19,29,15,25,15
Catawba College,NC,2,1153,58,7,5,14,6,15,23,15
Saint Cloud State University,MN,1,8430,45,53,4,16,30,14,17,15
University of Dubuque,IA,2,1477,46,32,2,11,10,15,16,14
University of Houston-Downtown,TX,1,12880,49,71,3,21,19,15,15,14
Valdosta State University,GA,1,7230,40,56,4,16,21,15,17,14
Gordon College,MA,2,1293,71,10,4,18,13,15,28,14
Hanover College,IN,2,962,63,3,Unavailable,Unavailable,Unavailable,22,26,14
Lebanon Valley College,PA,2,1710,67,6,3,15,9,14,26,14
Hamline University,MN,2,1710,63,12,5,16,12,14,23,14
University of California-Santa Barbara,CA,1,23232,83,15,3,18,7,14,31,14
Bennington College,VT,2,776,60,16,2,14,8,15,28,14
Alfred University,NY,2,1422,57,22,2,10,7,14,22,14
University of Utah,UT,1,26827,61,59,6,22,29,31,29,14
Slippery Rock University of Pennsylvania,PA,1,6803,64,18,6,20,18,14,24,14
Moore College of Art and Design,PA,2,390,60,14,7,22,21,14,22,14
University of Wisconsin-Oshkosh,WI,1,12674,52,58,3,13,24,15,17,14
Clayton  State University,GA,1,5301,39,64,3,19,23,15,16,14
Pennsylvania State University-Penn State Beaver,PA,1,504,22,29,2,15,23,14,13,14
Pepperdine University,CA,2,3629,79,13,2,16,3,14,31,14
Wilkes University,PA,2,1956,60,16,7,23,26,14,23,14
Loyola University Maryland,MD,2,3987,80,5,2,18,6,14,31,14
Flagler College,FL,2,2432,61,6,2,10,2,15,24,14
Cleveland Institute of Art,OH,2,566,56,15,Unavailable,Unavailable,Unavailable,15,23,14
University of New Haven,CT,2,4865,62,16,7,23,24,14,23,14
Lake Forest College,IL,2,1796,74,7,2,15,5,14,30,14
Agnes Scott College,GA,2,911,74,7,1,14,2,21,28,14
Wingate University,NC,2,2464,58,14,7,22,23,14,22,14
University of Connecticut-Waterbury Campus,CT,1,760,59,40,4,16,17,14,22,14
Western Carolina University,NC,1,10009,61,28,8,19,15,14,21,14
Kentucky Christian University,KY,2,503,42,16,1,6,4,15,17,14
Wagner College,NY,2,1592,70,10,Unavailable,Unavailable,Unavailable,14,27,14
Adelphi University,NY,2,5124,71,9,6,21,15,14,27,14
University of New Hampshire at Manchester,NH,1,522,60,10,9,25,19,14,26,14
University of Mobile,AL,2,1688,43,52,2,9,13,15,20,14
Indiana University of Pennsylvania-Main Campus,PA,1,7432,52,26,5,20,24,14,20,14
Pennsylvania State University-Penn State Mont Alto,PA,1,587,32,32,2,15,21,14,11,14
Wartburg College,IA,2,1454,69,5,3,15,8,14,27,14
Meredith College,NC,2,1309,68,6,Unavailable,Unavailable,Unavailable,14,26,14
SUNY Oneonta,NY,1,4904,71,10,3,16,8,14,26,14
Immaculata University,PA,2,1529,61,14,9,23,22,15,24,14
Northwest University,WA,2,679,62,10,5,16,11,13,24,14
Ursuline College,OH,2,637,46,24,6,22,21,14,19,14
Fort Lewis College,CO,1,3313,43,32,2,9,7,14,16,14
Southern University and A & M College,LA,1,6571,32,103,1,15,27,14,13,14
Madonna University,MI,2,1740,60,24,9,25,28,13,20,13
Bryn Athyn College of the New Church,PA,2,273,47,25,Unavailable,Unavailable,Unavailable,14,18,13
Pratt Institute-Main,NY,2,3814,69,14,5,20,17,14,30,13
Bard College,NY,2,2453,67,20,3,16,4,14,28,13
Thomas University,GA,2,882,49,20,9,30,30,13,13,13
University of California-Davis,CA,1,31797,83,25,4,18,11,13,30,13
John Paul the Great Catholic University,CA,2,298,63,3,Unavailable,Unavailable,Unavailable,15,26,13
University of Connecticut-Hartford Campus,CT,1,1494,59,42,3,14,15,13,23,13
Texas Lutheran University,TX,2,1290,48,48,4,17,22,14,18,13
Quincy University,IL,2,1130,50,23,5,21,30,13,17,13
University of California-San Diego,CA,1,33792,86,15,6,23,12,14,32,13
Davis & Elkins College,WV,2,683,51,16,2,7,2,13,19,13
Clark University,MA,2,2369,76,6,1,15,2,14,30,13
Whitworth University,WA,2,1939,64,14,1,12,4,13,27,13
Coe College,IA,2,1278,63,7,1,10,2,13,24,13
Emporia State University,KS,1,2412,48,35,5,19,24,14,19,13
Millersville University of Pennsylvania,PA,1,5724,51,40,5,17,20,13,18,13
Jacksonville State University,AL,1,8378,47,51,4,20,31,14,18,13
University of Colorado Denver/Anschutz Medical Campus,CO,1,14027,45,46,4,17,23,13,18,13
Pennsylvania State University-Penn State Abington,PA,1,3095,34,44,2,16,24,13,14,13
Lycoming College,PA,2,1063,62,19,0,9,4,13,24,13
SUNY Polytechnic Institute,NY,1,1904,66,9,10,23,18,13,23,13
Indiana University-East,IN,1,2746,48,22,10,19,11,13,18,13
University of California-Santa Cruz,CA,1,17812,76,21,5,21,17,13,26,13
Adrian College,MI,2,1678,49,21,4,15,19,13,19,13
Southern Virginia University,VA,2,967,41,32,Unavailable,Unavailable,Unavailable,13,16,13
Metropolitan State University of Denver,CO,1,16430,31,69,3,19,23,13,12,13
Point Park University,PA,2,2323,57,13,9,21,19,14,24,13
Seattle Pacific University,WA,2,2082,64,14,3,15,9,13,24,13
Howard Payne University,TX,2,768,36,35,3,14,19,13,15,13
William Penn University,IA,2,1449,41,28,4,11,7,14,14,13
University of North Carolina Wilmington,NC,1,14494,70,16,11,27,24,13,24,13
Emory & Henry University,VA,2,1107,51,21,2,11,10,13,20,13
Allegheny College,PA,2,1231,72,9,1,13,2,14,27,13
University of Illinois Chicago,IL,1,22107,63,42,6,24,31,13,22,13
University of Arkansas at Pine Bluff,AR,1,1905,38,40,5,23,32,13,19,13
University of Pittsburgh-Bradford,PA,1,1003,38,22,2,10,12,13,18,13
Monmouth University,NJ,2,3842,68,13,3,15,9,13,25,12
Buena Vista University,IA,2,1442,62,6,12,18,4,12,22,12
University of Massachusetts-Boston,MA,1,12373,51,47,3,14,15,12,19,12
Houston Christian University,TX,2,2787,43,29,4,13,13,13,18,12
Austin Peay State University,TN,1,8587,38,33,5,18,20,14,16,12
Texas A&M University-San Antonio,TX,1,6706,Unavailable,Unavailable,Unavailable,Unavailable,22,13,11,12
Citadel Military College of South Carolina,SC,1,2661,74,9,5,17,6,13,27,12
Millikin University,IL,2,1570,59,17,4,17,17,13,19,12
University of Northern Colorado,CO,1,6616,53,30,5,18,23,13,18,12
St Lawrence University,NY,2,2060,81,6,0,16,2,15,31,12
University of California-Irvine,CA,1,29503,82,16,8,26,21,12,31,12
Le Moyne College,NY,2,2551,72,8,3,15,3,12,26,12
University of San Francisco,CA,2,5729,75,11,3,16,4,12,28,12
Houghton University,NY,2,975,68,13,5,18,12,13,25,12
University of Rhode Island,RI,1,14670,67,24,6,21,22,14,23,12
Marymount Manhattan College,NY,2,1648,54,18,7,22,24,13,21,12
Huntingdon College,AL,2,866,51,19,4,16,20,14,17,12
Southern University at New Orleans,LA,1,1773,32,100,2,17,27,13,9,12
Niagara University,NY,2,2747,72,7,8,23,16,12,29,12
James Madison University,VA,1,21006,77,20,5,21,16,14,27,12
SUNY College at Geneseo,NY,1,3868,73,9,4,19,11,12,26,12
State University of New York at Oswego,NY,1,5652,63,15,7,20,18,13,23,12
Belhaven University,MS,2,1452,45,16,9,18,10,13,22,12
New York Institute of Technology,NY,2,3355,53,32,4,18,21,12,20,12
Simmons University,MA,2,1760,74,5,7,20,8,12,27,12
Stockton University,NJ,1,7812,72,16,9,26,22,12,25,12
The College of Saint Scholastica,MN,2,1755,71,8,8,19,7,12,24,12
University of St Thomas,TX,2,2969,55,38,7,22,23,12,21,12
Farmingdale State College,NY,1,9508,56,30,5,18,20,13,18,12
University of Pittsburgh-Greensburg,PA,1,1326,33,28,3,13,18,12,15,12
East Carolina University,NC,1,21328,61,33,9,24,27,12,20,12
Bates College,ME,2,1753,90,5,Unavailable,Unavailable,Unavailable,18,34,12
Pace University,NY,2,8176,58,21,7,23,28,12,22,12
Cairn University-Langhorne,PA,2,855,54,26,3,12,11,13,22,11
Western New England University,MA,2,2584,61,12,6,20,21,12,22,11
LIM College,NY,3,1142,55,23,9,23,27,12,20,11
Texas A & M University-Commerce,TX,1,8318,50,32,6,20,16,11,16,11
Georgia Southwestern State University,GA,1,2753,40,38,4,15,16,12,14,11
Indiana University-Northwest,IN,1,2787,33,45,5,20,25,11,13,11
Moravian University,PA,2,2006,68,4,6,18,10,12,26,11
Central Connecticut State University,CT,1,7917,53,51,3,12,12,11,16,11
Pennsylvania State University-Penn State New Kensington,PA,1,456,33,23,2,12,14,11,13,11
University of Redlands,CA,2,2100,62,12,5,14,5,11,25,11
Texas A & M International University,TX,1,7004,50,46,4,20,27,11,19,11
The University of Texas Rio Grande Valley,TX,1,27040,55,51,5,22,28,11,18,11
Columbus State University,GA,1,6008,41,65,4,21,28,12,14,11
University of Providence,MT,2,562,55,50,6,28,34,11,13,11
Rutgers University-Camden,NJ,1,3922,70,23,9,25,21,11,22,11
University of the Incarnate Word,TX,2,4726,50,32,7,20,20,11,19,11
Lindenwood University,MO,2,4933,54,24,10,25,28,12,19,11
Baker College,MI,2,3572,25,45,1,16,9,11,10,11
University of Hartford,CT,2,4131,61,14,2,12,8,12,22,11
Ottawa University-Ottawa,KS,2,936,35,16,3,15,19,11,15,11
Norwich University,VT,2,2642,57,17,7,16,8,11,23,11
University of Connecticut-Stamford,CT,1,2240,58,40,4,16,19,11,20,11
Indiana University-South Bend,IN,1,3918,32,69,4,20,27,11,13,11
Saint Edward's University,TX,2,2731,59,16,6,19,16,11,24,11
Methodist University,NC,2,1436,33,33,4,17,19,11,13,11
Washington College,MD,2,916,71,6,1,14,1,13,28,10
State University of New York at New Paltz,NY,1,6504,72,14,7,22,19,10,24,10
Winthrop University,SC,1,3787,56,13,7,23,28,17,21,10
Hawaii Pacific University,HI,2,3814,38,22,4,14,19,10,16,10
Pennsylvania State University-Penn State Hazleton,PA,1,510,27,23,2,14,18,10,10,10
University of La Verne,CA,2,3352,58,21,13,27,23,10,24,10
Texas Southern University,TX,1,6619,29,88,1,18,27,10,10,10
Kentucky Mountain Bible College,KY,2,87,55,1,5,18,10,10,15,10
Pennsylvania State University-Penn State Scranton,PA,1,837,32,34,2,13,17,10,14,10
Rider University,NJ,2,3244,63,11,6,19,15,10,22,10
Alcorn State University,MS,1,2432,43,11,6,23,29,11,18,10
Middle Georgia State University,GA,1,7485,25,55,2,15,17,10,10,10
Waynesburg University,PA,2,1088,61,12,4,15,10,10,22,10
Delaware Valley University,PA,2,1759,54,15,5,16,17,10,19,10
Rockford University,IL,2,968,50,22,5,19,20,10,15,10
University of California-Riverside,CA,1,22646,75,18,6,23,18,9,26,9
Cleveland State University,OH,1,9463,50,33,6,20,22,10,17,9
SUNY Brockport,NY,1,5429,63,18,7,19,16,10,20,9
Milwaukee Institute of Art & Design,WI,2,885,52,12,4,14,13,10,19,9
Toccoa Falls College,GA,2,2489,46,16,2,8,10,10,18,9
Guilford College,NC,2,1160,47,13,3,13,13,10,17,9
West Virginia State University,WV,1,3322,35,36,2,11,30,10,12,9
Shorter University,GA,2,1322,45,16,3,11,10,10,14,9
Francis Marion University,SC,1,3623,38,71,2,10,20,10,14,9
Fitchburg State University,MA,1,3133,52,40,6,18,19,9,17,9
University of Wisconsin-Parkside,WI,1,3263,38,60,4,20,28,10,13,9
St. Mary's University,TX,2,2147,55,22,3,13,11,11,21,9
Radford University,VA,1,5704,56,26,7,22,25,9,17,9
Elmhurst University,IL,2,3138,68,12,8,21,17,9,21,9
Siena Heights University,MI,2,1669,68,17,10,25,21,8,15,9
Delaware State University,DE,1,4941,45,28,6,25,37,9,15,9
Tennessee State University,TN,1,6765,35,42,3,17,25,10,13,9
Midway University,KY,2,1687,45,1,10,20,20,9,20,9
Upper Iowa University,IA,2,2504,47,22,9,23,9,9,14,8
Clarke University,IA,2,871,52,10,7,20,22,8,20,8
Dillard University,LA,2,1117,47,21,6,22,28,9,17,8
Morgan State University,MD,1,8300,48,19,3,18,22,8,14,8
Grambling State University,LA,1,4279,29,72,3,23,35,9,12,8
Pennsylvania State University-Penn State Wilkes-Barre,PA,1,348,26,13,2,15,20,8,8,8
Oral Roberts University,OK,2,4565,45,15,4,9,3,8,20,8
Kentucky State University,KY,1,1546,42,26,3,20,31,8,11,8
North Carolina A & T State University,NC,1,12216,48,56,5,20,29,8,16,8
Washington Adventist University,MD,2,605,45,56,2,12,11,8,15,8
University of Virginia's College at Wise,VA,1,1911,38,24,3,13,4,8,14,8
Bethune-Cookman University,FL,2,2414,27,79,3,28,46,8,12,7
University of Wisconsin-Superior,WI,1,2086,43,37,5,14,11,8,14,7
Missouri Valley College,MO,2,1558,29,35,1,7,12,8,12,7
Roosevelt University,IL,2,2605,49,12,6,22,22,7,14,7
University of California-Merced,CA,1,8372,66,39,2,12,11,7,22,7
Jackson State University,MS,1,4769,34,39,6,23,30,7,14,6
Ottawa University-Surprise,AZ,2,768,Unavailable,Unavailable,Unavailable,Unavailable,Unavailable,7,6,6
Alabama State University,AL,1,3322,27,91,2,22,36,6,10,6
Mississippi Valley State University,MS,1,2005,34,27,2,15,24,6,8,5
Mount Mary University,WI,2,781,54,26,6,21,24,4,18,4
Berea College,KY,2,1487,61,37,Unavailable,Unavailable,Unavailable,3,20,3
Bennett College,NC,2,195,21,36,3,16,22,2,7,2
Mount Marty University,SD,2,1096,53,20,4,14,16,25,15,0
Pontifical College Josephinum,OH,2,45,25,9,Unavailable,Unavailable,Unavailable,0,0,0