UnitID,Institution Name,OPE Title IV eligibility indicator code (HD2023),FIPS state code (HD2023),Sector of institution (HD2023),Degree-granting status (HD2023),Institutional category (HD2023),Institution (entity) name (HD2023),State abbreviation (HD2023),Degree of urbanization (Urban-centric locale) (HD2023),Institution size category (HD2023),Control of institution (HD2023),Percentage of students in fall cohort who are paying in-district tuition rates (SFA2223),Percentage of students in fall cohort who paying in-state tuition rates (SFA2223),Percentage of students in fall cohort who are paying out-of-state tuition rates (SFA2223),Percent of degree/certificate-seeking undergraduate students awarded Federal Pell Grants (SFA2223),Average net price-students awarded grant or scholarship aid  2022-23 (SFA2223),Number receiving Post-9/11 GI Bill Benefits - undergraduate students (SFAV2223),GI Bill percentage of undergraduates,8-year Graduation rate - bachelor's degree within 200% of normal time (GR200_23),6-year Graduation rate - bachelor's degree within 150% of normal time (GR200_23),4-year Graduation rate - bachelor's degree within 100% of normal time (GR200_23),Grand total (S2023_OC  Student and Academic Affairs and Other Education Services),Transfer-in degree/certificate-seeking undergraduate enrollment (DRVEF2023),Pell Grant recipients - Bachelor's degree rate within 6 years (DRVGR2023),Did not receive Pell Grants or Direct Subsidized  Loans - Overall graduation rate within 150 percent of normal time (DRVGR2023),Graduation rate  total cohort (DRVGR2023),Graduation rate - Bachelor degree within 4 years  total (DRVGR2023),Graduation rate - Bachelor degree within 5 years  total (DRVGR2023),Graduation rate - Bachelor degree within 6 years  total (DRVGR2023),Admission test scores (ADM2023),Applicants total (ADM2023),Admissions total (ADM2023),Percent of first-time degree/certificate-seeking students submitting SAT scores (ADM2023),Percent of first-time degree/certificate-seeking students submitting ACT scores (ADM2023),Students submitting scores (percent),SAT Evidence-Based Reading and Writing 50th percentile score (ADM2023),SAT Math 50th percentile score (ADM2023),SAT Composite,ACT Composite 50th percentile score (ADM2023),ACT English 50th percentile score (ADM2023),ACT Math 50th percentile score (ADM2023),In-state average tuition for full-time undergraduates (IC2023_AY),Out-of-state average tuition for full-time undergraduates (IC2023_AY),Average tuition in-district + in-state + out-of-state adjusted by percentage of students in each category,Undergraduate total derived from age,Undergraduate full time total for age,Undergraduate part time total for age,Percentage undergraduate under 25,Percentage undergraduate over 25,Grand total (Undergraduate  Age under 25 total) EF2023B,Full time total (Undergraduate  Age under 25 total) EF2023B,Part time total (Undergraduate  Age under 25 total) EF2023B,Grand total (Undergraduate  Age 25 and over total) EF2023B,Full time total (Undergraduate  Age 25 and over total) EF2023B,Part time total (Undergraduate  Age 25 and over total) EF2023B,Grand total (All students  Undergraduate total) EF2023,Full time total (All students  Undergraduate total) EF2023,percentage of full time undergraduate,percentage of part time undergraduate,Part time total (All students  Undergraduate total) EF2023,percentage of transfer-in degree seeking undergraduate students,Grand total (All students  Undergraduate  Other degree/certificate-seeking  Transfer-ins) EF2023,"All students enrolled, degree-seeking (Degree/certificate-seeking total ) EF2023A_DIST","percent of students enrolled exclusively in distance education courses, degree seeking (EF2023A_DIST  Degree/certificate-seeking total ) ",Students enrolled exclusively in distance education courses (EF2023A_DIST  Degree/certificate-seeking total ),Students enrolled in some but not all distance education courses (EF2023A_DIST  Degree/certificate-seeking total ),Student not enrolled in any distance education courses (EF2023A_DIST  Degree/certificate-seeking total ),Part-time adjusted fall 2022 cohort (EF2023D),Full-time adjusted fall 2022 cohort (EF2023D),Student-to-faculty ratio (EF2023D),Contextual Friction Score,Conscientiousness,Resilience/Grit,Adaptability,Self-Direction,Cognitive Readiness (Raw),Growth Mindset,Written Component,Navigational Component (Behavior),Communication (Raw),Cognitive Readiness (Contextual),Communication (Contextual),Quantitative Reasoning
211893,Curtis Institute of Music,1,42,2,1,2,Curtis Institute of Music,PA,11,1,2,,,,1,,1,1,100,89,37,12,3,100,100,95,29,79,93,3,446,31,,,Unavailable,,,Unavailable,,,,0,0,Unavailable,Unavailable,Unavailable,Unavailable,#VALUE!,Unavailable,106,106,0,,,,106,106,100,Unavailable,,3,3,106,0,0,36,70,,33,2,Unavailable,22,51,37,#VALUE!,Unavailable,61,Unavailable,Unavailable,Unavailable,Unavailable,Unavailable,Unavailable
155140,Haskell Indian Nations University,1,20,1,1,3,Haskell Indian Nations University,KS,13,1,1,0,100,0,62,4537,5,1,,,,,111,,77,43,,,,3,334,295,,,Unavailable,,,Unavailable,,,,0,0,0,877,804,804,84,16,737,695,42,140,109,31,878,805,92,8,73,13,111,878,4,35,306,537,0,0,20,50,Unavailable,Unavailable,Unavailable,10,Unavailable,Unavailable,Unavailable,84,Unavailable,Unavailable,Unavailable,Unavailable
439871,PCI College,1,6,3,1,3,PCI College,CA,21,1,3,,,,67,,0,0,,,,,15,,,77,,,,,,,,,Unavailable,,,Unavailable,,,,,,Unavailable,168,167,167,65,35,110,109,1,58,58,0,168,167,99,1,1,9,15,168,3,5,158,5,,0,10,Unavailable,Unavailable,Unavailable,Unavailable,15,Unavailable,Unavailable,Unavailable,65,Unavailable,Unavailable,Unavailable,Unavailable
229355,Tyler Junior College,1,48,1,1,3,Tyler Junior College,TX,12,4,1,30,64,6,47,9148,204,2,,,,16,736,,33,27,,,,,,,,,Unavailable,,,Unavailable,,,,960,1560,996,11977,5172,5172,80,20,9617,4455,5162,2360,717,1643,11977,5172,43,57,6805,8,736,9065,18,1646,4878,2541,727,2051,18,42,Unavailable,Unavailable,Unavailable,30,Unavailable,Unavailable,Unavailable,80,Unavailable,Unavailable,Unavailable,Unavailable
123563,Solano Community College,1,6,1,1,3,Solano Community College,CA,22,3,1,0,100,0,24,6317,126,1,,,,24,677,,31,34,,,,,,,,,Unavailable,,,Unavailable,,,,1104,6960,1104,8862,2782,2782,65,35,5764,2285,3479,3098,497,2601,8868,2782,31,69,6086,9,677,7688,34,2581,3212,1895,0,0,27,35,Unavailable,Unavailable,Unavailable,45,Unavailable,Unavailable,Unavailable,65,Unavailable,Unavailable,Unavailable,Unavailable
109350,Antelope Valley Community College District,1,6,1,1,3,Antelope Valley Community College District,CA,21,4,1,0,65,2,46,8294,0,0,,,,34,526,,34,31,,,,,,,,,Unavailable,,,Unavailable,,,,1104,8208,1246,12936,3909,3909,69,31,8873,3113,5760,4063,796,3267,12937,3909,30,70,9028,5,526,10905,23,2500,3820,4585,0,0,24,35,Unavailable,Unavailable,Unavailable,40,Unavailable,Unavailable,Unavailable,69,Unavailable,Unavailable,Unavailable,Unavailable
122375,San Diego Mesa College,1,6,1,1,3,San Diego Mesa College,CA,11,4,1,0,98,2,18,3175,0,0,,,,6,2708,,36,34,,,,,,,,,Unavailable,,,Unavailable,,,,1104,9048,1263,19243,4104,4104,68,32,13066,3391,9675,6177,713,5464,19243,4104,21,79,15139,17,2708,15899,39,6267,5006,4626,0,0,24,32,Unavailable,Unavailable,Unavailable,48,Unavailable,Unavailable,Unavailable,68,Unavailable,Unavailable,Unavailable,Unavailable
113236,Cypress College,1,6,1,1,3,Cypress College,CA,13,4,1,0,98,2,35,7730,0,0,,,,38,1451,,33,35,,,,,,,,,Unavailable,,,Unavailable,,,,1104,9312,1268,13991,5206,5206,71,29,9866,4317,5549,4125,889,3236,13992,5206,37,63,8786,12,1451,12309,24,2980,5223,4106,0,0,23,39,Unavailable,Unavailable,Unavailable,38,Unavailable,Unavailable,Unavailable,71,Unavailable,Unavailable,Unavailable,Unavailable
105297,Dine College,1,4,1,1,3,Dine College,AZ,43,2,1,0,100,0,44,10354,0,0,,,,67,97,,0,5,,,,,,,,,Unavailable,,,Unavailable,,,,1320,1320,1320,1828,825,825,48,52,882,438,444,946,387,559,1828,825,45,55,1003,6,97,1507,72,1089,393,25,3,15,20,43,Unavailable,Unavailable,Unavailable,59,Unavailable,Unavailable,Unavailable,48,Unavailable,Unavailable,Unavailable,Unavailable
168430,Worcester State University,1,25,1,1,2,Worcester State University,MA,12,3,1,0,94,6,32,14307,40,1,63,61,47,8,310,50,59,56,40,53,56,5,4745,4264,9,0,9,570,575,1145,,,,970,7050,1335,4688,3359,3359,88,12,4104,3147,957,584,212,372,4734,3359,71,29,1375,8,310,3963,5,199,1594,2170,11,788,15,36,28,41,29,15,Unavailable,41,Unavailable,88,Unavailable,Unavailable,Unavailable,Unavailable
118976,Modesto Junior College,1,6,1,1,3,Modesto Junior College,CA,12,4,1,0,98,2,28,13093,0,0,,,,9,789,0,27,26,0,0,0,,,,,,Unavailable,,,Unavailable,,,,1188,8788,1340,17151,5784,5784,71,29,12107,4743,7364,5044,1041,4003,17152,5784,34,66,11368,5,789,14714,33,4890,6833,2991,0,0,28,36,Unavailable,14,Unavailable,42,Unavailable,Unavailable,Unavailable,71,Unavailable,Unavailable,Unavailable,Unavailable
121619,Santa Ana College,1,6,1,1,3,Santa Ana College,CA,11,5,1,0,97,3,18,6914,0,0,,,,38,2639,,29,32,,,,,,,,,Unavailable,,,Unavailable,,,,1104,9384,1352,26071,4276,4276,49,51,12677,3377,9300,13394,899,12495,26073,4276,16,84,21797,12,2639,22011,26,5761,4891,11359,0,2,32,31,Unavailable,Unavailable,Unavailable,53,Unavailable,Unavailable,Unavailable,49,Unavailable,Unavailable,Unavailable,Unavailable
109819,Bakersfield College,1,6,1,1,3,Bakersfield College,CA,11,5,1,0,100,0,40,5892,0,0,,,,44,977,0,25,23,0,0,0,,,,,,Unavailable,,,Unavailable,,,,1380,10260,1380,30401,7565,7565,72,28,21950,6169,15781,8451,1396,7055,30410,7565,25,75,22845,6,977,16451,31,5027,4788,6636,0,2,32,41,Unavailable,20,Unavailable,43,Unavailable,Unavailable,Unavailable,72,Unavailable,Unavailable,Unavailable,Unavailable
121886,Rio Hondo College,1,6,1,1,3,Rio Hondo College,CA,41,4,1,0,99,1,26,13920,0,0,,,,35,1436,,25,27,,,,,,,,,Unavailable,,,Unavailable,,,,1306,9802,1391,17192,4596,4596,53,47,9170,3255,5915,8022,1341,6681,17193,4596,27,73,12597,9,1436,15365,27,4197,3559,7609,0,0,31,35,Unavailable,Unavailable,Unavailable,49,Unavailable,Unavailable,Unavailable,53,Unavailable,Unavailable,Unavailable,Unavailable
165866,Framingham State University,1,25,1,1,2,Framingham State University,MA,13,2,1,0,93,7,38,16640,66,2,51,50,37,39,239,47,47,50,37,48,50,5,4342,3685,7,1,8,600,550,1150,,,,970,7050,1396,2817,2324,2324,87,13,2455,2129,326,362,195,167,2817,2324,82,18,493,9,239,2556,6,144,991,1421,2,488,11,38,22,43,26,12,Unavailable,34,Unavailable,87,Unavailable,Unavailable,Unavailable,Unavailable
165024,Bridgewater State University,1,25,1,1,2,Bridgewater State University,MA,21,3,1,0,92,8,31,16230,114,1,64,62,39,,702,49,58,55,34,51,55,5,8631,7698,11,1,12,580,550,1130,21,,,910,7050,1401,8172,6586,6586,87,13,7087,6103,984,1085,483,602,8172,6586,81,19,1586,9,702,7899,7,565,4181,3153,74,1496,17,35,23,40,30,13,8,42,Unavailable,87,Unavailable,Unavailable,Unavailable,Unavailable
225308,Trinity Valley Community College,1,48,1,1,3,Trinity Valley Community College,TX,32,3,1,52,40,8,32,4327,40,1,,,,17,553,,17,24,,,,,,,,,Unavailable,,,Unavailable,,,,1170,4500,1436,5300,1521,1521,81,19,4269,1303,2966,1031,218,813,5300,1521,29,71,3779,12,553,4793,27,1311,1340,2142,0,0,16,36,Unavailable,Unavailable,Unavailable,37,Unavailable,Unavailable,Unavailable,81,Unavailable,Unavailable,Unavailable,Unavailable
168263,Westfield State University,1,25,1,1,2,Westfield State University,MA,21,2,1,0,92,8,36,17723,85,2,62,61,46,60,306,47,60,55,44,53,55,5,6273,5065,0,0,0,,,Unavailable,,,,970,7050,1456,3773,3089,3089,88,12,3311,2916,395,462,173,289,3788,3089,82,18,699,9,306,3481,11,379,1568,1534,4,799,15,37,28,42,30,14,Unavailable,41,Unavailable,88,Unavailable,Unavailable,Unavailable,Unavailable
167729,Salem State University,1,25,1,1,2,Salem State University,MA,21,3,1,0,91,9,39,19324,94,2,58,57,42,164,349,52,59,55,41,52,55,5,4852,4637,6,,Unavailable,560,530,1090,,,,910,7050,1463,4851,3754,3754,87,13,4217,3447,770,634,307,327,4853,3754,77,23,1099,8,349,4286,6,276,2277,1733,5,858,11,38,25,46,28,14,Unavailable,38,Unavailable,87,Unavailable,Unavailable,Unavailable,Unavailable
118912,MiraCosta College,1,6,1,1,3,MiraCosta College,CA,21,4,1,0,95,5,29,7972,349,3,,,,64,1093,100,45,41,96,96,96,,,,,,Unavailable,,,Unavailable,,,,1104,9072,1502,11707,4355,4355,64,36,7510,3376,4134,4197,979,3218,11707,4355,37,63,7352,10,1093,10474,46,4848,4399,1227,0,22,22,35,Unavailable,65,Unavailable,47,Unavailable,Unavailable,Unavailable,64,Unavailable,Unavailable,Unavailable,Unavailable
199281,University of North Carolina at Pembroke,1,37,1,1,2,University of North Carolina at Pembroke,NC,32,3,1,0,84,16,48,9687,325,6,45,43,24,40,784,38,55,45,28,41,45,5,7635,7052,0,0,0,,,Unavailable,,,,1000,5000,1640,5485,3992,3992,67,33,3661,3176,485,1824,816,1008,5485,3992,73,27,1493,15,784,5386,35,1899,1758,1729,37,676,14,40,14,43,26,32,Unavailable,33,Unavailable,67,Unavailable,Unavailable,Unavailable,Unavailable
198543,Fayetteville State University,1,37,1,1,2,Fayetteville State University,NC,12,3,1,0,83,17,58,7298,461,8,39,37,23,70,924,35,35,35,21,30,35,5,5043,4029,3,10,13,490,460,950,18,16,16,1000,5000,1680,5845,4202,4202,62,38,3606,2978,628,2239,1224,1015,5845,4202,72,28,1643,17,924,5493,43,2352,2601,540,24,762,19,44,14,47,25,37,7,30,Unavailable,62,4,Unavailable,Unavailable,Unavailable
227146,Navarro College,1,48,1,1,3,Navarro College,TX,32,3,1,19,76,5,50,12099,99,2,,,,114,269,,29,24,,,,,,,,,Unavailable,,,Unavailable,,,,1620,3480,1713,6549,2241,2241,84,16,5531,1935,3596,1018,306,712,6549,2241,34,66,4308,7,269,3959,30,1179,1549,1231,0,0,20,44,Unavailable,Unavailable,Unavailable,35,Unavailable,Unavailable,Unavailable,84,Unavailable,Unavailable,Unavailable,Unavailable
187596,Navajo Technical University,1,35,1,1,3,Navajo Technical University,NM,43,2,1,0,100,0,73,4233,2,0,24,24,18,27,180,7,4,20,0,11,11,,,,,,Unavailable,,,Unavailable,,,,1800,1800,1800,1521,681,681,59,41,891,365,526,630,316,314,1523,683,45,55,840,16,180,1134,13,151,804,179,5,22,9,54,11,40,19,37,Unavailable,21,Unavailable,59,Unavailable,Unavailable,Unavailable,Unavailable
125471,West Los Angeles College,1,6,1,1,3,West Los Angeles College,CA,21,3,1,0,91,9,24,9426,0,0,,,,13,1823,,21,21,,,,,,,,,Unavailable,,,Unavailable,,,,1196,10088,1996,9298,1488,1488,50,50,4690,825,3865,4608,663,3945,9299,1488,16,84,7811,25,1823,7277,71,5168,1243,866,0,0,25,32,Unavailable,Unavailable,Unavailable,66,Unavailable,Unavailable,Unavailable,50,Unavailable,Unavailable,Unavailable,Unavailable
219277,Oglala Lakota College,1,46,1,1,3,Oglala Lakota College,SD,43,2,1,0,100,0,48,3563,10,1,8,7,0,25,42,2,20,11,0,2,4,,,,,,Unavailable,,,Unavailable,,,,2016,2016,2016,1180,512,512,35,65,413,217,196,767,295,472,1180,512,43,57,668,4,42,1156,31,363,532,261,14,28,11,44,0,25,5,52,Unavailable,6,Unavailable,35,Unavailable,Unavailable,Unavailable,Unavailable
200527,Turtle Mountain Community College,1,38,2,1,3,Turtle Mountain Community College,ND,43,1,2,,,,68,,2,0,27,27,9,17,12,25,83,54,17,25,33,,,,,,Unavailable,,,Unavailable,,,,2040,2040,Unavailable,688,491,491,59,41,407,319,88,281,172,109,688,491,71,29,197,2,12,613,9,56,291,266,0,3,12,Unavailable,5,47,12,28,Unavailable,17,Unavailable,59,Unavailable,Unavailable,Unavailable,Unavailable
137281,Saint Johns River State College,1,12,1,1,3,Saint Johns River State College,FL,32,3,1,0,99,1,33,7262,115,2,,,,38,188,,48,46,,,,,,,,,Unavailable,,,Unavailable,,,,2067,8408,2130,7066,1859,1859,84,16,5923,1616,4307,1143,243,900,7066,1859,26,74,5207,5,188,3909,35,1387,1228,1294,0,0,20,38,Unavailable,Unavailable,Unavailable,39,Unavailable,Unavailable,Unavailable,84,Unavailable,Unavailable,Unavailable,Unavailable
136473,Pensacola State College,1,12,1,1,3,Pensacola State College,FL,13,3,1,0,95,5,45,3436,565,7,,,,83,337,,49,42,,,,,,,,,Unavailable,,,Unavailable,,,,1871,7483,2152,8517,3397,3397,65,35,5577,2402,3175,2940,995,1945,8518,3397,40,60,5121,5,337,6725,30,1997,2055,2673,0,0,23,42,Unavailable,Unavailable,Unavailable,41,Unavailable,Unavailable,Unavailable,65,Unavailable,Unavailable,Unavailable,Unavailable
137096,Santa Fe College,1,12,1,1,3,Santa Fe College,FL,22,4,1,0,91,6,32,11790,217,2,,,,143,1043,,58,52,,,,,,,,,Unavailable,,,Unavailable,,,,1872,7418,2205,12697,3023,3023,78,22,9915,2668,7247,2782,355,2427,12698,3023,24,76,9675,9,1043,11133,21,2336,3722,5075,0,0,17,36,Unavailable,Unavailable,Unavailable,38,Unavailable,Unavailable,Unavailable,78,Unavailable,Unavailable,Unavailable,Unavailable
132851,College of Central Florida,1,12,1,1,3,College of Central Florida,FL,13,3,1,0,96,4,49,11173,308,5,,,,63,322,,50,44,,,,,,,,,Unavailable,,,Unavailable,,,,1987,7947,2225,5747,2454,2454,74,26,4254,1968,2286,1493,486,1007,5747,2454,43,57,3293,7,322,4717,25,1172,1768,1777,0,0,16,44,Unavailable,Unavailable,Unavailable,35,Unavailable,Unavailable,Unavailable,74,Unavailable,Unavailable,Unavailable,Unavailable
224350,Del Mar College,1,48,1,1,3,Del Mar College,TX,11,3,1,70,26,4,36,4322,473,5,,,,303,239,,11,13,,,,,,,,,Unavailable,,,Unavailable,,,,2190,3300,2234,9720,1573,1573,72,28,7039,1225,5814,2681,348,2333,9720,1573,16,84,8147,3,239,9038,25,2282,4734,2022,0,0,12,38,Unavailable,Unavailable,Unavailable,44,Unavailable,Unavailable,Unavailable,72,Unavailable,Unavailable,Unavailable,Unavailable
134343,Gulf Coast State College,1,12,1,1,3,Gulf Coast State College,FL,13,2,1,0,90,10,37,6525,145,3,,,,1,103,,50,45,,,,,,,,,Unavailable,,,Unavailable,,,,1750,7065,2282,4959,1941,1941,69,31,3424,1503,1921,1535,438,1097,4959,1941,39,61,3018,3,103,3614,26,934,1296,1384,0,0,20,37,Unavailable,Unavailable,Unavailable,38,Unavailable,Unavailable,Unavailable,69,Unavailable,Unavailable,Unavailable,Unavailable
135717,Miami Dade College,1,12,1,1,3,Miami Dade College,FL,11,5,1,0,95,5,52,5367,482,1,,,,891,896,,49,45,,,,,,,,,Unavailable,,,Unavailable,,,,1987,7947,2285,39139,18359,18359,75,25,29275,15273,14002,9864,3086,6778,39139,18359,47,53,20780,3,896,35001,33,11610,12276,11115,0,0,17,45,Unavailable,Unavailable,Unavailable,36,Unavailable,Unavailable,Unavailable,75,Unavailable,Unavailable,Unavailable,Unavailable
132709,Broward College,1,12,1,1,3,Broward College,FL,12,5,1,0,75,6,49,18934,471,2,,,,460,977,,39,36,,,,,,,,,Unavailable,,,Unavailable,,,,1968,7402,2294,29140,9462,9462,71,29,20780,7608,13172,8360,1854,6506,29140,9462,32,68,19678,4,977,23799,25,6045,6447,11307,0,0,30,38,Unavailable,Unavailable,Unavailable,39,Unavailable,Unavailable,Unavailable,71,Unavailable,Unavailable,Unavailable,Unavailable
136400,Pasco-Hernando State College,1,12,1,1,3,Pasco-Hernando State College,FL,21,3,1,0,99,0,41,5419,329,3,,,,22,25,,48,43,,,,,,,,,Unavailable,,,Unavailable,,,,2297,9272,2297,9449,3698,3698,80,20,7586,3160,4426,1863,538,1325,9449,3698,39,61,5751,0,25,6933,31,2135,2599,2199,0,0,22,41,Unavailable,Unavailable,Unavailable,35,Unavailable,Unavailable,Unavailable,80,Unavailable,Unavailable,Unavailable,Unavailable
123299,Shasta College,1,6,1,1,3,Shasta College,CA,22,3,1,0,83,17,48,7751,0,0,,,,12,484,,34,29,,,,,,,,,Unavailable,,,Unavailable,,,,1104,8184,2308,8081,2966,2966,65,35,5276,1953,3323,2805,1013,1792,8081,2966,37,63,5115,9,484,5536,45,2509,2071,956,0,0,26,40,Unavailable,Unavailable,Unavailable,46,Unavailable,Unavailable,Unavailable,65,Unavailable,Unavailable,Unavailable,Unavailable
134495,Hillsborough Community College,1,12,1,1,3,Hillsborough Community College,FL,11,5,1,0,93,7,42,4387,871,4,,,,112,1862,,42,33,,,,,,,,,Unavailable,,,Unavailable,,,,1925,7721,2331,20004,9651,9651,71,29,14203,7568,6635,5801,2083,3718,20004,9651,48,52,10353,9,1862,19998,41,8299,6329,5370,0,0,23,40,Unavailable,Unavailable,Unavailable,40,Unavailable,Unavailable,Unavailable,71,Unavailable,Unavailable,Unavailable,Unavailable
224961,Galveston College,1,48,1,1,3,Galveston College,TX,13,2,1,54,41,5,53,8085,43,2,,,,28,177,,30,32,,,,,,,,,Unavailable,,,Unavailable,,,,2220,4680,2343,2119,703,703,71,29,1496,574,922,623,129,494,2119,703,33,67,1416,12,177,1524,31,465,655,404,0,0,14,45,Unavailable,Unavailable,Unavailable,41,Unavailable,Unavailable,Unavailable,71,Unavailable,Unavailable,Unavailable,Unavailable
137078,St Petersburg College,1,12,1,1,3,St Petersburg College,FL,11,5,1,0,93,7,41,300,682,3,,,,106,1170,,44,37,,,,,,,,,Unavailable,,,Unavailable,,,,1943,7774,2351,23349,7422,7422,59,41,13825,5382,8443,9524,2040,7484,23350,7422,32,68,15928,6,1170,18759,48,8999,5283,4477,0,0,25,40,Unavailable,Unavailable,Unavailable,51,Unavailable,Unavailable,Unavailable,59,Unavailable,Unavailable,Unavailable,Unavailable
135391,State College of Florida-Manatee-Sarasota,1,12,1,1,3,State College of Florida-Manatee-Sarasota,FL,21,3,1,0,94,6,42,22151,171,2,,,,57,382,,41,35,,,,,,,,,Unavailable,,,Unavailable,,,,2365,2365,2365,8411,3787,3787,73,27,6160,3216,2944,2251,571,1680,8411,3787,45,55,4624,5,382,7161,40,2859,2221,2081,0,0,23,40,Unavailable,Unavailable,Unavailable,39,Unavailable,Unavailable,Unavailable,73,Unavailable,Unavailable,Unavailable,Unavailable
198507,Elizabeth City State University,1,37,1,1,2,Elizabeth City State University,NC,32,2,1,0,65,35,56,7363,78,4,41,40,20,34,207,49,47,48,30,46,48,5,5360,3778,1,1,2,,,Unavailable,,,,1000,5000,2400,2048,1678,1678,78,22,1606,1422,184,442,256,186,2048,1678,82,18,370,11,207,1863,19,354,1061,448,1,349,17,39,12,53,23,20,Unavailable,29,Unavailable,78,Unavailable,Unavailable,Unavailable,Unavailable
222992,Austin Community College District,1,48,1,1,3,Austin Community College District,TX,11,5,1,71,24,5,31,3502,1351,4,,,,659,3603,,20,18,,,,,,,,,Unavailable,,,Unavailable,,,,2010,10050,2412,35600,8698,8698,69,31,24512,6536,17976,11088,2162,8926,35600,8698,24,76,26902,14,3603,25969,39,10043,8067,7859,0,0,18,36,Unavailable,Unavailable,Unavailable,47,Unavailable,Unavailable,Unavailable,69,Unavailable,Unavailable,Unavailable,Unavailable
137759,Tallahassee Community College,1,12,1,1,3,Tallahassee Community College,FL,12,4,1,0,93,7,42,7841,125,1,,,,69,1086,,43,37,,,,,,,,,Unavailable,,,Unavailable,,,,2002,7982,2421,11699,6920,6920,83,17,9709,6222,3487,1990,698,1292,11699,6920,59,41,4779,10,1086,10357,33,3385,4511,2461,0,0,24,40,Unavailable,Unavailable,Unavailable,29,Unavailable,Unavailable,Unavailable,83,Unavailable,Unavailable,Unavailable,Unavailable
226134,Laredo College,1,48,1,1,3,Laredo College,TX,11,4,1,88,7,3,42,5053,45,0,,,,82,173,,32,31,,,,,,,,,Unavailable,,,Unavailable,,,,2400,3648,2437,10191,3582,3582,88,12,8968,3177,5791,1223,405,818,10191,3582,35,65,6609,3,173,5086,39,1983,1981,1122,0,0,30,41,Unavailable,Unavailable,Unavailable,36,Unavailable,Unavailable,Unavailable,88,Unavailable,Unavailable,Unavailable,Unavailable
133702,Florida State College at Jacksonville,1,12,1,1,3,Florida State College at Jacksonville,FL,11,5,1,0,94,6,40,2789,2061,10,,,,133,1816,,35,32,,,,,,,,,Unavailable,,,Unavailable,,,,2095,7947,2446,20530,6245,6245,56,44,11599,4056,7543,8931,2189,6742,20530,6245,30,70,14285,10,1816,17739,44,7744,5987,4008,0,0,24,40,Unavailable,Unavailable,Unavailable,51,Unavailable,Unavailable,Unavailable,56,Unavailable,Unavailable,Unavailable,Unavailable
136145,North Florida College,1,12,1,1,3,North Florida College,FL,42,2,1,0,97,3,56,2592,10,1,,,,4,72,,74,63,,,,,,,,,Unavailable,,,Unavailable,,,,2280,9180,2487,1281,409,409,71,29,907,332,575,374,77,297,1281,409,32,68,872,9,72,817,44,358,265,194,0,0,20,47,Unavailable,Unavailable,Unavailable,45,Unavailable,Unavailable,Unavailable,71,Unavailable,Unavailable,Unavailable,Unavailable
135160,Florida Gateway College,1,12,1,1,3,Florida Gateway College,FL,32,2,1,0,87,2,49,4428,61,2,,,,2,167,,65,57,,,,,,,,,Unavailable,,,Unavailable,,,,2369,9473,2511,2837,993,993,67,33,1889,752,1137,948,241,707,2837,993,35,65,1844,7,167,2231,41,920,545,766,0,0,14,41,Unavailable,Unavailable,Unavailable,45,Unavailable,Unavailable,Unavailable,67,Unavailable,Unavailable,Unavailable,Unavailable
366340,Stone Child College,1,30,1,1,3,Stone Child College,MT,43,1,1,0,100,0,50,6359,2,1,,,,9,3,,87,33,,,,,,,,,Unavailable,,,Unavailable,,,,2520,2520,2520,252,137,137,38,62,95,60,35,157,77,80,261,145,56,44,116,2,3,187,1,1,1,185,0,0,11,45,Unavailable,Unavailable,Unavailable,38,Unavailable,Unavailable,Unavailable,38,Unavailable,Unavailable,Unavailable,Unavailable
226408,College of the Mainland,1,48,1,1,3,College of the Mainland,TX,13,2,1,85,14,1,39,3442,56,1,,,,82,343,,27,28,,,,,,,,,Unavailable,,,Unavailable,,,,2550,3450,2559,4961,1367,1367,78,22,3859,1172,2687,1102,195,907,4961,1367,28,72,3594,10,343,3342,16,536,1185,1621,0,0,18,40,Unavailable,Unavailable,Unavailable,35,Unavailable,Unavailable,Unavailable,78,Unavailable,Unavailable,Unavailable,Unavailable
139700,Georgia Highlands College,1,13,1,1,3,Georgia Highlands College,GA,23,2,1,0,95,5,42,6779,144,3,,,,40,424,,21,21,0,0,0,,,,,,Unavailable,,,Unavailable,,,,2280,8632,2598,4955,1971,1971,72,28,3562,1507,2055,1393,464,929,4955,1971,40,60,2984,10,424,4441,46,2037,1354,1050,26,52,20,41,Unavailable,Unavailable,Unavailable,43,Unavailable,Unavailable,Unavailable,72,Unavailable,Unavailable,Unavailable,Unavailable
132693,Eastern Florida State College,1,12,1,1,3,Eastern Florida State College,FL,13,4,1,0,91,9,38,5698,258,2,,,,108,468,,56,51,,,,,,,,,Unavailable,,,Unavailable,,,,2048,8399,2620,13601,4367,4367,71,29,9665,3409,6256,3936,958,2978,13601,4367,32,68,9234,5,468,10162,36,3656,3081,3425,0,0,20,38,Unavailable,Unavailable,Unavailable,43,Unavailable,Unavailable,Unavailable,71,Unavailable,Unavailable,Unavailable,Unavailable
223506,Brazosport College,1,48,1,1,3,Brazosport College,TX,23,2,1,49,50,1,24,5659,91,2,,,,93,183,,38,39,,,,,,,,,Unavailable,,,Unavailable,,,,2613,4038,2627,4100,558,558,73,27,2979,470,2509,1121,88,1033,4100,558,14,86,3542,6,183,2827,31,885,847,1095,6,1,19,34,Unavailable,Unavailable,Unavailable,46,Unavailable,Unavailable,Unavailable,73,Unavailable,Unavailable,Unavailable,Unavailable
136233,Northwest Florida State College,1,12,1,1,3,Northwest Florida State College,FL,22,3,1,0,89,2,34,6339,372,7,,,,57,253,,46,43,,,,,,,,,Unavailable,,,Unavailable,,,,2496,9552,2637,5159,2172,2172,73,27,3742,1714,2028,1417,458,959,5160,2173,42,58,2987,8,253,3193,39,1249,1144,800,0,0,22,36,Unavailable,Unavailable,Unavailable,40,Unavailable,Unavailable,Unavailable,73,Unavailable,Unavailable,Unavailable,Unavailable
138187,Valencia College,1,12,1,1,3,Valencia College,FL,11,5,1,0,89,11,47,9657,772,2,,,,544,2497,,49,44,,,,,,,,,Unavailable,,,Unavailable,,,,1984,7933,2638,42490,17178,17178,77,23,32507,14857,17650,9983,2321,7662,42524,17193,40,60,25331,7,2497,35125,42,14813,11706,8606,0,0,23,41,Unavailable,Unavailable,Unavailable,40,Unavailable,Unavailable,Unavailable,77,Unavailable,Unavailable,Unavailable,Unavailable
380359,Bay Mills Community College,1,26,1,1,3,Bay Mills Community College,MI,42,1,1,0,100,0,46,5698,3,1,,,,5,31,,20,30,,,,,,,,,Unavailable,,,Unavailable,,,,2660,2660,2660,577,222,222,31,69,176,64,112,401,158,243,577,222,38,62,355,6,31,531,75,398,46,87,0,0,9,43,Unavailable,Unavailable,Unavailable,69,Unavailable,Unavailable,Unavailable,31,Unavailable,Unavailable,Unavailable,Unavailable
139621,East Georgia State College,1,13,1,1,3,East Georgia State College,GA,33,2,1,0,94,6,61,9314,11,1,,,,13,119,5,18,14,4,4,4,,,,,,Unavailable,,,Unavailable,,,,2280,8632,2661,1756,1015,1015,92,8,1618,955,663,138,60,78,1756,1015,58,42,741,9,119,1368,28,380,478,510,0,0,22,48,Unavailable,33,Unavailable,24,Unavailable,Unavailable,Unavailable,92,Unavailable,Unavailable,Unavailable,Unavailable
139463,Dalton State College,1,13,1,1,2,Dalton State College,GA,13,2,1,0,98,2,53,5083,38,1,34,30,10,27,308,31,32,30,14,26,31,,,,,,Unavailable,,,Unavailable,,,,2563,9469,2701,4902,2745,2745,83,17,4065,2432,1633,837,313,524,4902,2745,56,44,2157,7,308,4419,12,545,1410,2464,64,405,20,46,6,42,16,24,Unavailable,23,Unavailable,83,Unavailable,Unavailable,Unavailable,Unavailable
139968,Gordon State College,1,13,1,1,3,Gordon State College,GA,32,2,1,0,98,2,56,8255,25,1,16,12,3,13,224,9,26,17,7,15,16,5,2126,1845,1,8,9,,,Unavailable,17,16,16,2563,9469,2701,3129,1811,1811,80,20,2492,1519,973,637,292,345,3129,1811,58,42,1318,9,224,2605,28,733,1216,656,33,176,21,47,2,33,10,29,#VALUE!,13,Unavailable,80,Unavailable,Unavailable,Unavailable,Unavailable
133021,Chipola College,1,12,1,1,3,Chipola College,FL,32,2,1,0,94,6,39,2887,30,2,,,,10,83,,67,61,,,,,,,,,Unavailable,,,Unavailable,,,,2365,8195,2715,1819,714,714,86,14,1561,636,925,258,78,180,1820,714,39,61,1106,7,83,1218,19,230,531,457,0,0,18,39,Unavailable,Unavailable,Unavailable,30,Unavailable,Unavailable,Unavailable,86,Unavailable,Unavailable,Unavailable,Unavailable
364016,Paradise Valley Community College,1,4,1,1,3,Paradise Valley Community College,AZ,11,3,1,93,0,6,25,14322,149,3,,,,15,574,,23,20,,,,,,,,,Unavailable,,,Unavailable,,,,2328,8929,2724,5878,1550,1550,65,35,3810,1327,2483,2068,223,1845,5880,1552,26,74,4328,14,574,4076,26,1064,1450,1562,221,457,13,33,Unavailable,Unavailable,Unavailable,44,Unavailable,Unavailable,Unavailable,65,Unavailable,Unavailable,Unavailable,Unavailable
104708,Glendale Community College,1,4,1,1,3,Glendale Community College,AZ,21,4,1,94,0,6,34,13166,334,2,,,,30,1034,,17,14,,,,,,,,,Unavailable,,,Unavailable,,,,2328,8929,2724,13476,3737,3737,72,28,9662,3185,6477,3814,552,3262,13480,3738,28,72,9742,10,1034,10180,24,2421,3744,4015,722,0,17,37,Unavailable,Unavailable,Unavailable,40,Unavailable,Unavailable,Unavailable,72,Unavailable,Unavailable,Unavailable,Unavailable
482699,South Georgia State College,1,13,1,1,3,South Georgia State College,GA,33,2,1,0,93,7,60,9222,14,1,,,,15,104,,31,20,,,,,,,,,Unavailable,,,Unavailable,,,,2280,8632,2725,1853,1089,1089,83,17,1541,936,605,312,153,159,1853,1089,59,41,764,7,104,1553,33,517,781,255,2,30,19,47,Unavailable,Unavailable,Unavailable,29,Unavailable,Unavailable,Unavailable,83,Unavailable,Unavailable,Unavailable,Unavailable
134608,Indian River State College,1,12,1,1,3,Indian River State College,FL,21,4,1,0,96,4,42,5927,154,1,,,,83,451,,47,42,,,,,,,,,Unavailable,,,Unavailable,,,,2496,9360,2771,15104,5915,5915,76,24,11543,5158,6385,3561,757,2804,15104,5915,39,61,9189,4,451,11571,30,3461,3649,4461,0,0,27,41,Unavailable,Unavailable,Unavailable,37,Unavailable,Unavailable,Unavailable,76,Unavailable,Unavailable,Unavailable,Unavailable
105145,GateWay Community College,1,4,1,1,3,GateWay Community College,AZ,11,3,1,91,2,7,38,13317,105,2,,,,50,813,,17,20,,,,,,,,,Unavailable,,,Unavailable,,,,2328,8929,2790,5119,1056,1056,61,39,3126,616,2510,1993,440,1553,5123,1057,21,79,4066,23,813,3473,35,1216,888,1369,0,224,13,38,Unavailable,Unavailable,Unavailable,50,Unavailable,Unavailable,Unavailable,61,Unavailable,Unavailable,Unavailable,Unavailable
225070,Grayson College,1,48,1,1,3,Grayson College,TX,41,2,1,73,27,1,45,6394,76,2,,,,171,383,,19,20,,,,,,,,,Unavailable,,,Unavailable,,,,2820,4440,2836,4176,1522,1522,76,24,3176,1177,1999,1000,345,655,4176,1522,36,64,2654,13,383,2890,31,883,2007,0,0,3,20,43,Unavailable,Unavailable,Unavailable,38,Unavailable,Unavailable,Unavailable,76,Unavailable,Unavailable,Unavailable,Unavailable
137209,Seminole State College of Florida,1,12,1,1,3,Seminole State College of Florida,FL,13,4,1,0,95,5,32,2889,353,3,,,,251,994,,44,42,,,,,,,,,Unavailable,,,Unavailable,,,,2498,9494,2848,14102,4870,4870,68,32,9581,3925,5656,4521,945,3576,14104,4870,35,65,9234,8,994,11790,41,4798,3852,3140,0,0,26,37,Unavailable,Unavailable,Unavailable,45,Unavailable,Unavailable,Unavailable,68,Unavailable,Unavailable,Unavailable,Unavailable
180054,Blackfeet Community College,1,30,2,1,3,Blackfeet Community College,MT,43,1,2,,,,80,,0,0,,,,11,9,,100,8,,,,,,,,,Unavailable,,,Unavailable,,,,2880,2880,Unavailable,280,187,187,59,41,165,113,52,115,74,41,282,188,67,33,94,4,9,240,0,1,36,203,,0,13,Unavailable,Unavailable,Unavailable,Unavailable,27,Unavailable,Unavailable,Unavailable,59,Unavailable,Unavailable,Unavailable,Unavailable
123509,Skyline College,1,6,1,1,3,Skyline College,CA,21,3,1,0,84,16,13,4652,0,0,,,,12,1108,,40,41,,,,,,,,,Unavailable,,,Unavailable,,,,1288,11340,2896,9428,2054,2054,71,29,6667,1700,4967,2761,354,2407,9428,2054,22,78,7374,16,1108,7132,40,2857,1951,2324,0,0,28,26,Unavailable,Unavailable,Unavailable,47,Unavailable,Unavailable,Unavailable,71,Unavailable,Unavailable,Unavailable,Unavailable
133508,Florida SouthWestern State College,1,12,1,1,3,Florida SouthWestern State College,FL,21,4,1,0,92,8,45,9030,186,1,,,,284,475,,41,39,,,,,,,,,Unavailable,,,Unavailable,,,,2436,9750,3021,13860,5394,5394,79,21,10917,4846,6071,2943,548,2395,13860,5394,39,61,8466,4,475,10613,30,3199,3419,3995,0,0,28,41,Unavailable,Unavailable,Unavailable,36,Unavailable,Unavailable,Unavailable,79,Unavailable,Unavailable,Unavailable,Unavailable
225423,Houston Community College,1,48,1,1,3,Houston Community College,TX,11,5,1,49,32,19,46,6033,696,1,,,,794,3762,,18,17,,,,,,,,,Unavailable,,,Unavailable,,,,2904,3624,3041,49740,15248,15248,67,33,33243,11040,22203,16497,4208,12289,49749,15257,31,69,34492,10,3762,37970,39,14854,12978,10138,0,0,20,39,Unavailable,Unavailable,Unavailable,46,Unavailable,Unavailable,Unavailable,67,Unavailable,Unavailable,Unavailable,Unavailable
136516,Polk State College,1,12,1,1,3,Polk State College,FL,13,3,1,0,92,8,43,9832,130,2,,,,238,343,,43,34,,,,,,,,,Unavailable,,,Unavailable,,,,2483,9933,3079,7963,2683,2683,72,28,5744,2162,3582,2219,521,1698,7963,2683,34,66,5280,6,343,5954,46,2739,1874,1341,0,0,20,40,Unavailable,Unavailable,Unavailable,45,Unavailable,Unavailable,Unavailable,72,Unavailable,Unavailable,Unavailable,Unavailable
180203,Aaniiih Nakoda College,1,30,1,1,3,Aaniiih Nakoda College,MT,43,1,1,0,96,0,74,10527,0,0,,,,9,1,,0,32,,,,,,,,,Unavailable,,,Unavailable,,,,3080,3080,3080,133,93,93,61,39,81,56,25,52,37,15,133,93,70,30,40,1,1,108,Unavailable,,,108,,0,10,54,Unavailable,Unavailable,Unavailable,#VALUE!,Unavailable,Unavailable,Unavailable,61,Unavailable,Unavailable,Unavailable,Unavailable
182500,Truckee Meadows Community College,1,32,1,1,3,Truckee Meadows Community College,NV,11,4,1,0,96,4,22,10768,322,3,,,,137,506,,29,28,,,,,,,,,Unavailable,,,Unavailable,,,,2772,10871,3096,10006,2746,2746,70,30,7009,2171,4838,2997,575,2422,10006,2746,27,73,7260,7,506,6752,27,1845,2383,2524,0,0,19,33,Unavailable,Unavailable,Unavailable,42,Unavailable,Unavailable,Unavailable,70,Unavailable,Unavailable,Unavailable,Unavailable
139250,College of Coastal Georgia,1,13,1,1,2,College of Coastal Georgia,GA,13,2,1,0,92,8,45,12670,100,3,25,23,12,26,266,19,33,26,15,24,26,5,2548,2510,9,6,15,530,485,1015,18,17,17,2563,9469,3115,3189,1781,1781,77,23,2451,1534,917,738,247,491,3189,1781,56,44,1408,10,266,2794,22,605,1221,968,83,478,20,41,7,32,15,29,9,19,Unavailable,77,6,Unavailable,Unavailable,Unavailable
126207,Aims Community College,1,8,1,1,3,Aims Community College,CO,12,3,1,64,33,3,34,7651,154,2,,,,122,59,,39,35,,,,,,,,,Unavailable,,,Unavailable,,,,2928,11064,3172,7529,1668,1668,81,19,6129,1306,4823,1400,362,1038,7529,1668,22,78,5861,2,59,3182,18,563,1133,1486,535,525,17,38,Unavailable,Unavailable,Unavailable,36,Unavailable,Unavailable,Unavailable,81,Unavailable,Unavailable,Unavailable,Unavailable
227304,Odessa College,1,48,1,1,3,Odessa College,TX,12,3,1,61,28,8,47,4300,56,1,,,,117,425,,30,28,,,,,,,,,Unavailable,,,Unavailable,,,,3120,4014,3192,8686,2733,2733,80,20,6936,2019,4917,1750,714,1036,8708,2751,32,68,5957,10,425,4176,51,2145,1020,1011,474,646,24,41,Unavailable,Unavailable,Unavailable,44,Unavailable,Unavailable,Unavailable,80,Unavailable,Unavailable,Unavailable,Unavailable
200554,United Tribes Technical College,1,38,2,1,3,United Tribes Technical College,ND,23,1,2,,,,76,,7,1,,,,48,89,,36,34,,,,,,,,,Unavailable,,,Unavailable,,,,3220,3220,Unavailable,542,506,506,50,50,273,262,11,269,244,25,542,506,93,7,36,17,89,532,28,150,88,294,0,0,12,Unavailable,Unavailable,Unavailable,Unavailable,30,Unavailable,Unavailable,Unavailable,50,Unavailable,Unavailable,Unavailable,Unavailable
137315,South Florida State College,1,12,1,1,3,South Florida State College,FL,23,2,1,0,99,1,60,4499,93,3,,,,76,30,,55,51,,,,,,,,,Unavailable,,,Unavailable,,,,3135,11829,3222,2976,1123,1123,76,24,2261,882,1379,715,241,474,2976,1123,38,62,1853,1,30,2084,36,753,689,642,0,0,17,49,Unavailable,Unavailable,Unavailable,39,Unavailable,Unavailable,Unavailable,76,Unavailable,Unavailable,Unavailable,Unavailable
234696,Bellingham Technical College,1,53,1,1,3,Bellingham Technical College,WA,13,2,1,0,96,4,33,7517,52,3,,,,,253,,38,45,,,,,,,,,Unavailable,,,Unavailable,,,,3195,3998,3227,1848,1136,1136,50,50,928,654,274,920,482,438,1850,1136,61,39,714,17,253,1523,23,355,362,806,0,0,23,37,Unavailable,Unavailable,Unavailable,38,Unavailable,Unavailable,Unavailable,50,Unavailable,Unavailable,Unavailable,Unavailable
236692,Spokane Community College,1,53,1,1,3,Spokane Community College,WA,12,3,1,0,95,5,40,6773,214,3,,,,84,362,,39,37,,,,,,,,,Unavailable,,,Unavailable,,,,3195,4089,3240,6263,3565,3565,51,49,3202,2024,1178,3061,1541,1520,6286,3565,57,43,2721,9,362,4114,36,1498,1015,1601,0,0,17,40,Unavailable,Unavailable,Unavailable,43,Unavailable,Unavailable,Unavailable,51,Unavailable,Unavailable,Unavailable,Unavailable
481058,Grace Mission University,1,6,2,1,2,Grace Mission University,CA,21,1,2,,,,19,,0,0,56,44,11,,1,,0,0,0,0,0,,,,,,Unavailable,,,Unavailable,,,,3240,3240,Unavailable,72,44,44,7,93,5,5,0,67,39,28,72,44,61,39,28,1,1,72,44,32,32,8,5,7,19,Unavailable,7,Unavailable,18,62,Unavailable,34,Unavailable,7,Unavailable,Unavailable,Unavailable,Unavailable
236708,Spokane Falls Community College,1,53,1,1,3,Spokane Falls Community College,WA,12,2,1,0,92,7,30,8679,94,2,,,,38,263,,34,30,,,,,,,,,Unavailable,,,Unavailable,,,,3195,4089,3258,3903,2627,2627,70,30,2727,1956,771,1176,671,505,3903,2627,67,33,1276,9,263,2881,40,1166,921,794,0,0,14,35,Unavailable,Unavailable,Unavailable,34,Unavailable,Unavailable,Unavailable,70,Unavailable,Unavailable,Unavailable,Unavailable
235699,Lake Washington Institute of Technology,1,53,1,1,3,Lake Washington Institute of Technology,WA,21,2,1,0,98,2,17,8545,80,2,,,,21,291,,37,40,,,,,,,,,Unavailable,,,Unavailable,,,,3195,8548,3302,3356,1641,1641,47,53,1581,1002,579,1775,639,1136,3357,1641,49,51,1716,13,291,2179,31,676,648,855,0,0,17,31,Unavailable,Unavailable,Unavailable,46,Unavailable,Unavailable,Unavailable,47,Unavailable,Unavailable,Unavailable,Unavailable
122977,Santa Monica College,1,6,1,1,3,Santa Monica College,CA,13,5,1,0,73,27,28,5636,0,0,,,,79,2081,0,39,36,0,0,0,,,,,,Unavailable,,,Unavailable,,,,1104,9264,3307,23161,9464,9464,67,33,15514,7829,7685,7647,1635,6012,23164,9464,41,59,13700,10,2081,21194,37,7790,8853,4551,0,2,27,29,Unavailable,14,Unavailable,42,Unavailable,Unavailable,Unavailable,67,Unavailable,Unavailable,Unavailable,Unavailable
207397,Oklahoma State University-Oklahoma City,1,40,1,1,3,Oklahoma State University-Oklahoma City,OK,11,2,1,0,96,4,37,5347,38,1,,,,,491,,12,13,,,,,,,,,Unavailable,,,Unavailable,,,,3119,8904,3350,4125,926,926,57,43,2360,603,1757,1765,323,1442,4134,926,22,78,3208,14,491,3424,43,1477,1183,764,0,0,16,39,Unavailable,Unavailable,Unavailable,53,Unavailable,Unavailable,Unavailable,57,Unavailable,Unavailable,Unavailable,Unavailable
141839,University of Hawaii Maui College,1,15,1,1,3,University of Hawaii Maui College,HI,13,2,1,0,94,6,33,9479,58,2,11,11,11,28,163,25,27,27,13,13,13,,,,,,Unavailable,,,Unavailable,,,,3144,8280,3452,2647,602,602,68,32,1805,467,1338,842,135,707,2647,602,23,77,2045,10,163,1635,46,760,528,347,4,8,14,37,7,29,10,50,Unavailable,11,Unavailable,68,Unavailable,Unavailable,Unavailable,Unavailable
227979,San Jacinto Community College,1,48,1,1,3,San Jacinto Community College,TX,12,5,1,71,27,2,39,7674,664,2,,,,69,1244,,34,34,,,,,,,,,Unavailable,,,Unavailable,,,,3456,5352,3494,31494,10641,10641,80,20,25315,9476,15839,6179,1165,5014,31494,10641,34,66,20853,5,1244,23071,36,8255,8691,6125,0,0,25,40,Unavailable,Unavailable,Unavailable,38,Unavailable,Unavailable,Unavailable,80,Unavailable,Unavailable,Unavailable,Unavailable
182564,Western Nevada College,1,32,1,1,3,Western Nevada College,NV,13,2,1,0,99,1,35,15793,60,1,,,,104,175,,39,37,,,,,,,,,Unavailable,,,Unavailable,,,,3465,11564,3546,4188,1185,1185,74,26,3083,1002,2081,1105,183,922,4188,1185,28,72,3003,9,175,1967,39,759,635,573,0,0,18,39,Unavailable,Unavailable,Unavailable,44,Unavailable,Unavailable,Unavailable,74,Unavailable,Unavailable,Unavailable,Unavailable
114716,Foothill College,1,6,1,1,3,Foothill College,CA,21,4,1,0,80,20,10,9665,81,1,,,,18,1597,,60,60,,,,,,,,,Unavailable,,,Unavailable,,,,1395,12150,3546,12930,2645,2645,60,40,7764,1987,5777,5166,658,4508,12931,2645,20,80,10286,15,1597,10922,43,4713,1940,4269,0,0,22,24,Unavailable,Unavailable,Unavailable,53,Unavailable,Unavailable,Unavailable,60,Unavailable,Unavailable,Unavailable,Unavailable
138901,Atlanta Metropolitan State College,1,13,1,1,3,Atlanta Metropolitan State College,GA,11,2,1,0,83,17,61,4902,106,7,20,20,0,18,243,0,14,14,0,0,0,,,,,,Unavailable,,,Unavailable,,,,2426,9051,3552,1551,615,615,53,47,828,360,468,723,255,468,1551,615,40,60,936,18,243,1348,60,812,461,75,27,27,22,45,0,31,19,55,Unavailable,19,Unavailable,53,Unavailable,Unavailable,Unavailable,Unavailable
380377,Northwest Indian College,1,53,1,1,3,Northwest Indian College,WA,22,1,1,0,100,0,53,9875,6,1,29,26,10,32,17,33,6,27,0,0,29,,,,,,Unavailable,,,Unavailable,,,,3564,3564,3564,696,480,480,32,68,221,173,48,475,307,168,696,480,69,31,216,3,17,677,42,281,288,108,7,15,11,46,6,43,12,49,Unavailable,18,Unavailable,32,Unavailable,Unavailable,Unavailable,Unavailable
105668,Rio Salado College,1,4,1,1,3,Rio Salado College,AZ,12,4,1,64,17,19,32,9003,100,1,,,,48,1349,,8,4,,,,,,,,,Unavailable,,,Unavailable,,,,2328,8928,3582,18631,2030,2030,70,30,12960,1463,11497,5671,567,5104,18631,2030,11,89,16601,28,1349,4879,81,3964,179,736,169,0,31,33,Unavailable,Unavailable,Unavailable,63,Unavailable,Unavailable,Unavailable,70,Unavailable,Unavailable,Unavailable,Unavailable
200086,Nueta Hidatsa Sahnish College,1,38,1,1,3,Nueta Hidatsa Sahnish College,ND,43,1,1,0,100,0,39,3669,0,0,0,0,0,,3,100,33,17,100,100,100,,,,,,Unavailable,,,Unavailable,,,,3600,3600,3600,158,98,98,39,61,62,49,13,96,49,47,158,98,62,38,60,2,3,139,0,0,0,139,0,0,6,41,0,70,1,36,Unavailable,1,Unavailable,39,Unavailable,Unavailable,Unavailable,Unavailable
200466,Sitting Bull College,1,38,1,1,3,Sitting Bull College,ND,43,1,1,0,100,0,70,4205,9,4,,,,11,13,,0,24,,,,,,,,,Unavailable,,,Unavailable,,,,3600,3600,3600,228,186,186,44,56,100,90,10,128,96,32,229,187,82,18,42,6,13,226,15,35,81,110,0,0,7,53,Unavailable,Unavailable,Unavailable,33,Unavailable,Unavailable,Unavailable,44,Unavailable,Unavailable,Unavailable,Unavailable
247834,Collin County Community College District,1,48,1,1,3,Collin County Community College District,TX,21,5,1,71,21,8,23,8071,654,2,,,,533,1768,,24,22,,,,,,,,,Unavailable,,,Unavailable,,,,3450,5550,3618,37772,12121,12121,82,18,31049,10334,20715,6723,1787,4936,37772,12121,32,68,25651,7,1768,25857,25,6496,7293,12068,0,0,21,32,Unavailable,Unavailable,Unavailable,35,Unavailable,Unavailable,Unavailable,82,Unavailable,Unavailable,Unavailable,Unavailable
235431,Highline College,1,53,1,1,3,Highline College,WA,21,3,1,0,96,4,19,13467,97,2,,,,52,382,,37,39,,,,,,,,,Unavailable,,,Unavailable,,,,3633,3633,3633,5126,2812,2812,68,32,3472,2176,1296,1654,636,1018,5126,2812,55,45,2314,11,382,3487,34,1169,1137,1181,0,0,15,32,Unavailable,Unavailable,Unavailable,37,Unavailable,Unavailable,Unavailable,68,Unavailable,Unavailable,Unavailable,Unavailable
106148,Yavapai College,1,4,1,1,3,Yavapai College,AZ,13,3,1,0,87,13,38,6985,122,2,,,,42,407,,43,32,,,,,,,,,Unavailable,,,Unavailable,,,,2838,9344,3684,7200,1606,1606,59,41,4213,1112,3101,2987,494,2493,7200,1606,22,78,5594,11,407,3732,45,1692,927,1113,0,0,19,37,Unavailable,Unavailable,Unavailable,54,Unavailable,Unavailable,Unavailable,59,Unavailable,Unavailable,Unavailable,Unavailable
136358,Palm Beach State College,1,12,1,1,3,Palm Beach State College,FL,21,5,1,0,91,9,45,10320,348,1,,,,312,1382,,43,41,,,,,,,,,Unavailable,,,Unavailable,,,,3030,10890,3737,24368,7411,7411,71,29,17415,6131,11284,6953,1280,5673,24369,7411,30,70,16958,7,1382,20532,44,9102,6154,5276,0,0,29,41,Unavailable,Unavailable,Unavailable,46,Unavailable,Unavailable,Unavailable,71,Unavailable,Unavailable,Unavailable,Unavailable
447689,Georgia Gwinnett College,1,13,1,1,2,Georgia Gwinnett College,GA,21,4,1,0,94,6,53,11037,191,2,25,21,4,79,713,19,22,20,6,15,20,3,6390,6107,,,Unavailable,,,Unavailable,,,,3214,12000,3741,11907,7795,7795,82,18,9820,6778,3042,2087,1017,1070,11907,7795,65,35,4112,6,713,11156,12,1393,5547,4216,398,1916,20,45,2,36,12,21,Unavailable,18,Unavailable,82,Unavailable,Unavailable,Unavailable,Unavailable
182005,College of Southern Nevada,1,32,1,1,3,College of Southern Nevada,NV,11,5,1,0,96,4,31,7293,701,2,,,,37,1906,,20,18,,,,,,,,,Unavailable,,,Unavailable,,,,3465,11564,3789,29081,9509,9509,64,36,18664,7160,11504,10417,2349,8068,29081,9509,33,67,19572,7,1906,27790,29,8177,8114,11499,0,0,21,36,Unavailable,Unavailable,Unavailable,43,Unavailable,Unavailable,Unavailable,64,Unavailable,Unavailable,Unavailable,Unavailable
135188,Lake-Sumter State College,1,12,1,1,3,Lake-Sumter State College,FL,22,3,1,0,95,5,41,6242,42,1,,,,54,252,,50,45,,,,,,,,,Unavailable,,,Unavailable,,,,3292,13276,3791,5064,1705,1705,79,21,4018,1512,2506,1046,193,853,5064,1705,34,66,3359,7,252,3572,45,1599,1197,776,0,0,25,40,Unavailable,Unavailable,Unavailable,42,Unavailable,Unavailable,Unavailable,79,Unavailable,Unavailable,Unavailable,Unavailable
201973,Clark State College,1,39,1,1,3,Clark State College,OH,13,2,1,0,92,8,54,8329,53,1,,,,43,550,,32,25,,,,,,,,,Unavailable,,,Unavailable,,,,3536,7072,3819,4724,765,765,62,38,2934,493,2441,1790,272,1518,4724,765,16,84,3959,18,550,3134,37,1151,1011,972,2,2,13,45,Unavailable,Unavailable,Unavailable,51,Unavailable,Unavailable,Unavailable,62,Unavailable,Unavailable,Unavailable,Unavailable
219408,Sisseton Wahpeton College,1,46,1,1,3,Sisseton Wahpeton College,SD,43,1,1,0,100,0,63,3284,0,0,,,,1,4,,39,13,,,,,,,,,Unavailable,,,Unavailable,,,,3840,3840,3840,215,150,150,43,57,92,70,22,123,80,43,215,150,70,30,65,2,4,209,0,1,52,156,0,0,7,50,Unavailable,Unavailable,Unavailable,32,Unavailable,Unavailable,Unavailable,43,Unavailable,Unavailable,Unavailable,Unavailable
230418,Ensign College,1,49,2,1,3,Ensign College,UT,12,3,2,,,,11,,11,0,,,,32,706,,39,31,,,,,,,,,Unavailable,,,Unavailable,,,,3888,3888,Unavailable,5973,1565,1565,36,64,2135,864,1271,3838,701,3137,5973,1565,26,74,4408,12,706,5969,72,4299,910,760,439,101,20,Unavailable,Unavailable,Unavailable,Unavailable,69,Unavailable,Unavailable,Unavailable,36,Unavailable,Unavailable,Unavailable,Unavailable
226806,Midland College,1,48,1,1,3,Midland College,TX,12,3,1,45,28,2,20,6396,89,2,,,,109,206,,18,17,,,,,,,,,Unavailable,,,Unavailable,,,,3870,5130,3895,5219,1543,1543,78,22,4061,1232,2829,1158,311,847,5219,1543,30,70,3676,4,206,5020,22,1107,1180,2733,0,0,13,26,Unavailable,Unavailable,Unavailable,37,Unavailable,Unavailable,Unavailable,78,Unavailable,Unavailable,Unavailable,Unavailable
127617,Morgan Community College,1,8,1,1,3,Morgan Community College,CO,41,2,1,0,100,0,48,9416,7,0,,,,23,80,,51,46,,,,,,,,,Unavailable,,,Unavailable,,,,3941,16174,3941,1506,311,311,80,20,1201,238,963,305,73,232,1506,311,21,79,1195,13,80,619,23,141,165,313,0,0,12,44,Unavailable,Unavailable,Unavailable,39,Unavailable,Unavailable,Unavailable,80,Unavailable,Unavailable,Unavailable,Unavailable
207351,Oklahoma Panhandle State University,1,40,1,1,2,Oklahoma Panhandle State University,OK,42,2,1,0,100,0,48,5274,22,2,37,37,29,6,255,32,27,26,20,28,31,,,,,,Unavailable,,,Unavailable,,,,3960,4711,3960,1063,800,800,69,31,731,632,99,332,168,164,1071,803,75,25,268,26,255,997,36,361,460,176,18,174,19,44,17,40,30,31,Unavailable,32,Unavailable,69,Unavailable,Unavailable,Unavailable,Unavailable
133386,Daytona State College,1,12,1,1,3,Daytona State College,FL,13,4,1,0,90,10,44,6119,308,3,,,,56,617,,43,41,,,,,,,,,Unavailable,,,Unavailable,,,,3072,11960,3961,11805,4530,4530,67,33,7930,3372,4558,3875,1158,2717,11807,4530,38,62,7277,7,617,9367,32,2994,2634,3739,0,0,17,40,Unavailable,Unavailable,Unavailable,41,Unavailable,Unavailable,Unavailable,67,Unavailable,Unavailable,Unavailable,Unavailable
237039,Whatcom Community College,1,53,1,1,3,Whatcom Community College,WA,13,2,1,0,91,8,22,11629,73,2,,,,32,243,,44,36,,,,,,,,,Unavailable,,,Unavailable,,,,3633,9049,4066,3489,1744,1744,73,27,2550,1412,1138,939,332,607,3490,1744,50,50,1746,11,243,2280,36,817,704,759,0,0,12,32,Unavailable,Unavailable,Unavailable,37,Unavailable,Unavailable,Unavailable,73,Unavailable,Unavailable,Unavailable,Unavailable
181419,Nebraska Indian Community College,1,31,1,1,3,Nebraska Indian Community College,NE,42,1,1,0,100,0,56,22666,0,0,,,,11,34,,25,17,,,,,,,,,Unavailable,,,Unavailable,,,,4080,4080,4080,623,144,144,56,44,347,45,302,276,99,177,624,144,23,77,480,10,34,330,97,319,2,9,0,0,6,47,Unavailable,Unavailable,Unavailable,70,Unavailable,Unavailable,Unavailable,56,Unavailable,Unavailable,Unavailable,Unavailable
235237,Pierce College District,1,53,1,1,3,Pierce College District,WA,13,3,1,74,24,2,26,10851,564,8,,,,23,456,,35,31,,,,,,,,,Unavailable,,,Unavailable,,,,4074,4599,4085,7427,4892,4892,70,30,5165,3835,1330,2262,1057,1205,7427,4892,66,34,2535,10,456,4487,53,2379,1200,908,0,0,20,35,Unavailable,Unavailable,Unavailable,38,Unavailable,Unavailable,Unavailable,70,Unavailable,Unavailable,Unavailable,Unavailable
235343,Green River College,1,53,1,1,3,Green River College,WA,13,3,1,0,97,3,22,13621,204,3,,,,,385,,45,41,,,,,,,,,Unavailable,,,Unavailable,,,,4074,4599,4090,7361,4469,4469,76,24,5629,3695,1934,1732,774,958,7361,4469,61,39,2892,8,385,4573,38,1756,1486,1331,0,0,11,33,Unavailable,Unavailable,Unavailable,33,Unavailable,Unavailable,Unavailable,76,Unavailable,Unavailable,Unavailable,Unavailable
235149,Everett Community College,1,53,1,1,3,Everett Community College,WA,12,3,1,0,99,1,18,13184,228,4,,,,68,302,,41,38,,,,,,,,,Unavailable,,,Unavailable,,,,4046,9925,4105,6211,3295,3295,72,28,4454,2565,1889,1757,730,1027,6211,3295,53,47,2916,7,302,4378,37,1617,1398,1363,0,0,16,32,Unavailable,Unavailable,Unavailable,36,Unavailable,Unavailable,Unavailable,72,Unavailable,Unavailable,Unavailable,Unavailable
224615,Dallas College,1,48,1,1,3,Dallas College,TX,11,5,1,80,15,3,36,4068,452,1,,,,305,2583,,34,36,,,,,,,,,Unavailable,,,Unavailable,,,,4050,6000,4109,66592,16794,16794,78,22,51771,14103,37668,14821,2691,12130,66592,16794,25,75,49798,6,2583,41815,42,17687,12209,11919,30,19,23,38,Unavailable,Unavailable,Unavailable,44,Unavailable,Unavailable,Unavailable,78,Unavailable,Unavailable,Unavailable,Unavailable
205470,Sinclair Community College,1,39,1,1,3,Sinclair Community College,OH,12,4,1,26,68,6,37,5824,305,2,,,,352,1417,,33,32,,,,,,,,,Unavailable,,,Unavailable,,,,3889,7636,4114,17431,3556,3556,67,33,11697,2590,9107,5734,966,4768,17431,3556,20,80,13875,11,1417,12585,30,3745,3369,5471,10,3,15,38,Unavailable,Unavailable,Unavailable,46,Unavailable,Unavailable,Unavailable,67,Unavailable,Unavailable,Unavailable,Unavailable
236258,Peninsula College,1,53,1,1,3,Peninsula College,WA,33,2,1,0,91,9,44,6525,16,1,,,,70,94,,43,41,,,,,,,,,Unavailable,,,Unavailable,,,,4074,4599,4121,1835,895,895,47,53,871,597,274,964,298,666,1837,895,49,51,942,8,94,1139,40,455,335,349,0,0,14,40,Unavailable,Unavailable,Unavailable,48,Unavailable,Unavailable,Unavailable,47,Unavailable,Unavailable,Unavailable,Unavailable
206446,Washington State Community College,1,39,1,1,3,Washington State Community College,OH,31,2,1,0,100,0,42,7758,37,2,,,,,87,,25,32,,,,,,,,,Unavailable,,,Unavailable,,,,4128,4152,4128,1637,400,400,67,33,1096,244,852,541,156,385,1637,400,24,76,1237,9,87,1002,15,150,707,145,0,0,14,42,Unavailable,Unavailable,Unavailable,40,Unavailable,Unavailable,Unavailable,67,Unavailable,Unavailable,Unavailable,Unavailable
235750,Lower Columbia College,1,53,1,1,3,Lower Columbia College,WA,13,2,1,74,15,11,35,10613,42,2,,,,36,160,,28,25,,,,,,,,,Unavailable,,,Unavailable,,,,3988,5275,4130,2412,1271,1271,60,40,1436,890,546,976,381,595,2412,1271,53,47,1141,9,160,1743,42,738,656,349,0,0,13,36,Unavailable,Unavailable,Unavailable,43,Unavailable,Unavailable,Unavailable,60,Unavailable,Unavailable,Unavailable,Unavailable
127884,Pueblo Community College,1,8,1,1,3,Pueblo Community College,CO,12,3,1,0,98,2,56,10969,159,2,,,,66,474,,37,37,,,,,,,,,Unavailable,,,Unavailable,,,,3941,16174,4186,6767,1634,1634,68,32,4575,930,3645,2192,704,1488,6767,1634,24,76,5133,14,474,3293,35,1142,753,1398,1,0,19,47,Unavailable,Unavailable,Unavailable,46,Unavailable,Unavailable,Unavailable,68,Unavailable,Unavailable,Unavailable,Unavailable
219374,Sinte Gleska University,1,46,1,1,2,Sinte Gleska University,SD,43,1,1,0,100,0,62,7439,0,0,0,0,0,8,0,0,0,0,0,0,0,,,,,,Unavailable,,,Unavailable,,,,4200,4200,4200,604,228,228,27,73,165,44,121,439,184,255,607,229,38,62,378,0,,579,53,308,234,37,3,2,16,50,0,31,0,64,Unavailable,0,Unavailable,27,Unavailable,Unavailable,Unavailable,Unavailable
240693,Western Wyoming Community College,1,56,1,1,3,Western Wyoming Community College,WY,33,2,1,0,83,17,33,9799,27,1,,,,40,69,,40,33,,,,,,,,,Unavailable,,,Unavailable,,,,3150,9450,4221,2464,765,765,79,21,1946,611,1335,518,154,364,2464,765,31,69,1699,5,69,1289,28,358,541,390,4,2,12,34,Unavailable,Unavailable,Unavailable,37,Unavailable,Unavailable,Unavailable,79,Unavailable,Unavailable,Unavailable,Unavailable
234669,Bellevue College,1,53,1,1,3,Bellevue College,WA,12,4,1,0,96,3,13,11926,593,5,,,,114,682,,32,33,,,,,,,,,Unavailable,,,Unavailable,,,,4074,9952,4250,11472,5981,5981,73,27,8326,4776,3550,3146,1205,1941,11472,5981,52,48,5491,10,682,6901,40,2791,2215,1895,0,0,15,29,Unavailable,Unavailable,Unavailable,37,Unavailable,Unavailable,Unavailable,73,Unavailable,Unavailable,Unavailable,Unavailable
114433,Feather River Community College District,1,6,1,1,3,Feather River Community College District,CA,43,2,1,0,65,34,23,10949,1,0,,,,23,351,33,51,47,10,40,40,,,,,,Unavailable,,,Unavailable,,,,1380,9840,4256,1757,451,451,43,57,756,404,352,1001,47,954,1758,451,26,74,1307,22,351,1574,61,957,270,347,8,14,15,25,Unavailable,28,Unavailable,63,Unavailable,Unavailable,Unavailable,43,Unavailable,Unavailable,Unavailable,Unavailable
166692,Massachusetts Maritime Academy,1,25,1,1,2,Massachusetts Maritime Academy,MA,21,2,1,8,74,17,17,20759,25,2,80,78,66,60,28,82,78,79,68,78,79,3,1120,1059,,,Unavailable,,,Unavailable,,,,2054,15148,4280,1271,1246,1246,97,3,1236,1214,22,35,32,3,1271,1246,98,2,25,2,28,1270,0,0,72,1198,,317,12,27,40,50,33,2,Unavailable,49,Unavailable,97,Unavailable,Unavailable,Unavailable,Unavailable
236188,Olympic College,1,53,1,1,3,Olympic College,WA,13,3,1,89,8,3,18,11105,571,11,,,,34,231,,38,34,,,,,,,,,Unavailable,,,Unavailable,,,,4197,9465,4355,5413,3297,3297,59,41,3194,2134,1060,2219,1163,1056,5413,3297,61,39,2116,7,231,3263,28,912,1003,1348,0,0,19,31,Unavailable,Unavailable,Unavailable,37,Unavailable,Unavailable,Unavailable,59,Unavailable,Unavailable,Unavailable,Unavailable
203748,Lorain County Community College,1,39,1,1,3,Lorain County Community College,OH,22,3,1,86,13,2,45,4397,86,1,,,,98,330,,40,33,,,,,,,,,Unavailable,,,Unavailable,,,,4310,8250,4389,9410,2120,2120,77,23,7219,1782,5437,2191,338,1853,9410,2120,23,77,7290,6,330,5394,33,1763,1737,1894,0,0,14,43,Unavailable,Unavailable,Unavailable,42,Unavailable,Unavailable,Unavailable,77,Unavailable,Unavailable,Unavailable,Unavailable
200022,Bismarck State College,1,38,1,1,3,Bismarck State College,ND,13,2,1,0,89,11,21,10792,70,2,,,,7,276,,52,48,,,,,,,,,Unavailable,,,Unavailable,,,,4167,6251,4396,4065,1875,1875,74,26,3017,1434,1583,1048,441,607,4065,1875,46,54,2190,10,276,2629,40,1042,847,740,73,707,13,31,Unavailable,Unavailable,Unavailable,38,Unavailable,Unavailable,Unavailable,74,Unavailable,Unavailable,Unavailable,Unavailable
126289,Arapahoe Community College,1,8,1,1,3,Arapahoe Community College,CO,21,4,1,0,96,4,25,9786,145,1,,,,79,775,,29,27,,,,,,,,,Unavailable,,,Unavailable,,,,3940,16174,4429,13978,2524,2524,82,18,11446,1964,9482,2532,560,1972,13978,2524,18,82,11454,14,775,5392,36,1937,1294,2161,0,0,25,34,Unavailable,Unavailable,Unavailable,43,Unavailable,Unavailable,Unavailable,82,Unavailable,Unavailable,Unavailable,Unavailable
209250,Mt Hood Community College,1,41,1,1,3,Mt Hood Community College,OR,21,3,1,0,97,1,38,6667,101,2,,,,56,85,,26,26,,,,,,,,,Unavailable,,,Unavailable,,,,4392,8892,4437,6198,2070,2070,57,43,3520,1486,2034,2678,584,2094,6271,2078,33,67,4193,2,85,3540,25,871,1872,797,0,0,19,39,Unavailable,Unavailable,Unavailable,45,Unavailable,Unavailable,Unavailable,57,Unavailable,Unavailable,Unavailable,Unavailable
449348,Huntsville Bible College,1,1,2,1,2,Huntsville Bible College,AL,12,1,2,,,,45,,1,1,,,,4,5,0,,0,0,0,0,,,,,,Unavailable,,,Unavailable,,,,4440,4440,Unavailable,75,10,10,3,97,2,0,2,73,10,63,82,10,12,88,72,6,5,82,28,23,12,47,3,1,7,Unavailable,Unavailable,23,Unavailable,74,Unavailable,Unavailable,Unavailable,3,Unavailable,Unavailable,Unavailable,Unavailable
236504,South Seattle College,1,53,1,1,3,South Seattle College,WA,11,3,1,51,48,1,29,8596,72,1,,,,37,209,,30,26,,,,,,,,,Unavailable,,,Unavailable,,,,4458,4947,4463,5251,1375,1375,44,56,2314,987,1327,2937,388,2549,5295,1376,26,74,3919,14,209,1495,34,508,427,560,0,0,31,36,Unavailable,Unavailable,Unavailable,55,Unavailable,Unavailable,Unavailable,44,Unavailable,Unavailable,Unavailable,Unavailable
179308,Saint Louis Community College,1,29,1,1,3,Saint Louis Community College,MO,21,4,1,82,16,2,37,7173,144,1,,,,183,840,,23,18,,,,,,,,,Unavailable,,,Unavailable,,,,4440,6300,4477,14627,5310,5310,67,33,9816,4413,5403,4811,897,3914,14627,5310,36,64,9317,8,840,11174,23,2548,2909,5717,0,0,18,39,Unavailable,Unavailable,Unavailable,39,Unavailable,Unavailable,Unavailable,67,Unavailable,Unavailable,Unavailable,Unavailable
236072,North Seattle College,1,53,1,1,3,North Seattle College,WA,11,3,1,58,37,4,23,10864,109,2,,,,49,393,,34,32,,,,,,,,,Unavailable,,,Unavailable,,,,4458,4947,4478,5007,1582,1582,40,60,2026,996,1030,2981,586,2395,5017,1582,32,68,3435,14,393,2792,56,1552,670,570,0,0,17,33,Unavailable,Unavailable,Unavailable,61,Unavailable,Unavailable,Unavailable,40,Unavailable,Unavailable,Unavailable,Unavailable
236513,Seattle Central College,1,53,1,1,3,Seattle Central College,WA,11,3,1,57,36,6,27,8093,134,3,,,,26,483,,31,31,,,,,,,,,Unavailable,,,Unavailable,,,,4458,4947,4487,5210,2876,2876,62,38,3228,1874,1354,1982,1002,980,5210,2876,55,45,2334,12,483,3879,32,1245,1016,1618,0,0,18,34,Unavailable,Unavailable,Unavailable,38,Unavailable,Unavailable,Unavailable,62,Unavailable,Unavailable,Unavailable,Unavailable
235103,Edmonds College,1,53,1,1,3,Edmonds College,WA,21,3,1,22,70,8,22,14049,36,1,,,,47,405,,31,33,,,,,,,,,Unavailable,,,Unavailable,,,,4073,9958,4544,6028,2583,2583,61,39,3674,2053,1621,2354,530,1824,6028,2583,43,57,3445,12,405,3354,36,1224,1243,887,0,0,12,32,Unavailable,Unavailable,Unavailable,44,Unavailable,Unavailable,Unavailable,61,Unavailable,Unavailable,Unavailable,Unavailable
177472,Ozarks Technical Community College,1,29,1,1,3,Ozarks Technical Community College,MO,12,4,1,56,39,4,51,6053,201,2,,,,304,886,,37,32,,,,,,,,,Unavailable,,,Unavailable,,,,4512,5760,4562,11036,4804,4804,76,24,8391,3913,4478,2645,891,1754,11036,4804,44,56,6232,11,886,8194,36,2963,2388,2843,0,0,16,44,Unavailable,Unavailable,Unavailable,37,Unavailable,Unavailable,Unavailable,76,Unavailable,Unavailable,Unavailable,Unavailable
234933,Clark College,1,53,1,1,3,Clark College,WA,12,3,1,91,3,5,27,11547,0,0,,,,58,313,,43,36,,,,,,,,,Unavailable,,,Unavailable,,,,4306,10054,4593,7149,3922,3922,71,29,5084,3054,2030,2065,868,1197,7149,3922,55,45,3227,7,313,4699,44,2047,1473,1179,0,0,12,34,Unavailable,Unavailable,Unavailable,38,Unavailable,Unavailable,Unavailable,71,Unavailable,Unavailable,Unavailable,Unavailable
208390,Chemeketa Community College,1,41,1,1,3,Chemeketa Community College,OR,21,3,1,0,99,1,38,8455,141,2,,,,108,181,,29,22,,,,,,,,,Unavailable,,,Unavailable,,,,4545,12240,4622,7432,3527,3527,67,33,4953,2796,2157,2479,731,1748,7433,3527,47,53,3906,3,181,6457,27,1734,1992,2731,0,0,20,40,Unavailable,Unavailable,Unavailable,37,Unavailable,Unavailable,Unavailable,67,Unavailable,Unavailable,Unavailable,Unavailable
201928,Cincinnati State Technical and Community College,1,39,1,1,3,Cincinnati State Technical and Community College,OH,11,3,1,0,95,5,46,6489,163,2,,,,20,781,,22,20,,,,,,,,,Unavailable,,,Unavailable,,,,4410,8811,4630,8678,1957,1957,68,32,5939,1336,4603,2739,621,2118,8681,1958,23,77,6723,15,781,5283,29,1531,1947,1805,4,8,15,42,Unavailable,Unavailable,Unavailable,45,Unavailable,Unavailable,Unavailable,68,Unavailable,Unavailable,Unavailable,Unavailable
236975,Wenatchee Valley College,1,53,1,1,3,Wenatchee Valley College,WA,13,2,1,0,93,4,30,11977,23,1,,,,6,113,,45,40,,,,,,,,,Unavailable,,,Unavailable,,,,4623,5157,4644,2812,1918,1918,73,27,2057,1492,565,755,426,329,2819,1922,68,32,897,6,113,1762,36,627,526,609,0,0,14,35,Unavailable,Unavailable,Unavailable,31,Unavailable,Unavailable,Unavailable,73,Unavailable,Unavailable,Unavailable,Unavailable
234845,Centralia College,1,53,1,1,3,Centralia College,WA,32,2,1,78,17,4,28,12280,59,3,,,,11,174,,47,46,,,,,,,,,Unavailable,,,Unavailable,,,,4623,5157,4644,2335,1456,1456,65,35,1510,1100,410,825,356,469,2335,1456,62,38,879,12,174,1476,29,434,425,617,0,0,15,35,Unavailable,Unavailable,Unavailable,34,Unavailable,Unavailable,Unavailable,65,Unavailable,Unavailable,Unavailable,Unavailable
237109,Yakima Valley College,1,53,1,1,3,Yakima Valley College,WA,13,2,1,0,96,4,38,12326,30,1,,,,28,125,,38,34,,,,,,,,,Unavailable,,,Unavailable,,,,4623,5157,4644,3523,2288,2288,70,30,2481,1780,701,1042,508,534,3523,2288,65,35,1235,5,125,2539,33,826,850,863,0,0,14,39,Unavailable,Unavailable,Unavailable,32,Unavailable,Unavailable,Unavailable,70,Unavailable,Unavailable,Unavailable,Unavailable
203678,James A. Rhodes State College,1,39,1,1,3,James A. Rhodes State College,OH,41,2,1,0,98,2,38,8979,20,1,,,,1,142,,75,33,,,,,,,,,Unavailable,,,Unavailable,,,,4560,9120,4651,3968,615,615,87,13,3433,499,2934,535,116,419,3968,615,15,85,3353,9,142,1545,23,348,601,596,0,0,19,40,Unavailable,Unavailable,Unavailable,38,Unavailable,Unavailable,Unavailable,87,Unavailable,Unavailable,Unavailable,Unavailable
236753,Tacoma Community College,1,53,1,1,3,Tacoma Community College,WA,12,3,1,42,51,3,26,10648,366,6,,,,31,413,,34,33,,,,,,,,,Unavailable,,,Unavailable,,,,4477,10587,4660,5771,3506,3506,62,38,3557,2361,1196,2214,1145,1069,5771,3506,61,39,2265,10,413,4248,29,1237,1279,1732,0,0,16,34,Unavailable,Unavailable,Unavailable,36,Unavailable,Unavailable,Unavailable,62,Unavailable,Unavailable,Unavailable,Unavailable
235334,Grays Harbor College,1,53,1,1,3,Grays Harbor College,WA,41,2,1,0,90,10,34,6475,23,1,,,,7,104,,37,32,,,,,,,,,Unavailable,,,Unavailable,,,,4074,9952,4662,1662,1025,1025,59,41,988,703,285,674,322,352,1663,1026,62,38,637,10,104,1058,39,414,265,379,0,0,14,36,Unavailable,Unavailable,Unavailable,39,Unavailable,Unavailable,Unavailable,59,Unavailable,Unavailable,Unavailable,Unavailable
234711,Big Bend Community College,1,53,1,1,3,Big Bend Community College,WA,33,2,1,0,91,8,31,12650,21,1,,,,40,139,,36,37,,,,,,,,,Unavailable,,,Unavailable,,,,4623,5157,4666,1786,1307,1307,74,26,1319,1072,247,467,235,232,1786,1307,73,27,479,11,139,1281,35,452,483,346,0,0,16,35,Unavailable,Unavailable,Unavailable,29,Unavailable,Unavailable,Unavailable,74,Unavailable,Unavailable,Unavailable,Unavailable
127200,Front Range Community College,1,8,1,1,3,Front Range Community College,CO,21,5,1,0,94,6,29,9256,576,3,,,,106,1343,,31,30,,,,,,,,,Unavailable,,,Unavailable,,,,3940,16174,4674,21096,4437,4437,79,21,16596,3265,13331,4500,1172,3328,21096,4437,21,79,16659,12,1343,11132,28,3150,2484,5498,0,0,22,35,Unavailable,Unavailable,Unavailable,41,Unavailable,Unavailable,Unavailable,79,Unavailable,Unavailable,Unavailable,Unavailable
170240,Henry Ford College,1,26,1,1,3,Henry Ford College,MI,12,4,1,38,60,1,57,738,65,1,,,,65,290,,14,11,,,,,,,,,Unavailable,,,Unavailable,,,,4656,6744,4677,11020,3797,3797,76,24,8329,3181,5148,2691,616,2075,11239,4013,36,64,7226,3,290,8695,25,2202,3583,2910,0,0,22,47,Unavailable,Unavailable,Unavailable,37,Unavailable,Unavailable,Unavailable,76,Unavailable,Unavailable,Unavailable,Unavailable
439190,Cascadia College,1,53,1,1,3,Cascadia College,WA,21,2,1,72,26,1,15,13863,13,1,,,,10,65,,41,41,,,,,,,,,Unavailable,,,Unavailable,,,,4623,10573,4683,2013,1157,1157,89,11,1792,1080,712,221,77,144,2013,1157,57,43,856,7,65,970,27,264,329,377,0,0,13,31,Unavailable,Unavailable,Unavailable,25,Unavailable,Unavailable,Unavailable,89,Unavailable,Unavailable,Unavailable,Unavailable
236382,Renton Technical College,1,53,1,1,3,Renton Technical College,WA,12,2,1,0,96,3,34,7621,10,0,,,,19,260,,67,55,56,78,78,,,,,,Unavailable,,,Unavailable,,,,4673,5207,4689,3054,1071,1071,37,63,1141,574,567,1913,497,1416,3060,1071,35,65,1989,17,260,1539,33,506,652,381,0,0,14,38,Unavailable,Unavailable,Unavailable,54,Unavailable,Unavailable,Unavailable,37,Unavailable,Unavailable,Unavailable,Unavailable
236638,Skagit Valley College,1,53,1,1,3,Skagit Valley College,WA,13,2,1,0,94,4,28,8365,41,1,,,,120,218,,37,34,,,,,,,,,Unavailable,,,Unavailable,,,,4623,6563,4701,4094,2127,2127,57,43,2322,1520,802,1772,607,1165,4098,2128,52,48,1970,8,218,2581,31,806,767,1008,0,0,17,35,Unavailable,Unavailable,Unavailable,41,Unavailable,Unavailable,Unavailable,57,Unavailable,Unavailable,Unavailable,Unavailable
207661,Rogers State University,1,40,1,1,2,Rogers State University,OK,31,2,1,0,99,1,46,13953,41,1,39,34,19,,226,20,40,25,19,29,31,,,,,,Unavailable,,,Unavailable,,,,4676,12460,4754,3071,1965,1965,75,25,2314,1579,735,757,386,371,3094,1981,64,36,1113,9,226,2552,28,719,1329,504,15,301,18,43,11,33,19,29,Unavailable,27,Unavailable,75,Unavailable,Unavailable,Unavailable,Unavailable
130907,Delaware Technical Community College-Terry,1,10,1,1,3,Delaware Technical Community College-Terry,DE,13,4,1,0,97,3,44,7847,202,2,,,,90,997,,26,19,,,,,,,,,Unavailable,,,Unavailable,,,,4575,11438,4781,12797,3833,3833,67,33,8634,3177,5457,4163,656,3507,13231,3979,30,70,9252,9,997,11012,25,2790,5007,3215,0,0,13,42,Unavailable,Unavailable,Unavailable,42,Unavailable,Unavailable,Unavailable,67,Unavailable,Unavailable,Unavailable,Unavailable
240620,Laramie County Community College,1,56,1,1,3,Laramie County Community College,WY,41,2,1,0,74,26,37,7131,99,2,,,,80,237,,22,31,,,,,,,,,Unavailable,,,Unavailable,,,,3150,9450,4788,4008,1477,1477,75,25,3000,1132,1868,1008,345,663,4008,1477,37,63,2531,9,237,2563,25,638,985,940,0,0,15,33,Unavailable,Unavailable,Unavailable,36,Unavailable,Unavailable,Unavailable,75,Unavailable,Unavailable,Unavailable,Unavailable
133960,The College of the Florida Keys,1,12,1,1,3,The College of the Florida Keys,FL,33,1,1,0,51,31,31,14991,102,12,,,,8,90,,33,41,,,,,,,,,Unavailable,,,Unavailable,,,,2483,9933,4793,854,370,370,57,43,484,271,213,370,99,271,854,370,43,57,484,11,90,823,33,272,302,249,0,0,10,25,Unavailable,Unavailable,Unavailable,44,Unavailable,Unavailable,Unavailable,57,Unavailable,Unavailable,Unavailable,Unavailable
127909,Red Rocks Community College,1,8,1,1,3,Red Rocks Community College,CO,21,3,1,0,93,7,29,9250,193,3,,,,62,758,,46,37,,,,,,,,,Unavailable,,,Unavailable,,,,3936,16176,4793,7282,1900,1900,73,27,5292,1352,3940,1990,548,1442,7286,1904,26,74,5382,18,758,4281,30,1270,1022,1989,0,4,26,35,Unavailable,Unavailable,Unavailable,42,Unavailable,Unavailable,Unavailable,73,Unavailable,Unavailable,Unavailable,Unavailable
127820,Pikes Peak State College,1,8,1,1,3,Pikes Peak State College,CO,21,4,1,0,93,7,40,9311,1256,10,,,,25,1452,,26,23,,,,,,,,,Unavailable,,,Unavailable,,,,3941,16173,4797,12388,4332,4332,64,36,7885,2696,5189,4503,1636,2867,12388,4332,35,65,8056,16,1452,9307,35,3249,2592,3466,0,0,21,39,Unavailable,Unavailable,Unavailable,45,Unavailable,Unavailable,Unavailable,64,Unavailable,Unavailable,Unavailable,Unavailable
490230,Reformed University,1,13,2,1,2,Reformed University,GA,21,1,2,,,,0,,0,0,,,,7,28,,50,50,50,50,50,3,79,58,,,Unavailable,,,Unavailable,,,,4800,4800,Unavailable,255,251,251,18,82,45,45,0,210,206,4,287,282,98,2,5,10,28,287,0,0,245,42,,12,15,Unavailable,Unavailable,Unavailable,Unavailable,33,Unavailable,Unavailable,Unavailable,18,Unavailable,Unavailable,Unavailable,Unavailable
139719,Fort Valley State University,1,13,1,1,2,Fort Valley State University,GA,31,2,1,0,93,7,72,11457,8,0,47,45,22,107,131,45,53,45,18,39,45,1,5080,3190,11,5,16,410,410,820,17,17,16,4064,14786,4815,2558,2288,2288,92,8,2366,2168,198,192,120,72,2558,2288,89,11,270,5,131,2541,11,276,1417,848,20,532,18,52,13,59,21,9,8,30,Unavailable,92,6,Unavailable,Unavailable,Unavailable
128258,Trinidad State College,1,8,1,1,3,Trinidad State College,CO,33,2,1,0,66,34,57,11323,33,2,,,,32,107,,65,56,,,,,,,,,Unavailable,,,Unavailable,,,,3940,6572,4835,1636,629,629,66,34,1079,482,597,557,147,410,1636,629,38,62,1007,9,107,1168,15,171,320,677,99,212,16,39,Unavailable,Unavailable,Unavailable,36,Unavailable,Unavailable,Unavailable,66,Unavailable,Unavailable,Unavailable,Unavailable
182306,Great Basin College,1,32,1,1,3,Great Basin College,NV,33,2,1,0,85,15,33,7472,45,2,4,4,2,113,87,8,47,52,4,4,9,,,,,,Unavailable,,,Unavailable,,,,3690,11333,4836,2936,949,949,61,39,1800,619,1181,1136,330,806,2936,949,32,68,1987,5,87,1855,90,1670,165,20,17,7,17,34,1,21,4,63,Unavailable,4,Unavailable,61,Unavailable,Unavailable,Unavailable,Unavailable
160630,Southern University at New Orleans,1,22,1,1,2,Southern University at New Orleans,LA,11,2,1,0,96,4,65,14825,15,1,25,21,8,30,165,14,45,18,8,15,18,5,2920,1758,0,83,83,,,Unavailable,16,14,15,4484,13384,4840,1773,901,901,67,33,1193,482,711,580,419,161,1773,901,51,49,872,15,165,1095,28,305,588,202,10,124,13,50,5,40,17,36,#VALUE!,21,Unavailable,67,Unavailable,#VALUE!,Unavailable,Unavailable
434584,Ilisagvik College,1,2,1,1,3,Ilisagvik College,AK,43,1,1,0,100,0,15,10365,0,0,,,,16,16,,33,36,,,,,,,,,Unavailable,,,Unavailable,,,,4920,4920,4920,311,53,53,39,61,121,23,98,190,30,160,311,53,17,83,258,9,16,175,29,51,70,54,0,0,7,31,Unavailable,Unavailable,Unavailable,58,Unavailable,Unavailable,Unavailable,39,Unavailable,Unavailable,Unavailable,Unavailable
142559,College of Southern Idaho,1,16,1,1,3,College of Southern Idaho,ID,13,3,1,55,28,17,43,8482,79,1,,,,178,195,,36,35,,,,,,,,,Unavailable,,,Unavailable,,,,4560,6840,4948,8775,1854,1854,87,13,7612,1538,6074,1163,316,847,8775,1854,21,79,6921,6,195,3476,24,848,1306,1322,0,0,27,38,Unavailable,Unavailable,Unavailable,36,Unavailable,Unavailable,Unavailable,87,Unavailable,Unavailable,Unavailable,Unavailable
167288,Massachusetts College of Liberal Arts,1,25,1,1,2,Massachusetts College of Liberal Arts,MA,31,1,1,0,55,45,45,17705,13,2,59,58,49,38,90,42,56,49,39,48,49,3,1543,1425,,,Unavailable,,,Unavailable,,,,1030,9975,5055,830,673,673,87,13,724,623,101,106,50,56,836,675,81,19,161,12,90,748,1,4,222,522,0,177,8,32,29,44,30,11,Unavailable,40,Unavailable,87,Unavailable,Unavailable,Unavailable,Unavailable
180647,Salish Kootenai College,1,30,1,1,3,Salish Kootenai College,MT,42,1,1,0,100,0,67,9551,4,1,47,33,27,48,43,6,78,35,8,15,15,,,,,,Unavailable,,,Unavailable,,,,5076,10260,5076,634,482,482,38,62,238,208,30,396,274,122,636,484,76,24,152,8,43,568,20,111,324,133,8,31,6,52,16,37,18,38,Unavailable,31,Unavailable,38,Unavailable,Unavailable,Unavailable,Unavailable
172200,Schoolcraft Community College District,1,26,1,1,3,Schoolcraft Community College District,MI,13,3,1,57,39,4,31,7271,112,1,,,,115,1013,,17,15,,,,,,,,,Unavailable,,,Unavailable,,,,5044,6968,5121,7596,1945,1945,67,33,5062,1576,3486,2534,369,2165,7596,1945,26,74,5651,15,1013,6626,21,1398,2014,3214,0,0,21,36,Unavailable,Unavailable,Unavailable,42,Unavailable,Unavailable,Unavailable,67,Unavailable,Unavailable,Unavailable,Unavailable
228705,Texas A & M University-Kingsville,1,48,1,1,2,Texas A & M University-Kingsville,TX,32,3,1,0,100,0,58,10474,71,1,46,43,24,20,278,40,55,46,26,40,46,5,7915,7305,1,0,1,500,530,1030,,,,5137,18493,5137,5187,4075,4075,90,10,4672,3782,890,515,293,222,5187,4075,79,21,1112,6,278,4622,3,159,1739,2724,33,1066,16,48,14,49,21,11,Unavailable,30,Unavailable,90,Unavailable,Unavailable,Unavailable,Unavailable
126942,Community College of Denver,1,8,1,1,3,Community College of Denver,CO,11,3,1,0,90,10,45,9526,139,2,,,,115,882,,20,16,,,,,,,,,Unavailable,,,Unavailable,,,,3941,16174,5164,7714,1889,1889,69,31,5306,1237,4069,2408,652,1756,7715,1889,24,76,5826,17,882,5156,37,1903,1377,1876,0,0,21,41,Unavailable,Unavailable,Unavailable,46,Unavailable,Unavailable,Unavailable,69,Unavailable,Unavailable,Unavailable,Unavailable
187745,Institute of American Indian and Alaska Native Culture and Arts Development,1,35,1,1,2,Institute of American Indian and Alaska Native Culture and Arts Development,NM,41,1,1,0,100,0,51,14334,0,0,29,29,4,7,37,25,35,25,12,23,28,5,83,83,0,,Unavailable,,,Unavailable,,,,5166,5166,5166,755,228,228,82,18,620,153,467,135,75,60,755,228,30,70,527,12,37,307,21,66,204,37,3,36,8,45,2,38,19,35,Unavailable,22,Unavailable,82,Unavailable,Unavailable,Unavailable,Unavailable
409315,South Texas College,1,48,1,1,3,South Texas College,TX,12,5,1,95,3,3,56,1414,226,1,15,13,4,198,503,12,32,28,9,9,11,,,,,,Unavailable,,,Unavailable,,,,5100,7500,5172,26440,9271,9271,83,17,21863,7787,14076,4577,1484,3093,26440,9271,35,65,17169,3,503,16131,38,6063,4094,5974,48,36,22,47,2,34,7,38,Unavailable,10,Unavailable,83,Unavailable,Unavailable,Unavailable,Unavailable
237686,West Virginia University at Parkersburg,1,54,1,1,3,West Virginia University at Parkersburg,WV,41,2,1,0,99,1,46,3536,36,1,,,,17,185,,47,31,,,,,,,,,Unavailable,,,Unavailable,,,,5148,9324,5190,2584,1198,1198,76,24,1967,897,1070,617,301,316,2584,1198,46,54,1386,11,185,1692,20,340,601,751,0,0,15,43,Unavailable,Unavailable,Unavailable,32,Unavailable,Unavailable,Unavailable,76,Unavailable,Unavailable,Unavailable,Unavailable
201672,Central Ohio Technical College,1,39,1,1,3,Central Ohio Technical College,OH,23,2,1,0,98,2,46,9439,30,1,,,,10,273,,28,24,,,,,,,,,Unavailable,,,Unavailable,,,,5136,7896,5191,2890,530,530,75,25,2161,378,1783,729,152,577,2890,530,18,82,2360,18,273,1549,23,363,590,596,0,0,16,43,Unavailable,Unavailable,Unavailable,42,Unavailable,Unavailable,Unavailable,75,Unavailable,Unavailable,Unavailable,Unavailable
240514,Central Wyoming College,1,56,1,1,3,Central Wyoming College,WY,33,2,1,0,67,33,34,10108,12,1,,,,51,77,,49,40,,,,,,,,,Unavailable,,,Unavailable,,,,3150,9450,5229,2105,622,622,74,26,1563,502,1061,542,120,422,2106,622,30,70,1484,8,77,981,31,307,357,317,7,10,15,30,Unavailable,Unavailable,Unavailable,41,Unavailable,Unavailable,Unavailable,74,Unavailable,Unavailable,Unavailable,Unavailable
138716,Albany State University,1,13,1,1,2,Albany State University,GA,13,3,1,0,89,11,67,13775,81,1,37,35,11,92,362,27,26,23,14,25,29,,,,,,Unavailable,,,Unavailable,,,,4064,14786,5243,6018,4353,4353,82,18,4918,3982,936,1100,371,729,6018,4353,72,28,1665,6,362,5829,28,1653,2803,1373,7,264,20,49,7,47,18,24,Unavailable,25,Unavailable,82,Unavailable,Unavailable,Unavailable,Unavailable
207564,Oklahoma State University Institute of Technology,1,40,1,1,3,Oklahoma State University Institute of Technology,OK,32,2,1,0,88,12,46,10889,70,3,,,,5,206,,58,42,,,,,,,,,Unavailable,,,Unavailable,,,,4574,10184,5247,2483,1501,1501,74,26,1835,1209,626,648,292,356,2493,1503,60,40,990,10,206,2131,28,601,1190,340,0,0,17,40,Unavailable,Unavailable,Unavailable,31,Unavailable,Unavailable,Unavailable,74,Unavailable,Unavailable,Unavailable,Unavailable
199999,Winston-Salem State University,1,37,1,1,2,Winston-Salem State University,NC,11,2,1,0,82,18,62,12948,57,1,47,46,28,41,370,46,62,49,33,45,49,5,9273,6357,6,11,17,490,450,940,17,14,16,3401,14057,5319,4260,3768,3768,87,13,3719,3540,179,541,228,313,4260,3768,88,12,492,9,370,4244,11,451,2979,814,6,849,16,45,17,54,24,12,9,32,Unavailable,87,4,Unavailable,Unavailable,Unavailable
180948,Chadron State College,1,31,1,1,2,Chadron State College,NE,33,2,1,0,46,54,39,13852,15,1,40,39,24,49,165,31,46,38,26,38,38,,,,,,Unavailable,,,Unavailable,,,,5376,5376,5376,1785,1465,1465,79,21,1418,1257,161,367,208,159,1785,1465,82,18,320,10,165,1634,35,565,655,414,5,314,15,27,14,35,22,24,Unavailable,28,Unavailable,79,Unavailable,Unavailable,Unavailable,Unavailable
108092,University of Arkansas-Fort Smith,1,5,1,1,3,University of Arkansas-Fort Smith,AR,13,3,1,0,87,13,50,10387,71,1,24,24,17,70,309,32,43,37,3,25,36,1,2677,2181,0,81,81,,,Unavailable,20,21,20,4512,11376,5404,5463,3392,3392,84,16,4611,2979,1632,852,413,439,5463,3392,62,38,2071,7,309,4133,22,894,2537,702,31,571,20,42,10,41,14,24,#VALUE!,17,Unavailable,84,Unavailable,#VALUE!,Unavailable,Unavailable
380368,Fond du Lac Tribal and Community College,1,27,1,1,3,Fond du Lac Tribal and Community College,MN,31,2,1,0,82,0,65,10601,12,1,,,,23,67,,60,21,,,,,,,,,Unavailable,,,Unavailable,,,,5418,5418,5418,1749,420,420,85,15,1483,326,1157,266,94,172,1749,420,24,76,1329,15,67,457,22,101,234,122,20,83,16,47,Unavailable,Unavailable,Unavailable,36,Unavailable,Unavailable,Unavailable,85,Unavailable,Unavailable,Unavailable,Unavailable
228501,Sul Ross State University,1,48,1,1,2,Sul Ross State University,TX,33,2,1,0,97,0,52,12240,19,1,31,29,16,,186,23,36,27,17,24,27,5,1073,1026,15,4,19,510,505,1015,15,15,16,5419,15211,5419,1381,816,816,73,27,1012,704,308,369,112,257,1441,876,61,39,565,13,186,1378,31,433,485,460,9,240,11,45,10,38,20,32,11,24,Unavailable,73,10,Unavailable,Unavailable,Unavailable
204422,North Central State College,1,39,1,1,3,North Central State College,OH,41,2,1,0,99,1,47,3763,25,1,,,,36,92,,38,34,,,,,,,,,Unavailable,,,Unavailable,,,,5388,10766,5442,2448,683,683,81,19,1982,583,1399,466,100,366,2451,683,28,72,1768,8,92,1187,26,303,524,360,6,12,17,44,Unavailable,Unavailable,Unavailable,37,Unavailable,Unavailable,Unavailable,81,Unavailable,Unavailable,Unavailable,Unavailable
106485,University of Arkansas at Monticello,1,5,1,1,3,University of Arkansas at Monticello,AR,33,2,1,0,98,2,61,13575,21,1,26,22,16,,149,30,53,43,24,31,35,,,,,,Unavailable,,,Unavailable,,,,5400,11250,5517,2328,1581,1581,79,21,1839,1287,552,489,294,195,2328,1581,68,32,747,8,149,1868,17,312,1092,464,4,209,12,49,10,46,14,23,Unavailable,19,Unavailable,79,Unavailable,Unavailable,Unavailable,Unavailable
450933,Columbia Southern University,1,1,3,1,2,Columbia Southern University,AL,31,4,3,,,,21,,1648,13,27,24,18,131,1646,28,64,37,25,29,30,,,,,,Unavailable,,,Unavailable,,,,5528,5528,Unavailable,13111,7881,7881,8,92,1036,799,237,12075,7082,4993,13111,7881,60,40,5230,13,1646,13053,100,13053,,,44,97,28,Unavailable,11,25,17,79,Unavailable,21,Unavailable,8,Unavailable,Unavailable,Unavailable,Unavailable
227182,Lone Star College System,1,48,1,1,3,Lone Star College System,TX,12,5,1,82,15,2,33,11049,1273,2,,,,203,3428,,20,19,,,,,,,,,Unavailable,,,Unavailable,,,,5544,6960,5572,70991,19428,19428,81,19,57333,16305,41028,13658,3123,10535,70991,19428,27,73,51563,7,3428,47486,43,20358,14387,12741,0,0,22,37,Unavailable,Unavailable,Unavailable,42,Unavailable,Unavailable,Unavailable,81,Unavailable,Unavailable,Unavailable,Unavailable
234979,Columbia Basin College,1,53,1,1,3,Columbia Basin College,WA,21,3,1,0,95,5,29,10348,117,2,,,,3,293,,30,28,,,,,,,,,Unavailable,,,Unavailable,,,,5514,7559,5616,6729,3811,3811,70,30,4701,3047,1654,2028,764,1264,6729,3811,57,43,2918,7,293,4226,37,1548,1578,1100,0,0,19,35,Unavailable,Unavailable,Unavailable,36,Unavailable,Unavailable,Unavailable,70,Unavailable,Unavailable,Unavailable,Unavailable
188058,Northern New Mexico College,1,35,1,1,3,Northern New Mexico College,NM,32,2,1,0,94,6,50,6102,8,1,22,20,10,33,110,17,76,33,9,22,22,,,,,,Unavailable,,,Unavailable,,,,5064,14328,5620,1310,498,498,57,43,743,292,451,567,206,361,1310,498,38,62,812,13,110,859,44,381,360,118,11,38,11,44,6,34,16,49,Unavailable,18,Unavailable,57,Unavailable,Unavailable,Unavailable,Unavailable
176336,Southeastern Baptist College,1,28,2,1,3,Southeastern Baptist College,MS,32,1,2,,,,71,,3,4,,,,2,19,60,,100,20,20,60,,,,,,Unavailable,,,Unavailable,,,,5625,5625,Unavailable,64,57,57,88,13,56,54,2,8,3,5,69,62,90,10,7,29,19,65,14,9,55,1,,21,12,Unavailable,Unavailable,66,Unavailable,12,Unavailable,Unavailable,Unavailable,88,Unavailable,Unavailable,Unavailable,Unavailable
140960,Savannah State University,1,13,1,1,2,Savannah State University,GA,12,2,1,0,85,15,67,8506,69,2,26,24,11,47,173,28,25,25,17,25,27,,,,,,Unavailable,,,Unavailable,,,,4064,14785,5672,2857,2417,2417,90,10,2565,2267,298,292,150,142,2857,2417,85,15,440,6,173,2727,12,331,1576,820,8,527,21,48,7,48,13,12,Unavailable,18,Unavailable,90,Unavailable,Unavailable,Unavailable,Unavailable
180179,Montana State University Billings,1,30,1,1,2,Montana State University Billings,MT,12,2,1,0,85,6,35,13252,111,3,28,25,14,3,278,19,33,28,15,25,28,,,,,,Unavailable,,,Unavailable,,,,4805,19305,5675,3765,1904,1904,70,30,2617,1329,1288,1148,575,573,3765,1904,51,49,1861,10,278,2710,19,511,1392,807,30,316,14,35,8,27,16,33,Unavailable,21,Unavailable,70,Unavailable,Unavailable,Unavailable,Unavailable
199148,University of North Carolina at Greensboro,1,37,1,1,2,University of North Carolina at Greensboro,NC,11,4,1,0,92,8,48,10592,259,2,59,58,38,173,1627,56,60,58,40,54,58,5,12379,11120,5,9,14,600,580,1180,24,23,23,4422,20168,5682,14156,11760,11760,82,18,11647,10523,1124,2509,1237,1272,14156,11760,83,17,2396,12,1627,13848,20,2738,7545,3565,25,2317,17,42,23,52,30,18,10,40,Unavailable,82,6,Unavailable,Unavailable,Unavailable
234951,Clover Park Technical College,1,53,1,1,3,Clover Park Technical College,WA,13,2,1,0,100,0,21,6216,292,10,,,,,443,,31,41,,,,,,,,,Unavailable,,,Unavailable,,,,5740,5740,5740,3040,2032,2032,47,53,1424,1055,369,1616,977,639,3040,2032,67,33,1008,18,443,2417,13,308,620,1489,0,0,22,33,Unavailable,Unavailable,Unavailable,35,Unavailable,Unavailable,Unavailable,47,Unavailable,Unavailable,Unavailable,Unavailable
491525,Union Bible College,1,18,2,1,3,Union Bible College,IN,21,1,2,,,,30,,1,1,38,38,25,,5,,36,36,25,75,75,5,98,85,0,0,0,,,Unavailable,,,,5760,5760,Unavailable,105,57,57,78,22,82,53,29,23,4,19,164,88,54,46,76,3,5,155,58,90,52,13,2,10,14,Unavailable,15,Unavailable,17,40,Unavailable,24,Unavailable,78,Unavailable,Unavailable,Unavailable,Unavailable
442639,University of the Potomac-VA Campus,1,51,3,1,2,University of the Potomac-VA Campus,VA,21,1,3,,,,0,,2,1,83,57,43,,26,,78,78,0,0,78,,,,,,Unavailable,,,Unavailable,,,,5760,5760,Unavailable,177,177,177,27,73,48,48,0,129,129,0,177,177,100,Unavailable,,15,26,177,0,0,50,127,,4,9,Unavailable,26,Unavailable,32,#VALUE!,Unavailable,56,Unavailable,27,Unavailable,Unavailable,Unavailable,Unavailable
384412,University of the Potomac-Washington DC Campus,1,11,3,1,2,University of the Potomac-Washington DC Campus,DC,11,1,3,,,,26,,22,8,75,75,75,1,25,0,86,50,8,8,25,,,,,,Unavailable,,,Unavailable,,,,5760,5760,Unavailable,253,253,253,22,78,56,56,0,197,197,0,266,266,100,Unavailable,,9,25,266,23,60,15,191,,4,10,Unavailable,45,13,36,#VALUE!,Unavailable,49,Unavailable,22,Unavailable,Unavailable,Unavailable,Unavailable
181534,Peru State College,1,31,1,1,2,Peru State College,NE,43,2,1,0,100,0,45,11855,14,1,40,39,24,9,121,29,50,38,27,36,38,,,,,,Unavailable,,,Unavailable,,,,5760,5760,5760,1452,926,926,78,22,1126,784,342,326,142,184,1452,926,64,36,526,11,121,1141,35,399,407,335,8,220,16,43,14,37,22,30,Unavailable,28,Unavailable,78,Unavailable,Unavailable,Unavailable,Unavailable
181783,Wayne State College,1,31,1,1,2,Wayne State College,NE,32,2,1,0,100,0,34,15458,26,1,51,50,32,72,200,41,69,56,40,54,56,,,,,,Unavailable,,,Unavailable,,,,5760,5760,5760,3934,2835,2835,93,7,3649,2696,953,285,139,146,3934,2835,72,28,1099,7,200,3041,9,271,1086,1684,1,777,19,39,19,38,24,14,Unavailable,33,Unavailable,93,Unavailable,Unavailable,Unavailable,Unavailable
203881,Marion Technical College,1,39,1,1,3,Marion Technical College,OH,32,2,1,0,99,0,43,7625,19,1,,,,5,124,,20,22,,,,,,,,,Unavailable,,,Unavailable,,,,5850,10440,5850,3008,459,459,75,25,2271,346,1925,737,113,624,3008,459,15,85,2549,9,124,1351,21,286,446,619,0,0,14,42,Unavailable,Unavailable,Unavailable,42,Unavailable,Unavailable,Unavailable,75,Unavailable,Unavailable,Unavailable,Unavailable
110529,California State Polytechnic University-Pomona,1,6,1,1,2,California State Polytechnic University-Pomona,CA,21,5,1,0,99,1,46,11898,240,1,74,70,28,26,2764,62,71,67,29,58,67,3,45775,33737,,,Unavailable,,,Unavailable,,,,5742,17622,5861,24455,21007,21007,84,16,20464,18313,2151,3991,2694,1297,24455,21007,86,14,3448,11,2764,24271,3,648,14558,9065,79,3576,23,43,17,54,35,12,Unavailable,49,Unavailable,84,Unavailable,Unavailable,Unavailable,Unavailable
111188,California State University Maritime Academy,1,6,1,1,2,California State University Maritime Academy,CA,12,1,1,0,99,1,29,16081,19,2,70,68,59,4,62,67,69,67,50,63,67,3,943,931,,,Unavailable,,,Unavailable,,,,5742,17622,5861,761,726,726,90,10,685,659,26,76,67,9,761,726,95,5,35,8,62,761,0,0,183,578,,145,10,36,35,48,32,5,Unavailable,45,Unavailable,90,Unavailable,Unavailable,Unavailable,Unavailable
110565,California State University-Fullerton,1,6,1,1,2,California State University-Fullerton,CA,21,5,1,0,99,1,47,6283,292,1,76,71,29,23,4432,67,72,69,36,61,69,3,48591,42149,,,Unavailable,,,Unavailable,,,,5742,17622,5861,37125,29695,29695,84,16,31034,26587,4447,6091,3108,2983,37125,29695,80,20,7430,12,4432,36956,7,2742,20258,13956,315,4965,22,44,17,57,36,15,Unavailable,50,Unavailable,84,Unavailable,Unavailable,Unavailable,Unavailable
110592,California State University-Los Angeles,1,6,1,1,2,California State University-Los Angeles,CA,11,5,1,0,99,1,66,4551,130,1,56,52,11,21,2480,52,56,53,21,44,53,3,32748,30106,,,Unavailable,,,Unavailable,,,,5742,17622,5861,21527,17785,17785,77,23,16473,14693,1780,5054,3092,1962,21527,17785,83,17,3742,12,2480,21478,5,1016,10684,9778,177,3715,19,51,7,59,28,16,Unavailable,38,Unavailable,77,Unavailable,Unavailable,Unavailable,Unavailable
110510,California State University-San Bernardino,1,6,1,1,2,California State University-San Bernardino,CA,12,4,1,0,99,1,58,6645,141,1,62,57,19,20,2010,53,57,55,24,46,55,3,12772,12548,,,Unavailable,,,Unavailable,,,,5742,17622,5861,16067,12953,12953,76,24,12193,10484,1709,3874,2469,1405,16067,12953,81,19,3114,13,2010,15771,10,1568,10657,3546,88,2236,19,48,11,56,30,18,Unavailable,42,Unavailable,76,Unavailable,Unavailable,Unavailable,Unavailable
204255,Zane State College,1,39,1,1,3,Zane State College,OH,32,2,1,0,99,1,41,7397,11,1,,,,1,74,,68,53,,,,,,,,,Unavailable,,,Unavailable,,,,5820,11430,5876,1619,536,536,86,14,1398,462,936,221,74,147,1619,536,33,67,1083,10,74,717,21,151,299,267,0,0,15,41,Unavailable,Unavailable,Unavailable,32,Unavailable,Unavailable,Unavailable,86,Unavailable,Unavailable,Unavailable,Unavailable
187897,New Mexico Highlands University,1,35,1,1,2,New Mexico Highlands University,NM,33,2,1,0,79,21,50,15106,9,1,28,27,18,131,280,14,50,26,16,23,26,,,,,,Unavailable,,,Unavailable,,,,4888,9808,5921,1710,1014,1014,59,41,1011,764,247,699,250,449,1710,1014,59,41,696,18,280,1561,40,624,720,217,15,225,10,40,11,32,22,41,Unavailable,24,Unavailable,59,Unavailable,Unavailable,Unavailable,Unavailable
201946,University of Cincinnati-Clermont College,1,39,1,1,3,University of Cincinnati-Clermont College,OH,21,3,1,0,97,3,38,8892,58,1,,,,2,424,,27,25,,,,,,,,,Unavailable,,,Unavailable,,,,5712,12944,5929,8323,1110,1110,75,25,6221,826,5395,2102,284,1818,8324,1111,13,87,7213,16,424,2606,68,1766,545,295,0,0,20,39,Unavailable,Unavailable,Unavailable,56,Unavailable,Unavailable,Unavailable,75,Unavailable,Unavailable,Unavailable,Unavailable
107071,Henderson State University,1,5,1,1,2,Henderson State University,AR,32,2,1,0,99,1,48,16929,17,1,38,37,24,,125,35,47,38,29,37,39,3,1814,1486,,,Unavailable,,,Unavailable,,,,5928,8136,5950,1493,1320,1320,89,11,1325,1224,101,168,96,72,1493,1320,88,12,173,8,125,1491,9,128,1142,221,7,337,17,44,14,42,20,11,Unavailable,26,Unavailable,89,Unavailable,Unavailable,Unavailable,Unavailable
441900,Nevada State University,1,32,1,1,2,Nevada State University,NV,41,3,1,0,98,2,41,16255,109,2,33,29,9,28,538,0,63,31,12,24,31,3,1733,1493,,,Unavailable,,,Unavailable,,,,5693,19774,5975,7224,2252,2252,76,24,5456,1728,3728,1768,524,1244,7224,2252,31,69,4972,14,538,3791,27,1021,1626,1144,82,356,19,41,5,21,20,39,Unavailable,25,Unavailable,76,Unavailable,Unavailable,Unavailable,Unavailable
461032,Carolina College of Biblical Studies,1,37,2,1,2,Carolina College of Biblical Studies,NC,12,1,2,,,,56,,13,11,100,100,0,5,18,,0,22,100,100,100,,,,,,Unavailable,,,Unavailable,,,,5976,5976,Unavailable,122,49,49,7,93,9,5,4,113,44,69,122,49,40,60,73,15,18,122,25,30,38,54,1,1,4,Unavailable,0,Unavailable,49,62,Unavailable,66,Unavailable,7,Unavailable,Unavailable,Unavailable,Unavailable
441937,California State University-Channel Islands,1,6,1,1,2,California State University-Channel Islands,CA,41,3,1,0,98,2,47,10931,66,1,60,58,23,16,953,53,54,53,28,47,53,3,10082,9382,,,Unavailable,,,Unavailable,,,,5742,17622,5980,5290,4024,4024,72,28,3828,3237,591,1462,787,675,5290,4024,76,24,1266,18,953,5230,14,749,3496,985,33,602,15,43,14,50,34,23,Unavailable,43,Unavailable,72,Unavailable,Unavailable,Unavailable,Unavailable
110547,California State University-Dominguez Hills,1,6,1,1,2,California State University-Dominguez Hills,CA,13,4,1,0,98,2,61,4438,66,1,57,53,16,18,1527,46,49,47,18,39,47,3,19040,17388,,,Unavailable,,,Unavailable,,,,5742,17622,5980,12730,9541,9541,69,31,8843,7464,1379,3887,2077,1810,12730,9541,75,25,3189,12,1527,12642,9,1161,6622,4859,154,1908,18,49,10,54,28,22,Unavailable,39,Unavailable,69,Unavailable,Unavailable,Unavailable,Unavailable
366711,California State University-San Marcos,1,6,1,1,2,California State University-San Marcos,CA,21,4,1,0,98,2,44,10500,356,2,62,59,19,26,1952,52,59,54,24,47,54,3,17519,16765,,,Unavailable,,,Unavailable,,,,5742,17622,5980,14246,11848,11848,82,18,11717,10243,1474,2529,1605,924,14246,11848,83,17,2398,14,1952,14174,4,555,5392,8227,141,2410,21,42,11,48,32,13,Unavailable,43,Unavailable,82,Unavailable,Unavailable,Unavailable,Unavailable
110495,California State University-Stanislaus,1,6,1,1,2,California State University-Stanislaus,CA,23,3,1,0,98,2,56,7316,44,1,63,58,19,12,1289,59,57,58,26,51,58,3,5334,5199,,,Unavailable,,,Unavailable,,,,5742,17622,5980,8669,6923,6923,76,24,6596,5633,963,2073,1290,783,8669,6923,80,20,1746,15,1289,8564,12,1007,5148,2409,68,963,16,47,11,58,32,19,Unavailable,44,Unavailable,76,Unavailable,Unavailable,Unavailable,Unavailable
490081,America Evangelical University,1,6,2,1,2,America Evangelical University,CA,13,1,2,,,,55,,0,0,,,,,1,,100,100,0,100,100,,,,,,Unavailable,,,Unavailable,,,,6000,6000,Unavailable,71,52,52,7,93,5,5,0,66,47,19,71,52,73,27,19,1,1,71,93,66,5,0,2,3,13,Unavailable,Unavailable,Unavailable,Unavailable,73,Unavailable,Unavailable,Unavailable,7,Unavailable,Unavailable,Unavailable,Unavailable
497408,Bridges Christian College,1,22,2,1,2,Bridges Christian College,LA,11,1,2,,,,43,,0,0,,,,6,17,,,,,,,,,,,,Unavailable,,,Unavailable,,,,6000,6000,Unavailable,94,64,64,38,62,36,24,12,58,40,18,110,77,70,30,33,16,17,108,100,108,,,0,8,3,Unavailable,Unavailable,Unavailable,Unavailable,64,Unavailable,Unavailable,Unavailable,38,Unavailable,Unavailable,Unavailable,Unavailable
413617,College of Menominee Nation,1,55,2,1,3,College of Menominee Nation,WI,42,1,2,,,,65,,0,0,,,,5,4,,36,28,,,,,,,,,Unavailable,,,Unavailable,,,,6000,6000,Unavailable,219,80,80,32,68,71,29,42,148,51,97,219,80,37,63,139,2,4,199,0,0,48,151,0,0,6,Unavailable,Unavailable,Unavailable,Unavailable,46,Unavailable,Unavailable,Unavailable,32,Unavailable,Unavailable,Unavailable,Unavailable
497462,Redeemers University North America,1,48,2,1,3,Redeemers University North America,TX,42,1,2,,,,1,,0,0,,,,,0,,,,,,,5,13,12,,,Unavailable,,,Unavailable,,,,6000,6000,Unavailable,Unavailable,Unavailable,Unavailable,Unavailable,#VALUE!,,,,24,24,0,24,24,100,Unavailable,,0,,6,Unavailable,,,6,0,0,15,Unavailable,Unavailable,Unavailable,Unavailable,#VALUE!,Unavailable,Unavailable,Unavailable,Unavailable,Unavailable,Unavailable,Unavailable,Unavailable
260372,Lac Courte Oreilles Ojibwe University,1,55,1,1,3,Lac Courte Oreilles Ojibwe University,WI,43,1,1,0,100,0,82,11536,1,0,,,,15,13,,9,13,,,,,,,,,Unavailable,,,Unavailable,,,,6000,6000,6000,204,70,70,27,73,55,23,32,149,47,102,213,70,33,67,143,6,13,205,2,5,192,8,1,4,6,58,Unavailable,Unavailable,Unavailable,50,Unavailable,Unavailable,Unavailable,27,Unavailable,Unavailable,Unavailable,Unavailable
180522,Montana State University-Northern,1,30,1,1,2,Montana State University-Northern,MT,33,2,1,0,88,12,33,11789,16,2,39,35,24,15,61,26,45,42,23,31,35,,,,,,Unavailable,,,Unavailable,,,,4496,17096,6008,982,682,682,78,22,770,594,176,212,88,124,982,682,69,31,300,8,61,787,17,132,428,227,6,88,13,35,14,30,19,23,Unavailable,27,Unavailable,78,Unavailable,Unavailable,Unavailable,Unavailable
226833,Midwestern State University,1,48,1,1,2,Midwestern State University,TX,12,3,1,0,93,7,44,11798,267,6,49,47,24,37,397,35,52,41,23,37,41,3,5824,5089,,,Unavailable,,,Unavailable,,,,5877,7827,6014,4508,3174,3174,78,22,3532,2741,791,976,433,543,4508,3174,70,30,1334,10,397,4043,20,816,1818,1409,14,773,16,41,14,40,25,24,Unavailable,33,Unavailable,78,Unavailable,Unavailable,Unavailable,Unavailable
240657,Northwest College,1,56,1,1,3,Northwest College,WY,33,2,1,0,54,46,30,9254,16,1,,,,13,43,,45,44,,,,,,,,,Unavailable,,,Unavailable,,,,3150,9450,6048,1378,650,650,82,18,1128,584,544,250,66,184,1379,650,47,53,729,5,43,826,11,91,443,292,0,0,13,26,Unavailable,Unavailable,Unavailable,26,Unavailable,Unavailable,Unavailable,82,Unavailable,Unavailable,Unavailable,Unavailable
201432,Bowling Green State University-Firelands,1,39,1,1,3,Bowling Green State University-Firelands,OH,41,2,1,0,93,7,44,16169,24,1,,,,17,65,,13,10,,,,,,,,,Unavailable,,,Unavailable,,,,5507,13495,6066,1928,924,924,91,9,1752,845,907,176,79,97,1928,924,48,52,1004,6,65,1134,19,217,391,526,43,479,16,41,Unavailable,Unavailable,Unavailable,25,Unavailable,Unavailable,Unavailable,91,Unavailable,Unavailable,Unavailable,Unavailable
218113,Greenville Technical College,1,45,1,1,3,Greenville Technical College,SC,13,4,1,70,26,5,42,6267,3,0,,,,89,494,,22,18,,,,,,,,,Unavailable,,,Unavailable,,,,5855,10275,6076,10661,4008,4008,72,28,7626,3145,4481,3035,863,2172,10661,4008,38,62,6653,6,494,8171,37,2995,2955,2221,0,0,15,41,Unavailable,Unavailable,Unavailable,41,Unavailable,Unavailable,Unavailable,72,Unavailable,Unavailable,Unavailable,Unavailable
110538,California State University-Chico,1,6,1,1,2,California State University-Chico,CA,12,4,1,0,97,3,40,15187,125,1,68,65,33,30,1888,57,69,64,33,58,64,3,22263,20864,,,Unavailable,,,Unavailable,,,,5742,17622,6098,13160,11831,11831,83,17,10947,10285,662,2213,1546,667,13160,11831,90,10,1329,14,1888,13057,13,1633,8056,3368,50,1970,20,40,20,49,35,14,Unavailable,47,Unavailable,83,Unavailable,Unavailable,Unavailable,Unavailable
110556,California State University-Fresno,1,6,1,1,2,California State University-Fresno,CA,11,5,1,0,97,3,57,7303,123,1,61,57,18,27,2615,51,64,55,25,47,55,3,20201,19469,,,Unavailable,,,Unavailable,,,,5742,17622,6098,21430,17763,17763,84,16,18106,15653,2453,3324,2110,1214,21430,17763,83,17,3667,12,2615,21070,4,774,10894,9402,222,3236,18,47,11,54,30,12,Unavailable,42,Unavailable,84,Unavailable,Unavailable,Unavailable,Unavailable
110583,California State University-Long Beach,1,6,1,1,2,California State University-Long Beach,CA,11,5,1,0,97,3,50,9731,471,1,78,75,34,61,4438,66,75,70,38,64,70,3,79680,37547,,,Unavailable,,,Unavailable,,,,5742,17622,6098,34243,28962,28962,84,16,28718,25622,3096,5525,3340,2185,34243,28962,85,15,5281,13,4438,34131,4,1234,16990,15907,105,5260,19,44,20,58,38,12,Unavailable,52,Unavailable,84,Unavailable,Unavailable,Unavailable,Unavailable
110617,California State University-Sacramento,1,6,1,1,2,California State University-Sacramento,CA,11,5,1,0,97,3,49,11183,265,1,63,57,20,38,3491,53,61,56,26,48,56,3,25994,24336,,,Unavailable,,,Unavailable,,,,5742,17622,6098,28268,22418,22418,79,21,22368,18955,3413,5900,3463,2437,28268,22418,79,21,5850,13,3491,27867,6,1561,14013,12293,111,3804,21,44,12,51,30,16,Unavailable,43,Unavailable,79,Unavailable,Unavailable,Unavailable,Unavailable
122755,San Jose State University,1,6,1,1,2,San Jose State University,CA,11,5,1,0,97,3,36,13833,246,1,73,69,25,40,3081,60,69,65,30,58,65,3,35780,28708,,,Unavailable,,,Unavailable,,,,5742,17622,6098,27111,21807,21807,85,15,22916,19327,3589,4195,2480,1715,27111,21807,80,20,5304,12,3081,26757,6,1667,15996,9094,160,3877,18,39,15,48,35,14,Unavailable,48,Unavailable,85,Unavailable,Unavailable,Unavailable,Unavailable
123572,Sonoma State University,1,6,1,1,2,Sonoma State University,CA,21,3,1,0,97,3,36,15113,53,1,62,60,41,14,759,55,64,61,42,58,61,3,10529,9974,,,Unavailable,,,Unavailable,,,,5742,17622,6098,5412,4716,4716,84,16,4530,4140,390,882,576,306,5412,4716,87,13,696,14,759,5374,4,218,2588,2568,27,940,15,39,25,46,32,12,Unavailable,43,Unavailable,84,Unavailable,Unavailable,Unavailable,Unavailable
229179,Texas Woman's University,1,48,1,1,2,Texas Woman's University,TX,12,4,1,0,96,4,46,10763,139,1,53,48,23,103,1209,41,52,44,27,39,44,3,7584,7204,,,Unavailable,,,Unavailable,,,,5712,15792,6115,10260,6750,6750,79,21,8144,5717,2427,2116,1033,1083,10260,6750,66,34,3510,14,1209,8804,28,2493,4455,1856,22,1319,17,42,14,44,27,27,Unavailable,37,Unavailable,79,Unavailable,Unavailable,Unavailable,Unavailable
196440,Talmudical Institute of Upstate New York,1,36,2,1,2,Talmudical Institute of Upstate New York,NY,12,1,2,,,,64,,0,0,,,,,0,20,0,17,0,17,17,3,3,3,,,Unavailable,,,Unavailable,,,,6150,6150,Unavailable,Unavailable,Unavailable,Unavailable,#VALUE!,Unavailable,16,16,0,,,,16,16,100,Unavailable,,0,,16,Unavailable,,,16,,7,8,Unavailable,Unavailable,42,Unavailable,#VALUE!,Unavailable,Unavailable,Unavailable,Unavailable,Unavailable,Unavailable,Unavailable,Unavailable
160612,Southeastern Louisiana University,1,22,1,1,2,Southeastern Louisiana University,LA,13,4,1,0,97,3,43,12007,156,1,41,38,19,72,509,37,52,45,25,41,45,5,5485,5171,0,95,95,,,Unavailable,21,24,19,5777,18255,6151,12684,8072,8072,93,7,11791,7527,4264,893,545,348,12684,8072,64,36,4612,5,509,9514,5,456,3990,5068,918,1427,20,41,11,40,18,15,#VALUE!,27,Unavailable,93,Unavailable,#VALUE!,Unavailable,Unavailable
204820,Ohio University-Chillicothe Campus,1,39,1,1,3,Ohio University-Chillicothe Campus,OH,32,2,1,0,100,0,41,5304,9,0,14,14,9,2,41,11,12,12,8,10,10,,,,,,Unavailable,,,Unavailable,,,,6178,9170,6178,1941,605,605,83,17,1608,516,1092,333,89,244,1941,605,31,69,1336,5,41,777,29,225,374,178,7,114,17,41,5,26,9,36,Unavailable,11,Unavailable,83,Unavailable,Unavailable,Unavailable,Unavailable
204802,Ohio University-Eastern Campus,1,39,1,1,2,Ohio University-Eastern Campus,OH,41,2,1,0,99,1,36,3897,3,0,18,16,8,,19,22,18,20,12,16,19,,,,,,Unavailable,,,Unavailable,,,,6178,9170,6208,1149,269,269,87,13,997,253,744,152,16,136,1149,269,23,77,880,6,19,305,16,48,177,80,1,84,14,39,5,29,10,33,Unavailable,13,Unavailable,87,Unavailable,Unavailable,Unavailable,Unavailable
204866,Ohio University-Zanesville Campus,1,39,1,1,3,Ohio University-Zanesville Campus,OH,32,2,1,0,99,1,36,5715,9,1,19,18,14,1,30,8,26,18,12,17,18,,,,,,Unavailable,,,Unavailable,,,,6178,9170,6208,1799,431,431,83,17,1501,349,1152,298,82,216,1799,431,24,76,1368,6,30,526,19,102,262,162,3,84,12,39,8,22,11,35,Unavailable,14,Unavailable,83,Unavailable,Unavailable,Unavailable,Unavailable
454829,Aspen University,1,4,3,1,2,Aspen University,AZ,11,3,3,,,,13,,38,2,,,,46,239,,,,,,,,,,,,Unavailable,,,Unavailable,,,,6210,6210,Unavailable,2398,252,252,4,96,104,9,95,2294,243,2051,2398,252,11,89,2146,10,239,2396,88,2117,279,0,39,0,4,Unavailable,Unavailable,Unavailable,Unavailable,92,Unavailable,Unavailable,Unavailable,4,Unavailable,Unavailable,Unavailable,Unavailable
110486,California State University-Bakersfield,1,6,1,1,2,California State University-Bakersfield,CA,11,3,1,0,96,4,62,6567,75,1,52,48,17,9,971,47,56,49,28,43,49,3,13950,12303,,,Unavailable,,,Unavailable,,,,5742,17622,6217,8336,6796,6796,76,24,6318,5549,769,2018,1247,771,8336,6796,82,18,1540,12,971,8183,13,1043,4942,2198,27,1080,16,49,10,55,26,19,Unavailable,36,Unavailable,76,Unavailable,Unavailable,Unavailable,Unavailable
409698,California State University-Monterey Bay,1,6,1,1,2,California State University-Monterey Bay,CA,22,3,1,0,96,4,44,15222,46,1,62,60,33,12,857,62,65,63,40,60,63,3,11769,11160,,,Unavailable,,,Unavailable,,,,5742,17622,6217,5909,5204,5204,82,18,4847,4521,326,1062,683,379,5909,5204,88,12,705,15,857,5811,5,273,2592,2946,13,891,16,42,20,53,33,12,Unavailable,43,Unavailable,82,Unavailable,Unavailable,Unavailable,Unavailable
110608,California State University-Northridge,1,6,1,1,2,California State University-Northridge,CA,11,5,1,0,96,4,56,8222,291,1,60,54,17,28,4360,53,62,56,25,49,56,3,29789,27748,,,Unavailable,,,Unavailable,,,,5742,17622,6217,32429,26653,26653,80,20,25938,22709,3229,6491,3944,2547,32429,26653,82,18,5776,13,4360,32357,6,1849,18227,12281,73,4899,21,46,10,55,30,15,Unavailable,41,Unavailable,80,Unavailable,Unavailable,Unavailable,Unavailable
122597,San Francisco State University,1,6,1,1,2,San Francisco State University,CA,11,5,1,0,96,4,43,13353,608,3,56,54,24,28,2460,48,54,50,27,44,50,3,29878,28727,,,Unavailable,,,Unavailable,,,,5742,17622,6217,20756,16695,16695,82,18,16926,14277,2649,3830,2418,1412,20756,16695,80,20,4061,12,2460,20033,7,1347,12232,6454,153,3186,16,41,14,46,29,15,Unavailable,39,Unavailable,82,Unavailable,Unavailable,Unavailable,Unavailable
204848,Ohio University-Lancaster Campus,1,39,1,1,2,Ohio University-Lancaster Campus,OH,41,2,1,0,98,2,30,4935,11,1,12,11,8,,33,11,14,14,8,10,11,,,,,,Unavailable,,,Unavailable,,,,6178,9170,6238,1977,520,520,85,15,1679,468,1211,298,52,246,1977,520,26,74,1457,5,33,657,23,148,396,113,22,149,16,37,5,21,7,35,Unavailable,9,Unavailable,85,Unavailable,Unavailable,Unavailable,Unavailable
481401,Grace School of Theology,1,48,2,1,2,Grace School of Theology,TX,12,1,2,,,,12,,3,1,0,0,0,8,3,,,,,,,,,,,,Unavailable,,,Unavailable,,,,6240,6240,Unavailable,217,4,4,16,84,34,1,33,183,3,180,220,4,2,98,216,1,3,215,97,208,7,0,19,0,12,Unavailable,0,Unavailable,1,92,Unavailable,1,Unavailable,16,Unavailable,Unavailable,Unavailable,Unavailable
201690,Central State University,1,39,1,1,2,Central State University,OH,41,2,1,0,58,42,42,14821,0,0,25,23,8,100,190,24,33,26,14,22,26,3,3291,1514,,,Unavailable,,,Unavailable,,,,5404,7404,6244,3428,2414,2414,51,49,1759,1588,171,1669,826,843,3429,2414,70,30,1015,6,190,3412,54,1841,1136,435,69,545,17,31,5,33,13,45,Unavailable,17,Unavailable,51,Unavailable,Unavailable,Unavailable,Unavailable
206914,Cameron University,1,40,1,1,2,Cameron University,OK,13,2,1,0,89,11,49,11094,250,8,36,33,18,39,254,27,24,22,17,25,28,,,,,,Unavailable,,,Unavailable,,,,5220,14640,6256,3244,1904,1904,72,28,2324,1420,904,920,484,436,3244,1904,59,41,1340,10,254,2534,25,623,1355,556,14,279,18,42,11,38,19,31,Unavailable,26,Unavailable,72,Unavailable,Unavailable,Unavailable,Unavailable
230597,Snow College,1,49,1,1,3,Snow College,UT,33,3,1,0,78,22,34,7258,8,0,100,100,71,48,69,0,48,47,0,0,0,,,,,,Unavailable,,,Unavailable,,,,4180,13746,6285,5499,3201,3201,94,6,5165,3092,2073,334,109,225,5506,3201,58,42,2305,2,69,3552,15,548,905,2099,0,10,21,33,43,17,41,20,Unavailable,61,Unavailable,94,Unavailable,Unavailable,Unavailable,Unavailable
229799,Weatherford College,1,48,1,1,3,Weatherford College,TX,31,3,1,43,48,9,25,8264,143,3,,,,24,349,,11,23,,,,,,,,,Unavailable,,,Unavailable,,,,6060,8580,6287,5440,1634,1634,79,21,4307,1361,2946,1133,273,860,5440,1634,30,70,3806,9,349,3961,22,857,1267,1837,0,0,15,33,Unavailable,Unavailable,Unavailable,36,Unavailable,Unavailable,Unavailable,79,Unavailable,Unavailable,Unavailable,Unavailable
170444,Jackson College,1,26,1,1,3,Jackson College,MI,41,2,1,68,30,2,49,8361,112,2,20,20,0,32,313,,26,17,,,,,,,,,Unavailable,,,Unavailable,,,,6270,8310,6311,4975,1009,1009,64,36,3208,734,2474,1767,275,1492,4975,1009,20,80,3966,9,313,3563,48,1705,853,1005,0,0,15,44,0,Unavailable,13,52,Unavailable,16,Unavailable,64,Unavailable,Unavailable,Unavailable,Unavailable
204015,Miami University-Middletown,1,39,1,1,2,Miami University-Middletown,OH,23,2,1,0,99,1,31,13457,25,2,19,18,7,12,75,26,22,25,11,20,22,,,,,,Unavailable,,,Unavailable,,,,6210,17466,6323,1213,728,728,82,18,995,648,347,218,80,138,1213,728,60,40,485,9,75,871,32,280,488,103,15,162,16,37,4,29,12,29,Unavailable,15,Unavailable,82,Unavailable,Unavailable,Unavailable,Unavailable
237701,Potomac State College of West Virginia University,1,54,1,1,3,Potomac State College of West Virginia University,WV,33,2,1,10,73,17,48,7685,13,1,,,,3,38,,38,26,,,,,,,,,Unavailable,,,Unavailable,,,,5040,12624,6329,1143,866,866,90,10,1027,798,229,116,68,48,1143,866,76,24,277,4,38,952,15,140,505,307,5,384,17,40,Unavailable,Unavailable,Unavailable,16,Unavailable,Unavailable,Unavailable,90,Unavailable,Unavailable,Unavailable,Unavailable
110574,California State University-East Bay,1,6,1,1,2,California State University-East Bay,CA,21,4,1,0,95,5,44,10874,108,1,53,48,12,28,2037,42,51,46,18,38,46,3,13274,12851,,,Unavailable,,,Unavailable,,,,5742,17622,6336,10562,7974,7974,62,38,6569,5707,862,3993,2267,1726,10562,7974,75,25,2588,20,2037,10422,33,3455,5168,1799,14,882,17,41,7,43,31,32,Unavailable,40,Unavailable,62,Unavailable,Unavailable,Unavailable,Unavailable
167525,Quincy College,1,25,1,1,3,Quincy College,MA,21,2,1,0,100,0,42,10859,148,6,,,,49,246,,24,17,,,,,,,,,Unavailable,,,Unavailable,,,,6360,6360,6360,2597,925,925,49,51,1267,526,741,1330,399,931,2603,926,36,64,1677,12,246,2126,36,758,743,625,0,8,18,42,Unavailable,Unavailable,Unavailable,51,Unavailable,Unavailable,Unavailable,49,Unavailable,Unavailable,Unavailable,Unavailable
200873,Allegheny Wesleyan College,1,39,2,1,2,Allegheny Wesleyan College,OH,41,1,2,,,,49,,0,0,42,42,0,,1,33,33,40,0,27,27,,,,,,Unavailable,,,Unavailable,,,,6400,6400,Unavailable,70,43,43,96,4,67,42,25,3,1,2,70,43,61,39,27,2,1,54,0,0,10,44,0,14,6,Unavailable,0,41,18,13,Unavailable,26,Unavailable,96,Unavailable,Unavailable,Unavailable,Unavailable
457697,City Vision University,1,29,2,1,2,City Vision University,MO,11,1,2,,,,66,,2,1,,,,3,91,,,,,,,,,,,,Unavailable,,,Unavailable,,,,6400,6400,Unavailable,188,20,20,6,94,12,2,10,176,18,158,188,20,11,89,168,48,91,188,100,188,,,21,3,6,Unavailable,Unavailable,Unavailable,Unavailable,94,Unavailable,Unavailable,Unavailable,6,Unavailable,Unavailable,Unavailable,Unavailable
201955,University of Cincinnati-Blue Ash College,1,39,1,1,3,University of Cincinnati-Blue Ash College,OH,21,3,1,0,97,3,38,9388,81,1,,,,12,242,,19,15,,,,,,,,,Unavailable,,,Unavailable,,,,6161,14959,6425,7166,3044,3044,88,12,6278,2855,3423,888,189,699,7166,3044,42,58,4122,6,242,4104,10,426,1842,1836,0,0,18,39,Unavailable,Unavailable,Unavailable,25,Unavailable,Unavailable,Unavailable,88,Unavailable,Unavailable,Unavailable,Unavailable
162283,Coppin State University,1,24,1,1,2,Coppin State University,MD,11,2,1,0,78,22,55,7684,10,1,27,26,14,3,185,27,10,26,10,20,26,5,4703,2331,1,1,2,,,Unavailable,,,,4933,11721,6426,1810,1393,1393,71,29,1290,1127,163,520,266,254,1810,1393,77,23,417,11,185,1756,12,213,936,607,10,332,10,42,8,41,17,22,Unavailable,20,Unavailable,71,Unavailable,Unavailable,Unavailable,Unavailable
447050,United States University,1,6,3,1,2,United States University,CA,11,2,3,,,,13,,4,2,0,0,0,49,39,,,,,,,,,,,,Unavailable,,,Unavailable,,,,6467,6467,Unavailable,178,76,76,7,93,12,9,3,166,67,99,178,76,43,57,102,23,39,167,100,167,0,0,0,0,15,Unavailable,0,Unavailable,14,84,Unavailable,9,Unavailable,7,Unavailable,Unavailable,Unavailable,Unavailable
445267,Central Methodist University-College of Graduate and Extended Studies,2,29,2,1,2,Central Methodist University-College of Graduate and Extended Studies,MO,42,2,2,,,,49,,12,0,0,0,0,10,478,0,0,0,0,0,0,5,280,244,0,,Unavailable,,,Unavailable,,,,6480,6480,Unavailable,3247,1006,1006,59,41,1922,459,1463,1325,547,778,3247,1006,31,69,2241,26,478,1807,88,1586,153,68,3,2,17,Unavailable,0,25,16,63,Unavailable,11,Unavailable,59,Unavailable,Unavailable,Unavailable,Unavailable
407610,Pacific Bible College,1,41,2,1,3,Pacific Bible College,OR,13,1,2,,,,34,,1,2,,,,2,10,,33,40,,,,3,14,13,,,Unavailable,,,Unavailable,,,,6480,6480,Unavailable,44,6,6,23,77,10,4,6,34,2,32,44,6,14,86,38,23,10,44,0,0,2,42,1,0,4,Unavailable,Unavailable,Unavailable,Unavailable,57,Unavailable,Unavailable,Unavailable,23,Unavailable,Unavailable,Unavailable,Unavailable
111045,Haven University,1,6,2,1,2,Haven University,CA,21,1,2,,,,14,,0,0,100,100,0,,4,,,,,,,,,,,,Unavailable,,,Unavailable,,,,6500,6500,Unavailable,29,25,25,21,79,6,5,1,23,20,3,31,27,87,13,4,18,4,22,14,3,0,19,0,0,16,Unavailable,0,Unavailable,51,40,Unavailable,67,Unavailable,21,Unavailable,Unavailable,Unavailable,Unavailable
483036,Texas A&M University-Central Texas,1,48,1,1,2,Texas A&M University-Central Texas,TX,41,2,1,0,100,0,49,437,290,17,,,,14,418,,,,,,,3,33,33,,,Unavailable,,,Unavailable,,,,6593,16385,6593,1702,573,573,37,63,627,242,385,1075,331,744,1702,573,34,66,1129,25,418,1698,66,1129,358,211,0,0,15,45,Unavailable,Unavailable,Unavailable,65,Unavailable,Unavailable,Unavailable,37,Unavailable,Unavailable,Unavailable,Unavailable
461528,Manna University,1,37,2,1,2,Manna University,NC,12,1,2,,,,37,,19,11,100,50,50,14,26,,40,69,0,0,0,3,20,20,,,Unavailable,,,Unavailable,,,,6600,6600,Unavailable,172,53,53,27,73,47,33,14,125,20,105,172,53,31,69,119,15,26,169,79,134,24,11,4,5,10,Unavailable,30,Unavailable,29,74,Unavailable,66,Unavailable,27,Unavailable,Unavailable,Unavailable,Unavailable
202903,Gods Bible School and College,1,39,2,1,2,Gods Bible School and College,OH,11,1,2,,,,36,,4,1,60,60,40,6,17,54,45,50,32,59,64,5,139,89,2,0,2,,,Unavailable,,,,6600,6600,Unavailable,417,184,184,74,26,308,150,158,109,34,75,417,184,44,56,233,6,17,285,37,105,152,28,3,26,9,Unavailable,24,45,28,38,Unavailable,38,Unavailable,74,Unavailable,Unavailable,Unavailable,Unavailable
187046,Thomas Edison State University,1,34,1,1,2,Thomas Edison State University,NJ,13,3,1,,,,21,,824,12,,,,53,1799,,,,,,,,,,,,Unavailable,,,Unavailable,,,,6638,8598,Unavailable,6771,87,87,12,88,783,10,773,5988,77,5911,6773,87,1,99,6686,27,1799,6685,99,6598,87,0,0,0,15,Unavailable,Unavailable,Unavailable,Unavailable,95,Unavailable,Unavailable,Unavailable,12,Unavailable,Unavailable,Unavailable,Unavailable
115755,California State Polytechnic University-Humboldt,1,6,1,1,2,California State Polytechnic University-Humboldt,CA,33,3,1,0,92,8,46,13837,48,1,50,48,20,25,802,38,58,47,24,41,47,3,14019,13855,,,Unavailable,,,Unavailable,,,,5742,17622,6692,5594,4891,4891,77,23,4325,3968,357,1269,923,346,5594,4891,87,13,703,15,802,5491,7,363,3154,1974,31,930,14,41,12,42,28,15,Unavailable,36,Unavailable,77,Unavailable,Unavailable,Unavailable,Unavailable
155025,Emporia State University,1,20,1,1,2,Emporia State University,KS,33,2,1,0,86,14,35,15441,31,1,51,50,32,17,241,45,57,54,39,51,54,5,1592,1556,,38,Unavailable,,,Unavailable,21,20,19,5542,13855,6706,2412,2193,2193,89,11,2158,2028,130,254,165,89,2412,2193,91,9,219,10,241,2328,9,220,1117,991,3,534,17,36,19,40,26,10,Unavailable,35,Unavailable,89,Unavailable,Unavailable,Unavailable,Unavailable
204839,Ohio University-Southern Campus,1,39,1,1,3,Ohio University-Southern Campus,OH,22,2,1,0,82,18,46,4682,16,1,16,15,11,1,29,9,24,19,10,12,12,,,,,,Unavailable,,,Unavailable,,,,6178,9170,6717,1639,403,403,83,17,1365,319,1046,274,84,190,1639,403,25,75,1236,6,29,461,19,89,270,102,6,107,13,39,7,28,10,35,Unavailable,12,Unavailable,83,Unavailable,Unavailable,Unavailable,Unavailable
401223,World Mission University,1,6,2,1,2,World Mission University,CA,11,1,2,,,,47,,0,0,100,100,0,6,19,,50,50,0,0,50,,,,,,Unavailable,,,Unavailable,,,,6720,6720,Unavailable,179,104,104,7,93,13,7,6,166,97,69,180,104,58,42,76,11,19,180,97,174,6,0,14,4,33,Unavailable,0,Unavailable,46,79,Unavailable,64,Unavailable,7,Unavailable,Unavailable,Unavailable,Unavailable
130776,Western Connecticut State University,1,9,1,1,2,Western Connecticut State University,CT,13,2,1,0,98,2,36,16527,64,2,54,53,30,39,281,47,54,50,33,46,50,5,5457,4440,4,1,5,510,500,1010,23,23,22,6664,9996,6731,3542,2997,2997,88,12,3108,2771,337,434,226,208,3542,2997,85,15,545,8,281,3434,1,30,1541,1863,15,614,11,39,18,42,26,10,3,36,Unavailable,88,3,Unavailable,Unavailable,Unavailable
443058,Family of Faith Christian University,1,40,2,1,2,Family of Faith Christian University,OK,42,1,2,,,,42,,2,2,0,0,0,2,6,25,,25,25,25,25,5,4,4,0,0,0,,,Unavailable,,,,6750,6750,Unavailable,88,4,4,7,93,6,1,5,82,3,79,89,4,4,96,85,15,6,41,100,41,0,0,3,0,8,Unavailable,0,34,9,96,Unavailable,6,Unavailable,7,Unavailable,Unavailable,Unavailable,Unavailable
142276,Idaho State University,1,16,1,1,2,Idaho State University,ID,13,4,1,0,96,4,39,12353,204,2,39,36,20,168,524,27,51,38,24,31,35,,,,,,Unavailable,,,Unavailable,,,,5992,25102,6756,10406,5845,5845,81,19,8441,4872,3569,1965,973,992,10406,5845,56,44,4561,7,524,7260,21,1534,3829,1897,89,1024,13,40,12,33,19,27,Unavailable,26,Unavailable,81,Unavailable,Unavailable,Unavailable,Unavailable
495280,Indian Bible College,1,4,2,1,3,Indian Bible College,AZ,13,1,2,,,,71,,0,0,100,50,50,4,5,,100,100,0,0,33,,,,,,Unavailable,,,Unavailable,,,,6840,6840,Unavailable,33,22,22,45,55,15,14,1,18,8,10,33,22,67,33,11,17,5,30,3,1,0,29,0,0,7,Unavailable,30,Unavailable,30,33,Unavailable,67,Unavailable,45,Unavailable,Unavailable,Unavailable,Unavailable
188304,Western New Mexico University,1,35,1,1,2,Western New Mexico University,NM,33,2,1,0,70,30,56,8712,19,1,28,24,19,58,268,20,45,35,16,25,26,,,,,,Unavailable,,,Unavailable,,,,4914,11400,6860,2599,1261,1261,62,38,1607,861,746,992,400,592,2602,1261,48,52,1341,14,268,1935,35,684,984,267,38,199,13,40,11,38,18,41,Unavailable,22,Unavailable,62,Unavailable,Unavailable,Unavailable,Unavailable
236887,Walla Walla Community College,1,53,1,1,3,Walla Walla Community College,WA,13,2,1,0,76,24,34,10645,43,1,,,,8,247,,51,47,,,,,,,,,Unavailable,,,Unavailable,,,,6513,7967,6862,2979,1777,1777,50,50,1487,1094,393,1492,683,809,2982,1778,60,40,1204,10,247,2372,22,525,532,1315,0,0,19,33,Unavailable,Unavailable,Unavailable,39,Unavailable,Unavailable,Unavailable,50,Unavailable,Unavailable,Unavailable,Unavailable
227924,San Antonio College,1,48,1,1,3,San Antonio College,TX,11,4,1,89,8,2,37,5832,1182,6,,,,258,1254,,23,22,,,,,,,,,Unavailable,,,Unavailable,,,,6750,14280,6901,18975,4171,4171,68,32,12818,3311,9507,6157,860,5297,18975,4171,22,78,14804,8,1254,16067,43,6886,5143,4038,0,0,26,39,Unavailable,Unavailable,Unavailable,49,Unavailable,Unavailable,Unavailable,68,Unavailable,Unavailable,Unavailable,Unavailable
190576,CUNY Graduate School and University Center,1,36,1,1,2,CUNY Graduate School and University Center,NY,11,3,1,,,,40,,15,0,,,,199,1109,,,,,,,3,158,61,,,Unavailable,,,Unavailable,,,,6930,14880,Unavailable,3235,1030,1030,21,79,667,312,355,2568,718,1850,3237,1031,32,68,2206,36,1109,3067,71,2176,700,191,0,0,12,Unavailable,Unavailable,Unavailable,Unavailable,73,Unavailable,Unavailable,Unavailable,21,Unavailable,Unavailable,Unavailable,Unavailable
126711,Colorado Mountain College,1,8,1,1,3,Colorado Mountain College,CO,33,3,1,24,47,29,24,6071,47,1,17,14,14,99,200,36,20,26,3,11,14,,,,,,Unavailable,,,Unavailable,,,,4800,12240,6958,5673,1503,1503,69,31,3935,1116,2819,1738,387,1351,5673,1503,26,74,4170,7,200,2821,13,379,751,1691,28,39,12,27,8,30,10,38,Unavailable,13,Unavailable,69,Unavailable,Unavailable,Unavailable,Unavailable
444398,Baptist University of the Americas,1,48,2,1,2,Baptist University of the Americas,TX,11,1,2,,,,32,,4,4,35,35,24,8,13,13,50,27,10,10,20,,,,,,Unavailable,,,Unavailable,,,,6960,6960,Unavailable,98,64,64,30,70,29,24,5,69,40,29,98,64,65,35,34,13,13,98,22,22,76,0,3,9,12,Unavailable,14,23,22,45,Unavailable,26,Unavailable,30,Unavailable,Unavailable,Unavailable,Unavailable
110060,Bethesda University,1,6,2,1,2,Bethesda University,CA,11,1,2,,,,25,,1,0,15,15,14,2,57,0,24,18,8,14,19,,,,,,Unavailable,,,Unavailable,,,,6960,6960,Unavailable,191,164,164,70,30,133,122,11,58,42,16,212,184,87,13,28,27,57,212,6,12,200,0,2,22,11,Unavailable,8,13,22,18,Unavailable,20,Unavailable,70,Unavailable,Unavailable,Unavailable,Unavailable
230782,Weber State University,1,49,1,1,3,Weber State University,UT,13,5,1,0,86,14,30,11572,313,1,48,40,15,103,1032,37,50,43,23,37,46,,,,,,Unavailable,,,Unavailable,,,,5471,16164,6968,29534,11901,11901,83,17,24522,9807,14715,5012,2094,2918,29534,11901,40,60,17633,7,1032,15619,26,4000,7611,4008,430,1545,20,34,9,34,20,32,Unavailable,31,Unavailable,83,Unavailable,Unavailable,Unavailable,Unavailable
207865,Southwestern Oklahoma State University,1,40,1,1,2,Southwestern Oklahoma State University,OK,33,2,1,0,87,13,42,14761,54,1,44,40,20,13,331,25,47,35,23,32,36,5,1689,1689,0,78,78,,,Unavailable,20,19,18,6969,6999,6973,3995,2970,2970,79,21,3140,2462,678,855,508,347,3995,2970,74,26,1025,10,331,3469,27,921,1703,845,19,564,19,39,12,34,22,24,#VALUE!,30,Unavailable,79,Unavailable,#VALUE!,Unavailable,Unavailable
204006,Miami University-Hamilton,1,39,1,1,2,Miami University-Hamilton,OH,21,2,1,0,93,7,33,12407,32,1,19,17,7,18,173,15,25,22,10,17,20,,,,,,Unavailable,,,Unavailable,,,,6210,17466,6998,2345,1667,1667,84,16,1971,1495,476,374,172,202,2345,1667,71,29,678,9,173,2025,25,507,1127,391,56,450,13,36,4,24,12,23,Unavailable,15,Unavailable,84,Unavailable,Unavailable,Unavailable,Unavailable
190637,CUNY Lehman College,1,36,1,1,2,CUNY Lehman College,NY,11,4,1,0,99,1,65,4076,69,1,58,53,28,129,1370,50,47,49,28,44,49,5,20954,11615,2,,Unavailable,500,510,1010,,,,6930,14880,7010,11227,7396,7396,68,32,7604,5896,1708,3623,1500,2123,11227,7396,66,34,3831,13,1370,10438,22,2248,6050,2140,52,1432,15,51,17,58,29,30,Unavailable,40,Unavailable,68,Unavailable,Unavailable,Unavailable,Unavailable
366003,South Florida Bible College and Theological Seminary,1,12,2,1,2,South Florida Bible College and Theological Seminary,FL,13,1,2,,,,22,,7,3,0,0,0,4,7,,0,0,0,0,0,,,,,,Unavailable,,,Unavailable,,,,7080,7080,Unavailable,273,131,131,31,69,84,39,45,189,92,97,273,131,48,52,142,3,7,271,33,90,100,81,2,2,18,Unavailable,0,Unavailable,2,53,Unavailable,1,Unavailable,31,Unavailable,Unavailable,Unavailable,Unavailable
442569,University of Arkansas Grantham,1,5,1,1,2,University of Arkansas Grantham,AR,12,2,1,0,100,0,62,9186,627,20,34,22,19,4,186,19,,24,20,25,25,,,,,,Unavailable,,,Unavailable,,,,7080,7080,7080,3203,1082,1082,5,95,164,49,115,3039,1033,2006,3203,1082,34,66,2121,6,186,3202,100,3202,,,125,38,20,50,11,41,12,88,Unavailable,23,Unavailable,5,Unavailable,Unavailable,Unavailable,Unavailable
494630,Christ Mission College,1,48,2,1,2,Christ Mission College,TX,21,1,2,,,,60,,0,0,50,50,0,3,8,,0,0,0,0,0,,,,,,Unavailable,,,Unavailable,,,,7083,7083,Unavailable,43,40,40,77,23,33,31,2,10,9,1,43,40,93,7,3,19,8,43,Unavailable,,,43,0,7,10,Unavailable,0,Unavailable,31,#VALUE!,Unavailable,37,Unavailable,77,Unavailable,Unavailable,Unavailable,Unavailable
190567,CUNY City College,1,36,1,1,2,CUNY City College,NY,11,4,1,0,98,2,62,4599,38,0,61,57,24,292,842,53,57,55,28,49,55,5,31988,18576,8,,Unavailable,650,690,1340,,,,6930,14880,7089,12355,9992,9992,86,14,10684,9182,1502,1671,810,861,12356,9993,81,19,2363,7,842,11934,4,512,5058,6364,150,2580,14,49,14,58,27,12,Unavailable,39,Unavailable,86,Unavailable,Unavailable,Unavailable,Unavailable
129215,Eastern Connecticut State University,1,9,1,1,2,Eastern Connecticut State University,CT,31,2,1,0,87,13,31,21205,44,1,58,57,45,86,254,52,67,58,47,55,58,5,5275,4249,16,1,17,610,590,1200,,,,6664,9996,7097,3839,3184,3184,94,6,3623,3060,563,216,124,92,3839,3184,83,17,655,8,254,3377,0,4,287,3086,4,710,15,34,27,42,27,7,Unavailable,38,Unavailable,94,Unavailable,Unavailable,Unavailable,Unavailable
117672,Southern California University of Health Sciences,1,6,2,1,2,Southern California University of Health Sciences,CA,21,2,2,,,,39,,2,0,,,,21,18,,,,,,,,,,,,Unavailable,,,Unavailable,,,,7150,7150,Unavailable,720,105,105,58,42,421,29,392,299,76,223,720,105,15,85,615,14,18,132,44,58,74,0,0,0,10,Unavailable,Unavailable,Unavailable,Unavailable,55,Unavailable,Unavailable,Unavailable,58,Unavailable,Unavailable,Unavailable,Unavailable
206613,Wright State University-Lake Campus,1,39,1,1,2,Wright State University-Lake Campus,OH,41,2,1,0,99,1,21,12039,9,1,34,33,25,,177,24,51,42,29,36,39,,,,,,Unavailable,,,Unavailable,,,,7069,16487,7163,1398,670,670,92,8,1286,641,645,112,29,83,1398,670,48,52,728,18,177,984,30,294,469,221,22,199,13,33,15,23,24,28,Unavailable,28,Unavailable,92,Unavailable,Unavailable,Unavailable,Unavailable
190558,College of Staten Island CUNY,1,36,1,1,2,College of Staten Island CUNY,NY,11,4,1,0,97,3,51,6355,127,1,53,49,26,110,541,45,38,33,29,44,48,,,,,,Unavailable,,,Unavailable,,,,6930,14880,7169,9786,7647,7647,86,14,8390,7000,1390,1396,647,749,9786,7647,78,22,2139,6,541,9387,6,608,4354,4425,23,1010,16,45,16,48,23,14,Unavailable,34,Unavailable,86,Unavailable,Unavailable,Unavailable,Unavailable
190646,CUNY Medgar Evers College,1,36,1,1,2,CUNY Medgar Evers College,NY,11,2,1,0,97,3,64,6207,14,0,34,30,19,24,394,20,16,22,10,18,19,5,11239,9372,1,,Unavailable,540,440,980,,,,6930,14880,7169,3846,2594,2594,64,36,2472,1876,596,1374,718,656,3846,2594,67,33,1252,12,394,3404,12,402,1632,1370,20,364,14,50,11,42,19,28,Unavailable,25,Unavailable,64,Unavailable,Unavailable,Unavailable,Unavailable
190691,CUNY York College,1,36,1,1,2,CUNY York College,NY,11,3,1,0,97,3,56,5631,54,1,37,33,9,78,500,31,28,30,12,25,30,5,14236,8459,2,,Unavailable,560,540,1100,,,,6930,14880,7169,5904,3362,3362,77,23,4533,2752,1781,1371,610,761,5906,3362,57,43,2544,11,500,4439,6,282,2145,2012,33,744,13,47,5,44,20,24,Unavailable,27,Unavailable,77,Unavailable,Unavailable,Unavailable,Unavailable
190594,CUNY Hunter College,1,36,1,1,2,CUNY Hunter College,NY,11,5,1,0,97,3,57,4127,221,1,61,58,31,144,1241,61,62,61,40,57,61,5,31614,17087,9,,Unavailable,670,680,1350,,,,6930,14880,7169,17377,13604,13604,86,14,14971,12596,2375,2406,1008,1398,17378,13604,78,22,3774,7,1241,16642,1,159,5759,10724,74,3066,14,47,19,59,28,12,Unavailable,40,Unavailable,86,Unavailable,Unavailable,Unavailable,Unavailable
134510,Hobe Sound Bible College,1,12,2,1,2,Hobe Sound Bible College,FL,21,1,2,,,,29,,2,1,31,31,23,6,7,89,40,61,50,61,67,,,,,,Unavailable,,,Unavailable,,,,7200,7200,Unavailable,132,73,73,53,47,70,49,21,62,24,38,141,73,52,48,68,6,7,125,26,32,9,84,10,24,10,Unavailable,14,59,16,41,Unavailable,21,Unavailable,53,Unavailable,Unavailable,Unavailable,Unavailable
388520,College of Biblical Studies-Houston,1,48,2,1,2,College of Biblical Studies-Houston,TX,11,1,2,,,,79,,7,1,50,50,0,5,88,0,67,60,0,60,60,,,,,,Unavailable,,,Unavailable,,,,7200,9000,Unavailable,478,108,108,30,70,145,48,97,333,60,273,482,109,23,77,373,18,88,482,100,482,0,0,11,0,12,Unavailable,0,40,31,81,Unavailable,37,Unavailable,30,Unavailable,Unavailable,Unavailable,Unavailable
196121,SUNY Brockport,1,36,1,1,2,SUNY Brockport,NY,31,3,1,0,98,2,39,15343,54,1,64,63,48,51,726,50,64,57,43,54,57,5,10855,7738,21,2,23,570,580,1150,22,20,,7070,14140,7211,5429,4840,4840,87,13,4727,4446,281,702,394,308,5429,4840,89,11,589,13,726,5381,9,504,1729,3148,4,1011,16,40,29,45,33,11,16,44,15,87,15,16,16,Unavailable
196024,SUNY College of Technology at Delhi,1,36,1,1,2,SUNY College of Technology at Delhi,NY,43,2,1,0,96,4,46,16923,19,1,50,49,41,26,280,49,61,48,44,54,56,3,5867,5187,,,Unavailable,,,Unavailable,,,,7070,10840,7221,2634,2223,2223,81,19,2127,2044,83,507,179,328,2634,2223,84,16,411,11,280,2597,20,526,483,1588,0,182,12,42,25,48,26,18,Unavailable,34,Unavailable,81,Unavailable,Unavailable,Unavailable,Unavailable
190655,CUNY New York City College of Technology,1,36,1,1,2,CUNY New York City College of Technology,NY,11,4,1,0,96,4,59,5417,85,1,34,30,10,113,1081,24,17,19,6,17,23,5,21007,16962,2,,Unavailable,510,530,1040,,,,6930,14880,7248,13766,9032,9032,80,20,10998,7952,3046,2768,1080,1688,13767,9032,66,34,4735,8,1081,12950,7,906,6022,6022,57,777,16,48,6,42,17,20,Unavailable,24,Unavailable,80,Unavailable,Unavailable,Unavailable,Unavailable
190664,CUNY Queens College,1,36,1,1,2,CUNY Queens College,NY,11,4,1,0,96,4,51,5339,72,1,59,55,28,132,1302,58,63,60,37,55,60,5,20800,14252,5,,Unavailable,600,610,1210,,,,6930,14880,7248,13998,10333,10333,83,17,11556,9230,2326,2442,1103,1339,13998,10333,74,26,3665,10,1302,13060,3,403,5061,7596,108,2226,14,44,17,55,28,16,Unavailable,39,Unavailable,83,Unavailable,Unavailable,Unavailable,Unavailable
442842,Pacific College of Health and Science,1,17,3,1,3,Pacific College of Health and Science,IL,11,1,3,,,,61,,1,1,,,,1,0,,77,68,,,,,,,,,Unavailable,,,Unavailable,,,,7268,7268,Unavailable,93,73,73,9,91,8,4,4,85,69,16,94,74,79,21,20,0,,19,21,4,5,10,0,0,12,Unavailable,Unavailable,Unavailable,Unavailable,49,Unavailable,Unavailable,Unavailable,9,Unavailable,Unavailable,Unavailable,Unavailable
196042,Farmingdale State College,1,36,1,1,2,Farmingdale State College,NY,21,3,1,0,98,2,37,8224,162,2,55,52,31,23,924,56,59,57,41,55,59,5,9455,6535,27,3,30,550,550,1100,23,,,7070,16980,7268,9508,7622,7622,85,15,8114,6953,1161,1394,669,725,9508,7622,80,20,1886,10,924,9117,5,440,3695,4982,36,1040,18,39,19,47,27,13,20,37,Unavailable,85,Unavailable,20,Unavailable,Unavailable
200226,Mayville State University,1,38,1,1,2,Mayville State University,ND,43,2,1,0,57,43,34,14050,14,1,32,31,18,29,108,27,49,40,28,40,42,,,,,,Unavailable,,,Unavailable,,,,6579,8208,7279,963,527,527,79,21,758,462,296,205,65,140,963,527,55,45,436,15,108,704,36,255,137,312,0,107,14,28,11,31,22,33,Unavailable,25,Unavailable,79,Unavailable,Unavailable,Unavailable,Unavailable
203492,Kent State University at Salem,1,39,1,1,3,Kent State University at Salem,OH,41,2,1,0,100,0,44,10796,9,1,4,3,1,8,85,2,32,28,1,2,2,,,,,,Unavailable,,,Unavailable,,,,7325,16438,7325,1463,271,271,79,21,1151,232,919,312,39,273,1463,271,19,81,1192,8,85,1127,57,639,257,231,21,51,24,43,1,23,6,50,Unavailable,5,Unavailable,79,Unavailable,Unavailable,Unavailable,Unavailable
190512,CUNY Bernard M Baruch College,1,36,1,1,2,CUNY Bernard M Baruch College,NY,11,4,1,0,95,5,57,3989,171,1,76,74,49,89,1435,72,74,72,56,69,72,5,24867,12554,9,,Unavailable,640,670,1310,,,,6930,14880,7328,16086,12947,12947,87,13,13979,11975,2004,2107,972,1135,16086,12947,80,20,3139,9,1435,15734,2,324,6524,8886,33,2554,19,47,29,65,35,12,Unavailable,49,Unavailable,87,Unavailable,Unavailable,Unavailable,Unavailable
181543,Summit Christian College,1,31,2,1,3,Summit Christian College,NE,33,1,2,,,,44,,0,0,100,100,0,4,0,100,50,67,100,100,100,1,7,1,0,100,100,,,Unavailable,,,,7360,7360,Unavailable,23,11,11,61,39,14,10,4,9,1,8,23,11,48,52,12,0,,17,24,4,1,12,1,3,3,Unavailable,0,72,40,38,Unavailable,60,Unavailable,61,Unavailable,Unavailable,Unavailable,Unavailable
196237,SUNY Old Westbury,1,36,1,1,2,SUNY Old Westbury,NY,21,2,1,0,97,3,49,10495,0,0,50,48,31,42,786,46,47,47,32,43,47,3,6511,5507,,,Unavailable,,,Unavailable,,,,7070,16980,7367,4040,3447,3447,83,17,3338,3032,306,702,415,287,4040,3447,85,15,593,20,786,3945,6,225,1687,2033,3,608,17,44,19,48,31,13,Unavailable,38,Unavailable,83,Unavailable,Unavailable,Unavailable,Unavailable
196006,SUNY College of Technology at Alfred,1,36,1,1,3,SUNY College of Technology at Alfred,NY,42,2,1,0,96,4,45,14877,0,0,44,43,33,30,255,37,64,53,28,43,45,5,7839,6408,14,1,15,520,540,1060,20,16,20,7070,14575,7370,3749,3239,3239,90,10,3388,3042,346,361,197,164,3749,3239,86,14,510,7,255,3510,10,363,855,2292,1,261,16,42,20,41,22,11,10,29,Unavailable,90,9,Unavailable,Unavailable,Unavailable
203465,Kent State University at Stark,1,39,1,1,3,Kent State University at Stark,OH,21,2,1,0,99,1,40,10977,20,1,1,1,0,7,156,1,45,37,1,2,2,,,,,,Unavailable,,,Unavailable,,,,7325,16438,7416,3423,907,907,82,18,2817,800,2017,606,107,499,3423,907,26,74,2516,6,156,2626,41,1083,877,666,93,256,21,41,0,21,4,42,Unavailable,3,Unavailable,82,Unavailable,Unavailable,Unavailable,Unavailable
203483,Kent State University at Tuscarawas,1,39,1,1,3,Kent State University at Tuscarawas,OH,32,2,1,0,99,1,40,11448,19,1,6,5,2,6,83,6,46,37,1,1,5,,,,,,Unavailable,,,Unavailable,,,,7325,16438,7416,1881,410,410,77,23,1445,377,1068,436,33,403,1885,410,22,78,1475,6,83,1502,56,843,311,348,9,104,20,41,1,23,5,50,Unavailable,6,Unavailable,77,Unavailable,Unavailable,Unavailable,Unavailable
161873,University of Baltimore,1,24,1,1,2,University of Baltimore,MD,11,2,1,0,100,0,44,17253,34,3,41,38,23,11,255,47,46,47,24,40,47,5,173,148,12,0,12,540,520,1060,,,,7442,21160,7442,1291,693,693,36,64,468,360,108,823,333,490,1292,693,54,46,599,20,255,1276,29,369,721,186,5,26,10,43,14,46,27,48,Unavailable,33,Unavailable,36,Unavailable,Unavailable,Unavailable,Unavailable
196015,SUNY College of Technology at Canton,1,36,1,1,2,SUNY College of Technology at Canton,NY,33,2,1,0,94,6,48,14451,64,2,44,44,37,33,395,50,47,44,42,49,51,3,3439,3313,,,Unavailable,,,Unavailable,,,,7070,13554,7459,2919,2330,2330,67,33,1953,1763,190,966,567,399,2919,2330,80,20,589,14,395,2778,42,1175,1189,414,4,226,17,43,22,49,26,32,Unavailable,32,Unavailable,67,Unavailable,Unavailable,Unavailable,Unavailable
196149,State University of New York at Cortland,1,36,1,1,2,State University of New York at Cortland,NY,32,3,1,0,96,4,27,18474,23,0,66,65,51,22,475,66,70,68,56,67,68,3,15867,8046,,,Unavailable,,,Unavailable,,,,7070,16980,7466,5905,5772,5772,98,2,5770,5676,94,135,96,39,5905,5772,98,2,133,8,475,5896,1,33,1530,4333,1,1340,15,35,31,47,31,2,Unavailable,43,Unavailable,98,Unavailable,Unavailable,Unavailable,Unavailable
168607,Alpena Community College,1,26,1,1,3,Alpena Community College,MI,33,2,1,29,70,1,44,4091,12,1,,,,7,33,0,65,50,33,33,33,,,,,,Unavailable,,,Unavailable,,,,7485,7485,7485,1530,496,496,86,14,1316,419,897,214,77,137,1530,496,32,68,1034,5,33,715,9,62,270,383,69,193,13,42,Unavailable,22,Unavailable,28,Unavailable,Unavailable,Unavailable,86,Unavailable,Unavailable,Unavailable,Unavailable
190600,CUNY John Jay College of Criminal Justice,1,36,1,1,2,CUNY John Jay College of Criminal Justice,NY,11,4,1,0,93,7,61,4141,220,2,56,54,38,56,1274,56,54,55,41,52,55,5,17921,10255,5,,Unavailable,580,560,1140,,,,6930,14880,7487,11676,9507,9507,83,17,9657,8462,1195,2019,1045,974,11678,9507,81,19,2171,11,1274,11340,15,1757,5926,3657,19,1852,16,48,23,59,28,17,Unavailable,38,Unavailable,83,Unavailable,Unavailable,Unavailable,Unavailable
190549,CUNY Brooklyn College,1,36,1,1,2,CUNY Brooklyn College,NY,11,4,1,0,93,7,61,4105,72,1,59,56,31,68,1074,54,61,57,35,52,57,5,27112,14548,6,,Unavailable,640,670,1310,,,,6930,14880,7487,11329,8268,8268,82,18,9268,7395,1873,2061,873,1188,11330,8268,73,27,3062,10,1074,10443,8,816,5255,4372,30,1659,13,48,19,58,29,18,Unavailable,40,Unavailable,82,Unavailable,Unavailable,Unavailable,Unavailable
203526,Kent State University at Geauga,1,39,1,1,3,Kent State University at Geauga,OH,42,2,1,0,98,2,40,10524,15,1,2,1,0,5,105,1,26,26,0,0,0,,,,,,Unavailable,,,Unavailable,,,,7325,16438,7507,2153,244,244,78,22,1690,228,1462,463,16,447,2154,244,11,89,1910,7,105,1547,58,899,339,309,64,152,28,41,0,21,4,53,Unavailable,4,Unavailable,78,Unavailable,Unavailable,Unavailable,Unavailable
200059,Dickinson State University,1,38,1,1,2,Dickinson State University,ND,33,2,1,0,97,3,27,15490,20,1,37,36,18,5,140,23,50,43,19,37,40,3,831,499,,,Unavailable,,,Unavailable,,,,7470,9570,7533,1392,949,949,85,15,1188,855,333,204,94,110,1392,949,68,32,443,13,140,1108,24,262,510,336,12,230,13,35,11,25,22,23,Unavailable,27,Unavailable,85,Unavailable,Unavailable,Unavailable,Unavailable
497824,Evangel University-College of Online Learning,2,29,2,1,2,Evangel University-College of Online Learning,MO,12,1,2,,,,58,,5,2,,,,,20,,,,,,,3,20,9,,,Unavailable,,,Unavailable,,,,7560,7560,Unavailable,241,117,117,34,66,82,52,30,159,65,94,241,117,49,51,124,9,20,213,100,213,,,1,7,8,Unavailable,Unavailable,Unavailable,Unavailable,72,Unavailable,Unavailable,Unavailable,34,Unavailable,Unavailable,Unavailable,Unavailable
196200,SUNY College at Potsdam,1,36,1,1,2,SUNY College at Potsdam,NY,33,2,1,0,95,5,43,14574,31,1,50,50,34,24,168,39,62,48,34,46,48,5,3905,3338,1,1,2,,,Unavailable,,,,7070,16980,7566,2211,1894,1894,94,6,2075,1784,291,136,110,26,2211,1894,86,14,317,9,168,1951,2,32,490,1429,1,443,10,41,20,41,25,7,Unavailable,33,Unavailable,94,Unavailable,Unavailable,Unavailable,Unavailable
196130,SUNY Buffalo State University,1,36,1,1,2,SUNY Buffalo State University,NY,11,3,1,0,95,5,54,13735,0,0,42,41,27,47,517,34,42,36,25,34,36,5,15943,12096,13,,Unavailable,540,540,1080,,,,7070,17490,7591,5572,4922,4922,87,13,4864,4542,322,708,380,328,5572,4922,88,12,650,10,517,5358,1,72,1583,3703,10,1241,13,45,16,44,22,9,Unavailable,29,Unavailable,87,Unavailable,Unavailable,Unavailable,Unavailable
196158,SUNY at Fredonia,1,36,1,1,2,SUNY at Fredonia,NY,32,2,1,0,95,5,38,15830,11,0,63,62,47,8,157,43,68,53,40,52,53,5,5941,4705,4,12,16,600,590,1190,25,,,7070,17490,7591,2877,2784,2784,97,3,2780,2707,73,97,77,20,2877,2784,97,3,93,5,157,2860,1,16,859,1985,1,715,11,39,28,41,28,2,11,40,Unavailable,97,Unavailable,Unavailable,Unavailable,Unavailable
203447,Kent State University at Ashtabula,1,39,1,1,3,Kent State University at Ashtabula,OH,32,2,1,0,97,3,48,10502,15,1,1,1,1,5,56,0,6,26,0,0,0,,,,,,Unavailable,,,Unavailable,,,,7325,16438,7598,1762,159,159,71,29,1258,116,1142,504,43,461,1762,159,9,91,1603,4,56,1314,71,929,199,186,16,42,22,43,1,24,3,60,Unavailable,2,Unavailable,71,Unavailable,Unavailable,Unavailable,Unavailable
203474,Kent State University at Trumbull,1,39,1,1,3,Kent State University at Trumbull,OH,41,2,1,0,97,3,45,10075,11,1,1,1,0,5,90,0,39,27,1,1,1,,,,,,Unavailable,,,Unavailable,,,,7325,16438,7598,2028,336,336,73,27,1478,279,1199,550,57,493,2029,336,17,83,1693,5,90,1648,69,1137,254,257,18,114,32,42,0,23,4,57,Unavailable,3,Unavailable,73,Unavailable,Unavailable,Unavailable,Unavailable
485111,Georgia Military College,1,13,1,1,3,Georgia Military College,GA,32,3,1,0,100,0,55,11571,389,6,,,,191,548,,38,33,,,,,,,,,Unavailable,,,Unavailable,,,,7605,7605,7605,6765,2480,2480,78,22,5279,1912,3367,1486,568,918,6765,2480,37,63,4285,14,548,3936,53,2072,748,1116,12,35,16,47,Unavailable,Unavailable,Unavailable,44,Unavailable,Unavailable,Unavailable,78,Unavailable,Unavailable,Unavailable,Unavailable
240277,University of Wisconsin-Green Bay,1,55,1,1,2,University of Wisconsin-Green Bay,WI,12,4,1,0,90,10,33,10289,162,2,55,55,38,16,483,50,55,53,38,50,53,5,6373,5598,,44,Unavailable,,,Unavailable,21,21,20,6767,15354,7626,9853,5092,5092,83,17,8153,4411,3742,1700,681,1019,9853,5092,52,48,4761,8,483,6230,30,1853,3498,879,28,889,23,36,23,42,27,30,Unavailable,36,Unavailable,83,Unavailable,Unavailable,Unavailable,Unavailable
139153,Beulah Heights University,1,13,2,1,2,Beulah Heights University,GA,11,1,2,,,,23,,1,1,13,13,6,2,7,0,50,17,0,17,17,,,,,,Unavailable,,,Unavailable,,,,7632,7632,Unavailable,157,106,106,11,89,18,16,2,139,90,49,158,106,67,33,52,4,7,158,28,44,83,31,6,10,6,Unavailable,4,12,8,54,Unavailable,10,Unavailable,11,Unavailable,Unavailable,Unavailable,Unavailable
177551,Harris-Stowe State University,1,29,1,1,2,Harris-Stowe State University,MO,11,2,1,0,60,40,73,9302,8,1,22,19,6,48,75,25,40,27,14,22,27,,,,,,Unavailable,,,Unavailable,,,,5808,10440,7661,1098,919,919,85,15,933,829,104,165,90,75,1098,919,84,16,179,7,75,1086,14,149,656,281,5,229,14,44,4,49,12,15,Unavailable,16,Unavailable,85,Unavailable,Unavailable,Unavailable,Unavailable
458113,Ascent College,1,51,2,1,2,Ascent College,VA,21,1,2,,,,38,,0,0,0,0,0,,5,,50,50,0,0,33,,,,,,Unavailable,,,Unavailable,,,,7680,7680,Unavailable,87,1,1,36,64,31,1,30,56,0,56,87,1,1,99,86,6,5,85,95,81,4,0,7,0,8,Unavailable,0,Unavailable,4,84,Unavailable,2,Unavailable,36,Unavailable,Unavailable,Unavailable,Unavailable
230737,Utah Valley University,1,49,1,1,3,Utah Valley University,UT,13,5,1,0,81,18,37,8650,357,1,39,33,15,440,2681,27,46,41,17,29,37,,,,,,Unavailable,,,Unavailable,,,,5614,17174,7695,43793,19658,19658,83,17,36216,16239,19977,7577,3419,4158,43794,19658,45,55,24136,10,2681,27481,20,5550,13653,8278,707,1777,28,35,9,32,19,30,Unavailable,27,Unavailable,83,Unavailable,Unavailable,Unavailable,Unavailable
433387,Western Governors University,1,49,2,1,2,Western Governors University,UT,21,5,2,,,,35,,6090,4,67,64,55,1026,23531,49,50,51,34,43,51,,,,,,Unavailable,,,Unavailable,,,,7710,7710,Unavailable,135780,135780,135780,16,84,21362,21362,0,114418,114418,0,135822,135822,100,Unavailable,,17,23531,135822,100,135822,,,,1377,42,Unavailable,33,42,36,#VALUE!,Unavailable,47,Unavailable,16,Unavailable,Unavailable,Unavailable,Unavailable
130493,Southern Connecticut State University,1,9,1,1,2,Southern Connecticut State University,CT,12,3,1,0,92,8,41,19870,155,2,54,52,29,164,766,41,54,48,30,44,48,3,8303,6735,,,Unavailable,,,Unavailable,,,,6664,19940,7726,6781,5392,5392,86,14,5845,4877,968,936,515,421,6781,5392,80,20,1389,12,766,6180,5,319,3224,2637,15,1091,11,39,17,41,28,13,Unavailable,37,Unavailable,86,Unavailable,Unavailable,Unavailable,Unavailable
207209,Langston University,1,40,1,1,2,Langston University,OK,42,2,1,0,38,43,68,10589,0,0,30,29,11,6,80,17,16,17,14,18,19,,,,,,Unavailable,,,Unavailable,,,,4518,12045,7755,1743,1653,1653,92,8,1598,1567,31,145,86,59,1743,1653,95,5,90,5,80,1743,2,35,940,768,6,438,16,37,7,43,14,5,Unavailable,20,Unavailable,92,Unavailable,Unavailable,Unavailable,Unavailable
240365,University of Wisconsin-Oshkosh,1,55,1,1,2,University of Wisconsin-Oshkosh,WI,13,4,1,0,88,12,26,12942,168,1,57,55,27,80,437,47,64,58,28,53,58,5,9082,7872,,34,Unavailable,,,Unavailable,21,20,20,6806,14719,7756,12673,6638,6638,92,8,11693,6177,5516,980,461,519,12674,6639,52,48,6035,6,437,7613,10,763,3430,3420,20,1413,21,32,16,37,25,20,Unavailable,36,Unavailable,92,Unavailable,Unavailable,Unavailable,Unavailable
480985,Midwives College of Utah,1,49,2,1,2,Midwives College of Utah,UT,12,1,2,,,,52,,12,5,0,0,0,1,28,0,,0,0,0,0,3,10,6,,,Unavailable,,,Unavailable,,,,7760,7760,Unavailable,253,253,253,8,92,21,21,0,232,232,0,253,253,100,Unavailable,,11,28,253,100,253,,,,1,4,Unavailable,0,26,7,#VALUE!,Unavailable,4,Unavailable,8,Unavailable,Unavailable,Unavailable,Unavailable
110422,California Polytechnic State University-San Luis Obispo,1,6,1,1,2,California Polytechnic State University-San Luis Obispo,CA,23,5,1,0,83,17,18,16888,127,1,87,85,57,34,853,80,87,85,61,82,85,3,63736,18964,,,Unavailable,,,Unavailable,,,,5742,17622,7762,21559,20629,20629,98,2,21069,20250,819,490,379,111,21559,20629,96,4,930,4,853,21521,0,57,8536,12928,11,5099,18,28,34,49,36,2,Unavailable,54,Unavailable,98,Unavailable,Unavailable,Unavailable,Unavailable
240374,University of Wisconsin-Parkside,1,55,1,1,2,University of Wisconsin-Parkside,WI,41,2,1,0,86,14,37,8778,88,3,44,42,18,6,331,35,45,40,19,36,40,5,3911,2840,,27,Unavailable,,,Unavailable,21,21,19,6582,15224,7792,3263,2448,2448,83,17,2700,2161,539,563,287,276,3263,2448,75,25,815,11,331,2951,12,363,1706,882,14,428,18,36,11,36,24,18,Unavailable,31,Unavailable,83,Unavailable,Unavailable,Unavailable,Unavailable
181394,University of Nebraska at Omaha,1,31,1,1,2,University of Nebraska at Omaha,NE,11,4,1,0,87,9,34,13284,384,3,56,52,25,23,939,40,50,47,27,45,49,1,9889,8594,0,74,74,,,Unavailable,22,22,21,6536,20524,7795,11859,9910,9910,83,17,9806,8884,922,2053,1026,1027,11859,9910,84,16,1949,8,939,11573,17,1954,6791,2828,43,1831,15,35,15,37,26,17,#VALUE!,37,Unavailable,83,Unavailable,#VALUE!,Unavailable,Unavailable
196051,SUNY Morrisville,1,36,1,1,3,SUNY Morrisville,NY,42,2,1,0,93,7,55,16855,32,2,35,34,26,24,134,34,43,32,24,32,34,5,5122,4673,1,1,2,,,Unavailable,,,,7070,17490,7799,2030,1700,1700,90,10,1825,1590,235,205,110,95,2030,1700,84,16,330,7,134,1860,3,57,966,837,1,156,13,45,16,45,18,10,Unavailable,24,Unavailable,90,Unavailable,Unavailable,Unavailable,Unavailable
492801,Drury University-College of Continuing Professional Studies,2,29,2,1,2,Drury University-College of Continuing Professional Studies,MO,12,1,2,,,,61,,41,6,23,23,12,16,97,19,20,32,0,15,21,,,,,,Unavailable,,,Unavailable,,,,7800,7800,Unavailable,716,441,441,35,65,252,184,68,464,257,207,716,441,62,38,275,14,97,694,59,407,209,78,11,8,17,Unavailable,7,40,18,55,Unavailable,19,Unavailable,35,Unavailable,Unavailable,Unavailable,Unavailable
461023,National Paralegal College,1,4,3,1,3,National Paralegal College,AZ,11,1,3,,,,40,,15,4,9,9,0,12,51,26,38,32,17,21,21,,,,,,Unavailable,,,Unavailable,,,,7800,7800,Unavailable,388,375,375,7,93,29,28,1,359,347,12,388,375,97,3,13,13,51,388,100,388,,,0,6,31,Unavailable,0,33,11,68,Unavailable,11,Unavailable,7,Unavailable,Unavailable,Unavailable,Unavailable
102553,University of Alaska Anchorage,1,2,1,1,2,University of Alaska Anchorage,AK,11,4,1,0,88,12,28,13931,601,6,36,32,15,24,8,21,33,29,15,24,28,3,4277,2845,,,Unavailable,,,Unavailable,,,,6192,19776,7822,10161,4032,4032,58,42,5943,3045,2898,4218,987,3231,10162,4032,40,60,6130,0,8,6916,31,2122,3483,1311,169,501,12,33,9,25,13,44,Unavailable,22,Unavailable,58,Unavailable,Unavailable,Unavailable,Unavailable
131399,University of the District of Columbia,1,11,1,1,2,University of the District of Columbia,DC,11,2,1,0,63,37,45,14287,39,1,47,44,17,51,228,26,35,26,23,35,40,,,,,,Unavailable,,,Unavailable,,,,5292,12144,7827,3296,1159,1159,45,55,1468,730,738,1828,429,1399,3297,1159,35,65,2138,7,228,3080,1,22,880,2178,27,108,6,34,10,36,22,42,Unavailable,31,Unavailable,45,Unavailable,Unavailable,Unavailable,Unavailable
152637,Vincennes University,1,18,1,1,3,Vincennes University,IN,33,4,1,0,84,16,32,10932,64,0,22,22,17,79,204,30,46,35,24,26,29,,,,,,Unavailable,,,Unavailable,,,,6330,15733,7834,18423,4177,4177,93,7,17222,3638,13584,1201,539,662,18438,4177,23,77,14261,5,204,3739,21,795,1220,1724,1,29,25,34,10,31,12,32,Unavailable,15,Unavailable,93,Unavailable,Unavailable,Unavailable,Unavailable
196033,SUNY College of Agriculture and Technology at Cobleskill,1,36,1,1,2,SUNY College of Agriculture and Technology at Cobleskill,NY,32,2,1,0,92,8,43,18122,0,0,48,47,41,21,158,56,55,41,49,53,54,5,3147,2620,9,1,10,530,530,1060,,,,7070,16980,7863,1791,1672,1672,93,7,1670,1588,82,121,84,37,1792,1673,93,7,119,9,158,1776,3,51,715,1010,1,311,14,40,25,50,24,6,Unavailable,32,Unavailable,93,Unavailable,Unavailable,Unavailable,Unavailable
196246,SUNY College at Plattsburgh,1,36,1,1,2,SUNY College at Plattsburgh,NY,32,2,1,0,92,8,39,15982,23,1,65,65,51,36,274,53,66,59,44,57,59,5,8410,6323,11,0,11,600,580,1180,,,,7070,16980,7863,3856,3404,3404,87,13,3342,3175,167,514,229,285,3856,3404,88,12,452,7,274,3789,15,577,1831,1381,7,837,15,39,31,46,30,13,Unavailable,42,Unavailable,87,Unavailable,Unavailable,Unavailable,Unavailable
145336,Governors State University,1,17,1,1,2,Governors State University,IL,21,2,1,0,100,0,53,10833,20,1,17,16,10,58,404,8,23,20,13,18,20,,,,,,Unavailable,,,Unavailable,,,,7872,7872,7872,2536,1676,1676,58,42,1464,1212,252,1072,464,608,2536,1676,66,34,860,16,404,2518,43,1072,1199,247,30,286,11,46,6,31,16,40,Unavailable,17,Unavailable,58,Unavailable,Unavailable,Unavailable,Unavailable
485546,California Intercontinental University,1,46,3,1,2,California Intercontinental University,SD,12,1,3,,,,78,,6,4,100,100,100,25,0,2,100,10,9,10,10,,,,,,Unavailable,,,Unavailable,,,,7884,7884,Unavailable,141,0,0,7,93,10,0,10,131,0,131,141,,Unavailable,100,141,0,,141,100,141,,,2,0,11,Unavailable,60,40,40,97,Unavailable,60,Unavailable,7,Unavailable,Unavailable,Unavailable,Unavailable
176044,Mississippi Valley State University,1,28,1,1,2,Mississippi Valley State University,MS,42,2,1,0,100,0,82,12304,0,0,28,27,18,16,172,19,30,22,14,20,22,5,3411,1745,0,70,70,,,Unavailable,16,14,15,7892,7892,7892,2005,1127,1127,86,14,1728,960,768,277,167,110,2005,1127,56,44,878,13,172,1326,7,99,737,490,20,205,13,58,11,51,19,21,#VALUE!,22,Unavailable,86,Unavailable,#VALUE!,Unavailable,Unavailable
128780,Charter Oak State College,1,9,1,1,2,Charter Oak State College,CT,21,2,1,0,100,0,40,15663,38,2,,,,130,537,,,,,,,,,,,,Unavailable,,,Unavailable,,,,7896,7896,7896,1683,526,526,16,84,269,138,131,1414,388,1026,1683,526,31,69,1157,33,537,1620,100,1620,,,8,1,16,41,Unavailable,Unavailable,Unavailable,84,Unavailable,Unavailable,Unavailable,16,Unavailable,Unavailable,Unavailable,Unavailable
234827,Central Washington University,1,53,1,1,2,Central Washington University,WA,32,3,1,0,95,5,35,15558,296,4,54,54,32,45,797,44,55,50,32,46,50,3,6829,6161,,,Unavailable,,,Unavailable,,,,7021,24600,7900,8309,7074,7074,80,20,6675,6022,653,1634,1052,582,8309,7074,85,15,1235,10,797,8081,22,1774,3583,2724,165,1402,17,38,19,40,28,19,Unavailable,36,Unavailable,80,Unavailable,Unavailable,Unavailable,Unavailable
198677,Heritage Bible College,1,37,2,1,2,Heritage Bible College,NC,41,1,2,,,,77,,0,0,25,25,25,2,3,25,,40,25,25,25,,,,,,Unavailable,,,Unavailable,,,,7920,7920,Unavailable,28,11,11,7,93,2,2,0,26,9,17,28,11,39,61,17,11,3,28,100,28,,,2,3,2,Unavailable,15,51,16,85,Unavailable,19,Unavailable,7,Unavailable,Unavailable,Unavailable,Unavailable
183257,University of New Hampshire College of Professional Studies Online,1,33,1,1,2,University of New Hampshire College of Professional Studies Online,NH,12,2,1,0,73,27,34,11851,82,7,15,15,3,12,128,11,38,14,4,8,12,,,,,,Unavailable,,,Unavailable,,,,7536,9096,7957,1099,260,260,24,76,268,97,171,831,163,668,1100,261,24,76,839,13,128,1019,100,1019,,,7,15,13,32,2,23,14,83,Unavailable,14,Unavailable,24,Unavailable,Unavailable,Unavailable,Unavailable
196194,State University of New York at Oswego,1,36,1,1,2,State University of New York at Oswego,NY,32,3,1,0,91,9,39,16923,57,1,67,66,54,32,519,55,65,60,48,58,60,5,14465,11629,27,3,30,590,580,1170,26,,,7070,16980,7962,5652,5305,5305,92,8,5223,5071,152,429,234,195,5652,5305,94,6,347,9,519,5618,9,533,2113,2972,7,1460,14,38,32,47,32,8,22,44,Unavailable,92,Unavailable,22,Unavailable,Unavailable
199971,Carolina Christian College,1,37,2,1,2,Carolina Christian College,NC,11,1,2,,,,100,,0,0,,,,3,14,0,,0,0,0,0,,,,,,Unavailable,,,Unavailable,,,,7980,7980,Unavailable,53,53,53,64,36,34,34,0,19,19,0,53,53,100,Unavailable,,26,14,53,0,0,51,2,,6,5,Unavailable,Unavailable,50,Unavailable,#VALUE!,Unavailable,Unavailable,Unavailable,64,Unavailable,Unavailable,Unavailable,Unavailable
219046,Black Hills State University,1,46,1,1,2,Black Hills State University,SD,32,2,1,0,88,12,31,16474,71,2,44,42,26,,159,30,40,39,25,36,40,5,1617,1527,1,73,74,,,Unavailable,20,20,19,7616,10718,7988,3279,1579,1579,89,11,2923,1491,1432,356,88,268,3279,1579,48,52,1700,8,159,1935,9,178,895,862,24,389,17,34,16,31,22,23,#VALUE!,30,Unavailable,89,Unavailable,#VALUE!,Unavailable,Unavailable
486257,Valor Christian College,1,39,2,1,3,Valor Christian College,OH,11,1,2,,,,58,,4,1,,,,,90,,50,41,,,,,,,,,Unavailable,,,Unavailable,,,,7992,7992,Unavailable,352,244,244,31,69,108,95,13,244,149,95,352,244,69,31,108,26,90,352,71,250,68,34,1,14,25,Unavailable,Unavailable,Unavailable,Unavailable,58,Unavailable,Unavailable,Unavailable,31,Unavailable,Unavailable,Unavailable,Unavailable
176035,Mississippi University for Women,1,28,1,1,2,Mississippi University for Women,MS,33,2,1,0,100,0,51,12617,34,2,45,45,31,7,493,34,45,38,24,35,37,5,553,553,3,94,97,,,Unavailable,20,20,18,7992,7992,7992,1995,1460,1460,78,22,1564,1135,429,431,325,106,1995,1460,73,27,535,31,493,1593,34,549,798,246,3,120,10,45,19,43,37,27,#VALUE!,39,Unavailable,78,Unavailable,#VALUE!,Unavailable,Unavailable
196431,Talmudical Seminary Oholei Torah,1,36,2,1,2,Talmudical Seminary Oholei Torah,NY,11,1,2,,,,60,,0,0,5,5,0,,250,13,15,14,9,14,14,3,73,57,,,Unavailable,,,Unavailable,,,,8000,8000,Unavailable,Unavailable,Unavailable,Unavailable,#VALUE!,Unavailable,353,351,2,,,,353,351,99,1,2,71,250,353,Unavailable,,,353,2,35,14,Unavailable,0,37,44,#VALUE!,Unavailable,31,Unavailable,Unavailable,Unavailable,Unavailable,Unavailable,Unavailable
176451,Wesley Biblical Seminary,1,28,2,1,2,Wesley Biblical Seminary,MS,21,1,2,,,,0,,0,0,,,,4,10,,,,,,,3,3,3,,,Unavailable,,,Unavailable,,,,8000,8000,Unavailable,19,4,4,21,79,4,0,4,15,4,11,27,6,22,78,21,37,10,27,74,20,0,7,3,0,7,Unavailable,Unavailable,Unavailable,Unavailable,77,Unavailable,Unavailable,Unavailable,21,Unavailable,Unavailable,Unavailable,Unavailable
144005,Chicago State University,1,17,1,1,2,Chicago State University,IL,11,2,1,0,95,5,65,9852,20,1,24,21,5,60,226,12,36,17,7,13,17,3,9458,3832,,,Unavailable,,,Unavailable,,,,8040,8040,8040,1495,981,981,57,43,848,621,227,647,360,287,1495,981,66,34,514,16,226,1414,14,196,764,454,19,154,10,50,3,39,18,32,Unavailable,21,Unavailable,57,Unavailable,Unavailable,Unavailable,Unavailable
196264,Empire State University,1,36,1,1,2,Empire State University,NY,23,3,1,0,90,10,38,11065,103,1,20,18,14,45,1467,23,26,29,12,17,22,,,,,,Unavailable,,,Unavailable,,,,7070,16980,8061,7789,3448,3448,26,74,2061,1102,959,5728,2346,3382,7789,3448,44,56,4341,21,1467,7046,90,6372,148,526,22,74,17,38,8,31,20,73,Unavailable,20,Unavailable,26,Unavailable,Unavailable,Unavailable,Unavailable
484905,University of North Texas at Dallas,1,48,1,1,2,University of North Texas at Dallas,TX,11,2,1,0,96,2,53,9109,71,2,43,37,24,30,468,45,46,44,29,41,44,5,3939,3697,7,1,8,470,440,910,17,16,16,7840,20439,8092,3018,1810,1810,68,32,2040,1466,574,978,344,634,3018,1810,60,40,1208,16,468,2914,28,824,1626,464,62,284,17,45,14,49,24,33,4,32,Unavailable,68,4,Unavailable,Unavailable,Unavailable
449658,Bais Medrash Toras Chesed,1,34,2,1,2,Bais Medrash Toras Chesed,NJ,13,1,2,,,,32,,0,0,43,39,0,,6,100,27,32,0,29,32,3,73,46,,,Unavailable,,,Unavailable,,,,8100,8100,Unavailable,125,124,124,97,3,121,121,0,4,3,1,125,124,99,1,1,5,6,125,Unavailable,,,125,,33,16,Unavailable,0,66,18,#VALUE!,Unavailable,28,Unavailable,97,Unavailable,Unavailable,Unavailable,Unavailable
443049,Faith International University,1,53,2,1,2,Faith International University,WA,12,1,2,,,,47,,15,8,25,25,13,,49,,50,67,67,67,67,,,,,,Unavailable,,,Unavailable,,,,8100,8100,Unavailable,196,93,93,29,71,57,26,31,139,67,72,196,93,47,53,103,25,49,196,72,142,47,7,2,3,14,Unavailable,8,Unavailable,25,66,Unavailable,25,Unavailable,29,Unavailable,Unavailable,Unavailable,Unavailable
240480,University of Wisconsin-Stevens Point,1,55,1,1,2,University of Wisconsin-Stevens Point,WI,32,3,1,0,89,11,29,14347,128,2,57,55,34,35,356,48,60,56,38,53,56,5,8820,7950,,54,Unavailable,,,Unavailable,22,21,22,7112,16132,8104,7419,6423,6423,92,8,6830,6110,720,589,313,276,7419,6423,87,13,996,5,356,7104,5,358,3577,3169,23,1527,21,34,20,39,25,9,Unavailable,36,Unavailable,92,Unavailable,Unavailable,Unavailable,Unavailable
163338,University of Maryland Eastern Shore,1,24,1,1,2,University of Maryland Eastern Shore,MD,31,2,1,0,77,23,54,14595,25,1,36,33,15,25,161,31,37,35,19,31,35,5,8032,7258,0,0,0,,,Unavailable,,,,5637,16467,8128,2233,2059,2059,92,8,2048,1968,80,185,91,94,2233,2059,92,8,174,7,161,2165,3,60,1172,933,10,578,9,41,9,43,18,6,Unavailable,25,Unavailable,92,Unavailable,Unavailable,Unavailable,Unavailable
180814,Bellevue University,1,31,2,1,2,Bellevue University,NE,21,4,2,,,,30,,476,4,26,23,19,54,2385,14,80,56,18,50,56,,,,,,Unavailable,,,Unavailable,,,,8136,8136,Unavailable,11096,6940,6940,22,78,2430,1632,798,8666,5308,3358,11096,6940,63,37,4156,23,2385,10426,94,9816,207,403,278,170,17,Unavailable,11,22,23,71,Unavailable,25,Unavailable,22,Unavailable,Unavailable,Unavailable,Unavailable
179557,Southeast Missouri State University,1,29,1,1,2,Southeast Missouri State University,MO,13,3,1,0,73,27,35,14843,94,1,56,54,35,33,403,43,66,56,39,53,56,5,7462,5858,1,6,7,510,480,990,19,17,16,8151,8151,8151,8099,5967,5967,90,10,7267,5486,1781,832,481,351,8099,5967,74,26,2132,6,403,6588,13,864,3339,2385,56,1375,20,32,21,39,25,16,4,36,Unavailable,90,3,Unavailable,Unavailable,Unavailable
235097,Eastern Washington University,1,53,1,1,2,Eastern Washington University,WA,31,4,1,0,95,5,38,13786,199,3,53,50,26,81,630,41,53,47,30,43,47,3,6415,5887,,,Unavailable,,,Unavailable,,,,7294,24833,8171,7243,6327,6327,85,15,6133,5464,669,1110,863,247,7246,6330,87,13,916,10,630,6517,15,949,3069,2499,29,1336,20,39,16,40,26,14,Unavailable,36,Unavailable,85,Unavailable,Unavailable,Unavailable,Unavailable
490045,Presbyterian Theological Seminary in America,1,6,2,1,2,Presbyterian Theological Seminary in America,CA,21,1,2,,,,47,,1,3,100,100,50,,6,100,50,80,40,80,80,,,,,,Unavailable,,,Unavailable,,,,8206,8206,Unavailable,38,17,17,8,92,3,2,1,35,15,20,38,17,45,55,21,16,6,38,68,26,12,0,4,0,6,Unavailable,30,74,49,74,Unavailable,66,Unavailable,8,Unavailable,Unavailable,Unavailable,Unavailable
200572,Valley City State University,1,38,1,1,2,Valley City State University,ND,33,2,1,0,68,32,29,13841,24,1,54,53,35,8,116,44,53,48,36,44,48,5,492,341,,73,Unavailable,,,Unavailable,21,20,20,6619,11583,8207,1628,842,842,84,16,1363,771,592,265,71,194,1628,842,52,48,786,13,116,918,20,183,456,279,20,185,12,29,21,37,29,27,Unavailable,37,Unavailable,84,Unavailable,Unavailable,Unavailable,Unavailable
228884,Texas College,1,48,2,1,2,Texas College,TX,12,1,2,,,,85,,2,0,17,17,5,2,71,11,100,11,7,7,10,,,,,,Unavailable,,,Unavailable,,,,8208,8208,Unavailable,644,604,604,82,18,528,519,9,116,85,31,644,604,94,6,40,11,71,644,5,35,584,25,0,134,23,Unavailable,3,48,13,11,Unavailable,15,Unavailable,82,Unavailable,Unavailable,Unavailable,Unavailable
498571,Pennsylvania Western University,1,42,1,1,2,Pennsylvania Western University,PA,32,4,1,0,87,13,38,19579,164,2,53,52,37,37,532,43,62,51,40,50,53,5,6189,5796,16,2,18,540,530,1070,22,22,23,7716,11574,8218,8336,6989,6989,85,15,7069,6440,629,1267,549,718,8336,6989,84,16,1347,7,532,8134,16,1318,3951,2865,67,1799,17,37,22,41,25,16,12,34,Unavailable,85,11,Unavailable,Unavailable,Unavailable
219259,Northern State University,1,46,1,1,2,Northern State University,SD,33,2,1,0,79,21,27,16873,15,1,59,56,37,30,97,41,61,52,32,52,55,5,1082,1004,1,82,83,,,Unavailable,21,20,21,7616,10718,8267,2932,1033,1033,93,7,2726,994,1732,206,39,167,2932,1033,35,65,1899,8,97,1239,11,140,617,482,10,257,17,31,22,34,27,26,#VALUE!,39,Unavailable,93,Unavailable,#VALUE!,Unavailable,Unavailable
475398,Catholic Distance University,1,54,2,1,2,Catholic Distance University,WV,31,1,2,,,,21,,5,5,,,,13,14,,,,,,,,,,,,Unavailable,,,Unavailable,,,,8280,8280,Unavailable,95,25,25,17,83,16,5,11,79,20,59,99,29,29,71,70,15,14,95,100,95,,,4,0,3,Unavailable,Unavailable,Unavailable,Unavailable,84,Unavailable,Unavailable,Unavailable,17,Unavailable,Unavailable,Unavailable,Unavailable
199157,North Carolina Central University,1,37,1,1,2,North Carolina Central University,NC,11,3,1,0,65,35,62,13884,79,1,52,51,29,52,473,44,52,46,27,42,46,5,14192,12842,1,1,2,560,500,1060,17,16,16,3728,16764,8291,5973,4973,4973,85,15,5088,4569,519,885,404,481,5973,4973,83,17,1000,9,473,5400,16,871,3287,1242,7,1072,16,41,17,53,26,16,1,35,Unavailable,85,1,Unavailable,Unavailable,Unavailable
194718,Rabbinical Seminary Mkor Chaim,1,34,2,1,2,Rabbinical Seminary Mkor Chaim,NJ,21,1,2,,,,73,,0,0,0,0,0,,1,,25,25,0,0,25,3,31,31,,,Unavailable,,,Unavailable,,,,8300,8300,Unavailable,81,81,81,99,1,80,80,0,1,1,0,81,81,100,Unavailable,,1,1,81,Unavailable,,,81,,27,16,Unavailable,0,Unavailable,1,#VALUE!,Unavailable,0,Unavailable,99,Unavailable,Unavailable,Unavailable,Unavailable
203456,Kent State University at East Liverpool,1,39,1,1,3,Kent State University at East Liverpool,OH,31,2,1,0,89,11,46,9788,1,0,0,0,0,1,46,0,0,10,0,0,0,,,,,,Unavailable,,,Unavailable,,,,7325,16438,8327,1055,20,20,78,22,828,18,810,227,2,225,1056,20,2,98,1036,7,46,705,76,533,58,114,4,6,31,41,0,23,4,61,Unavailable,3,Unavailable,78,Unavailable,Unavailable,Unavailable,Unavailable
206941,University of Central Oklahoma,1,40,1,1,2,University of Central Oklahoma,OK,21,4,1,0,90,10,37,18893,245,2,39,35,12,118,981,33,43,38,15,31,37,1,4945,4043,0,89,89,,,Unavailable,20,21,18,7284,18171,8373,10453,7865,7865,80,20,8399,6860,1539,2054,1005,1049,10454,7866,75,25,2588,10,981,10132,13,1364,4635,4133,91,1400,17,37,7,35,20,19,#VALUE!,27,Unavailable,80,Unavailable,#VALUE!,Unavailable,Unavailable
482228,Veritas Baptist College,1,18,2,1,2,Veritas Baptist College,IN,31,1,2,,,,37,,3,2,33,33,33,7,11,29,29,29,13,38,38,3,11,11,,,Unavailable,,,Unavailable,,,,8376,8376,Unavailable,140,38,38,54,46,76,21,55,64,17,47,140,38,27,73,102,10,11,114,100,114,,,7,5,4,Unavailable,20,33,19,70,Unavailable,24,Unavailable,54,Unavailable,Unavailable,Unavailable,Unavailable
449339,American Public University System,1,54,3,1,2,American Public University System,WV,31,5,3,,,,25,,12088,30,46,41,26,69,5030,39,59,53,32,39,41,,,,,,Unavailable,,,Unavailable,,,,8400,8400,Unavailable,40478,3294,3294,22,78,9032,716,8316,31446,2578,28868,40478,3294,8,92,37184,13,5030,38976,100,38976,,,821,47,25,Unavailable,16,32,24,89,Unavailable,33,Unavailable,22,Unavailable,Unavailable,Unavailable,Unavailable
189857,Central Yeshiva Tomchei Tmimim Lubavitz,1,36,2,1,2,Central Yeshiva Tomchei Tmimim Lubavitz,NY,11,1,2,,,,64,,0,0,31,18,0,,268,4,0,3,0,0,3,3,182,161,,,Unavailable,,,Unavailable,,,,8400,8400,Unavailable,810,810,810,100,0,807,807,0,3,3,0,810,810,100,Unavailable,,33,268,810,Unavailable,,,810,,120,35,Unavailable,0,34,27,#VALUE!,Unavailable,32,Unavailable,100,Unavailable,Unavailable,Unavailable,Unavailable
206154,Tri-State Bible College,1,39,2,1,3,Tri-State Bible College,OH,22,1,2,,,,52,,1,6,0,0,0,2,4,,,,,,,,,,,,Unavailable,,,Unavailable,,,,8400,8400,Unavailable,16,1,1,6,94,1,0,1,15,1,14,16,1,6,94,15,29,4,14,0,0,5,9,3,0,1,Unavailable,0,Unavailable,17,66,Unavailable,11,Unavailable,6,Unavailable,Unavailable,Unavailable,Unavailable
476975,Colorado State University Global,1,8,1,1,2,Colorado State University Global,CO,11,3,1,0,100,0,26,12475,523,8,,,,109,1310,,,,,,,5,392,364,0,0,0,,,Unavailable,,,,8400,8400,8400,6568,1841,1841,16,84,1079,377,702,5489,1464,4025,6568,1841,28,72,4727,21,1310,6202,100,6202,,,75,16,25,35,Unavailable,Unavailable,Unavailable,85,Unavailable,Unavailable,Unavailable,16,Unavailable,Unavailable,Unavailable,Unavailable
213349,Kutztown University of Pennsylvania,1,42,1,1,2,Kutztown University of Pennsylvania,PA,31,3,1,0,84,16,31,21856,39,1,55,54,37,,396,45,58,54,41,52,54,5,8170,7748,13,0,13,600,570,1170,,,,7716,12220,8437,6420,6050,6050,95,5,6086,5874,212,334,176,158,6420,6050,94,6,370,6,396,6348,1,81,2029,4238,4,1595,20,33,22,38,25,4,Unavailable,35,Unavailable,95,Unavailable,Unavailable,Unavailable,Unavailable
234137,Virginia University of Lynchburg,1,51,2,1,2,Virginia University of Lynchburg,VA,13,1,2,,,,79,,2,1,25,25,0,14,58,0,32,26,6,7,22,,,,,,Unavailable,,,Unavailable,,,,8448,8448,Unavailable,142,107,107,85,15,120,97,23,22,10,12,170,128,75,25,42,34,58,170,26,45,54,71,0,4,12,Unavailable,0,40,30,22,Unavailable,29,Unavailable,85,Unavailable,Unavailable,Unavailable,Unavailable
163204,University of Maryland Global Campus,1,24,1,1,2,University of Maryland Global Campus,MD,21,5,1,0,31,19,30,14545,7846,15,12,11,5,67,10632,21,28,30,8,20,24,,,,,,Unavailable,,,Unavailable,,,,7632,11976,8457,50755,11394,11394,34,66,17334,4278,13056,33421,7116,26305,50793,11395,22,78,39398,22,10632,48238,89,43045,3421,1772,368,125,20,20,3,26,18,76,Unavailable,16,Unavailable,34,Unavailable,Unavailable,Unavailable,Unavailable
122409,San Diego State University,1,6,1,1,2,San Diego State University,CA,11,5,1,0,77,23,32,19500,785,2,77,76,48,41,5218,74,80,78,57,75,78,3,82800,28517,,,Unavailable,,,Unavailable,,,,5742,17622,8474,34050,30228,30228,88,12,30034,27658,2376,4016,2570,1446,34050,30228,89,11,3822,16,5218,33654,5,1600,18469,13585,44,6529,22,32,29,53,40,10,Unavailable,52,Unavailable,88,Unavailable,Unavailable,Unavailable,Unavailable
162007,Bowie State University,1,24,1,1,2,Bowie State University,MD,21,3,1,0,77,23,45,16117,70,1,45,42,17,,459,33,47,38,15,32,38,5,6245,5217,1,,Unavailable,485,450,935,,,,5993,16833,8486,5288,4379,4379,84,16,4434,3904,530,854,475,379,5288,4379,83,17,909,9,459,5207,7,374,2852,1981,18,1170,16,37,10,39,22,14,Unavailable,31,Unavailable,84,Unavailable,Unavailable,Unavailable,Unavailable
140571,MORRIS BROWN COLLEGE,1,13,2,1,2,Morris Brown College,GA,11,1,2,,,,63,,6,2,,,,4,59,100,,100,50,100,100,,,,,,Unavailable,,,Unavailable,,,,8500,8500,Unavailable,340,261,261,49,51,168,136,32,172,125,47,343,261,76,24,82,17,59,338,67,226,106,6,23,44,14,Unavailable,Unavailable,82,Unavailable,47,Unavailable,Unavailable,Unavailable,49,Unavailable,Unavailable,Unavailable,Unavailable
247773,Yeshiva Gedolah of Greater Detroit,1,26,2,1,2,Yeshiva Gedolah of Greater Detroit,MI,21,1,2,,,,38,,0,0,7,0,0,,0,60,38,46,46,46,46,3,27,25,,,Unavailable,,,Unavailable,,,,8500,8500,Unavailable,Unavailable,Unavailable,Unavailable,#VALUE!,Unavailable,71,71,0,,,,71,71,100,Unavailable,,0,,71,Unavailable,,,71,,21,12,Unavailable,0,49,0,#VALUE!,Unavailable,4,Unavailable,Unavailable,Unavailable,Unavailable,Unavailable,Unavailable
405058,Yeshivas Novominsk,1,36,2,1,3,Yeshivas Novominsk,NY,11,1,2,,,,35,,0,0,0,0,0,,2,0,66,65,0,0,0,3,51,46,,,Unavailable,,,Unavailable,,,,8540,8540,Unavailable,Unavailable,Unavailable,Unavailable,#VALUE!,Unavailable,163,163,0,,,,163,163,100,Unavailable,,1,2,163,Unavailable,,,163,,39,27,Unavailable,0,18,1,#VALUE!,Unavailable,0,Unavailable,Unavailable,Unavailable,Unavailable,Unavailable,Unavailable
491710,Yeshiva Gedolah of Cliffwood,1,34,2,1,2,Yeshiva Gedolah of Cliffwood,NJ,21,1,2,,,,9,,0,0,20,13,7,,5,0,12,11,5,11,11,3,25,20,,,Unavailable,,,Unavailable,,,,8550,8550,Unavailable,Unavailable,Unavailable,Unavailable,#VALUE!,Unavailable,55,55,0,,,,55,55,100,Unavailable,,9,5,53,Unavailable,,,53,,11,18,Unavailable,4,5,11,#VALUE!,Unavailable,16,Unavailable,Unavailable,Unavailable,Unavailable,Unavailable,Unavailable
196219,SUNY at Purchase College,1,36,1,1,2,SUNY at Purchase College,NY,21,2,1,0,85,15,36,18651,0,0,65,63,56,76,270,55,65,62,51,61,62,5,7221,5259,10,2,12,660,610,1270,28,32,27,7070,16980,8557,3165,2918,2918,94,6,2968,2809,159,197,109,88,3165,2918,92,8,247,9,270,3110,1,40,735,2335,3,684,11,36,34,46,30,5,9,42,Unavailable,94,8,Unavailable,Unavailable,Unavailable
196060,University at Albany,1,36,1,1,2,University at Albany,NY,12,4,1,0,92,8,42,19165,93,1,67,66,59,107,884,62,66,64,57,63,64,5,30740,21477,1,0,1,,,Unavailable,,,,7070,25660,8557,12190,11558,11558,95,5,11560,11213,347,630,345,285,12190,11558,95,5,632,7,884,12100,4,435,5355,6310,6,2645,17,40,35,52,31,5,Unavailable,43,Unavailable,95,Unavailable,Unavailable,Unavailable,Unavailable
211608,Cheyney University of Pennsylvania,1,42,1,1,2,Cheyney University of Pennsylvania,PA,41,1,1,0,89,11,42,8460,0,0,42,41,23,,36,18,15,16,11,16,16,,,,,,Unavailable,,,Unavailable,,,,7716,15432,8565,724,663,663,92,8,663,628,35,61,35,26,724,663,92,8,61,5,36,721,4,28,492,201,4,192,15,39,14,30,19,7,Unavailable,27,Unavailable,92,Unavailable,Unavailable,Unavailable,Unavailable
174020,Metropolitan State University,1,27,1,1,2,Metropolitan State University,MN,11,3,1,0,96,4,47,18233,116,2,38,38,15,150,1253,44,11,38,19,33,38,5,542,523,,8,Unavailable,,,Unavailable,19,20,18,8571,8571,8571,5260,2551,2551,45,55,2393,1512,881,2867,1039,1828,5271,2552,48,52,2719,25,1253,4998,49,2452,1707,839,34,101,14,43,9,46,30,52,Unavailable,33,Unavailable,45,Unavailable,Unavailable,Unavailable,Unavailable
176965,University of Central Missouri,1,29,1,1,2,University of Central Missouri,MO,32,4,1,0,97,3,32,15728,693,10,53,53,34,48,622,39,59,49,36,47,49,5,4966,3407,,75,Unavailable,,,Unavailable,21,20,19,8325,16650,8575,7178,4914,4914,87,13,6263,4534,1729,915,380,535,7203,4927,68,32,2276,11,622,5653,10,582,3003,2068,18,1010,19,37,20,36,28,18,Unavailable,36,Unavailable,87,Unavailable,Unavailable,Unavailable,Unavailable
161217,University of Maine at Augusta,1,23,1,1,2,University of Maine at Augusta,ME,32,2,1,0,92,8,49,11569,93,2,18,15,5,34,392,19,23,23,10,18,20,,,,,,Unavailable,,,Unavailable,,,,7560,20490,8594,4250,1291,1291,53,47,2271,734,1537,1979,557,1422,4250,1291,30,70,2959,14,392,2759,74,2050,598,111,72,166,15,43,3,34,15,62,Unavailable,16,Unavailable,53,Unavailable,Unavailable,Unavailable,Unavailable
245777,Bais Medrash Elyon,1,36,2,1,2,Bais Medrash Elyon,NY,21,1,2,,,,11,,0,0,,,,,7,,,,,,,3,10,8,,,Unavailable,,,Unavailable,,,,8600,8600,Unavailable,41,40,40,95,5,39,39,0,2,1,1,41,40,98,2,1,17,7,41,Unavailable,,,41,,9,19,Unavailable,Unavailable,Unavailable,Unavailable,#VALUE!,Unavailable,Unavailable,Unavailable,95,Unavailable,Unavailable,Unavailable,Unavailable
493594,Yeshiva of Ocean,1,36,2,1,3,Yeshiva of Ocean,NY,42,1,2,,,,63,,0,0,13,13,0,,2,,67,67,0,0,11,3,50,19,,,Unavailable,,,Unavailable,,,,8600,8600,Unavailable,Unavailable,Unavailable,Unavailable,#VALUE!,Unavailable,57,57,0,,,,57,57,100,Unavailable,,4,2,57,Unavailable,,,57,,9,29,Unavailable,0,Unavailable,7,#VALUE!,Unavailable,9,Unavailable,Unavailable,Unavailable,Unavailable,Unavailable,Unavailable
488031,Abraham Lincoln University,1,6,3,1,2,Abraham Lincoln University,CA,12,1,3,,,,49,,0,0,,,,9,18,,,,,,,,,,,,Unavailable,,,Unavailable,,,,8640,8640,Unavailable,49,48,48,22,78,11,11,0,38,37,1,49,48,98,2,1,37,18,49,100,49,,,,2,5,Unavailable,Unavailable,Unavailable,Unavailable,62,Unavailable,Unavailable,Unavailable,22,Unavailable,Unavailable,Unavailable,Unavailable
232618,Centra College,1,51,2,1,3,Centra College,VA,13,1,2,,,,44,,1,0,,,,,82,,,100,,,,3,1,1,,,Unavailable,,,Unavailable,,,,8640,8640,Unavailable,212,31,31,50,50,105,16,89,107,15,92,212,31,15,85,181,39,82,212,6,13,0,199,1,2,6,Unavailable,Unavailable,Unavailable,Unavailable,48,Unavailable,Unavailable,Unavailable,50,Unavailable,Unavailable,Unavailable,Unavailable
240189,University of Wisconsin-Whitewater,1,55,1,1,2,University of Wisconsin-Whitewater,WI,32,4,1,0,81,19,26,13670,61,1,64,63,39,17,642,55,68,64,40,60,64,5,11190,9261,,73,Unavailable,,,Unavailable,21,20,20,6812,16478,8649,9812,8363,8363,90,10,8805,7904,901,1007,459,548,9812,8363,85,15,1449,7,642,9180,10,960,4032,4188,23,1848,20,31,23,41,29,12,Unavailable,41,Unavailable,90,Unavailable,Unavailable,Unavailable,Unavailable
488679,Indiana Wesleyan University-National & Global,1,18,2,1,2,Indiana Wesleyan University-National & Global,IN,41,4,2,,,,48,,156,3,,,,,1318,,38,37,,,,,,,,,Unavailable,,,Unavailable,,,,8680,8680,Unavailable,6118,5338,5338,19,81,1172,908,264,4946,4430,516,6118,5338,87,13,780,23,1318,5808,98,5670,93,45,0,0,19,Unavailable,Unavailable,Unavailable,Unavailable,65,Unavailable,Unavailable,Unavailable,19,Unavailable,Unavailable,Unavailable,Unavailable
237385,Glenville State University,1,54,1,1,2,Glenville State University,WV,43,2,1,0,73,20,54,16745,17,1,45,45,30,,111,31,49,35,28,36,39,,,,,,Unavailable,,,Unavailable,,,,8352,10080,8698,1572,951,951,83,17,1311,860,451,261,91,170,1583,961,61,39,622,9,111,1177,9,104,678,395,3,232,15,40,18,43,24,21,Unavailable,31,Unavailable,83,Unavailable,Unavailable,Unavailable,Unavailable
106306,Arkansas Baptist College,1,5,2,1,2,Arkansas Baptist College,AR,12,1,2,,,,46,,7,2,0,0,0,21,29,1,80,8,1,1,3,,,,,,Unavailable,,,Unavailable,,,,8760,8760,Unavailable,373,326,326,80,20,299,279,20,74,47,27,373,326,87,13,47,8,29,373,0,0,75,298,9,84,15,Unavailable,0,24,5,12,Unavailable,3,Unavailable,80,Unavailable,Unavailable,Unavailable,Unavailable
493707,Yeshiva Gedolah of Woodlake Village,1,34,2,1,3,Yeshiva Gedolah of Woodlake Village,NJ,21,1,2,,,,32,,0,0,5,5,0,,4,,50,50,22,22,22,3,22,21,,,Unavailable,,,Unavailable,,,,8830,8830,Unavailable,Unavailable,Unavailable,Unavailable,#VALUE!,Unavailable,79,79,0,,,,79,79,100,Unavailable,,5,4,79,Unavailable,,,79,,30,16,Unavailable,0,Unavailable,5,#VALUE!,Unavailable,5,Unavailable,Unavailable,Unavailable,Unavailable,Unavailable,Unavailable
174358,Minnesota State University Moorhead,1,27,1,1,2,Minnesota State University Moorhead,MN,22,2,1,0,68,32,29,18231,40,1,59,57,39,78,309,45,60,55,36,49,54,5,4654,2449,1,64,65,,,Unavailable,21,20,20,8838,8838,8838,3402,2675,2675,82,18,2773,2393,380,629,282,347,3413,2676,78,22,737,10,309,3120,12,386,2034,700,7,624,17,29,23,37,29,18,#VALUE!,39,Unavailable,82,Unavailable,#VALUE!,Unavailable,Unavailable
175078,Southwest Minnesota State University,1,27,1,1,2,Southwest Minnesota State University,MN,33,3,1,0,71,0,36,14839,21,0,49,47,29,53,348,34,48,44,29,40,43,5,2630,1813,,51,Unavailable,,,Unavailable,19,19,18,8840,8840,8840,6740,1590,1590,91,9,6114,1374,4740,626,216,410,6884,1591,23,77,5293,17,348,2045,37,752,742,551,11,319,16,32,17,35,29,38,Unavailable,36,Unavailable,91,Unavailable,Unavailable,Unavailable,Unavailable
227429,Paul Quinn College,1,48,2,1,2,Paul Quinn College,TX,11,1,2,,,,70,,0,0,27,23,11,12,56,47,,38,33,38,38,3,3398,1149,,,Unavailable,,,Unavailable,,,,8898,8898,Unavailable,599,378,378,64,36,383,339,44,216,39,177,600,378,63,37,222,9,56,600,66,395,197,8,0,97,20,Unavailable,7,59,15,45,Unavailable,20,Unavailable,64,Unavailable,Unavailable,Unavailable,Unavailable
204671,Ohio State University-Lima Campus,1,39,1,1,2,Ohio State University-Lima Campus,OH,41,1,1,0,100,0,35,12727,6,1,14,14,11,,44,14,23,18,8,11,12,,,,,,Unavailable,,,Unavailable,,,,8937,34443,8937,739,616,616,92,8,683,588,95,56,28,28,739,616,83,17,123,7,44,656,2,16,393,247,11,263,16,39,7,25,10,9,Unavailable,11,Unavailable,92,Unavailable,Unavailable,Unavailable,Unavailable
204680,Ohio State University-Mansfield Campus,1,39,1,1,3,Ohio State University-Mansfield Campus,OH,41,1,1,0,100,0,36,15920,10,1,7,7,4,,59,7,18,14,5,7,7,,,,,,Unavailable,,,Unavailable,,,,8937,34443,8937,843,683,683,92,8,775,640,135,68,43,25,843,683,81,19,160,8,59,726,5,33,363,330,6,294,17,39,2,22,8,10,Unavailable,7,Unavailable,92,Unavailable,Unavailable,Unavailable,Unavailable
204699,Ohio State University-Marion Campus,1,39,1,1,3,Ohio State University-Marion Campus,OH,32,1,1,0,100,0,28,14514,7,1,10,10,5,,69,7,32,26,3,7,8,,,,,,Unavailable,,,Unavailable,,,,8937,34443,8937,884,739,739,90,10,797,690,107,87,49,38,884,739,84,16,145,8,69,842,3,22,516,304,10,304,15,36,3,18,9,10,Unavailable,9,Unavailable,90,Unavailable,Unavailable,Unavailable,Unavailable
230171,Utah Tech University,1,49,1,1,3,Utah Tech University,UT,12,4,1,0,68,32,32,15488,107,1,26,25,15,87,668,17,44,34,14,21,24,,,,,,Unavailable,,,Unavailable,,,,5266,16834,8968,12481,7184,7184,89,11,11048,6471,4577,1433,713,720,12481,7184,58,42,5297,8,668,8320,10,842,3620,3858,73,1076,22,30,9,25,15,20,Unavailable,19,Unavailable,89,Unavailable,Unavailable,Unavailable,Unavailable
240462,University of Wisconsin-Platteville,1,55,1,1,2,University of Wisconsin-Platteville,WI,32,3,1,0,76,24,21,15966,85,1,61,59,28,14,274,57,65,62,32,57,62,5,5754,5021,,33,Unavailable,,,Unavailable,24,22,25,6827,15786,8977,6269,5421,5421,91,9,5695,5259,436,574,162,412,6270,5421,86,14,849,5,274,5928,6,365,1085,4478,18,1319,20,27,17,39,26,10,Unavailable,38,Unavailable,91,Unavailable,Unavailable,Unavailable,Unavailable
171483,Northwestern Michigan College,1,26,1,1,3,Northwestern Michigan College,MI,13,2,1,46,50,4,33,5831,90,3,81,75,75,93,225,88,29,25,63,70,70,,,,,,Unavailable,,,Unavailable,,,,8874,11560,8981,3146,1104,1104,72,28,2273,906,1367,873,198,675,3146,1104,35,65,2042,8,225,2668,21,550,1005,1113,1,21,12,37,45,61,35,37,Unavailable,52,Unavailable,72,Unavailable,Unavailable,Unavailable,Unavailable
173124,Bemidji State University,1,27,1,1,2,Bemidji State University,MN,33,2,1,0,84,0,30,16349,71,2,47,46,31,74,473,40,60,53,37,49,52,5,2860,2021,0,55,55,,,Unavailable,21,19,20,8994,8994,8994,3609,2307,2307,72,28,2607,1943,664,1002,364,638,3610,2308,64,36,1302,15,473,3120,37,1143,1200,777,7,445,16,33,19,35,27,33,#VALUE!,34,Unavailable,72,Unavailable,#VALUE!,Unavailable,Unavailable
484871,Rabbinical College Ohr Yisroel,1,36,2,1,2,Rabbinical College Ohr Yisroel,NY,11,1,2,,,,38,,0,0,52,48,0,,1,63,22,52,0,48,52,,,,,,Unavailable,,,Unavailable,,,,9000,9000,Unavailable,Unavailable,Unavailable,Unavailable,#VALUE!,Unavailable,116,116,0,,,,116,116,100,Unavailable,,1,1,116,Unavailable,,,116,,36,19,Unavailable,0,51,20,#VALUE!,Unavailable,32,Unavailable,Unavailable,Unavailable,Unavailable,Unavailable,Unavailable
491631,Women's Institute of Torah Seminary and College,1,24,2,1,2,Women's Institute of Torah Seminary and College,MD,11,1,2,,,,31,,0,0,67,67,67,,20,,100,100,100,100,100,3,52,50,,,Unavailable,,,Unavailable,,,,9000,9000,Unavailable,191,127,127,99,1,190,127,63,1,0,1,191,127,66,34,64,14,20,141,Unavailable,,,141,0,50,9,Unavailable,40,Unavailable,35,#VALUE!,Unavailable,46,Unavailable,99,Unavailable,Unavailable,Unavailable,Unavailable
363712,Yeshivah Gedolah Rabbinical College,1,12,2,1,2,Yeshivah Gedolah Rabbinical College,FL,13,1,2,,,,39,,0,0,0,0,0,1,32,36,,36,36,36,36,,,,,,Unavailable,,,Unavailable,,,,9000,9000,Unavailable,77,77,77,96,4,74,74,0,3,3,0,77,77,100,Unavailable,,42,32,77,Unavailable,,,77,,18,12,Unavailable,0,38,25,#VALUE!,Unavailable,17,Unavailable,96,Unavailable,Unavailable,Unavailable,Unavailable
196291,SUNY Maritime College,1,36,1,1,2,SUNY Maritime College,NY,11,2,1,0,80,20,21,20398,0,0,75,74,52,4,39,70,75,75,52,71,76,5,1629,1279,31,5,36,600,600,1200,24,,,7070,16980,9052,1243,1167,1167,95,5,1175,1118,57,68,49,19,1243,1167,94,6,76,3,39,1242,0,2,376,864,0,271,14,28,31,46,31,4,27,46,Unavailable,95,Unavailable,27,Unavailable,Unavailable
487746,Yeshiva Zichron Aryeh,1,36,2,1,2,Yeshiva Zichron Aryeh,NY,11,1,2,,,,11,,0,0,60,60,0,,9,0,0,0,0,0,0,3,5,3,,,Unavailable,,,Unavailable,,,,9070,9070,Unavailable,36,36,36,97,3,35,35,0,1,1,0,36,36,100,Unavailable,,25,9,36,Unavailable,,,36,,0,4,Unavailable,0,6,39,#VALUE!,Unavailable,46,Unavailable,97,Unavailable,Unavailable,Unavailable,Unavailable
120838,Pacific States University,1,6,2,1,2,Pacific States University,CA,11,1,2,,,,0,,0,0,0,0,0,,0,,100,100,100,100,100,3,4,4,,,Unavailable,,,Unavailable,,,,9120,9120,Unavailable,17,17,17,59,41,10,10,0,7,7,0,17,17,100,Unavailable,,0,,17,Unavailable,,,17,,3,7,Unavailable,0,Unavailable,0,#VALUE!,Unavailable,0,Unavailable,59,Unavailable,Unavailable,Unavailable,Unavailable
156417,Clear Creek Baptist Bible College,1,21,2,1,2,Clear Creek Baptist Bible College,KY,42,1,2,,,,45,,5,4,44,44,13,6,29,50,50,33,25,50,50,,,,,,Unavailable,,,Unavailable,,,,9150,9150,Unavailable,136,67,67,38,63,51,40,11,85,27,58,136,67,49,51,69,22,29,132,76,100,10,22,0,8,11,Unavailable,8,48,31,63,Unavailable,35,Unavailable,38,Unavailable,Unavailable,Unavailable,Unavailable
157030,Kentucky Mountain Bible College,1,21,2,1,2,Kentucky Mountain Bible College,KY,43,1,2,,,,59,,0,0,73,50,33,,5,30,0,36,8,17,25,1,42,15,0,50,50,,,Unavailable,18,17,17,9150,9150,Unavailable,84,44,44,76,24,64,40,24,20,4,16,87,44,51,49,43,7,5,72,28,20,18,34,1,11,9,Unavailable,20,45,24,33,#VALUE!,47,Unavailable,76,Unavailable,#VALUE!,Unavailable,Unavailable
161341,University of Maine at Presque Isle,1,23,1,1,2,University of Maine at Presque Isle,ME,41,2,1,0,71,29,42,9773,34,2,35,35,24,24,601,23,57,38,24,31,34,3,755,733,,,Unavailable,,,Unavailable,,,,7650,12840,9155,2152,892,892,58,42,1252,476,776,900,416,484,2152,892,41,59,1260,44,601,1362,67,907,317,138,17,103,28,35,14,33,40,54,Unavailable,39,Unavailable,58,Unavailable,Unavailable,Unavailable,Unavailable
135364,Luther Rice College & Seminary,1,13,2,1,2,Luther Rice College & Seminary,GA,21,1,2,,,,50,,7,3,,,,3,126,0,,0,0,0,0,3,35,12,,,Unavailable,,,Unavailable,,,,9168,9168,Unavailable,214,27,27,13,87,28,12,16,186,15,171,214,27,13,87,187,65,126,195,100,195,0,0,12,5,10,Unavailable,Unavailable,25,Unavailable,91,Unavailable,Unavailable,Unavailable,13,Unavailable,Unavailable,Unavailable,Unavailable
488305,Elim Bible Institute and College,1,36,2,1,3,Elim Bible Institute and College,NY,42,1,2,,,,51,,0,0,,,,,13,,70,70,,,,3,29,29,,,Unavailable,,,Unavailable,,,,9178,9178,Unavailable,98,71,71,64,36,63,55,8,35,16,19,98,71,72,28,27,14,13,94,26,24,39,31,0,2,7,Unavailable,Unavailable,Unavailable,Unavailable,30,Unavailable,Unavailable,Unavailable,64,Unavailable,Unavailable,Unavailable,Unavailable
204705,Ohio State University-Newark Campus,1,39,1,1,3,Ohio State University-Newark Campus,OH,23,2,1,0,99,1,36,13843,17,1,6,6,3,,138,4,37,31,3,5,5,,,,,,Unavailable,,,Unavailable,,,,8937,34443,9192,2422,2013,2013,94,6,2288,1948,340,134,65,69,2422,2013,83,17,409,6,138,2302,5,109,1595,598,39,1104,28,39,2,20,6,9,Unavailable,6,Unavailable,94,Unavailable,Unavailable,Unavailable,Unavailable
128586,Bais Binyomin Academy,1,36,2,1,3,Bais Binyomin Academy,NY,21,1,2,,,,67,,0,0,0,0,0,,1,0,33,57,0,0,0,3,33,26,,,Unavailable,,,Unavailable,,,,9200,9200,Unavailable,Unavailable,Unavailable,Unavailable,#VALUE!,Unavailable,50,50,0,,,,50,50,100,Unavailable,,2,1,50,Unavailable,,,50,,29,10,Unavailable,0,34,1,#VALUE!,Unavailable,1,Unavailable,Unavailable,Unavailable,Unavailable,Unavailable,Unavailable
420325,Yeshiva D'monsey Rabbinical College,1,36,2,1,2,Yeshiva D'monsey Rabbinical College,NY,21,1,2,,,,84,,0,0,25,25,0,,4,9,0,5,0,5,5,3,78,33,,,Unavailable,,,Unavailable,,,,9200,9200,Unavailable,Unavailable,Unavailable,Unavailable,#VALUE!,Unavailable,86,86,0,,,,86,86,100,Unavailable,,5,4,86,Unavailable,,,86,,21,14,Unavailable,0,47,13,#VALUE!,Unavailable,17,Unavailable,Unavailable,Unavailable,Unavailable,Unavailable,Unavailable
431983,Yeshiva of the Telshe Alumni,1,36,2,1,2,Yeshiva of the Telshe Alumni,NY,11,1,2,,,,47,,0,0,67,67,0,,0,0,8,6,0,0,0,3,0,,,,Unavailable,,,Unavailable,,,,9200,9200,Unavailable,Unavailable,Unavailable,Unavailable,#VALUE!,Unavailable,78,78,0,,,,78,78,100,Unavailable,,0,,78,Unavailable,,,78,,0,16,Unavailable,0,24,27,#VALUE!,Unavailable,40,Unavailable,Unavailable,Unavailable,Unavailable,Unavailable,Unavailable
216764,West Chester University of Pennsylvania,1,42,1,1,2,West Chester University of Pennsylvania,PA,21,4,1,0,87,13,25,21684,126,1,74,73,53,,1081,61,74,70,53,66,70,5,16467,13042,16,1,17,600,580,1180,26,24,24,7716,19290,9221,14344,12817,12817,93,7,13337,12411,926,1007,406,601,14344,12817,89,11,1527,8,1081,14067,3,458,5869,7740,22,2984,20,32,32,43,34,7,13,47,Unavailable,93,12,Unavailable,Unavailable,Unavailable
220598,Lane College,1,47,2,1,2,Lane College,TN,13,1,2,,,,79,,1,0,26,24,17,18,101,17,0,17,12,14,17,,,,,,Unavailable,,,Unavailable,,,,9270,9270,Unavailable,822,785,785,91,9,751,732,19,71,53,18,822,785,95,5,37,12,101,822,3,21,470,331,21,293,17,Unavailable,10,48,17,6,Unavailable,21,Unavailable,91,Unavailable,Unavailable,Unavailable,Unavailable
178387,Missouri Western State University,1,29,1,1,2,Missouri Western State University,MO,13,2,1,0,82,18,41,12764,60,2,39,37,19,30,172,32,52,40,24,36,40,,,,,,Unavailable,,,Unavailable,,,,7740,16260,9274,3602,2131,2131,91,9,3266,1924,1342,336,207,129,3604,2132,59,41,1472,7,172,2372,8,198,1492,682,34,528,14,37,11,37,19,18,Unavailable,26,Unavailable,91,Unavailable,Unavailable,Unavailable,Unavailable
481410,Yeshiva Gedolah Kesser Torah,1,36,2,1,2,Yeshiva Gedolah Kesser Torah,NY,21,1,2,,,,38,,0,0,39,39,39,,6,50,37,38,38,38,38,3,70,25,,,Unavailable,,,Unavailable,,,,9300,9300,Unavailable,Unavailable,Unavailable,Unavailable,#VALUE!,Unavailable,82,82,0,,,,82,82,100,Unavailable,,7,6,82,Unavailable,,,82,,18,16,Unavailable,23,44,20,#VALUE!,Unavailable,26,Unavailable,Unavailable,Unavailable,Unavailable,Unavailable,Unavailable
126182,Adams State University,1,8,1,1,2,Adams State University,CO,33,2,1,0,73,27,42,13800,33,2,36,33,20,7,168,23,37,32,16,25,27,,,,,,Unavailable,,,Unavailable,,,,6072,18144,9331,1576,1067,1067,85,15,1346,964,382,230,103,127,1576,1067,68,32,509,14,168,1239,16,194,162,883,8,283,14,35,12,33,21,20,Unavailable,27,Unavailable,85,Unavailable,Unavailable,Unavailable,Unavailable
149772,Western Illinois University,1,17,1,1,2,Western Illinois University,IL,33,3,1,0,100,0,29,12168,98,2,52,51,32,151,603,35,64,45,31,41,45,3,8479,6356,,,Unavailable,,,Unavailable,,,,9359,9359,9359,5025,4252,4252,84,16,4208,3886,322,817,366,451,5025,4252,85,15,773,12,603,4939,18,865,2657,1417,11,1059,14,37,19,32,28,16,Unavailable,36,Unavailable,84,Unavailable,Unavailable,Unavailable,Unavailable
437097,University of Management and Technology,1,51,3,1,2,University of Management and Technology,VA,12,2,3,,,,5,,82,25,0,0,0,,76,,100,100,,,,,,,,,Unavailable,,,Unavailable,,,,9360,9360,Unavailable,323,296,296,4,96,14,11,3,309,285,24,323,296,92,8,27,24,76,322,100,322,0,0,0,0,30,Unavailable,0,Unavailable,14,71,Unavailable,9,Unavailable,4,Unavailable,Unavailable,Unavailable,Unavailable
221847,Tennessee Technological University,1,47,1,1,2,Tennessee Technological University,TN,33,4,1,0,94,6,32,15138,175,2,62,60,37,115,571,44,64,54,35,51,54,5,8772,7295,1,7,8,560,550,1110,23,23,23,8764,18796,9366,8838,7850,7850,93,7,8224,7503,721,614,347,267,8838,7850,89,11,988,7,571,8495,2,196,3156,5143,4,2043,16,36,22,38,28,7,5,40,Unavailable,93,4,Unavailable,Unavailable,Unavailable
232566,Longwood University,1,51,1,1,2,Longwood University,VA,32,2,1,0,94,6,27,22900,92,3,66,65,52,63,144,55,66,62,47,60,62,5,6078,5154,31,3,34,570,540,1110,24,,,8660,20870,9393,3223,2847,2847,95,5,3046,2803,243,177,44,133,3223,2847,88,12,376,5,144,2957,0,7,227,2723,11,782,14,34,31,41,29,6,24,42,Unavailable,95,Unavailable,24,Unavailable,Unavailable
491914,Yeshiva Gedola Tiferes Yerachmiel,1,34,2,1,3,Yeshiva Gedola Tiferes Yerachmiel,NJ,13,1,2,,,,43,,0,0,0,0,0,,18,,88,88,0,0,12,3,61,26,,,Unavailable,,,Unavailable,,,,9400,9400,Unavailable,Unavailable,Unavailable,Unavailable,#VALUE!,Unavailable,172,172,0,,,,172,172,100,Unavailable,,10,18,172,Unavailable,,,172,,23,19,Unavailable,0,Unavailable,6,#VALUE!,Unavailable,4,Unavailable,Unavailable,Unavailable,Unavailable,Unavailable,Unavailable
486017,Yeshiva Ohr Yisrael,1,36,2,1,2,Yeshiva Ohr Yisrael,NY,11,1,2,,,,26,,0,0,0,0,0,,6,50,0,13,13,13,13,3,5,5,,,Unavailable,,,Unavailable,,,,9400,9400,Unavailable,17,17,17,94,6,16,16,0,1,1,0,17,17,100,Unavailable,,35,6,17,Unavailable,,,17,,4,3,Unavailable,0,38,21,#VALUE!,Unavailable,14,Unavailable,94,Unavailable,Unavailable,Unavailable,Unavailable
161235,University of Maine at Fort Kent,1,23,1,1,2,University of Maine at Fort Kent,ME,43,2,1,0,65,35,25,10736,13,1,42,42,25,8,170,30,53,40,25,35,36,3,539,534,,,Unavailable,,,Unavailable,,,,7560,12840,9408,1357,334,334,73,27,990,241,749,367,93,274,1357,334,25,75,1023,27,170,638,49,310,98,230,8,49,19,26,15,28,33,48,Unavailable,36,Unavailable,73,Unavailable,Unavailable,Unavailable,Unavailable
212115,East Stroudsburg University of Pennsylvania,1,42,1,1,2,East Stroudsburg University of Pennsylvania,PA,31,3,1,0,78,22,40,15318,59,1,49,49,36,,362,33,54,44,27,42,44,5,7398,6871,17,2,19,540,530,1070,23,22,22,7716,15432,9414,4697,4307,4307,92,8,4311,4088,223,386,219,167,4697,4307,92,8,390,8,362,4611,2,86,1977,2548,9,1144,20,36,22,37,24,6,13,33,Unavailable,92,11,Unavailable,Unavailable,Unavailable
177940,Lincoln University,1,29,1,1,2,Lincoln University,MO,13,2,1,0,73,27,59,12673,30,2,28,27,14,84,125,22,22,22,10,17,22,,,,,,Unavailable,,,Unavailable,,,,7370,14962,9420,1704,1201,1201,88,13,1491,1069,422,213,132,81,1707,1202,70,30,505,9,125,1357,8,111,758,488,6,327,13,42,8,41,16,16,Unavailable,20,Unavailable,88,Unavailable,Unavailable,Unavailable,Unavailable
164076,Towson University,1,24,1,1,2,Towson University,MD,13,4,1,0,88,12,34,15064,305,2,74,72,50,27,1561,64,69,68,45,64,68,5,18948,15689,15,2,17,600,560,1160,25,22,22,7382,24402,9424,16517,14548,14548,90,10,14947,13744,1203,1570,804,766,16517,14548,88,12,1969,10,1561,16400,2,317,5883,10200,9,2662,14,36,30,49,35,8,12,48,Unavailable,90,11,Unavailable,Unavailable,Unavailable
443599,American College of Healthcare Sciences,1,41,3,1,3,American College of Healthcare Sciences,OR,11,2,3,,,,63,,83,10,,,,11,112,,,,,,,5,146,85,0,,Unavailable,,,Unavailable,,,,9456,9456,Unavailable,812,187,187,11,89,91,25,66,721,162,559,812,187,23,77,625,14,112,810,100,810,,,2,2,20,Unavailable,Unavailable,Unavailable,Unavailable,89,Unavailable,Unavailable,Unavailable,11,Unavailable,Unavailable,Unavailable,Unavailable
230603,Southern Utah University,1,49,1,1,3,Southern Utah University,UT,33,4,1,0,75,25,34,12375,428,3,49,47,29,470,802,42,65,59,33,44,51,3,19190,15443,,,Unavailable,,,Unavailable,,,,6006,19822,9460,13041,8497,8497,73,27,9548,7487,2061,3493,1010,2483,13043,8498,65,35,4545,8,802,9533,18,1762,3923,3848,96,1650,22,32,17,38,24,27,Unavailable,33,Unavailable,73,Unavailable,Unavailable,Unavailable,Unavailable
129534,Holy Apostles College and Seminary,1,9,2,1,2,Holy Apostles College and Seminary,CT,21,1,2,,,,21,,6,2,57,57,14,,28,100,100,100,20,20,40,,,,,,Unavailable,,,Unavailable,,,,9480,9480,Unavailable,270,94,94,61,39,165,60,105,105,34,71,270,94,35,65,176,14,28,203,92,186,13,4,3,9,11,Unavailable,8,61,31,63,Unavailable,40,Unavailable,61,Unavailable,Unavailable,Unavailable,Unavailable
447847,Aviator College of Aeronautical Science and Technology,1,12,3,1,3,Aviator College of Aeronautical Science and Technology,FL,21,1,3,,,,21,,6,2,,,,5,32,,97,58,,,,,,,,,Unavailable,,,Unavailable,,,,9528,9528,Unavailable,314,314,314,48,52,150,150,0,164,164,0,314,314,100,Unavailable,,12,32,274,Unavailable,,,274,,0,5,Unavailable,Unavailable,Unavailable,Unavailable,#VALUE!,Unavailable,Unavailable,Unavailable,48,Unavailable,Unavailable,Unavailable,Unavailable
162584,Frostburg State University,1,24,1,1,2,Frostburg State University,MD,33,2,1,0,84,16,37,16521,47,1,49,48,25,2,293,45,58,52,33,49,52,5,4556,4075,0,0,0,,,Unavailable,,,,7110,22292,9539,3344,2523,2523,90,10,3016,2431,585,328,92,236,3344,2523,75,25,821,10,293,2849,15,425,1096,1328,2,496,13,36,15,41,25,16,Unavailable,34,Unavailable,90,Unavailable,Unavailable,Unavailable,Unavailable
457226,Horizon University,1,18,2,1,3,Horizon University,IN,21,1,2,,,,15,,0,0,100,100,100,,8,,,,,,,,,,,,Unavailable,,,Unavailable,,,,9540,9540,Unavailable,58,27,27,62,38,36,24,12,22,3,19,58,27,47,53,31,14,8,58,43,25,1,32,1,2,7,Unavailable,60,Unavailable,48,44,Unavailable,66,Unavailable,62,Unavailable,Unavailable,Unavailable,Unavailable
102270,Stillman College,1,1,2,1,2,Stillman College,AL,12,1,2,,,,68,,12,2,16,15,7,,62,43,42,41,32,41,41,3,2440,1811,,,Unavailable,,,Unavailable,,,,9548,9548,Unavailable,779,660,660,77,23,600,533,67,179,127,52,779,660,85,15,119,8,62,761,20,155,553,53,6,123,12,Unavailable,4,56,11,20,Unavailable,13,Unavailable,77,Unavailable,Unavailable,Unavailable,Unavailable
491613,Yeshiva Gedolah Tiferes Boruch,1,34,2,1,2,Yeshiva Gedolah Tiferes Boruch,NJ,21,1,2,,,,55,,0,0,0,0,0,,2,,0,0,0,0,0,3,19,19,,,Unavailable,,,Unavailable,,,,9550,9550,Unavailable,Unavailable,Unavailable,Unavailable,#VALUE!,Unavailable,70,70,0,,,,70,70,100,Unavailable,,3,2,70,Unavailable,,,70,,19,18,Unavailable,0,Unavailable,2,#VALUE!,Unavailable,1,Unavailable,Unavailable,Unavailable,Unavailable,Unavailable,Unavailable
202806,Franklin University,1,39,2,1,2,Franklin University,OH,11,3,2,,,,37,,166,3,25,25,21,50,1189,21,42,30,31,31,31,,,,,,Unavailable,,,Unavailable,,,,9552,9552,Unavailable,5814,1977,1977,27,73,1548,525,1023,4266,1452,2814,5815,1977,34,66,3838,23,1189,5111,95,4849,105,157,65,19,16,Unavailable,13,29,24,78,Unavailable,24,Unavailable,27,Unavailable,Unavailable,Unavailable,Unavailable
127714,Nazarene Bible College,1,8,2,1,2,Nazarene Bible College,CO,11,1,2,,,,25,,6,1,0,0,0,,45,,,,,,,,,,,,Unavailable,,,Unavailable,,,,9552,9552,Unavailable,584,14,14,8,92,49,2,47,535,12,523,584,14,2,98,570,13,45,336,100,336,,,4,0,6,Unavailable,0,Unavailable,8,96,Unavailable,5,Unavailable,8,Unavailable,Unavailable,Unavailable,Unavailable
484613,University of Phoenix-Arizona,1,4,3,1,2,University of Phoenix-Arizona,AZ,11,5,3,,,,47,,5893,7,10,9,0,22,10597,15,14,20,2,10,14,,,,,,Unavailable,,,Unavailable,,,,9552,9552,Unavailable,80637,80637,80637,15,85,11957,11957,0,68680,68680,0,80637,80637,100,Unavailable,,14,10597,76996,100,76960,11,25,0,1007,132,Unavailable,0,31,12,#VALUE!,Unavailable,12,Unavailable,15,Unavailable,Unavailable,Unavailable,Unavailable
414878,Trine University-Regional/Non-Traditional Campuses,1,18,2,1,2,Trine University-Regional/Non-Traditional Campuses,IN,32,3,2,,,,23,,4,1,0,0,0,,42,0,,100,0,0,0,3,74,16,,,Unavailable,,,Unavailable,,,,9576,9576,Unavailable,442,144,144,61,39,268,78,190,174,66,108,444,144,32,68,300,15,42,273,100,273,0,0,3,2,8,Unavailable,0,12,9,66,Unavailable,6,Unavailable,61,Unavailable,Unavailable,Unavailable,Unavailable
155308,Kansas Christian College,1,20,2,1,2,Kansas Christian College,KS,12,1,2,,,,58,,3,2,100,100,0,1,38,22,44,29,14,14,14,,,,,,Unavailable,,,Unavailable,,,,9600,9600,Unavailable,143,136,136,97,3,138,131,7,5,5,0,143,136,95,5,7,27,38,143,15,21,84,38,0,27,15,Unavailable,0,40,56,7,Unavailable,71,Unavailable,97,Unavailable,Unavailable,Unavailable,Unavailable
417752,Messenger College,1,48,2,1,2,Messenger College,TX,21,1,2,,,,84,,0,0,46,38,8,3,5,57,,56,33,56,56,3,14,7,,,Unavailable,,,Unavailable,,,,9600,9600,Unavailable,26,25,25,65,35,17,17,0,9,8,1,26,25,96,4,1,19,5,26,4,1,0,25,,3,8,Unavailable,5,71,27,16,Unavailable,35,Unavailable,65,Unavailable,Unavailable,Unavailable,Unavailable
447953,SUM Bible College and Theological Seminary,1,6,2,1,2,SUM Bible College and Theological Seminary,CA,21,1,2,,,,53,,7,2,25,25,22,1,20,47,40,46,42,46,46,3,95,61,,,Unavailable,,,Unavailable,,,,9600,9600,Unavailable,318,173,173,28,72,89,59,30,229,114,115,318,173,54,46,145,6,20,312,100,312,0,0,17,31,16,Unavailable,13,50,14,72,Unavailable,18,Unavailable,28,Unavailable,Unavailable,Unavailable,Unavailable
196583,Torah Temimah Talmudical Seminary,1,36,2,1,2,Torah Temimah Talmudical Seminary,NY,11,1,2,,,,58,,0,0,10,10,10,,17,0,10,10,10,10,10,3,34,22,,,Unavailable,,,Unavailable,,,,9600,9600,Unavailable,73,73,73,97,3,71,71,0,2,2,0,73,73,100,Unavailable,,23,17,73,Unavailable,,,73,,10,24,Unavailable,6,29,18,#VALUE!,Unavailable,15,Unavailable,97,Unavailable,Unavailable,Unavailable,Unavailable
457402,University of Fort Lauderdale,1,12,2,1,2,University of Fort Lauderdale,FL,21,1,2,,,,58,,0,0,,,,14,47,0,100,75,25,50,50,,,,,,Unavailable,,,Unavailable,,,,9600,9600,Unavailable,259,27,27,65,35,168,17,151,91,10,81,260,27,10,90,233,18,47,259,2,6,113,140,0,0,10,Unavailable,Unavailable,29,Unavailable,42,Unavailable,Unavailable,Unavailable,65,Unavailable,Unavailable,Unavailable,Unavailable
491765,Yeshivas Emek Hatorah,1,34,2,1,2,Yeshivas Emek Hatorah,NJ,41,1,2,,,,9,,0,0,4,4,0,,0,20,0,4,4,4,4,3,29,29,,,Unavailable,,,Unavailable,,,,9600,9600,Unavailable,Unavailable,Unavailable,Unavailable,#VALUE!,Unavailable,93,93,0,,,,93,93,100,Unavailable,,0,,93,Unavailable,,,93,,22,19,Unavailable,0,15,2,#VALUE!,Unavailable,2,Unavailable,Unavailable,Unavailable,Unavailable,Unavailable,Unavailable
444413,Beis Medrash Heichal Dovid,1,36,2,1,2,Beis Medrash Heichal Dovid,NY,11,1,2,,,,15,,0,0,20,20,4,,5,0,21,18,9,18,18,3,120,84,,,Unavailable,,,Unavailable,,,,9640,9640,Unavailable,Unavailable,Unavailable,Unavailable,#VALUE!,Unavailable,183,183,0,,,,183,183,100,Unavailable,,3,5,183,Unavailable,,,183,,47,26,Unavailable,2,8,10,#VALUE!,Unavailable,13,Unavailable,Unavailable,Unavailable,Unavailable,Unavailable,Unavailable
234155,Virginia State University,1,51,1,1,2,Virginia State University,VA,21,3,1,0,64,36,71,16184,133,3,49,48,31,82,208,37,63,41,27,38,41,5,10577,9424,14,2,16,480,430,910,18,,,5540,17038,9679,4829,4578,4578,92,8,4455,4302,153,374,276,98,4829,4578,95,5,251,4,208,4787,0,14,0,4773,8,1374,13,44,19,54,22,5,9,31,Unavailable,92,Unavailable,Unavailable,Unavailable,Unavailable
240329,University of Wisconsin-La Crosse,1,55,1,1,2,University of Wisconsin-La Crosse,WI,13,4,1,0,81,19,15,13125,85,1,74,73,46,24,347,63,74,71,49,69,71,5,7312,5356,,37,Unavailable,,,Unavailable,24,23,24,7974,17014,9692,9378,8827,8827,98,2,9201,8729,472,177,98,79,9378,8827,94,6,551,4,347,9194,0,41,4982,4171,6,2320,19,26,28,39,31,3,Unavailable,46,Unavailable,98,Unavailable,Unavailable,Unavailable,Unavailable
144892,Eastern Illinois University,1,17,1,1,2,Eastern Illinois University,IL,33,3,1,0,97,3,47,14621,36,1,51,51,35,2,527,39,54,45,29,43,45,5,11648,7892,1,0,1,510,500,1010,,,,9624,12066,9697,6848,3896,3896,90,10,6174,3588,2586,674,308,366,6849,3896,57,43,2953,12,527,4398,14,631,1570,2197,5,871,15,43,21,43,28,21,Unavailable,35,Unavailable,90,Unavailable,Unavailable,Unavailable,Unavailable
188942,Associated Beth Rivkah Schools,1,36,2,1,3,Associated Beth Rivkah Schools,NY,11,1,2,,,,66,,0,0,,,,5,102,,59,74,,,,3,97,97,,,Unavailable,,,Unavailable,,,,9700,9700,Unavailable,Unavailable,Unavailable,Unavailable,#VALUE!,Unavailable,289,263,26,,,,289,263,91,9,26,35,102,289,Unavailable,,,289,2,114,18,Unavailable,Unavailable,Unavailable,Unavailable,#VALUE!,Unavailable,Unavailable,Unavailable,Unavailable,Unavailable,Unavailable,Unavailable,Unavailable
439969,Acupuncture and Massage College,1,12,3,1,3,Acupuncture and Massage College,FL,13,1,3,,,,66,,5,8,,,,,0,0,58,79,11,11,14,,,,,,Unavailable,,,Unavailable,,,,9707,9707,Unavailable,54,54,54,26,74,14,14,0,40,40,0,63,63,100,Unavailable,,0,,63,Unavailable,,,63,,0,24,Unavailable,Unavailable,33,Unavailable,#VALUE!,Unavailable,Unavailable,Unavailable,26,Unavailable,Unavailable,Unavailable,Unavailable
208646,Eastern Oregon University,1,41,1,1,2,Eastern Oregon University,OR,33,2,1,0,92,8,38,17219,53,2,41,38,27,10,390,32,42,37,25,33,37,3,1446,1428,,,Unavailable,,,Unavailable,,,,8618,22289,9712,2515,1480,1480,61,39,1539,1073,466,976,407,569,2515,1480,59,41,1035,18,390,2201,53,1163,438,600,7,245,14,38,16,35,26,44,Unavailable,32,Unavailable,61,Unavailable,Unavailable,Unavailable,Unavailable
488350,Yeshiva Gedolah Shaarei Shmuel,1,34,2,1,3,Yeshiva Gedolah Shaarei Shmuel,NJ,13,1,2,,,,38,,0,0,18,18,18,,0,0,53,70,9,9,9,3,100,53,,,Unavailable,,,Unavailable,,,,9720,9720,Unavailable,Unavailable,Unavailable,Unavailable,#VALUE!,Unavailable,131,131,0,,,,132,132,100,Unavailable,,0,,132,Unavailable,,,132,,59,26,Unavailable,11,19,7,#VALUE!,Unavailable,11,Unavailable,Unavailable,Unavailable,Unavailable,Unavailable,Unavailable
232937,Norfolk State University,1,51,1,1,2,Norfolk State University,VA,12,3,1,0,67,33,62,12272,216,4,39,37,16,281,314,29,51,33,8,26,33,5,10211,8931,3,1,4,510,470,980,18,,,5926,17428,9722,5508,4898,4898,86,14,4755,4416,339,753,482,271,5510,4899,89,11,611,6,314,5495,10,553,4651,291,0,1195,18,42,10,46,18,12,2,26,Unavailable,86,Unavailable,Unavailable,Unavailable,Unavailable
163851,Salisbury University,1,24,1,1,2,Salisbury University,MD,23,3,1,0,81,19,25,17931,94,1,73,72,50,14,521,61,72,67,49,65,67,5,8090,7170,13,2,15,640,610,1250,26,27,26,7706,18400,9738,6281,5776,5776,93,7,5835,5445,390,446,331,115,6281,5776,92,8,505,9,521,6056,2,104,1614,4338,6,1376,13,30,30,43,34,6,12,47,Unavailable,93,10,Unavailable,Unavailable,Unavailable
480781,California Miramar University,1,6,3,1,2,California Miramar University,CA,11,1,3,,,,46,,2,2,54,54,38,4,8,,0,0,,,,3,58,38,,,Unavailable,,,Unavailable,,,,9744,9744,Unavailable,105,95,95,86,14,90,83,7,15,12,3,105,95,90,10,10,8,8,105,8,8,97,0,0,9,17,Unavailable,23,Unavailable,26,11,Unavailable,35,Unavailable,86,Unavailable,Unavailable,Unavailable,Unavailable
223117,Baptist Missionary Association Theological Seminary,1,48,2,1,2,Baptist Missionary Association Theological Seminary,TX,32,1,2,,,,34,,2,4,100,100,100,,3,,,,,,,3,13,3,,,Unavailable,,,Unavailable,,,,9750,9750,Unavailable,51,2,2,4,96,2,0,2,49,2,47,52,2,4,96,50,6,3,49,92,45,4,0,13,0,3,Unavailable,60,Unavailable,44,95,Unavailable,62,Unavailable,4,Unavailable,Unavailable,Unavailable,Unavailable
216010,Shippensburg University of Pennsylvania,1,42,1,1,2,Shippensburg University of Pennsylvania,PA,31,3,1,0,90,10,31,23344,80,2,59,58,44,2,200,39,61,52,36,50,52,5,6545,5599,37,0,37,550,540,1090,,,,9570,11574,9770,4421,3927,3927,95,5,4204,3814,390,217,113,104,4421,3927,89,11,494,5,200,4179,0,14,272,3893,2,1077,18,35,26,35,26,5,Unavailable,37,Unavailable,95,Unavailable,Unavailable,Unavailable,Unavailable
194736,Rabbinical College of Long Island,1,36,2,1,3,Rabbinical College of Long Island,NY,21,1,2,,,,30,,0,0,39,39,0,,0,44,26,34,0,34,34,3,45,45,,,Unavailable,,,Unavailable,,,,9790,9790,Unavailable,Unavailable,Unavailable,Unavailable,#VALUE!,Unavailable,161,161,0,,,,161,161,100,Unavailable,,0,,161,Unavailable,,,161,,37,20,Unavailable,0,37,16,#VALUE!,Unavailable,23,Unavailable,Unavailable,Unavailable,Unavailable,Unavailable,Unavailable
147703,Northern Illinois University,1,17,1,1,2,Northern Illinois University,IL,23,4,1,0,100,0,46,13533,117,1,53,51,31,205,1325,38,63,50,33,47,50,3,24177,17033,,,Unavailable,,,Unavailable,,,,9792,9792,9792,11358,9896,9896,90,10,10251,9572,679,1107,324,783,11358,9896,87,13,1462,12,1325,11277,8,867,6893,3517,63,2377,14,43,19,42,27,10,Unavailable,36,Unavailable,90,Unavailable,Unavailable,Unavailable,Unavailable
491640,Yeshiva Gedolah Keren Hatorah,1,34,2,1,3,Yeshiva Gedolah Keren Hatorah,NJ,13,1,2,,,,60,,0,0,5,5,0,,6,0,57,68,0,0,2,3,40,38,,,Unavailable,,,Unavailable,,,,9800,9800,Unavailable,Unavailable,Unavailable,Unavailable,#VALUE!,Unavailable,189,189,0,,,,189,189,100,Unavailable,,3,6,189,Unavailable,,,189,,41,32,Unavailable,0,30,4,#VALUE!,Unavailable,4,Unavailable,Unavailable,Unavailable,Unavailable,Unavailable,Unavailable
156541,University of the Cumberlands,1,21,2,1,2,University of the Cumberlands,KY,33,5,2,,,,54,,44,1,48,48,37,6,972,40,44,46,30,36,44,3,4281,3056,,,Unavailable,,,Unavailable,,,,9875,9875,Unavailable,6091,4284,4284,62,38,3746,2749,997,2345,1535,810,6091,4284,70,30,1807,18,972,5468,64,3491,1364,613,6,424,19,Unavailable,22,47,30,43,Unavailable,36,Unavailable,62,Unavailable,Unavailable,Unavailable,Unavailable
492962,Indiana Institute of Technology-College of Professional Studies,2,18,2,1,2,Indiana Institute of Technology-College of Professional Studies,IN,11,2,2,,,,56,,200,8,15,9,1,,247,,,,,,,,,,,,Unavailable,,,Unavailable,,,,9900,9900,Unavailable,2534,1216,1216,18,82,449,229,220,2085,987,1098,2535,1216,48,52,1319,10,247,2446,97,2376,21,49,86,60,13,Unavailable,1,Unavailable,10,78,Unavailable,13,Unavailable,18,Unavailable,Unavailable,Unavailable,Unavailable
197735,Yeshivath Viznitz,1,36,2,1,2,Yeshivath Viznitz,NY,21,2,2,,,,81,,0,0,76,71,0,,75,91,60,69,0,68,69,3,287,269,,,Unavailable,,,Unavailable,,,,9900,9900,Unavailable,Unavailable,Unavailable,Unavailable,#VALUE!,Unavailable,921,921,0,,,,921,921,100,Unavailable,,8,75,921,Unavailable,,,921,,196,7,Unavailable,0,86,33,#VALUE!,Unavailable,49,Unavailable,Unavailable,Unavailable,Unavailable,Unavailable,Unavailable
196103,SUNY College of Environmental Science and Forestry,1,36,1,1,2,SUNY College of Environmental Science and Forestry,NY,12,2,1,0,76,24,26,19644,22,1,75,75,68,8,193,55,80,70,59,68,68,3,3541,2937,,,Unavailable,,,Unavailable,,,,7070,18900,9909,2346,1640,1640,95,5,2217,1547,670,129,93,36,2346,1640,70,30,706,11,193,1725,2,35,192,1498,16,340,14,29,41,41,37,12,Unavailable,49,Unavailable,95,Unavailable,Unavailable,Unavailable,Unavailable
194666,Rabbinical College Bobover Yeshiva Bnei Zion,1,36,2,1,2,Rabbinical College Bobover Yeshiva Bnei Zion,NY,11,1,2,,,,88,,0,0,85,85,0,15,31,97,100,97,0,97,97,,,,,,Unavailable,,,Unavailable,,,,10000,10000,Unavailable,Unavailable,Unavailable,Unavailable,#VALUE!,Unavailable,436,436,0,,,,436,436,100,Unavailable,,7,31,436,Unavailable,,,436,,84,26,Unavailable,0,93,38,#VALUE!,Unavailable,54,Unavailable,Unavailable,Unavailable,Unavailable,Unavailable,Unavailable
194763,Rabbinical Seminary of America,1,36,2,1,2,Rabbinical Seminary of America,NY,11,1,2,,,,14,,0,0,46,25,6,35,0,69,29,34,8,18,34,3,122,119,,,Unavailable,,,Unavailable,,,,10000,10000,Unavailable,379,379,379,97,3,368,368,0,11,11,0,379,379,100,Unavailable,,0,,379,Unavailable,,,379,,90,40,Unavailable,4,42,10,#VALUE!,Unavailable,28,Unavailable,97,Unavailable,Unavailable,Unavailable,Unavailable
205443,Shawnee State University,1,39,1,1,2,Shawnee State University,OH,32,2,1,0,94,6,45,14815,17,1,51,49,36,8,146,38,41,43,35,46,47,,,,,,Unavailable,,,Unavailable,,,,9622,16157,10014,2981,2027,2027,89,11,2641,1851,790,340,176,164,2982,2027,68,32,955,6,146,2300,11,249,1298,753,4,249,16,42,22,42,23,17,Unavailable,33,Unavailable,89,Unavailable,Unavailable,Unavailable,Unavailable
178208,Midwestern Baptist Theological Seminary,1,29,2,1,2,Midwestern Baptist Theological Seminary,MO,11,2,2,,,,35,,33,3,36,33,12,8,129,42,86,70,33,60,67,3,141,133,,,Unavailable,,,Unavailable,,,,10020,10020,Unavailable,1047,470,470,47,53,497,304,193,550,166,384,1067,470,44,56,597,16,129,791,54,430,184,177,7,31,16,Unavailable,7,39,23,54,Unavailable,28,Unavailable,47,Unavailable,Unavailable,Unavailable,Unavailable
176372,University of Southern Mississippi,1,28,1,1,2,University of Southern Mississippi,MS,13,4,1,0,74,26,47,14050,414,4,53,52,32,35,1315,41,62,51,34,47,51,1,8818,8763,0,98,98,,,Unavailable,22,22,20,9508,11508,10028,10012,8413,8413,82,18,8214,7448,766,1798,965,833,10012,8413,84,16,1599,13,1315,9899,23,2249,5885,1765,31,1593,15,37,19,44,29,19,#VALUE!,37,Unavailable,82,Unavailable,#VALUE!,Unavailable,Unavailable
176910,Central Christian College of the Bible,1,29,2,1,2,Central Christian College of the Bible,MO,32,1,2,,,,55,,0,0,52,52,48,5,9,30,100,41,21,33,33,,,,,,Unavailable,,,Unavailable,,,,10050,10050,Unavailable,155,106,106,68,32,106,84,22,49,22,27,155,106,68,32,49,6,9,145,37,53,31,61,2,10,10,Unavailable,29,43,25,33,Unavailable,34,Unavailable,68,Unavailable,Unavailable,Unavailable,Unavailable
194189,Ohr Hameir Theological Seminary,1,36,2,1,3,Ohr Hameir Theological Seminary,NY,21,1,2,,,,60,,0,0,20,20,0,,3,,75,75,0,0,0,3,0,,,,Unavailable,,,Unavailable,,,,10050,10050,Unavailable,Unavailable,Unavailable,Unavailable,#VALUE!,Unavailable,91,91,0,,,,94,94,100,Unavailable,,3,3,94,Unavailable,,,94,,1,16,Unavailable,0,Unavailable,10,#VALUE!,Unavailable,13,Unavailable,Unavailable,Unavailable,Unavailable,Unavailable,Unavailable
157386,Morehead State University,1,21,1,1,2,Morehead State University,KY,33,3,1,0,89,11,48,10017,52,1,46,45,30,55,233,42,61,48,37,47,49,5,8818,7241,0,0,0,,,Unavailable,,,,9518,14386,10053,7985,4529,4529,93,7,7453,4267,3186,532,262,270,8058,4530,56,44,3528,5,233,4689,13,602,3083,1004,8,1055,14,41,18,45,21,20,Unavailable,30,Unavailable,93,Unavailable,Unavailable,Unavailable,Unavailable
228486,Southwestern Christian College,1,48,2,1,3,Southwestern Christian College,TX,32,1,2,,,,91,,3,2,0,0,0,2,19,100,67,49,100,100,100,,,,,,Unavailable,,,Unavailable,,,,10070,10070,Unavailable,116,104,104,80,20,93,81,12,23,23,0,128,115,90,10,13,15,19,128,1,1,3,124,0,0,15,Unavailable,0,96,9,11,Unavailable,6,Unavailable,80,Unavailable,Unavailable,Unavailable,Unavailable
193061,Mesivta of Eastern Parkway-Yeshiva Zichron Meilech,1,36,2,1,3,Mesivta of Eastern Parkway-Yeshiva Zichron Meilech,NY,11,1,2,,,,66,,0,0,0,0,0,,1,33,100,75,0,25,25,3,8,5,,,Unavailable,,,Unavailable,,,,10100,10100,Unavailable,Unavailable,Unavailable,Unavailable,#VALUE!,Unavailable,41,41,0,,,,41,41,100,Unavailable,,2,1,41,Unavailable,,,41,,6,14,Unavailable,0,50,1,#VALUE!,Unavailable,1,Unavailable,Unavailable,Unavailable,Unavailable,Unavailable,Unavailable
490504,Yeshiva Ohr Naftoli,1,36,2,1,3,Yeshiva Ohr Naftoli,NY,21,1,2,,,,41,,0,0,,,,,1,20,33,27,9,9,9,3,31,25,,,Unavailable,,,Unavailable,,,,10100,10100,Unavailable,Unavailable,Unavailable,Unavailable,#VALUE!,Unavailable,43,43,0,,,,43,43,100,Unavailable,,2,1,43,Unavailable,,,43,,6,14,Unavailable,Unavailable,31,Unavailable,#VALUE!,Unavailable,Unavailable,Unavailable,Unavailable,Unavailable,Unavailable,Unavailable,Unavailable
481225,Mid-South Christian College,1,47,2,1,2,Mid-South Christian College,TN,11,1,2,,,,35,,0,0,100,100,100,2,4,,75,75,75,75,75,1,8,8,0,50,50,,,Unavailable,,,,10102,10102,Unavailable,24,21,21,42,58,10,9,1,14,12,2,24,21,88,13,3,17,4,23,0,0,2,21,0,5,3,Unavailable,60,Unavailable,50,27,Unavailable,67,Unavailable,42,Unavailable,Unavailable,Unavailable,Unavailable
496399,Agape College of Business and Science,1,6,2,1,3,Agape College of Business and Science,CA,11,1,2,,,,41,,0,0,,,,2,6,,,,,,,,,,,,Unavailable,,,Unavailable,,,,10104,10104,Unavailable,41,41,41,44,56,18,18,0,23,23,0,41,41,100,Unavailable,,15,6,41,Unavailable,,,41,,11,5,Unavailable,Unavailable,Unavailable,Unavailable,#VALUE!,Unavailable,Unavailable,Unavailable,44,Unavailable,Unavailable,Unavailable,Unavailable
496706,Lakewood University,1,39,2,1,3,Lakewood University,OH,21,1,2,,,,5,,145,145,,,,8,29,,,,,,,,,,,,Unavailable,,,Unavailable,,,,10104,10104,Unavailable,100,100,100,4,96,4,4,0,96,96,0,100,100,100,Unavailable,,29,29,100,100,100,,,,0,11,Unavailable,Unavailable,Unavailable,Unavailable,#VALUE!,Unavailable,Unavailable,Unavailable,4,Unavailable,Unavailable,Unavailable,Unavailable
101453,Heritage Christian University,1,1,2,1,2,Heritage Christian University,AL,13,1,2,,,,40,,1,1,25,25,0,,9,,50,50,50,50,50,1,6,6,0,67,67,,,Unavailable,,,,10152,10152,Unavailable,70,27,27,47,53,33,19,14,37,8,29,70,27,39,61,43,14,9,63,67,42,14,7,0,3,8,Unavailable,0,Unavailable,19,60,Unavailable,21,Unavailable,47,Unavailable,Unavailable,Unavailable,Unavailable
102580,Alaska Bible College,1,2,2,1,2,Alaska Bible College,AK,23,1,2,,,,61,,0,0,33,33,0,2,7,100,100,100,100,100,100,,,,,,Unavailable,,,Unavailable,,,,10200,10200,Unavailable,65,18,18,80,20,52,12,40,13,6,7,65,18,28,72,47,21,7,34,0,0,0,34,0,3,5,Unavailable,0,81,26,30,Unavailable,28,Unavailable,80,Unavailable,Unavailable,Unavailable,Unavailable
486239,San Ignacio University,1,12,3,1,2,San Ignacio University,FL,13,1,3,,,,11,,0,0,100,100,100,12,6,100,67,70,16,16,74,,,,,,Unavailable,,,Unavailable,,,,10200,10200,Unavailable,211,202,202,33,67,69,67,2,142,135,7,211,202,96,4,9,8,6,75,21,16,59,0,0,3,5,Unavailable,60,56,45,35,Unavailable,63,Unavailable,33,Unavailable,Unavailable,Unavailable,Unavailable
490319,Yeshiva Bais Aharon,1,34,2,1,2,Yeshiva Bais Aharon,NJ,13,1,2,,,,75,,0,0,4,4,0,,0,0,0,0,0,0,0,3,8,6,,,Unavailable,,,Unavailable,,,,10200,10200,Unavailable,Unavailable,Unavailable,Unavailable,#VALUE!,Unavailable,13,13,0,,,,13,13,100,Unavailable,,0,,13,Unavailable,,,13,,2,4,Unavailable,0,38,2,#VALUE!,Unavailable,2,Unavailable,Unavailable,Unavailable,Unavailable,Unavailable,Unavailable
217040,Yeshivath Beth Moshe,1,42,2,1,3,Yeshivath Beth Moshe,PA,13,1,2,,,,37,,0,0,11,11,0,,1,0,67,75,0,0,0,3,15,15,,,Unavailable,,,Unavailable,,,,10200,10200,Unavailable,Unavailable,Unavailable,Unavailable,#VALUE!,Unavailable,39,39,0,,,,39,39,100,Unavailable,,3,1,39,Unavailable,,,39,,9,10,Unavailable,0,19,6,#VALUE!,Unavailable,8,Unavailable,Unavailable,Unavailable,Unavailable,Unavailable,Unavailable
237783,Salem University,1,54,3,1,2,Salem University,WV,42,1,3,,,,51,,38,5,22,22,21,11,129,23,62,27,21,21,22,,,,,,Unavailable,,,Unavailable,,,,10200,13200,Unavailable,695,634,634,51,49,356,338,18,339,296,43,695,634,91,9,61,19,129,695,43,299,396,0,44,127,16,Unavailable,13,37,20,35,Unavailable,21,Unavailable,51,Unavailable,Unavailable,Unavailable,Unavailable
175014,Rasmussen University-Minnesota,1,27,3,1,3,Rasmussen University-Minnesota,MN,13,3,3,,,,51,,60,1,,,,179,1073,0,31,53,0,0,0,,,,,,Unavailable,,,Unavailable,,,,10207,10207,Unavailable,8054,4122,4122,20,80,1605,889,716,6449,3233,3216,8054,4122,51,49,3932,13,1073,8033,85,6865,786,382,0,1,14,Unavailable,Unavailable,26,Unavailable,72,Unavailable,Unavailable,Unavailable,20,Unavailable,Unavailable,Unavailable,Unavailable
155681,Pittsburg State University,1,20,1,1,2,Pittsburg State University,KS,32,3,1,0,64,36,34,19357,75,2,52,52,31,7,402,43,71,58,34,49,54,5,2856,2518,0,17,17,,,Unavailable,21,20,19,6128,17472,10212,4426,3903,3903,91,9,4014,3675,339,412,228,184,4426,3903,88,12,523,10,402,4162,5,221,2860,1081,10,835,15,30,19,39,27,9,#VALUE!,35,Unavailable,91,Unavailable,Unavailable,Unavailable,Unavailable
180692,The University of Montana-Western,1,30,1,1,2,The University of Montana-Western,MT,33,2,1,0,57,43,40,15726,17,1,41,39,24,8,103,48,53,49,35,46,49,3,793,789,,,Unavailable,,,Unavailable,,,,4845,17375,10233,1440,1054,1054,78,22,1119,934,185,321,120,201,1440,1054,73,27,386,8,103,1271,18,224,121,926,6,216,15,30,14,44,20,22,Unavailable,28,Unavailable,78,Unavailable,Unavailable,Unavailable,Unavailable
240453,University of Wisconsin-Milwaukee,1,55,1,1,2,University of Wisconsin-Milwaukee,WI,11,5,1,0,85,15,32,16499,363,2,51,47,23,89,1089,45,57,51,28,46,51,5,16662,14736,,68,Unavailable,,,Unavailable,21,21,20,8455,20455,10255,18047,14804,14804,84,16,15225,13211,2014,2822,1593,1229,18047,14804,82,18,3243,6,1089,16762,9,1575,9805,5382,47,2989,17,34,14,39,23,14,Unavailable,33,Unavailable,84,Unavailable,Unavailable,Unavailable,Unavailable
176406,Tougaloo College,1,28,2,1,2,Tougaloo College,MS,12,1,2,,,,78,,0,0,35,34,18,20,69,35,,32,30,31,31,3,1976,1051,,,Unavailable,,,Unavailable,,,,10258,10258,Unavailable,710,585,585,92,8,650,540,110,60,45,15,711,585,82,18,126,10,69,681,0,0,0,681,,128,14,Unavailable,11,57,20,9,Unavailable,25,Unavailable,92,Unavailable,Unavailable,Unavailable,Unavailable
166674,Massachusetts College of Art and Design,1,25,1,1,2,Massachusetts College of Art and Design,MA,11,2,1,0,66,34,29,24159,22,1,75,74,59,4,106,57,74,69,53,66,69,3,3027,2345,,,Unavailable,,,Unavailable,,,,1030,28250,10285,1865,1659,1659,89,11,1656,1567,89,209,92,117,1876,1659,88,12,217,6,106,1812,2,39,1192,581,3,406,9,28,35,43,33,9,Unavailable,47,Unavailable,89,Unavailable,Unavailable,Unavailable,Unavailable
125231,Walden University,1,27,3,1,2,Walden University,MN,11,5,3,,,,51,,218,3,,,,776,1969,0,,0,0,0,0,,,,,,Unavailable,,,Unavailable,,,,10313,10313,Unavailable,7360,1898,1898,10,90,769,208,561,6591,1690,4901,7362,1900,26,74,5462,27,1969,7337,100,7337,,,73,0,30,Unavailable,Unavailable,26,Unavailable,88,Unavailable,Unavailable,Unavailable,10,Unavailable,Unavailable,Unavailable,Unavailable
461281,Jose Maria Vargas University,1,12,3,1,3,Jose Maria Vargas University,FL,21,1,3,,,,66,,0,0,,,,1,0,,,,,,,,,,,,Unavailable,,,Unavailable,,,,10320,10320,Unavailable,Unavailable,Unavailable,Unavailable,Unavailable,#VALUE!,,,,97,63,34,97,63,65,35,34,0,,83,0,0,83,0,0,0,10,Unavailable,Unavailable,Unavailable,Unavailable,#VALUE!,Unavailable,Unavailable,Unavailable,Unavailable,Unavailable,Unavailable,Unavailable,Unavailable
493512,San Diego Global Knowledge University,1,6,3,1,3,San Diego Global Knowledge University,CA,11,1,3,,,,5,,0,0,,,,2,8,,,,,,,,,,,,Unavailable,,,Unavailable,,,,10320,10320,Unavailable,98,93,93,34,66,33,32,1,65,61,4,98,93,95,5,5,8,8,98,61,60,38,0,,18,50,Unavailable,Unavailable,Unavailable,Unavailable,46,Unavailable,Unavailable,Unavailable,34,Unavailable,Unavailable,Unavailable,Unavailable
233602,Southeastern Free Will Baptist Bible College,1,37,2,1,2,Southeastern Free Will Baptist Bible College,NC,41,1,2,,,,36,,3,4,50,50,43,,1,,55,55,40,55,55,,,,,,Unavailable,,,Unavailable,,,,10350,10350,Unavailable,74,65,65,91,9,67,62,5,7,3,4,74,65,88,12,9,1,1,74,5,4,30,40,0,15,8,Unavailable,26,Unavailable,21,9,Unavailable,31,Unavailable,91,Unavailable,Unavailable,Unavailable,Unavailable
225885,Jarvis Christian University,1,48,2,1,2,Jarvis Christian University,TX,42,1,2,,,,52,,19,3,36,36,27,31,62,3,43,15,12,14,15,,,,,,Unavailable,,,Unavailable,,,,10400,10400,Unavailable,724,680,680,84,16,608,590,18,116,90,26,730,680,93,7,50,8,62,730,17,126,604,0,0,123,10,Unavailable,16,28,19,14,Unavailable,25,Unavailable,84,Unavailable,Unavailable,Unavailable,Unavailable
190752,Yeshiva of Far Rockaway Derech Ayson Rabbinical Seminary,1,36,2,1,2,Yeshiva of Far Rockaway Derech Ayson Rabbinical Seminary,NY,11,1,2,,,,17,,0,0,9,9,0,,1,33,67,53,13,40,53,3,25,22,,,Unavailable,,,Unavailable,,,,10400,10400,Unavailable,Unavailable,Unavailable,Unavailable,#VALUE!,Unavailable,57,57,0,,,,57,57,100,Unavailable,,2,1,57,Unavailable,,,57,,14,10,Unavailable,0,25,5,#VALUE!,Unavailable,6,Unavailable,Unavailable,Unavailable,Unavailable,Unavailable,Unavailable
142090,Boise Bible College,1,16,2,1,2,Boise Bible College,ID,21,1,2,,,,49,,0,0,50,50,46,1,14,30,70,48,14,19,19,5,56,54,48,4,52,570,510,1080,,,,10400,10400,Unavailable,103,71,71,72,28,74,61,13,29,10,19,103,71,69,31,32,14,14,103,0,0,0,103,0,14,12,Unavailable,28,40,28,21,Unavailable,35,Unavailable,72,Unavailable,Unavailable,Unavailable,Unavailable
217891,Clinton College,1,45,2,1,2,Clinton College,SC,13,1,2,,,,76,,1,1,80,80,0,6,0,0,,11,0,0,0,,,,,,Unavailable,,,Unavailable,,,,10416,10416,Unavailable,101,94,94,63,37,64,62,2,37,32,5,106,99,93,7,7,0,,94,100,94,0,0,0,22,10,Unavailable,0,38,32,47,Unavailable,48,Unavailable,63,Unavailable,Unavailable,Unavailable,Unavailable
493822,College Unbound,1,44,2,1,2,College Unbound,RI,12,1,2,,,,65,,1,0,,,,29,129,,,,,,,,,,,,Unavailable,,,Unavailable,,,,10488,10488,Unavailable,400,260,260,11,89,44,26,18,356,234,122,401,260,65,35,141,32,129,398,44,175,204,19,2,7,7,Unavailable,Unavailable,Unavailable,Unavailable,59,Unavailable,Unavailable,Unavailable,11,Unavailable,Unavailable,Unavailable,Unavailable
378576,Pacific College of Health and Science,1,6,3,1,2,Pacific College of Health and Science,CA,11,1,3,,,,39,,29,15,,,,4,0,,100,67,,,,,,,,,Unavailable,,,Unavailable,,,,10492,10492,Unavailable,197,53,53,10,90,19,6,13,178,47,131,197,53,27,73,144,0,,173,71,122,8,43,0,0,15,Unavailable,Unavailable,Unavailable,Unavailable,79,Unavailable,Unavailable,Unavailable,10,Unavailable,Unavailable,Unavailable,Unavailable
485999,Bet Medrash Gadol Ateret Torah,1,36,2,1,2,Bet Medrash Gadol Ateret Torah,NY,11,1,2,,,,58,,0,0,64,23,0,,2,86,38,52,0,52,52,3,49,32,,,Unavailable,,,Unavailable,,,,10500,10500,Unavailable,108,107,107,97,3,105,104,1,3,3,0,108,107,99,1,1,2,2,108,Unavailable,,,108,,28,6,Unavailable,0,72,10,#VALUE!,Unavailable,39,Unavailable,97,Unavailable,Unavailable,Unavailable,Unavailable
486026,Yeshiva Sholom Shachna,1,36,2,1,2,Yeshiva Sholom Shachna,NY,11,1,2,,,,49,,0,0,18,18,14,,0,0,8,6,3,6,6,3,46,40,,,Unavailable,,,Unavailable,,,,10500,10500,Unavailable,Unavailable,Unavailable,Unavailable,#VALUE!,Unavailable,118,118,0,,,,118,118,100,Unavailable,,0,,118,Unavailable,,,118,,42,20,Unavailable,8,25,7,#VALUE!,Unavailable,11,Unavailable,Unavailable,Unavailable,Unavailable,Unavailable,Unavailable
234164,Virginia Union University,1,51,2,1,2,Virginia Union University,VA,12,2,2,,,,52,,43,4,44,42,30,245,96,40,44,41,28,41,41,5,2771,2708,10,0,10,440,420,860,,,,10530,10530,Unavailable,1153,1029,1029,82,18,951,859,92,202,170,32,1170,1029,88,12,141,8,96,1153,0,0,1153,0,19,275,22,Unavailable,18,46,22,11,Unavailable,30,Unavailable,82,Unavailable,Unavailable,Unavailable,Unavailable
455257,Yeshiva of Machzikai Hadas,1,36,2,1,2,Yeshiva of Machzikai Hadas,NY,11,1,2,,,,84,,0,0,51,47,0,,61,71,71,71,0,71,71,3,130,86,,,Unavailable,,,Unavailable,,,,10600,10600,Unavailable,461,461,461,99,1,455,455,0,6,6,0,461,461,100,Unavailable,,13,61,461,Unavailable,,,461,,99,26,Unavailable,0,78,27,#VALUE!,Unavailable,36,Unavailable,99,Unavailable,Unavailable,Unavailable,Unavailable
173920,Minnesota State University-Mankato,1,27,1,1,2,Minnesota State University-Mankato,MN,13,4,1,0,76,24,23,17227,150,1,54,51,29,235,1014,44,58,54,33,48,54,5,8974,8196,,5,Unavailable,,,Unavailable,24,22,22,8356,17726,10605,12836,9914,9914,89,11,11430,9320,2110,1406,594,812,12897,9921,77,23,2976,9,1014,11325,11,1281,6229,3815,26,2281,21,28,17,34,26,15,Unavailable,36,Unavailable,89,Unavailable,Unavailable,Unavailable,Unavailable
101879,University of North Alabama,1,1,1,1,2,University of North Alabama,AL,13,4,1,0,96,4,33,10441,221,3,53,51,28,76,603,43,67,54,33,50,54,3,4398,4243,,,Unavailable,,,Unavailable,,,,10200,20400,10608,7451,4681,4681,89,11,6616,4306,2310,835,375,460,7451,4681,63,37,2770,11,603,5468,16,883,3210,1375,34,1106,18,37,17,38,27,20,Unavailable,36,Unavailable,89,Unavailable,Unavailable,Unavailable,Unavailable
147776,Northeastern Illinois University,1,17,1,1,2,Northeastern Illinois University,IL,11,3,1,0,96,3,56,14669,73,2,22,21,5,58,596,26,9,17,4,12,17,3,8481,5971,,,Unavailable,,,Unavailable,,,,10343,20686,10653,4035,2491,2491,63,37,2522,1897,625,1513,594,919,4042,2494,62,38,1548,15,596,3869,17,640,1732,1497,18,498,12,46,3,41,18,31,Unavailable,19,Unavailable,63,Unavailable,Unavailable,Unavailable,Unavailable
240417,University of Wisconsin-Stout,1,55,1,1,2,University of Wisconsin-Stout,WI,32,3,1,0,61,39,23,15574,117,2,58,56,29,22,342,41,58,53,26,45,53,5,6440,5457,,39,Unavailable,,,Unavailable,23,21,23,7330,15894,10670,6093,5018,5018,87,13,5300,4730,570,793,288,505,6093,5018,82,18,1075,6,342,5900,12,712,2348,2840,28,1224,18,24,17,32,26,14,Unavailable,37,Unavailable,87,Unavailable,Unavailable,Unavailable,Unavailable
218654,University of South Carolina Beaufort,1,45,1,1,2,University of South Carolina Beaufort,SC,31,2,1,0,97,3,44,15781,111,5,30,30,20,16,244,35,41,39,29,37,39,3,2745,1899,,,Unavailable,,,Unavailable,,,,10344,21390,10675,2067,1720,1720,85,15,1747,1559,188,320,161,159,2067,1720,83,17,347,12,244,1958,16,305,1165,488,7,469,14,42,12,40,19,16,Unavailable,23,Unavailable,85,Unavailable,Unavailable,Unavailable,Unavailable
434937,Yeshiva College of the Nations Capital,1,24,2,1,2,Yeshiva College of the Nations Capital,MD,21,1,2,,,,19,,0,0,29,29,29,,19,0,100,50,50,50,50,,,,,,Unavailable,,,Unavailable,,,,10700,10700,Unavailable,Unavailable,Unavailable,Unavailable,#VALUE!,Unavailable,57,57,0,,,,57,57,100,Unavailable,,33,19,57,Unavailable,,,57,,10,8,Unavailable,17,10,32,#VALUE!,Unavailable,31,Unavailable,Unavailable,Unavailable,Unavailable,Unavailable,Unavailable
492069,Champion Christian College,1,5,2,1,2,Champion Christian College,AR,13,1,2,,,,65,,1,1,,,,,31,,,,,,,,,,,,Unavailable,,,Unavailable,,,,10712,10712,Unavailable,139,119,119,91,9,127,112,15,12,7,5,139,119,86,14,20,24,31,128,6,8,56,64,,24,5,Unavailable,Unavailable,Unavailable,Unavailable,10,Unavailable,Unavailable,Unavailable,91,Unavailable,Unavailable,Unavailable,Unavailable
232797,American National University,1,51,3,1,3,American National University,VA,22,1,3,,,,71,,21,3,,,,,54,,25,26,,,,,,,,,Unavailable,,,Unavailable,,,,10735,10735,Unavailable,643,265,265,12,88,76,52,24,567,213,354,643,265,41,59,378,8,54,643,91,586,57,0,10,7,11,Unavailable,Unavailable,Unavailable,Unavailable,80,Unavailable,Unavailable,Unavailable,12,Unavailable,Unavailable,Unavailable,Unavailable
214041,Millersville University of Pennsylvania,1,42,1,1,2,Millersville University of Pennsylvania,PA,21,3,1,0,88,12,27,20860,78,1,58,57,34,,431,43,63,54,34,51,54,5,6989,6249,26,0,26,570,550,1120,,,,9570,19290,10736,5724,4680,4680,88,12,5061,4486,575,663,194,469,5724,4680,82,18,1044,8,431,5610,8,474,2066,3070,47,1143,19,33,20,35,27,13,Unavailable,38,Unavailable,88,Unavailable,Unavailable,Unavailable,Unavailable
124487,Epic Bible College & Graduate School,1,6,2,1,2,Epic Bible College & Graduate School,CA,21,1,2,,,,57,,4,7,50,50,0,4,7,,,0,0,0,0,,,,,,Unavailable,,,Unavailable,,,,10764,10764,Unavailable,60,1,1,7,93,4,0,4,56,1,55,60,1,2,98,59,12,7,60,0,0,25,35,1,0,9,Unavailable,0,Unavailable,27,67,Unavailable,35,Unavailable,7,Unavailable,Unavailable,Unavailable,Unavailable
216311,Talmudical Yeshiva of Philadelphia,1,42,2,1,2,Talmudical Yeshiva of Philadelphia,PA,11,1,2,,,,28,,0,0,47,47,47,,3,100,75,82,82,82,82,3,49,37,,,Unavailable,,,Unavailable,,,,10769,10769,Unavailable,Unavailable,Unavailable,Unavailable,#VALUE!,Unavailable,120,120,0,,,,120,120,100,Unavailable,,3,3,120,Unavailable,,,120,,32,15,Unavailable,28,64,20,#VALUE!,Unavailable,29,Unavailable,Unavailable,Unavailable,Unavailable,Unavailable,Unavailable
220604,Le Moyne-Owen College,1,47,2,1,2,Le Moyne-Owen College,TN,11,1,2,,,,72,,13,2,21,18,7,28,58,22,47,25,8,19,25,3,212,206,,,Unavailable,,,Unavailable,,,,10776,10776,Unavailable,646,506,506,79,21,510,401,109,136,105,31,646,506,78,22,140,10,58,571,0,0,58,513,7,110,9,Unavailable,4,47,13,15,Unavailable,17,Unavailable,79,Unavailable,Unavailable,Unavailable,Unavailable
223083,Baptist Health System School of Health Professions,1,48,3,1,3,Baptist Health System School of Health Professions,TX,11,1,3,,,,52,,14,3,,,,4,192,,,,,,,3,1,0,,,Unavailable,,,Unavailable,,,,10778,10778,Unavailable,524,167,167,28,72,148,46,102,376,121,255,524,167,32,68,357,37,192,524,5,26,498,0,,0,8,Unavailable,Unavailable,Unavailable,Unavailable,51,Unavailable,Unavailable,Unavailable,28,Unavailable,Unavailable,Unavailable,Unavailable
197744,Yeshivath Zichron Moshe,1,36,2,1,3,Yeshivath Zichron Moshe,NY,32,1,2,,,,50,,0,0,0,0,0,,31,0,56,50,0,0,0,3,23,12,,,Unavailable,,,Unavailable,,,,10780,10780,Unavailable,Unavailable,Unavailable,Unavailable,#VALUE!,Unavailable,176,176,0,,,,176,176,100,Unavailable,,18,31,176,Unavailable,,,176,,10,27,Unavailable,0,25,11,#VALUE!,Unavailable,7,Unavailable,Unavailable,Unavailable,Unavailable,Unavailable,Unavailable
156082,Washburn University,1,20,1,1,2,Washburn University,KS,12,3,1,0,88,12,37,12894,91,2,46,44,27,32,516,27,60,53,25,37,41,,,,,,Unavailable,,,Unavailable,,,,9464,20468,10784,4930,3405,3405,81,19,3988,2839,1149,942,566,376,4930,3405,69,31,1525,13,516,4093,13,548,1538,2007,42,738,13,37,16,32,25,21,Unavailable,33,Unavailable,81,Unavailable,Unavailable,Unavailable,Unavailable
485768,Atlantis University,1,12,3,1,2,Atlantis University,FL,11,1,3,,,,49,,6,2,78,78,78,15,18,59,62,61,59,59,59,,,,,,Unavailable,,,Unavailable,,,,10800,10800,Unavailable,313,313,313,75,25,236,236,0,77,77,0,313,313,100,Unavailable,,6,18,313,18,56,0,257,,70,25,Unavailable,47,54,35,#VALUE!,Unavailable,49,Unavailable,75,Unavailable,Unavailable,Unavailable,Unavailable
194657,Rabbinical Academy Mesivta Rabbi Chaim Berlin,1,36,2,1,2,Rabbinical Academy Mesivta Rabbi Chaim Berlin,NY,11,1,2,,,,22,,0,0,39,10,0,,5,38,11,19,0,0,19,3,40,40,,,Unavailable,,,Unavailable,,,,10800,10800,Unavailable,159,159,159,99,1,157,157,0,2,2,0,160,160,100,Unavailable,,3,5,160,Unavailable,,,160,,43,18,Unavailable,0,30,6,#VALUE!,Unavailable,25,Unavailable,99,Unavailable,Unavailable,Unavailable,Unavailable
117283,Latin American Bible Institute,1,6,2,1,3,Latin American Bible Institute,CA,21,1,2,,,,52,,0,0,,,,,5,,60,60,,,,3,44,30,,,Unavailable,,,Unavailable,,,,10950,10950,Unavailable,78,25,25,21,79,16,16,0,62,9,53,78,25,32,68,53,6,5,78,65,51,16,11,0,0,8,Unavailable,Unavailable,Unavailable,Unavailable,72,Unavailable,Unavailable,Unavailable,21,Unavailable,Unavailable,Unavailable,Unavailable
200013,Rasmussen University-North Dakota,1,38,3,1,3,Rasmussen University-North Dakota,ND,12,1,3,,,,46,,10,23,,,,5,12,,100,58,,,,,,,,,Unavailable,,,Unavailable,,,,10957,10957,Unavailable,44,32,32,45,55,20,19,1,24,13,11,44,32,73,27,12,27,12,44,32,14,30,0,0,0,1,Unavailable,Unavailable,Unavailable,Unavailable,40,Unavailable,Unavailable,Unavailable,45,Unavailable,Unavailable,Unavailable,Unavailable
199582,Saint Augustine's University,1,37,2,1,2,Saint Augustine's University,NC,11,1,2,,,,61,,7,1,23,22,15,25,139,19,94,33,13,18,20,3,3160,1856,,,Unavailable,,,Unavailable,,,,10968,10968,Unavailable,930,809,809,88,12,821,723,98,109,86,23,930,809,87,13,121,18,139,766,12,91,588,87,56,217,11,Unavailable,9,40,20,12,Unavailable,21,Unavailable,88,Unavailable,Unavailable,Unavailable,Unavailable
444778,Charlotte Christian College and Theological Seminary,1,37,2,1,2,Charlotte Christian College and Theological Seminary,NC,11,1,2,,,,56,,2,6,0,0,0,1,6,,0,0,0,0,0,,,,,,Unavailable,,,Unavailable,,,,10970,10970,Unavailable,36,14,14,6,94,2,1,1,34,13,21,36,14,39,61,22,17,6,36,86,31,5,0,0,0,3,Unavailable,0,Unavailable,10,82,Unavailable,7,Unavailable,6,Unavailable,Unavailable,Unavailable,Unavailable
414595,Pacific College of Health and Science,1,36,3,1,2,Pacific College of Health and Science,NY,11,1,3,,,,31,,4,1,100,100,0,4,0,0,77,68,75,75,75,,,,,,Unavailable,,,Unavailable,,,,10994,10994,Unavailable,307,90,90,11,89,34,17,17,273,73,200,307,90,29,71,217,0,,264,51,134,117,13,42,12,9,Unavailable,0,16,40,72,Unavailable,60,Unavailable,11,Unavailable,Unavailable,Unavailable,Unavailable
231712,Christopher Newport University,1,51,1,1,2,Christopher Newport University,VA,12,2,1,0,93,7,15,22864,191,4,75,75,66,61,151,71,76,75,66,74,75,5,7062,6212,37,6,43,610,590,1200,26,,,10001,24238,10998,4407,4321,4321,99,1,4354,4278,76,53,43,10,4407,4321,98,2,86,3,151,4402,0,0,0,4402,0,1161,13,29,40,43,32,1,32,46,Unavailable,99,Unavailable,32,Unavailable,Unavailable
495031,Bais Medrash of Dexter Park,1,36,2,1,3,Bais Medrash of Dexter Park,NY,21,1,2,,,,21,,0,0,,,,,2,,86,86,0,0,29,3,13,12,,,Unavailable,,,Unavailable,,,,11000,11000,Unavailable,22,20,20,59,41,13,13,0,9,7,2,22,20,91,9,2,9,2,22,Unavailable,,,22,,15,8,Unavailable,Unavailable,Unavailable,Unavailable,#VALUE!,Unavailable,Unavailable,Unavailable,59,Unavailable,Unavailable,Unavailable,Unavailable
195438,Sh'or Yoshuv Rabbinical College,1,36,2,1,2,Sh'or Yoshuv Rabbinical College,NY,21,1,2,,,,4,,0,0,0,0,0,,145,0,0,0,0,0,0,3,0,,,,Unavailable,,,Unavailable,,,,11000,11000,Unavailable,Unavailable,Unavailable,Unavailable,#VALUE!,Unavailable,147,147,0,,,,147,147,100,Unavailable,,99,145,147,Unavailable,,,147,,2,5,Unavailable,0,2,59,#VALUE!,Unavailable,39,Unavailable,Unavailable,Unavailable,Unavailable,Unavailable,Unavailable
142328,Lewis-Clark State College,1,16,1,1,2,Lewis-Clark State College,ID,13,2,1,0,74,26,38,12508,56,2,34,32,21,26,288,32,53,45,23,35,37,3,4256,3821,,,Unavailable,,,Unavailable,,,,7388,21386,11027,3702,2021,2021,80,20,2959,1633,1326,743,388,355,3702,2021,55,45,1681,13,288,2277,20,464,996,817,20,304,16,34,13,35,20,28,Unavailable,25,Unavailable,80,Unavailable,Unavailable,Unavailable,Unavailable
174507,Northwestern Health Sciences University,1,27,2,1,2,Northwestern Health Sciences University,MN,13,2,2,,,,29,,6,2,,,,19,63,,,100,,,,,,,,,Unavailable,,,Unavailable,,,,11040,11040,Unavailable,366,130,130,43,57,157,66,91,209,64,145,366,130,36,64,236,25,63,251,3,8,209,34,,0,4,Unavailable,Unavailable,Unavailable,Unavailable,43,Unavailable,Unavailable,Unavailable,43,Unavailable,Unavailable,Unavailable,Unavailable
461847,Keser Torah-Mayan Hatalmud,1,34,2,1,2,Keser Torah-Mayan Hatalmud,NJ,21,1,2,,,,19,,0,0,0,0,0,,12,,33,33,33,33,33,3,7,5,,,Unavailable,,,Unavailable,,,,11060,11060,Unavailable,59,58,58,93,7,55,55,0,4,3,1,59,58,98,2,1,20,12,59,Unavailable,,,59,,12,19,Unavailable,0,Unavailable,12,#VALUE!,Unavailable,8,Unavailable,93,Unavailable,Unavailable,Unavailable,Unavailable
240268,University of Wisconsin-Eau Claire,1,55,1,1,2,University of Wisconsin-Eau Claire,WI,13,3,1,0,63,37,19,15323,96,1,69,68,45,41,337,60,71,68,44,65,68,5,10315,7848,,39,Unavailable,,,Unavailable,24,23,24,7645,16884,11063,9304,8430,8430,96,4,8920,8259,661,384,171,213,9304,8430,91,9,874,4,337,8995,3,252,3521,5222,16,1960,19,23,27,40,29,5,Unavailable,43,Unavailable,96,Unavailable,Unavailable,Unavailable,Unavailable
115083,Golden Gate University,1,6,2,1,2,Golden Gate University,CA,11,2,2,,,,22,,181,31,,,,79,229,,,,,,,,,,,,Unavailable,,,Unavailable,,,,11088,11088,Unavailable,571,280,280,21,79,121,59,62,450,221,229,575,284,49,51,291,42,229,550,63,346,175,29,0,0,10,Unavailable,Unavailable,Unavailable,Unavailable,66,Unavailable,Unavailable,Unavailable,21,Unavailable,Unavailable,Unavailable,Unavailable
417734,Southeast Missouri Hospital College of Nursing and Health Sciences,1,29,2,1,3,Southeast Missouri Hospital College of Nursing and Health Sciences,MO,13,1,2,,,,47,,4,3,,,,1,34,0,,100,0,0,0,5,18,18,0,39,39,,,Unavailable,19,20,17,11124,11124,Unavailable,146,75,75,48,52,70,38,32,76,37,39,147,75,51,49,72,23,34,146,17,25,99,22,0,0,4,Unavailable,Unavailable,24,Unavailable,41,#VALUE!,Unavailable,Unavailable,48,Unavailable,#VALUE!,Unavailable,Unavailable
237011,Western Washington University,1,53,1,1,2,Western Washington University,WA,13,4,1,0,83,17,21,22096,311,2,69,68,43,36,927,56,70,66,42,61,66,5,14243,13005,9,3,12,640,590,1230,26,26,25,7997,26564,11153,13704,12327,12327,93,7,12707,11595,1112,997,732,265,13704,12327,90,10,1377,7,927,13574,1,154,1760,11660,79,3143,17,29,26,39,31,6,9,44,Unavailable,93,7,Unavailable,Unavailable,Unavailable
219505,American Baptist College,1,47,2,1,2,American Baptist College,TN,11,1,2,,,,69,,1,2,10,10,0,12,0,38,0,33,0,33,33,,,,,,Unavailable,,,Unavailable,,,,11160,11160,Unavailable,48,38,38,25,75,12,12,0,36,26,10,48,38,79,21,10,0,,48,0,0,0,48,,5,5,Unavailable,0,54,4,36,Unavailable,6,Unavailable,25,Unavailable,Unavailable,Unavailable,Unavailable
101675,Miles College,1,1,2,1,2,Miles College,AL,21,2,2,,,,76,,8,1,24,24,14,,54,20,90,26,16,19,26,,,,,,Unavailable,,,Unavailable,,,,11164,11164,Unavailable,1147,1102,1102,86,14,985,956,29,162,146,16,1151,1106,96,4,45,5,54,1151,9,98,436,617,0,293,12,Unavailable,8,48,12,9,Unavailable,16,Unavailable,86,Unavailable,Unavailable,Unavailable,Unavailable
451370,Yeshivas Be'er Yitzchok,1,34,2,1,2,Yeshivas Be'er Yitzchok,NJ,21,1,2,,,,57,,0,0,22,11,0,,7,50,0,14,0,14,14,3,5,5,,,Unavailable,,,Unavailable,,,,11200,11200,Unavailable,52,51,51,65,35,34,34,0,18,17,1,52,51,98,2,1,13,7,52,Unavailable,,,52,0,10,7,Unavailable,0,54,12,#VALUE!,Unavailable,19,Unavailable,65,Unavailable,Unavailable,Unavailable,Unavailable
240426,University of Wisconsin-Superior,1,55,1,1,2,University of Wisconsin-Superior,WI,22,2,1,0,44,56,32,13126,48,2,45,43,26,6,190,36,51,44,27,41,44,5,2310,2163,,21,Unavailable,,,Unavailable,20,19,18,6826,14739,11257,2086,1522,1522,73,27,1522,1224,298,564,298,266,2086,1522,73,27,564,10,190,1899,33,636,347,916,8,311,17,24,16,34,23,29,Unavailable,31,Unavailable,73,Unavailable,Unavailable,Unavailable,Unavailable
161572,Unity Environmental University,1,23,2,1,2,Unity Environmental University,ME,42,3,2,,,,60,,344,6,55,55,47,59,1425,44,66,57,49,56,56,3,8865,7252,,,Unavailable,,,Unavailable,,,,11280,11280,Unavailable,5645,5501,5501,42,58,2346,2294,52,3299,3207,92,5655,5511,97,3,144,25,1425,5619,97,5445,174,0,0,414,36,Unavailable,28,52,37,53,Unavailable,43,Unavailable,42,Unavailable,Unavailable,Unavailable,Unavailable
240727,University of Wyoming,1,56,1,1,2,University of Wyoming,WY,33,4,1,0,60,40,23,13299,242,3,63,60,37,203,858,48,66,60,40,56,60,3,5644,5498,,,Unavailable,,,Unavailable,,,,4980,20760,11292,8250,6851,6851,84,16,6954,6302,652,1296,549,747,8250,6851,83,17,1399,11,858,8047,14,1154,4076,2817,39,1577,13,24,22,36,30,16,Unavailable,42,Unavailable,84,Unavailable,Unavailable,Unavailable,Unavailable
240471,University of Wisconsin-River Falls,1,55,1,1,2,University of Wisconsin-River Falls,WI,32,3,1,0,46,54,23,15242,66,1,58,57,38,19,188,56,64,61,43,58,61,5,5903,4818,,39,Unavailable,,,Unavailable,22,21,21,6837,15118,11309,4675,3857,3857,95,5,4422,3723,699,253,134,119,4675,3857,83,17,818,5,188,4152,3,124,2763,1265,17,997,17,21,23,40,26,8,Unavailable,37,Unavailable,95,Unavailable,Unavailable,Unavailable,Unavailable
218742,University of South Carolina-Upstate,1,45,1,1,2,University of South Carolina-Upstate,SC,22,2,1,0,99,1,50,13794,102,2,49,47,31,26,655,41,48,42,28,40,42,5,3557,2476,6,3,9,550,510,1060,22,21,23,11208,22710,11323,4471,3537,3537,83,17,3692,3149,543,779,388,391,4471,3537,79,21,934,16,655,4008,18,732,2793,483,3,685,15,45,19,46,29,19,6,36,Unavailable,83,4,Unavailable,Unavailable,Unavailable
161226,University of Maine at Farmington,1,23,1,1,2,University of Maine at Farmington,ME,43,2,1,0,80,20,41,15383,17,1,56,55,42,22,66,48,61,53,38,50,53,5,1306,1275,9,,Unavailable,570,470,1040,,,,8910,21000,11328,1605,1008,1008,92,8,1478,967,511,127,41,86,1605,1008,63,37,597,6,66,1131,5,55,375,701,1,263,12,36,25,45,26,16,Unavailable,36,Unavailable,92,Unavailable,Unavailable,Unavailable,Unavailable
102632,University of Alaska Southeast,1,2,1,1,2,University of Alaska Southeast,AK,41,2,1,0,74,26,25,8488,43,3,30,29,13,7,113,37,33,31,26,30,33,3,320,200,,,Unavailable,,,Unavailable,,,,7224,23072,11344,1677,467,467,52,48,877,354,523,800,113,687,1678,467,28,72,1211,12,113,920,44,407,273,240,8,56,9,29,8,31,19,54,Unavailable,23,Unavailable,52,Unavailable,Unavailable,Unavailable,Unavailable
476692,Yeshiva Gedolah Zichron Leyma,1,34,2,1,2,Yeshiva Gedolah Zichron Leyma,NJ,21,1,2,,,,47,,0,0,0,0,0,,4,0,0,75,0,0,0,3,34,24,,,Unavailable,,,Unavailable,,,,11350,11350,Unavailable,Unavailable,Unavailable,Unavailable,#VALUE!,Unavailable,47,47,0,,,,47,47,100,Unavailable,,9,4,47,Unavailable,,,47,,14,9,Unavailable,0,24,5,#VALUE!,Unavailable,3,Unavailable,Unavailable,Unavailable,Unavailable,Unavailable,Unavailable
204486,University of Northwestern Ohio,1,39,2,1,3,University of Northwestern Ohio,OH,23,2,2,,,,32,,114,4,39,39,34,36,163,28,62,54,28,37,39,,,,,,Unavailable,,,Unavailable,,,,11352,11352,Unavailable,2570,2408,2408,93,7,2384,2290,94,186,118,68,2572,2410,94,6,162,6,163,2572,18,461,471,1640,2,125,25,Unavailable,20,30,19,10,Unavailable,26,Unavailable,93,Unavailable,Unavailable,Unavailable,Unavailable
176318,Rust College,1,28,2,1,2,Rust College,MS,32,1,2,,,,72,,0,0,25,23,14,2,114,25,50,27,24,26,27,5,1715,595,0,0,0,,,Unavailable,,,,11385,11385,Unavailable,429,424,424,79,21,339,335,4,90,89,1,429,424,99,1,5,27,114,428,7,28,59,341,0,21,11,Unavailable,8,49,25,11,Unavailable,26,Unavailable,79,Unavailable,Unavailable,Unavailable,Unavailable
439701,The King's University,1,48,2,1,2,The King's University,TX,21,1,2,,,,8,,4,1,31,31,13,4,63,25,60,40,27,27,27,1,25,25,14,9,23,,,Unavailable,,,,11400,11400,Unavailable,272,111,111,36,64,99,61,38,173,50,123,272,111,41,59,161,23,63,272,47,128,102,42,3,5,10,Unavailable,8,17,26,57,Unavailable,28,Unavailable,36,Unavailable,Unavailable,Unavailable,Unavailable
174075,University of Minnesota-Crookston,1,27,1,1,2,University of Minnesota-Crookston,MN,32,2,1,0,100,0,30,13442,50,2,57,56,43,7,243,44,53,50,40,49,50,3,1886,1101,,,Unavailable,,,Unavailable,,,,11478,11478,11478,2516,1148,1148,72,28,1822,887,935,694,261,433,2518,1148,46,54,1370,15,243,1650,62,1024,302,324,8,179,17,37,26,37,31,46,Unavailable,40,Unavailable,72,Unavailable,Unavailable,Unavailable,Unavailable
157021,American National University-Pikeville,1,21,3,1,3,American National University-Pikeville,KY,33,1,3,,,,83,,1,0,,,,,21,,,50,,,,,,,,,Unavailable,,,Unavailable,,,,11484,11484,Unavailable,230,126,126,14,86,32,21,11,198,105,93,240,136,57,43,104,9,21,229,63,144,85,0,4,2,25,Unavailable,Unavailable,Unavailable,Unavailable,66,Unavailable,Unavailable,Unavailable,14,Unavailable,Unavailable,Unavailable,Unavailable
375230,Yeshiva Gedolah Imrei Yosef D'spinka,1,36,2,1,2,Yeshiva Gedolah Imrei Yosef D'spinka,NY,11,1,2,,,,91,,0,0,20,20,0,,37,67,0,62,0,62,62,,,,,,Unavailable,,,Unavailable,,,,11500,11500,Unavailable,222,222,222,87,13,193,193,0,29,29,0,232,232,100,Unavailable,,16,37,232,Unavailable,,,232,,32,22,Unavailable,0,79,18,#VALUE!,Unavailable,18,Unavailable,87,Unavailable,Unavailable,Unavailable,Unavailable
176770,Cox College,1,29,2,1,2,Cox College,MO,12,1,2,,,,35,,21,3,0,0,0,8,97,100,,100,0,100,100,1,7,5,0,100,100,,,Unavailable,,,,11587,11587,Unavailable,637,321,321,55,45,350,226,124,287,95,192,637,321,50,50,316,15,97,634,16,104,473,57,0,0,8,Unavailable,0,68,9,38,Unavailable,6,Unavailable,55,Unavailable,Unavailable,Unavailable,Unavailable
185262,Kean University,1,34,1,1,2,Kean University,NJ,21,4,1,0,94,6,48,11593,219,2,51,48,24,4,1291,40,47,43,24,38,43,5,12142,9335,1,0,1,570,580,1150,,,,11135,18785,11594,11234,9396,9396,81,19,9063,8032,1031,2171,1364,807,11234,9396,84,16,1838,12,1291,10842,12,1249,1361,8232,64,1904,17,43,14,44,26,16,Unavailable,35,Unavailable,81,Unavailable,Unavailable,Unavailable,Unavailable
218919,Voorhees University,1,45,2,1,2,Voorhees University,SC,43,1,2,,,,77,,0,0,32,32,27,36,41,34,36,38,27,31,31,,,,,,Unavailable,,,Unavailable,,,,11630,11630,Unavailable,459,416,416,83,17,380,358,22,79,58,21,460,416,90,10,44,9,41,460,20,91,0,369,17,120,10,Unavailable,16,56,18,16,Unavailable,23,Unavailable,83,Unavailable,Unavailable,Unavailable,Unavailable
426314,Embry-Riddle Aeronautical University-Worldwide,2,12,2,1,2,Embry-Riddle Aeronautical University-Worldwide,FL,13,4,2,,,,26,,2728,30,22,19,11,157,1011,25,21,22,14,21,23,5,2047,1264,4,2,6,590,565,1155,27,27,28,11640,11640,Unavailable,9037,2398,2398,24,76,2163,662,1501,6874,1736,5138,9037,2398,27,73,6639,12,1011,8786,91,8037,669,80,305,81,22,Unavailable,7,26,15,80,4,18,Unavailable,24,3,Unavailable,Unavailable,Unavailable
445027,American InterContinental University System,1,4,3,1,2,American InterContinental University System,AZ,11,4,3,,,,74,,752,11,9,8,8,99,586,15,47,21,15,15,16,,,,,,Unavailable,,,Unavailable,,,,11650,11650,Unavailable,6821,6407,6407,11,89,728,690,38,6093,5717,376,6830,6416,94,6,414,9,586,6734,100,6734,,,88,477,34,Unavailable,5,45,8,68,Unavailable,9,Unavailable,11,Unavailable,Unavailable,Unavailable,Unavailable
151324,Indiana State University,1,18,1,1,2,Indiana State University,IN,13,3,1,0,83,17,39,13321,171,3,42,41,28,89,510,30,54,41,30,39,41,3,13601,12445,,,Unavailable,,,Unavailable,,,,9712,21454,11708,6668,5579,5579,81,19,5398,5137,261,1270,442,828,6668,5579,84,16,1089,8,510,6620,23,1551,1894,3175,10,1524,17,36,17,35,21,20,Unavailable,28,Unavailable,81,Unavailable,Unavailable,Unavailable,Unavailable
490513,Bais Medrash Mayan Hatorah,1,34,2,1,3,Bais Medrash Mayan Hatorah,NJ,13,1,2,,,,21,,0,0,13,13,6,,2,40,60,65,15,15,20,3,36,24,,,Unavailable,,,Unavailable,,,,11750,11750,Unavailable,25,25,25,92,8,23,23,0,2,2,0,25,25,100,Unavailable,,8,2,25,Unavailable,,,25,0,13,3,Unavailable,4,31,10,#VALUE!,Unavailable,11,Unavailable,92,Unavailable,Unavailable,Unavailable,Unavailable
488314,Beth Medrash of Asbury Park,1,34,2,1,2,Beth Medrash of Asbury Park,NJ,21,1,2,,,,45,,0,0,0,0,0,,12,0,0,0,0,0,0,3,52,22,,,Unavailable,,,Unavailable,,,,11760,11760,Unavailable,Unavailable,Unavailable,Unavailable,#VALUE!,Unavailable,109,109,0,,,,109,109,100,Unavailable,,11,12,109,Unavailable,,,109,,23,22,Unavailable,0,23,7,#VALUE!,Unavailable,4,Unavailable,Unavailable,Unavailable,Unavailable,Unavailable,Unavailable
149514,Trinity International University-Illinois,1,17,2,1,2,Trinity International University-Illinois,IL,21,1,2,,,,36,,11,8,46,45,39,24,24,37,49,46,36,42,46,3,264,246,,,Unavailable,,,Unavailable,,,,11760,11760,Unavailable,140,60,60,47,53,66,41,25,74,19,55,140,60,43,57,80,17,24,140,84,118,1,21,8,86,9,Unavailable,23,37,28,64,Unavailable,34,Unavailable,47,Unavailable,Unavailable,Unavailable,Unavailable
490328,Mechon L'hoyroa,1,36,2,1,2,Mechon L'hoyroa,NY,21,1,2,,,,83,,0,0,,,,,6,,,,,,,,,,,,Unavailable,,,Unavailable,,,,11800,11800,Unavailable,124,124,124,90,10,112,112,0,12,12,0,124,124,100,Unavailable,,5,6,124,Unavailable,,,124,,0,21,Unavailable,Unavailable,Unavailable,Unavailable,#VALUE!,Unavailable,Unavailable,Unavailable,90,Unavailable,Unavailable,Unavailable,Unavailable
107600,Philander Smith University,1,5,2,1,2,Philander Smith University,AR,12,1,2,,,,72,,18,2,31,28,12,36,49,31,39,32,19,30,32,,,,,,Unavailable,,,Unavailable,,,,11804,11804,Unavailable,848,669,669,77,23,654,590,64,194,79,115,848,669,79,21,179,6,49,842,3,25,366,451,9,217,12,Unavailable,7,52,15,16,Unavailable,21,Unavailable,77,Unavailable,Unavailable,Unavailable,Unavailable
155007,Donnelly College,1,20,2,1,3,Donnelly College,KS,12,1,2,,,,63,,1,0,,,,19,66,,37,38,,,,,,,,,Unavailable,,,Unavailable,,,,11813,11813,Unavailable,349,192,192,44,56,153,115,38,196,77,119,349,192,55,45,157,19,66,343,2,8,27,308,13,41,10,Unavailable,Unavailable,Unavailable,Unavailable,37,Unavailable,Unavailable,Unavailable,44,Unavailable,Unavailable,Unavailable,Unavailable
200280,University of North Dakota,1,38,1,1,2,University of North Dakota,ND,13,4,1,0,44,56,18,18227,399,4,64,62,40,89,1015,53,67,63,42,60,63,3,7437,5733,,,Unavailable,,,Unavailable,,,,9237,13856,11824,10216,7075,7075,79,21,8053,6457,1596,2163,618,1545,10216,7075,69,31,3141,11,1015,9296,23,2176,4256,2864,34,1719,17,18,24,36,31,25,Unavailable,43,Unavailable,79,Unavailable,Unavailable,Unavailable,Unavailable
445188,University of California-Merced,1,6,1,1,2,University of California-Merced,CA,22,3,1,0,100,0,59,13232,7,0,73,72,48,14,209,70,69,69,49,66,69,3,67891,26598,,,Unavailable,,,Unavailable,,,,11834,42611,11834,8372,8266,8266,98,2,8178,8084,94,194,182,12,8372,8266,99,1,106,2,209,8372,0,2,912,7458,22,2371,21,49,29,65,30,1,Unavailable,45,Unavailable,98,Unavailable,Unavailable,Unavailable,Unavailable
483595,Ana G. Mendez University,1,12,2,1,2,Ana G. Mendez University,FL,11,3,2,,,,45,,29,1,,,,171,358,,,,,,,,,,,,Unavailable,,,Unavailable,,,,11850,11850,Unavailable,4770,2908,2908,26,74,1264,719,545,3506,2189,1317,4915,3007,61,39,1908,7,358,4897,78,3819,26,1052,230,166,34,Unavailable,Unavailable,Unavailable,Unavailable,64,Unavailable,Unavailable,Unavailable,26,Unavailable,Unavailable,Unavailable,Unavailable
457484,Pacific Rim Christian University,1,15,2,1,2,Pacific Rim Christian University,HI,11,1,2,,,,86,,14,12,57,57,43,1,5,0,100,52,19,19,43,,,,,,Unavailable,,,Unavailable,,,,11880,11880,Unavailable,98,51,51,40,60,39,25,14,59,26,33,114,64,56,44,50,4,5,113,26,29,46,38,14,14,7,Unavailable,26,43,25,45,Unavailable,36,Unavailable,40,Unavailable,Unavailable,Unavailable,Unavailable
178721,Park University,1,29,2,1,2,Park University,MO,21,3,2,,,,40,,1322,25,26,25,10,114,830,26,35,30,13,26,29,,,,,,Unavailable,,,Unavailable,,,,11908,11908,Unavailable,5376,2695,2695,39,61,2084,1516,568,3292,1179,2113,5376,2695,50,50,2681,16,830,5250,69,3618,1253,379,87,207,13,Unavailable,6,33,19,60,Unavailable,22,Unavailable,39,Unavailable,Unavailable,Unavailable,Unavailable
461883,Millennia Atlantic University,1,12,3,1,2,Millennia Atlantic University,FL,13,1,3,,,,7,,0,0,,,,5,38,,100,100,100,100,100,,,,,,Unavailable,,,Unavailable,,,,11928,11928,Unavailable,104,99,99,82,18,85,83,2,19,16,3,104,99,95,5,5,37,38,104,Unavailable,,,104,0,4,6,Unavailable,Unavailable,Unavailable,Unavailable,#VALUE!,Unavailable,Unavailable,Unavailable,82,Unavailable,Unavailable,Unavailable,Unavailable
182290,University of Nevada-Reno,1,32,1,1,2,University of Nevada-Reno,NV,11,5,1,0,76,24,26,16801,346,2,65,63,40,118,1058,55,66,62,42,59,62,3,10142,8652,,,Unavailable,,,Unavailable,,,,7876,24832,11945,17965,13757,13757,92,8,16489,13015,3474,1476,742,734,17965,13757,77,23,4208,7,1058,15723,2,258,5064,10401,39,3257,16,29,24,41,29,11,Unavailable,42,Unavailable,92,Unavailable,Unavailable,Unavailable,Unavailable
474863,Los Angeles Pacific University,1,6,2,1,2,Los Angeles Pacific University,CA,21,2,2,,,,53,,44,3,27,27,18,48,316,36,50,33,27,40,40,,,,,,Unavailable,,,Unavailable,,,,11975,11975,Unavailable,1617,626,626,15,85,247,122,125,1370,504,866,1617,626,39,61,991,22,316,1453,100,1453,,,10,5,23,Unavailable,11,45,24,82,Unavailable,25,Unavailable,15,Unavailable,Unavailable,Unavailable,Unavailable
219639,Baptist Health Sciences University,1,47,2,1,2,Baptist Health Sciences University,TN,11,1,2,,,,47,,1,0,59,59,47,14,113,44,61,54,33,49,50,1,152,103,0,100,100,,,Unavailable,20,20,20,11976,11976,Unavailable,733,272,272,66,34,485,208,277,248,64,184,733,272,37,63,461,17,113,673,15,101,237,335,2,36,6,Unavailable,28,46,34,37,#VALUE!,42,Unavailable,66,Unavailable,#VALUE!,Unavailable,Unavailable
102614,University of Alaska Fairbanks,1,2,1,1,2,University of Alaska Fairbanks,AK,13,3,1,0,75,25,31,9985,356,6,46,44,26,39,329,25,37,32,21,30,33,,,,,,Unavailable,,,Unavailable,,,,8041,23789,11978,5638,2495,2495,60,40,3406,1986,1420,2232,509,1723,5638,2495,44,56,3143,8,329,4027,46,1843,1573,611,44,423,12,31,16,28,23,46,Unavailable,31,Unavailable,60,Unavailable,Unavailable,Unavailable,Unavailable
189273,Beth Hamedrash Shaarei Yosher Institute,1,36,2,1,3,Beth Hamedrash Shaarei Yosher Institute,NY,11,1,2,,,,77,,0,0,0,0,0,,12,0,37,35,0,10,10,3,31,28,,,Unavailable,,,Unavailable,,,,12000,12000,Unavailable,83,83,83,99,1,82,82,0,1,1,0,83,83,100,Unavailable,,14,12,83,Unavailable,,,83,,25,12,Unavailable,0,39,9,#VALUE!,Unavailable,6,Unavailable,99,Unavailable,Unavailable,Unavailable,Unavailable
192004,Jamestown Business College,1,36,3,1,3,Jamestown Business College,NY,32,1,3,,,,69,,2,1,,,,,7,,77,61,,,,3,134,115,,,Unavailable,,,Unavailable,,,,12000,12000,Unavailable,251,248,248,74,26,185,184,1,66,64,2,251,248,99,1,3,3,7,251,43,108,27,116,0,0,50,Unavailable,Unavailable,Unavailable,Unavailable,24,Unavailable,Unavailable,Unavailable,74,Unavailable,Unavailable,Unavailable,Unavailable
491622,Yeshiva Chemdas Hatorah,1,34,2,1,3,Yeshiva Chemdas Hatorah,NJ,21,1,2,,,,47,,0,0,38,38,0,,2,27,67,71,0,18,18,3,28,21,,,Unavailable,,,Unavailable,,,,12000,12000,Unavailable,Unavailable,Unavailable,Unavailable,#VALUE!,Unavailable,79,79,0,,,,79,79,100,Unavailable,,3,2,79,Unavailable,,,79,,15,13,Unavailable,0,37,17,#VALUE!,Unavailable,24,Unavailable,Unavailable,Unavailable,Unavailable,Unavailable,Unavailable
156189,Alice Lloyd College,1,21,2,1,2,Alice Lloyd College,KY,43,1,2,,,,58,,0,0,30,30,23,,24,21,39,26,18,26,26,5,1871,1601,2,80,82,,,Unavailable,18,17,17,12000,12000,Unavailable,553,517,517,97,3,539,507,32,14,10,4,553,517,93,7,36,5,24,528,Unavailable,,,528,0,170,14,Unavailable,14,40,15,#VALUE!,#VALUE!,20,Unavailable,97,Unavailable,#VALUE!,Unavailable,Unavailable
262086,University of Massachusetts Global,1,6,1,1,2,University of Massachusetts Global,CA,11,3,1,0,100,0,24,31715,344,6,0,0,0,87,958,,0,0,,,,,,,,,Unavailable,,,Unavailable,,,,12000,12000,12000,5510,1998,1998,23,77,1257,398,859,4253,1600,2653,5511,1998,36,64,3513,20,958,4902,100,4883,19,0,62,52,28,35,0,Unavailable,12,80,Unavailable,8,Unavailable,23,Unavailable,Unavailable,Unavailable,Unavailable
489779,Purdue University Global,1,18,1,1,2,Purdue University Global,IN,13,5,1,0,40,60,48,9494,3252,10,30,30,27,245,4936,,55,48,50,50,50,,,,,,Unavailable,,,Unavailable,,,,10080,13356,12046,31791,5514,5514,22,78,6837,1067,5770,24954,4447,20507,31791,5514,17,83,26277,16,4936,31502,100,31372,130,0,617,4,25,29,16,Unavailable,21,86,Unavailable,24,Unavailable,22,Unavailable,Unavailable,Unavailable,Unavailable
450571,Rasmussen University-Wisconsin,1,55,3,1,3,Rasmussen University-Wisconsin,WI,12,1,3,,,,57,,9,6,0,0,0,11,28,,50,63,,,,,,,,,Unavailable,,,Unavailable,,,,12058,12058,Unavailable,154,79,79,36,64,55,30,25,99,49,50,154,79,51,49,75,18,28,154,27,42,96,16,0,1,6,Unavailable,0,Unavailable,11,49,Unavailable,7,Unavailable,36,Unavailable,Unavailable,Unavailable,Unavailable
132842,Albizu University-Miami,1,12,2,1,2,Albizu University-Miami,FL,13,1,2,,,,52,,2,1,0,0,0,2,44,58,67,60,60,60,60,3,39,39,,,Unavailable,,,Unavailable,,,,12084,12084,Unavailable,226,116,116,22,78,50,28,22,176,88,88,226,116,51,49,110,20,44,225,65,146,65,14,7,3,13,Unavailable,0,55,12,65,Unavailable,8,Unavailable,22,Unavailable,Unavailable,Unavailable,Unavailable
218733,South Carolina State University,1,45,1,1,2,South Carolina State University,SC,32,2,1,0,76,24,69,17928,31,1,32,30,14,55,126,29,30,29,14,25,29,3,9830,8034,,,Unavailable,,,Unavailable,,,,9528,20218,12094,2762,2562,2562,95,5,2635,2488,147,127,74,53,2762,2562,93,7,200,5,126,2757,2,44,1626,1087,85,817,19,47,8,49,15,4,Unavailable,21,Unavailable,95,Unavailable,Unavailable,Unavailable,Unavailable
126827,Colorado Technical University-Colorado Springs,1,8,3,1,2,Colorado Technical University-Colorado Springs,CO,11,5,3,,,,69,,1075,4,20,20,16,112,5079,12,18,18,11,12,13,,,,,,Unavailable,,,Unavailable,,,,12100,12100,Unavailable,25837,15391,15391,12,88,3128,1773,1355,22709,13618,9091,26114,15668,60,40,10446,20,5079,25932,99,25666,257,9,296,391,29,Unavailable,10,41,20,77,Unavailable,20,Unavailable,12,Unavailable,Unavailable,Unavailable,Unavailable
102298,Talladega College,1,1,2,1,2,Talladega College,AL,32,1,2,,,,76,,6,1,26,25,20,,56,77,0,65,59,59,65,3,8900,8833,,,Unavailable,,,Unavailable,,,,12130,12130,Unavailable,765,719,719,75,25,574,571,3,191,148,43,782,736,94,6,46,7,56,782,18,138,515,129,4,113,19,Unavailable,12,77,14,17,Unavailable,18,Unavailable,75,Unavailable,Unavailable,Unavailable,Unavailable
110219,Bryan University,1,4,3,1,3,Bryan University,AZ,12,2,3,,,,75,,134,6,27,27,27,198,61,12,18,24,15,15,15,,,,,,Unavailable,,,Unavailable,,,,12143,12143,Unavailable,2094,2094,2094,16,84,344,344,0,1750,1750,0,2094,2094,100,Unavailable,,3,61,2083,100,2083,0,0,,0,25,Unavailable,16,44,13,#VALUE!,Unavailable,17,Unavailable,16,Unavailable,Unavailable,Unavailable,Unavailable
200332,North Dakota State University-Main Campus,1,38,1,1,2,North Dakota State University-Main Campus,ND,12,4,1,0,38,62,19,16461,157,2,66,65,41,121,481,53,68,64,45,61,64,5,7331,7024,1,4,5,,,Unavailable,22,20,20,9309,13963,12194,9791,8797,8797,94,6,9225,8489,736,566,308,258,9791,8797,90,10,994,5,481,9567,5,513,5591,3463,28,2485,18,17,25,36,29,7,#VALUE!,42,Unavailable,94,Unavailable,Unavailable,Unavailable,Unavailable
213598,Lincoln University,1,42,1,1,2,Lincoln University,PA,21,2,1,0,44,56,67,12910,18,1,50,49,32,15,53,45,73,52,39,49,52,5,5987,4692,14,1,15,490,480,970,22,19,20,8900,14852,12233,1717,1609,1609,95,5,1633,1578,55,84,31,53,1717,1609,94,6,108,3,53,1712,0,0,0,1712,4,397,13,38,19,56,21,4,9,31,Unavailable,95,9,Unavailable,Unavailable,Unavailable
461795,North American University,1,48,2,1,2,North American University,TX,21,1,2,,,,51,,1,0,29,29,25,17,88,31,21,27,22,27,27,,,,,,Unavailable,,,Unavailable,,,,12236,12236,Unavailable,573,526,526,82,18,469,442,27,104,84,20,573,526,92,8,47,15,88,573,0,0,372,201,4,150,15,Unavailable,15,41,21,10,Unavailable,24,Unavailable,82,Unavailable,Unavailable,Unavailable,Unavailable
154022,Ashford University,1,6,3,1,2,Ashford University,CA,11,5,3,,,,32,,1798,7,10,9,1,348,2254,9,7,9,2,6,8,,,,,,Unavailable,,,Unavailable,,,,12240,12240,Unavailable,24949,24949,24949,14,86,3405,3405,0,21544,21544,0,24949,24949,100,Unavailable,,9,2254,23734,100,23734,0,0,,620,16,Unavailable,1,21,9,#VALUE!,Unavailable,10,Unavailable,14,Unavailable,Unavailable,Unavailable,Unavailable
475839,Sessions College for Professional Design,1,4,3,1,3,Sessions College for Professional Design,AZ,12,1,3,,,,33,,20,13,,,,9,55,,100,50,,,,,,,,,Unavailable,,,Unavailable,,,,12240,12240,Unavailable,154,56,56,29,71,44,19,25,110,37,73,154,56,36,64,98,36,55,152,100,152,,,2,3,11,Unavailable,Unavailable,Unavailable,Unavailable,78,Unavailable,Unavailable,Unavailable,29,Unavailable,Unavailable,Unavailable,Unavailable
480569,Florida Institute of Technology-Online,2,12,2,1,2,Florida Institute of Technology-Online,FL,13,2,2,,,,49,,111,18,,,,,63,,,,,,,5,189,84,9,3,12,,,Unavailable,,,,12240,12240,Unavailable,629,368,368,25,75,158,108,50,471,260,211,629,368,59,41,261,10,63,628,100,628,,,2,18,13,Unavailable,Unavailable,Unavailable,Unavailable,72,Unavailable,Unavailable,Unavailable,25,Unavailable,Unavailable,Unavailable,Unavailable
177065,Columbia College,1,29,2,1,2,Columbia College,MO,12,3,2,,,,46,,1021,18,28,27,19,31,897,36,54,46,30,40,42,,,,,,Unavailable,,,Unavailable,,,,12268,12268,Unavailable,5633,2382,2382,35,65,1965,1190,775,3668,1192,2476,5633,2382,42,58,3251,17,897,5359,67,3569,652,1138,124,227,20,Unavailable,11,41,21,63,Unavailable,23,Unavailable,35,Unavailable,Unavailable,Unavailable,Unavailable
131113,Wilmington University,1,10,2,1,2,Wilmington University,DE,21,4,2,,,,27,,192,2,27,25,10,141,1392,23,20,23,12,19,23,,,,,,Unavailable,,,Unavailable,,,,12270,12270,Unavailable,9353,3032,3032,38,62,3595,1530,2065,5758,1502,4256,9355,3032,32,68,6323,16,1392,8497,87,7416,853,228,415,225,12,Unavailable,6,25,20,71,Unavailable,23,Unavailable,38,Unavailable,Unavailable,Unavailable,Unavailable
476717,Be'er Yaakov Talmudic Seminary,1,36,2,1,2,Be'er Yaakov Talmudic Seminary,NY,21,1,2,,,,89,,0,0,57,57,0,8,0,58,14,53,0,53,53,,,,,,Unavailable,,,Unavailable,,,,12300,12300,Unavailable,Unavailable,Unavailable,Unavailable,#VALUE!,Unavailable,679,679,0,,,,679,679,100,Unavailable,,0,,679,Unavailable,,,679,,193,17,Unavailable,0,74,23,#VALUE!,Unavailable,34,Unavailable,Unavailable,Unavailable,Unavailable,Unavailable,Unavailable
491057,Yeshiva Kollel Tifereth Elizer,1,36,2,1,2,Yeshiva Kollel Tifereth Elizer,NY,11,1,2,,,,89,,0,0,7,7,7,,194,75,100,86,86,86,86,3,20,15,,,Unavailable,,,Unavailable,,,,12300,12300,Unavailable,373,373,373,95,5,356,356,0,17,17,0,373,373,100,Unavailable,,52,194,373,Unavailable,,,373,,26,29,Unavailable,4,82,34,#VALUE!,Unavailable,25,Unavailable,95,Unavailable,Unavailable,Unavailable,Unavailable
200785,Herzing University-Akron,1,39,2,1,3,Herzing University-Akron,OH,21,1,2,,,,78,,6,2,0,0,0,8,9,17,,21,14,14,14,3,134,126,,,Unavailable,,,Unavailable,,,,12360,12360,Unavailable,381,169,169,28,72,105,44,61,276,125,151,381,169,44,56,212,2,9,378,44,168,144,66,1,2,13,Unavailable,0,48,1,59,Unavailable,1,Unavailable,28,Unavailable,Unavailable,Unavailable,Unavailable
140340,Herzing University-Atlanta,1,13,2,1,3,Herzing University-Atlanta,GA,11,1,2,,,,68,,42,8,19,19,14,5,18,25,67,29,23,31,31,3,68,64,,,Unavailable,,,Unavailable,,,,12360,12360,Unavailable,499,267,267,28,72,138,82,56,361,185,176,499,267,54,46,232,4,18,499,54,271,201,27,3,10,14,Unavailable,8,47,10,59,Unavailable,13,Unavailable,28,Unavailable,Unavailable,Unavailable,Unavailable
101365,Herzing University-Birmingham,1,1,2,1,3,Herzing University-Birmingham,AL,21,1,2,,,,64,,31,7,,,,11,32,0,,25,0,0,0,3,127,120,,,Unavailable,,,Unavailable,,,,12360,12360,Unavailable,446,169,169,20,80,91,27,64,355,142,213,446,169,38,62,277,7,32,445,37,164,112,169,0,0,14,Unavailable,Unavailable,32,Unavailable,62,Unavailable,Unavailable,Unavailable,20,Unavailable,Unavailable,Unavailable,Unavailable
459851,Herzing University-Brookfield,1,55,2,1,3,Herzing University-Brookfield,WI,21,1,2,,,,61,,11,3,40,40,40,6,27,50,0,40,33,33,33,3,76,69,,,Unavailable,,,Unavailable,,,,12360,12360,Unavailable,379,181,181,22,78,84,43,41,295,138,157,379,181,48,52,198,7,27,378,43,163,202,13,4,6,14,Unavailable,24,56,20,60,Unavailable,27,Unavailable,22,Unavailable,Unavailable,Unavailable,Unavailable
459842,Herzing University-Kenosha,1,55,2,1,2,Herzing University-Kenosha,WI,13,1,2,,,,62,,27,5,44,44,33,12,26,43,0,50,27,45,45,3,66,59,,,Unavailable,,,Unavailable,,,,12360,12360,Unavailable,543,210,210,23,77,124,54,70,419,156,263,543,210,39,61,333,5,26,543,36,197,326,20,13,13,16,Unavailable,20,53,20,60,Unavailable,28,Unavailable,23,Unavailable,Unavailable,Unavailable,Unavailable
240392,Herzing University-Madison,1,55,2,1,2,Herzing University-Madison,WI,11,2,2,,,,68,,108,5,27,27,22,213,94,0,20,28,8,8,8,3,513,483,,,Unavailable,,,Unavailable,,,,12360,12360,Unavailable,2181,837,837,20,80,442,166,276,1739,671,1068,2181,837,38,62,1344,4,94,2105,87,1832,264,9,20,29,19,Unavailable,13,34,13,76,Unavailable,18,Unavailable,20,Unavailable,Unavailable,Unavailable,Unavailable
174154,Herzing University-Minneapolis,1,27,2,1,2,Herzing University-Minneapolis,MN,13,1,2,,,,52,,24,3,50,50,50,6,34,36,100,74,33,40,40,3,178,167,,,Unavailable,,,Unavailable,,,,12360,12360,Unavailable,748,342,342,40,60,300,144,156,448,198,250,748,342,46,54,406,5,34,747,24,177,505,65,32,49,14,Unavailable,30,44,23,47,Unavailable,32,Unavailable,40,Unavailable,Unavailable,Unavailable,Unavailable
499149,Herzing University-Nashville,1,47,2,1,3,Herzing University-Nashville,TN,11,1,2,,,,,,,Unavailable,,,,4,11,,,,,,,3,34,31,,,Unavailable,,,Unavailable,,,,12360,12360,Unavailable,75,36,36,21,79,16,10,6,59,26,33,75,36,48,52,39,15,11,75,99,74,1,0,0,0,15,Unavailable,Unavailable,Unavailable,Unavailable,77,Unavailable,Unavailable,Unavailable,21,Unavailable,Unavailable,Unavailable,Unavailable
433536,Herzing University-New Orleans,1,22,2,1,2,Herzing University-New Orleans,LA,12,1,2,,,,72,,13,4,32,32,26,7,35,0,,29,0,0,0,3,46,41,,,Unavailable,,,Unavailable,,,,12360,12360,Unavailable,361,227,227,24,76,87,51,36,274,176,98,361,227,63,37,134,10,35,361,65,234,85,42,6,12,14,Unavailable,16,36,19,61,Unavailable,23,Unavailable,24,Unavailable,Unavailable,Unavailable,Unavailable
386472,Herzing University-Orlando,1,12,2,1,3,Herzing University-Orlando,FL,21,1,2,,,,60,,51,7,33,33,33,11,55,33,,45,25,25,25,3,139,125,,,Unavailable,,,Unavailable,,,,12360,12360,Unavailable,702,342,342,27,73,191,106,85,511,236,275,702,342,49,51,360,8,55,700,36,251,359,90,6,10,16,Unavailable,20,47,18,55,Unavailable,23,Unavailable,27,Unavailable,Unavailable,Unavailable,Unavailable
496973,Herzing University-Tampa,1,12,2,1,3,Herzing University-Tampa,FL,21,1,2,,,,49,,6,3,,,,3,33,,,,,,,3,46,40,,,Unavailable,,,Unavailable,,,,12360,12360,Unavailable,237,97,97,29,71,69,26,43,168,71,97,237,97,41,59,140,14,33,237,25,60,171,6,1,2,14,Unavailable,Unavailable,Unavailable,Unavailable,54,Unavailable,Unavailable,Unavailable,29,Unavailable,Unavailable,Unavailable,Unavailable
497480,Reach University,1,6,2,1,2,Reach University,CA,11,2,2,,,,61,,0,0,,,,,319,,,,,,,3,117,116,,,Unavailable,,,Unavailable,,,,12374,12374,Unavailable,1226,1158,1158,8,92,103,97,6,1123,1061,62,1226,1158,94,6,68,26,319,1226,100,1226,,,,39,37,Unavailable,Unavailable,Unavailable,Unavailable,68,Unavailable,Unavailable,Unavailable,8,Unavailable,Unavailable,Unavailable,Unavailable
493664,Yeshivat Hechal Shemuel,1,36,2,1,3,Yeshivat Hechal Shemuel,NY,11,1,2,,,,37,,0,0,33,0,0,,7,,80,80,0,40,60,3,3,3,,,Unavailable,,,Unavailable,,,,12380,12380,Unavailable,65,63,63,86,14,56,55,1,9,8,1,65,63,97,3,2,11,7,65,Unavailable,,,65,,8,21,Unavailable,0,Unavailable,6,#VALUE!,Unavailable,24,Unavailable,86,Unavailable,Unavailable,Unavailable,Unavailable
232423,James Madison University,1,51,1,1,2,James Madison University,VA,13,5,1,0,74,26,17,26317,483,2,82,82,65,113,733,78,83,81,67,80,81,5,35750,27258,19,3,22,630,610,1240,27,,,7914,25128,12390,21006,19492,19492,97,3,20388,19232,1156,618,260,358,21006,19492,93,7,1514,4,733,20497,2,483,5943,14071,4,4859,17,25,39,48,35,4,17,51,Unavailable,97,Unavailable,17,Unavailable,Unavailable
209807,Portland State University,1,41,1,1,2,Portland State University,OR,11,5,1,0,79,21,47,12509,374,2,57,54,29,78,1997,51,57,53,35,49,53,5,8877,8070,1,0,1,,,Unavailable,,,,8694,26334,12398,15960,10418,10418,67,33,10723,7444,3279,5237,2974,2263,15960,10418,65,35,5542,15,1997,13619,21,2907,6393,4319,115,1519,16,39,17,49,30,30,Unavailable,40,Unavailable,67,Unavailable,Unavailable,Unavailable,Unavailable
486196,Beth Medrash Meor Yitzchok,1,36,2,1,3,Beth Medrash Meor Yitzchok,NY,21,1,2,,,,53,,0,0,0,0,0,,5,0,89,49,0,5,5,3,165,86,,,Unavailable,,,Unavailable,,,,12400,12400,Unavailable,222,222,222,100,0,221,221,0,1,1,0,222,222,100,Unavailable,,2,5,222,Unavailable,,,222,,84,22,Unavailable,0,27,1,#VALUE!,Unavailable,1,Unavailable,100,Unavailable,Unavailable,Unavailable,Unavailable
199643,Shaw University,1,37,2,1,2,Shaw University,NC,11,1,2,,,,66,,14,2,18,16,9,41,73,20,37,20,12,17,20,3,10699,3261,,,Unavailable,,,Unavailable,,,,12408,12408,Unavailable,838,752,752,86,14,719,685,34,119,67,52,843,756,90,10,87,9,73,839,14,118,409,312,7,193,11,Unavailable,5,43,12,13,Unavailable,14,Unavailable,86,Unavailable,Unavailable,Unavailable,Unavailable
384421,Rabbi Jacob Joseph School,1,34,2,1,2,Rabbi Jacob Joseph School,NJ,21,1,2,,,,18,,0,0,4,4,0,,1,11,0,4,0,0,4,3,31,28,,,Unavailable,,,Unavailable,,,,12450,12450,Unavailable,Unavailable,Unavailable,Unavailable,#VALUE!,Unavailable,96,96,0,,,,96,96,100,Unavailable,,1,1,96,Unavailable,,,96,,32,16,Unavailable,0,15,2,#VALUE!,Unavailable,3,Unavailable,Unavailable,Unavailable,Unavailable,Unavailable,Unavailable
151810,Martin University,1,18,2,1,2,Martin University,IN,11,1,2,,,,71,,1,1,25,25,0,2,10,29,,33,27,33,33,,,,,,Unavailable,,,Unavailable,,,,12460,12460,Unavailable,168,91,91,22,78,37,12,25,131,79,52,177,92,52,48,85,6,10,164,1,2,10,152,9,4,11,Unavailable,0,50,14,46,Unavailable,17,Unavailable,22,Unavailable,Unavailable,Unavailable,Unavailable
168847,Baker College,1,26,2,1,2,Baker College,MI,32,2,2,,,,45,,83,2,18,17,5,91,421,22,37,31,16,24,25,5,864,756,30,1,31,550,530,1080,,,,12460,12460,Unavailable,3572,1430,1430,53,47,1900,835,1065,1672,595,1077,3572,1430,40,60,2142,14,421,3026,57,1720,515,791,54,57,8,Unavailable,3,34,15,54,Unavailable,16,Unavailable,53,Unavailable,Unavailable,Unavailable,Unavailable
189413,Boricua College,1,36,2,1,2,Boricua College,NY,11,1,2,,,,85,,4,1,58,58,31,,46,27,40,71,26,26,26,,,,,,Unavailable,,,Unavailable,,,,12500,12500,Unavailable,401,401,401,2,98,8,8,0,393,393,0,401,401,100,Unavailable,,11,46,401,Unavailable,,,401,,47,20,Unavailable,19,56,30,#VALUE!,Unavailable,39,Unavailable,2,Unavailable,Unavailable,Unavailable,Unavailable
193052,Mesivta Torah Vodaath Rabbinical Seminary,1,36,2,1,2,Mesivta Torah Vodaath Rabbinical Seminary,NY,11,1,2,,,,54,,0,0,33,33,0,1,112,100,14,33,0,22,22,3,39,35,,,Unavailable,,,Unavailable,,,,12500,12500,Unavailable,337,337,337,81,19,273,273,0,64,64,0,337,337,100,Unavailable,,33,112,337,Unavailable,,,337,,27,28,Unavailable,0,77,33,#VALUE!,Unavailable,33,Unavailable,81,Unavailable,Unavailable,Unavailable,Unavailable
193247,Mirrer Yeshiva Cent Institute,1,36,2,1,3,Mirrer Yeshiva Cent Institute,NY,11,1,2,,,,37,,0,0,15,13,0,,5,12,93,64,0,4,4,3,45,35,,,Unavailable,,,Unavailable,,,,12500,12500,Unavailable,Unavailable,Unavailable,Unavailable,#VALUE!,Unavailable,102,102,0,,,,102,102,100,Unavailable,,5,5,102,Unavailable,,,102,,39,7,Unavailable,0,25,8,#VALUE!,Unavailable,11,Unavailable,Unavailable,Unavailable,Unavailable,Unavailable,Unavailable
229887,Wiley University,1,48,2,1,2,Wiley University,TX,32,1,2,,,,77,,4,1,28,27,13,20,68,22,19,20,14,17,20,,,,,,Unavailable,,,Unavailable,,,,12500,12500,Unavailable,636,614,614,87,13,551,536,15,85,78,7,636,614,97,3,22,11,68,636,15,95,541,0,4,240,18,Unavailable,8,50,17,11,Unavailable,21,Unavailable,87,Unavailable,Unavailable,Unavailable,Unavailable
481438,Yeshiva Yesodei Hatorah,1,34,2,1,2,Yeshiva Yesodei Hatorah,NJ,21,1,2,,,,39,,0,0,18,18,0,,3,17,5,7,7,7,7,3,23,23,,,Unavailable,,,Unavailable,,,,12500,12500,Unavailable,Unavailable,Unavailable,Unavailable,#VALUE!,Unavailable,72,72,0,,,,72,72,100,Unavailable,,4,3,72,Unavailable,,,72,,23,9,Unavailable,0,28,10,#VALUE!,Unavailable,12,Unavailable,Unavailable,Unavailable,Unavailable,Unavailable,Unavailable
217624,Allen University,1,45,2,1,2,Allen University,SC,12,1,2,,,,80,,5,1,23,23,9,17,56,12,0,13,7,10,13,3,3658,1175,,,Unavailable,,,Unavailable,,,,12540,12540,Unavailable,632,623,623,93,7,588,581,7,44,42,2,635,625,98,2,10,9,56,635,1,4,476,155,5,160,16,Unavailable,5,46,14,3,Unavailable,17,Unavailable,93,Unavailable,Unavailable,Unavailable,Unavailable
225575,Huston-Tillotson University,1,48,2,1,2,Huston-Tillotson University,TX,11,2,2,,,,63,,32,3,35,33,20,19,37,41,100,36,30,33,33,,,,,,Unavailable,,,Unavailable,,,,12569,12569,Unavailable,974,710,710,73,27,707,645,62,267,65,202,982,711,72,28,271,4,37,982,2,20,285,677,2,184,16,Unavailable,12,52,15,20,Unavailable,23,Unavailable,73,Unavailable,Unavailable,Unavailable,Unavailable
217420,Rhode Island College,1,44,1,1,2,Rhode Island College,RI,21,3,1,0,80,20,43,11549,79,2,50,46,21,74,592,40,52,46,23,40,46,5,4988,4045,11,0,11,510,500,1010,,,,9481,25014,12588,4785,4010,4010,78,22,3716,3381,335,1069,629,440,4785,4010,84,16,775,13,592,4630,3,155,1026,3449,20,653,14,37,13,42,26,15,Unavailable,35,Unavailable,78,Unavailable,Unavailable,Unavailable,Unavailable
233408,Riverside College of Health Careers,1,51,2,1,3,Riverside College of Health Careers,VA,12,1,2,,,,48,,26,8,,,,,0,,63,63,,,,3,30,5,,,Unavailable,,,Unavailable,,,,12596,12596,Unavailable,325,261,261,43,57,141,122,19,184,139,45,325,261,80,20,64,0,,325,18,58,75,192,,0,12,Unavailable,Unavailable,Unavailable,Unavailable,34,Unavailable,Unavailable,Unavailable,43,Unavailable,Unavailable,Unavailable,Unavailable
202435,Davis College,1,39,3,1,3,Davis College,OH,11,1,3,,,,56,,3,3,,,,7,17,,0,8,,,,,,,,,Unavailable,,,Unavailable,,,,12600,12600,Unavailable,95,56,56,48,52,46,26,20,49,30,19,95,56,59,41,39,18,17,95,75,71,19,5,0,0,5,Unavailable,Unavailable,Unavailable,Unavailable,55,Unavailable,Unavailable,Unavailable,48,Unavailable,Unavailable,Unavailable,Unavailable
451398,Yeshiva Toras Chaim,1,34,2,1,2,Yeshiva Toras Chaim,NJ,21,1,2,,,,42,,0,0,15,13,0,,10,26,28,27,5,27,27,3,63,62,,,Unavailable,,,Unavailable,,,,12600,12600,Unavailable,Unavailable,Unavailable,Unavailable,#VALUE!,Unavailable,225,225,0,,,,225,225,100,Unavailable,,4,10,225,Unavailable,,,225,,58,23,Unavailable,0,34,8,#VALUE!,Unavailable,11,Unavailable,Unavailable,Unavailable,Unavailable,Unavailable,Unavailable
377564,University of Washington-Tacoma Campus,1,53,1,1,2,University of Washington-Tacoma Campus,WA,12,2,1,0,96,4,40,11290,283,7,59,58,45,5,686,62,64,62,51,60,62,3,3161,2622,,,Unavailable,,,Unavailable,,,,11524,40878,12698,4014,3546,3546,77,23,3088,2795,293,926,751,175,4014,3546,88,12,468,17,686,3989,5,203,1502,2284,29,596,15,40,27,51,34,14,Unavailable,42,Unavailable,77,Unavailable,Unavailable,Unavailable,Unavailable
377555,University of Washington-Bothell Campus,1,53,1,1,2,University of Washington-Bothell Campus,WA,21,3,1,0,96,4,29,10013,132,3,68,66,46,3,540,69,68,68,50,65,68,5,4776,4383,4,1,5,650,710,1360,33,34,32,11524,40878,12698,5248,4512,4512,87,13,4576,4059,517,672,453,219,5248,4512,86,14,736,10,540,5228,2,99,1149,3980,33,947,21,36,28,49,33,10,4,45,Unavailable,87,3,Unavailable,Unavailable,Unavailable
197647,Yeshiva Derech Chaim,1,36,2,1,2,Yeshiva Derech Chaim,NY,11,1,2,,,,40,,0,0,18,18,0,,10,11,23,18,0,18,18,3,47,33,,,Unavailable,,,Unavailable,,,,12700,12700,Unavailable,119,115,115,93,7,111,107,4,8,8,0,119,115,97,3,4,8,10,119,Unavailable,,,119,0,27,11,Unavailable,0,26,12,#VALUE!,Unavailable,14,Unavailable,93,Unavailable,Unavailable,Unavailable,Unavailable
140720,Paine College,1,13,2,1,2,Paine College,GA,12,1,2,,,,74,,11,3,10,8,5,25,30,21,0,22,6,16,22,3,2253,1878,,,Unavailable,,,Unavailable,,,,12706,12706,Unavailable,343,303,303,85,15,291,261,30,52,42,10,344,304,88,12,40,9,30,338,10,33,217,88,6,84,11,Unavailable,3,48,9,12,Unavailable,10,Unavailable,85,Unavailable,Unavailable,Unavailable,Unavailable
217606,Northpoint Bible College,1,25,2,1,2,Northpoint Bible College,MA,21,1,2,,,,64,,4,4,53,53,45,6,5,47,44,51,43,46,46,,,,,,Unavailable,,,Unavailable,,,,12750,12750,Unavailable,91,67,67,56,44,51,49,2,40,18,22,92,67,73,27,25,6,5,89,36,32,11,46,7,27,9,Unavailable,27,56,25,37,Unavailable,34,Unavailable,56,Unavailable,Unavailable,Unavailable,Unavailable
438586,American InterContinental University-Atlanta,1,13,3,1,2,American InterContinental University-Atlanta,GA,12,1,3,,,,83,,61,9,25,25,25,1,71,8,33,21,11,11,11,,,,,,Unavailable,,,Unavailable,,,,12756,12756,Unavailable,670,566,566,13,87,88,65,23,582,501,81,670,566,84,16,104,11,71,670,88,591,46,33,11,26,8,Unavailable,15,46,16,66,Unavailable,19,Unavailable,13,Unavailable,Unavailable,Unavailable,Unavailable
483780,Washington University of Science and Technology,1,51,3,1,2,Washington University of Science and Technology,VA,21,2,3,,,,0,,0,0,28,28,28,1,45,100,50,55,0,55,55,3,174,20,,,Unavailable,,,Unavailable,,,,12758,12758,Unavailable,301,285,285,74,26,222,211,11,79,74,5,302,286,95,5,16,15,45,302,11,34,267,1,1,57,16,Unavailable,17,50,20,15,Unavailable,23,Unavailable,74,Unavailable,Unavailable,Unavailable,Unavailable
237996,West Virginia Junior College-Morgantown,1,54,3,1,3,West Virginia Junior College-Morgantown,WV,13,1,3,,,,68,,21,4,,,,,209,,100,59,,,,,,,,,Unavailable,,,Unavailable,,,,12767,12767,Unavailable,584,584,584,37,63,214,214,0,370,370,0,584,584,100,Unavailable,,36,209,584,84,489,69,26,,0,17,Unavailable,Unavailable,Unavailable,Unavailable,#VALUE!,Unavailable,Unavailable,Unavailable,37,Unavailable,Unavailable,Unavailable,Unavailable
147369,Moody Bible Institute,1,17,2,1,2,Moody Bible Institute,IL,11,2,2,,,,33,,20,1,58,53,42,,224,51,69,62,40,57,63,3,244,238,,,Unavailable,,,Unavailable,,,,12768,12768,Unavailable,1618,1270,1270,73,27,1174,1055,119,444,215,229,1624,1270,78,22,354,14,224,1586,23,370,160,1056,10,137,18,Unavailable,25,42,30,25,Unavailable,40,Unavailable,73,Unavailable,Unavailable,Unavailable,Unavailable
247065,Beckfield College-Florence,1,21,3,1,3,Beckfield College-Florence,KY,21,1,3,,,,57,,10,2,0,0,0,,63,0,0,30,0,0,0,,,,,,Unavailable,,,Unavailable,,,,12780,12780,Unavailable,612,308,308,28,72,170,87,83,442,221,221,612,308,50,50,304,10,63,612,15,90,512,10,0,0,18,Unavailable,0,29,6,48,Unavailable,4,Unavailable,28,Unavailable,Unavailable,Unavailable,Unavailable
192165,Kehilath Yakov Rabbinical Seminary,1,36,2,1,2,Kehilath Yakov Rabbinical Seminary,NY,41,1,2,,,,87,,0,0,57,57,0,,0,52,0,47,0,0,47,,,,,,Unavailable,,,Unavailable,,,,12800,12800,Unavailable,Unavailable,Unavailable,Unavailable,#VALUE!,Unavailable,206,206,0,,,,206,206,100,Unavailable,,0,,206,Unavailable,,,206,,51,15,Unavailable,0,70,23,#VALUE!,Unavailable,34,Unavailable,Unavailable,Unavailable,Unavailable,Unavailable,Unavailable
105330,Northern Arizona University,1,4,1,1,2,Northern Arizona University,AZ,13,5,1,0,73,27,30,16544,497,2,60,59,45,93,1718,50,64,57,45,55,57,3,37805,34383,,,Unavailable,,,Unavailable,,,,11015,17792,12845,23128,20092,20092,87,13,20184,18707,1477,2944,1385,1559,23128,20092,87,13,3036,7,1718,23041,12,2855,8909,11277,137,5433,19,30,27,40,28,13,Unavailable,39,Unavailable,87,Unavailable,Unavailable,Unavailable,Unavailable
148876,St. Augustine College,1,17,2,1,3,St. Augustine College,IL,11,1,2,,,,74,,2,0,9,9,3,36,3,0,10,28,0,6,6,,,,,,Unavailable,,,Unavailable,,,,12888,12888,Unavailable,774,478,478,24,76,182,122,60,592,356,236,774,478,62,38,296,0,3,749,Unavailable,,,749,24,61,12,Unavailable,2,37,4,#VALUE!,Unavailable,6,Unavailable,24,Unavailable,Unavailable,Unavailable,Unavailable
178767,Stevens-The Institute of Business & Arts,1,29,3,1,3,Stevens-The Institute of Business & Arts,MO,11,1,3,,,,77,,5,5,100,100,100,,2,100,0,80,100,100,100,5,7,5,0,0,0,,,Unavailable,,,,12968,12968,Unavailable,95,51,51,37,63,35,23,12,60,28,32,95,51,54,46,44,2,2,95,0,0,44,51,0,0,7,Unavailable,60,89,41,39,Unavailable,61,Unavailable,37,Unavailable,Unavailable,Unavailable,Unavailable
186186,Rabbinical College of America,1,34,2,1,2,Rabbinical College of America,NJ,21,1,2,,,,39,,0,0,12,12,2,,51,29,11,18,3,17,18,3,70,61,,,Unavailable,,,Unavailable,,,,13000,13000,Unavailable,195,195,195,99,1,193,193,0,2,2,0,197,197,100,Unavailable,,26,51,197,Unavailable,,,197,,59,12,Unavailable,1,34,20,#VALUE!,Unavailable,18,Unavailable,99,Unavailable,Unavailable,Unavailable,Unavailable
441609,Yeshiva Shaarei Torah of Rockland,1,36,2,1,2,Yeshiva Shaarei Torah of Rockland,NY,21,1,2,,,,31,,0,0,,,,,32,,,,,,,3,49,17,,,Unavailable,,,Unavailable,,,,13000,13000,Unavailable,141,141,141,84,16,118,118,0,23,23,0,141,141,100,Unavailable,,23,32,141,Unavailable,,,141,,10,11,Unavailable,Unavailable,Unavailable,Unavailable,#VALUE!,Unavailable,Unavailable,Unavailable,84,Unavailable,Unavailable,Unavailable,Unavailable
161554,University of Southern Maine,1,23,1,1,2,University of Southern Maine,ME,13,3,1,0,71,29,34,12006,116,2,37,34,20,62,457,43,51,46,3,32,46,1,5823,4618,12,1,13,560,560,1120,25,19,25,8316,24500,13009,5520,3404,3404,80,20,4428,2900,1528,1092,504,588,5520,3404,62,38,2116,11,457,4245,14,579,2338,1328,22,729,14,31,12,39,20,24,9,27,Unavailable,80,8,Unavailable,Unavailable,Unavailable
456481,Polytechnic University of Puerto Rico-Miami,1,12,2,1,2,Polytechnic University of Puerto Rico-Miami,FL,13,1,2,,,,71,,0,0,,,,3,0,0,,0,0,0,0,,,,,,Unavailable,,,Unavailable,,,,13032,13032,Unavailable,29,0,0,10,90,3,0,3,26,0,26,29,,Unavailable,100,29,0,,29,100,29,0,0,0,0,3,Unavailable,Unavailable,36,Unavailable,96,Unavailable,Unavailable,Unavailable,10,Unavailable,Unavailable,Unavailable,Unavailable
214582,Pennsylvania Institute of Technology,1,42,2,1,3,Pennsylvania Institute of Technology,PA,21,1,2,,,,78,,7,1,,,,,49,,18,33,,,,,,,,,Unavailable,,,Unavailable,,,,13095,13095,Unavailable,661,335,335,33,67,220,114,106,441,221,220,662,336,51,49,326,7,49,661,9,57,448,156,0,0,14,Unavailable,Unavailable,Unavailable,Unavailable,44,Unavailable,Unavailable,Unavailable,33,Unavailable,Unavailable,Unavailable,Unavailable
476601,Bais HaMedrash and Mesivta of Baltimore,1,24,2,1,2,Bais HaMedrash and Mesivta of Baltimore,MD,21,1,2,,,,47,,0,0,55,55,55,,0,23,0,12,12,12,12,3,27,27,,,Unavailable,,,Unavailable,,,,13100,13100,Unavailable,Unavailable,Unavailable,Unavailable,#VALUE!,Unavailable,91,91,0,,,,91,91,100,Unavailable,,0,,91,Unavailable,,,91,,25,14,Unavailable,33,35,22,#VALUE!,Unavailable,33,Unavailable,Unavailable,Unavailable,Unavailable,Unavailable,Unavailable
164614,Boston Baptist College,1,25,2,1,2,Boston Baptist College,MA,11,1,2,,,,58,,2,6,80,80,60,,4,20,33,44,13,13,25,5,14,14,0,33,33,,,Unavailable,,,,13104,13104,Unavailable,33,23,23,61,39,20,18,2,13,5,8,33,23,70,30,10,13,4,31,0,0,0,31,0,5,4,Unavailable,36,39,40,25,Unavailable,53,Unavailable,61,Unavailable,Unavailable,Unavailable,Unavailable
480657,Rasmussen University-Kansas,1,20,3,1,3,Rasmussen University-Kansas,KS,12,1,3,,,,57,,27,8,,,,7,97,,50,50,,,,,,,,,Unavailable,,,Unavailable,,,,13137,13137,Unavailable,333,185,185,21,79,70,36,34,263,149,114,333,185,56,44,148,29,97,333,38,128,159,46,0,0,11,Unavailable,Unavailable,Unavailable,Unavailable,56,Unavailable,Unavailable,Unavailable,21,Unavailable,Unavailable,Unavailable,Unavailable
202134,Cleveland State University,1,39,1,1,2,Cleveland State University,OH,11,4,1,0,87,13,40,16307,143,2,52,51,33,101,874,39,59,49,33,45,49,5,10274,9810,0,33,33,,,Unavailable,18,17,17,12503,17863,13200,9461,7537,7537,81,19,7694,6788,906,1767,749,1018,9463,7537,80,20,1926,10,874,9077,9,791,4035,4251,25,1701,16,38,20,40,26,16,#VALUE!,35,Unavailable,81,Unavailable,#VALUE!,Unavailable,Unavailable
451404,Talmudical Seminary of Bobov,1,36,2,1,2,Talmudical Seminary of Bobov,NY,11,1,2,,,,95,,0,0,30,30,0,,24,44,0,43,0,43,43,3,207,203,,,Unavailable,,,Unavailable,,,,13200,13200,Unavailable,Unavailable,Unavailable,Unavailable,#VALUE!,Unavailable,515,515,0,,,,515,515,100,Unavailable,,5,24,515,Unavailable,,,515,,152,10,Unavailable,0,70,15,#VALUE!,Unavailable,20,Unavailable,Unavailable,Unavailable,Unavailable,Unavailable,Unavailable
456490,Polytechnic University of Puerto Rico-Orlando,1,12,2,1,2,Polytechnic University of Puerto Rico-Orlando,FL,21,1,2,,,,59,,3,3,50,50,50,12,3,100,0,8,0,8,8,,,,,,Unavailable,,,Unavailable,,,,13212,13212,Unavailable,102,31,31,40,60,41,15,26,61,16,45,102,31,30,70,71,3,3,102,31,32,65,5,3,5,5,Unavailable,30,80,22,54,Unavailable,31,Unavailable,40,Unavailable,Unavailable,Unavailable,Unavailable
206491,Wilberforce University,1,39,2,1,2,Wilberforce University,OH,41,1,2,,,,74,,0,0,20,18,7,7,39,17,0,16,8,15,16,5,12661,6676,1,2,3,,,Unavailable,18,17,16,13222,13222,Unavailable,602,465,465,90,10,541,449,92,61,16,45,602,465,77,23,137,6,39,602,3,19,26,557,10,171,12,Unavailable,4,46,11,12,#VALUE!,15,Unavailable,90,Unavailable,Unavailable,Unavailable,Unavailable
456959,University of Minnesota-Rochester,1,27,1,1,2,University of Minnesota-Rochester,MN,12,1,1,0,100,0,36,13840,6,1,47,47,43,,31,69,55,57,53,57,57,5,1221,877,2,33,35,,,Unavailable,25,23,24,13256,13256,13256,588,547,547,94,6,555,522,33,33,25,8,588,547,93,7,41,5,31,568,3,16,154,398,3,190,13,39,26,53,22,5,#VALUE!,30,Unavailable,94,Unavailable,#VALUE!,Unavailable,Unavailable
119605,National University,1,6,2,1,2,National University,CA,11,4,2,,,,27,,3092,30,46,43,11,855,2147,33,50,50,60,60,60,,,,,,Unavailable,,,Unavailable,,,,13320,13320,Unavailable,10151,4039,4039,18,82,1848,651,1197,8303,3388,4915,10151,4039,40,60,6112,22,2147,9725,75,7263,340,2122,61,13,16,Unavailable,7,30,30,73,Unavailable,36,Unavailable,18,Unavailable,Unavailable,Unavailable,Unavailable
460349,Johnson & Wales University-Online,2,44,2,1,2,Johnson & Wales University-Online,RI,12,2,2,,,,36,,33,2,0,0,0,40,511,0,0,0,0,0,0,3,446,242,,,Unavailable,,,Unavailable,,,,13365,13365,Unavailable,1990,512,512,30,70,594,236,358,1396,276,1120,1990,512,26,74,1478,26,511,1980,100,1980,,,81,24,11,Unavailable,0,18,15,80,Unavailable,10,Unavailable,30,Unavailable,Unavailable,Unavailable,Unavailable
489937,Carolina University,1,37,2,1,2,Carolina University,NC,11,1,2,,,,46,,4,1,42,42,27,8,6,24,45,29,28,28,28,3,547,186,,,Unavailable,,,Unavailable,,,,13400,13400,Unavailable,424,369,369,81,19,345,324,21,79,45,34,424,369,87,13,55,1,6,424,27,115,306,3,6,78,15,Unavailable,16,35,18,19,Unavailable,26,Unavailable,81,Unavailable,Unavailable,Unavailable,Unavailable
475608,Criswell College,1,48,2,1,2,Criswell College,TX,11,1,2,,,,35,,2,2,43,43,43,30,17,25,86,57,14,43,57,3,24,22,,,Unavailable,,,Unavailable,,,,13440,13440,Unavailable,118,86,86,67,33,79,69,10,39,17,22,118,86,73,27,32,14,17,118,0,0,14,104,6,11,5,Unavailable,26,30,26,21,Unavailable,32,Unavailable,67,Unavailable,Unavailable,Unavailable,Unavailable
130989,Goldey-Beacom College,1,10,2,1,2,Goldey-Beacom College,DE,21,2,2,,,,39,,9,1,56,56,51,11,81,45,69,59,48,57,57,3,1291,988,,,Unavailable,,,Unavailable,,,,13440,13440,Unavailable,699,553,553,89,11,619,513,106,80,40,40,702,553,79,21,149,13,81,634,16,101,404,129,4,99,18,Unavailable,31,42,30,16,Unavailable,39,Unavailable,89,Unavailable,Unavailable,Unavailable,Unavailable
138309,Rasmussen University-Florida,1,12,3,1,3,Rasmussen University-Florida,FL,13,2,3,,,,55,,232,8,0,0,0,59,777,,42,51,,,,,,,,,Unavailable,,,Unavailable,,,,13452,13452,Unavailable,3034,1393,1393,34,66,1019,470,549,2015,923,1092,3034,1393,46,54,1641,26,777,3034,26,796,988,1250,0,3,9,Unavailable,0,Unavailable,15,51,Unavailable,10,Unavailable,34,Unavailable,Unavailable,Unavailable,Unavailable
174251,University of Minnesota-Morris,1,27,1,1,2,University of Minnesota-Morris,MN,33,2,1,0,75,25,32,9539,9,1,58,58,46,3,37,57,67,62,47,59,62,3,3477,2450,,,Unavailable,,,Unavailable,,,,12932,15082,13470,1020,948,948,96,4,978,926,52,42,22,20,1020,948,93,7,72,4,37,980,1,6,187,787,4,269,9,32,28,45,25,4,Unavailable,36,Unavailable,96,Unavailable,Unavailable,Unavailable,Unavailable
446127,ATA Career Education,1,12,3,1,3,ATA Career Education,FL,22,1,3,,,,92,,2,1,,,,3,13,,100,63,,,,,,,,,Unavailable,,,Unavailable,,,,13500,13500,Unavailable,226,226,226,25,75,57,57,0,169,169,0,226,226,100,Unavailable,,6,13,226,11,24,202,0,,1,17,Unavailable,Unavailable,Unavailable,Unavailable,#VALUE!,Unavailable,Unavailable,Unavailable,25,Unavailable,Unavailable,Unavailable,Unavailable
452373,ATA College-Cincinnati,1,39,3,1,3,ATA College-Cincinnati,OH,21,1,3,,,,84,,2,1,,,,3,16,,,71,,,,,,,,,Unavailable,,,Unavailable,,,,13500,13500,Unavailable,264,264,264,23,77,60,60,0,204,204,0,264,264,100,Unavailable,,6,16,264,3,7,257,0,,0,10,Unavailable,Unavailable,Unavailable,Unavailable,#VALUE!,Unavailable,Unavailable,Unavailable,23,Unavailable,Unavailable,Unavailable,Unavailable
436614,International Baptist College and Seminary,1,4,2,1,2,International Baptist College and Seminary,AZ,11,1,2,,,,31,,0,0,67,67,0,3,4,67,25,43,33,33,33,,,,,,Unavailable,,,Unavailable,,,,13500,13500,Unavailable,58,32,32,78,22,45,31,14,13,1,12,58,32,55,45,26,7,4,55,5,3,12,40,0,5,4,Unavailable,0,49,31,24,Unavailable,43,Unavailable,78,Unavailable,Unavailable,Unavailable,Unavailable
192624,Machzikei Hadath Rabbinical College,1,36,2,1,2,Machzikei Hadath Rabbinical College,NY,11,1,2,,,,84,,0,0,26,24,0,,14,23,42,28,0,21,28,3,40,38,,,Unavailable,,,Unavailable,,,,13500,13500,Unavailable,129,129,129,95,5,123,123,0,6,6,0,129,129,100,Unavailable,,11,14,129,Unavailable,,,129,,33,13,Unavailable,0,54,16,#VALUE!,Unavailable,20,Unavailable,95,Unavailable,Unavailable,Unavailable,Unavailable
236939,Washington State University,1,53,1,1,2,Washington State University,WA,32,5,1,0,84,16,26,18155,535,2,61,60,37,333,1955,53,67,62,43,58,62,3,26166,22335,,,Unavailable,,,Unavailable,,,,10976,27052,13548,21923,19321,19321,85,15,18660,17305,1355,3263,2016,1247,21923,19321,88,12,2602,9,1955,21583,14,3037,3306,15240,94,3897,15,31,22,40,29,14,Unavailable,40,Unavailable,85,Unavailable,Unavailable,Unavailable,Unavailable
193070,Mesivtha Tifereth Jerusalem of America,1,36,2,1,2,Mesivtha Tifereth Jerusalem of America,NY,11,1,2,,,,35,,0,0,11,11,0,,0,40,0,17,0,17,17,3,23,14,,,Unavailable,,,Unavailable,,,,13560,13560,Unavailable,45,45,45,98,2,44,44,0,1,1,0,45,45,100,Unavailable,,0,,45,0,0,0,45,,15,5,Unavailable,0,38,4,#VALUE!,Unavailable,7,Unavailable,98,Unavailable,Unavailable,Unavailable,Unavailable
135610,Trinity International University-Florida,1,12,2,1,2,Trinity International University-Florida,FL,21,1,2,,,,58,,5,7,,,,2,11,,,,,,,,,,,,Unavailable,,,Unavailable,,,,13560,13560,Unavailable,68,35,35,12,88,8,4,4,60,31,29,69,35,51,49,34,16,11,69,58,40,21,8,0,1,3,Unavailable,Unavailable,Unavailable,Unavailable,67,Unavailable,Unavailable,Unavailable,12,Unavailable,Unavailable,Unavailable,Unavailable
449870,University of the West,1,6,2,1,2,University of the West,CA,21,1,2,,,,44,,1,2,50,50,0,11,4,32,18,31,16,31,31,3,7,7,,,Unavailable,,,Unavailable,,,,13560,13560,Unavailable,53,47,47,81,19,43,40,3,10,7,3,53,47,89,11,6,10,4,41,5,2,6,33,,5,5,Unavailable,0,38,26,12,Unavailable,34,Unavailable,81,Unavailable,Unavailable,Unavailable,Unavailable
443340,Williamson Christian College,1,47,2,1,2,Williamson Christian College,TN,13,1,2,,,,39,,3,8,0,0,0,4,3,50,33,50,0,50,50,,,,,,Unavailable,,,Unavailable,,,,13560,13560,Unavailable,40,40,40,55,45,22,22,0,18,18,0,40,40,100,Unavailable,,8,3,40,10,4,36,0,,4,7,Unavailable,0,45,5,#VALUE!,Unavailable,3,Unavailable,55,Unavailable,Unavailable,Unavailable,Unavailable
123280,Shasta Bible College and Graduate School,1,6,2,1,2,Shasta Bible College and Graduate School,CA,13,1,2,,,,54,,0,0,0,0,0,,1,,0,33,0,0,0,3,2,2,,,Unavailable,,,Unavailable,,,,13600,13600,Unavailable,13,4,4,15,85,2,0,2,11,4,7,13,4,31,69,9,8,1,12,83,10,2,0,1,1,3,Unavailable,0,Unavailable,5,80,Unavailable,3,Unavailable,15,Unavailable,Unavailable,Unavailable,Unavailable
202912,Good Samaritan College of Nursing and Health Science,1,39,2,1,3,Good Samaritan College of Nursing and Health Science,OH,11,1,2,,,,43,,7,2,,,,11,148,,75,75,,,,5,189,32,0,0,0,,,Unavailable,,,,13605,13605,Unavailable,457,156,156,47,53,214,68,146,243,88,155,457,156,34,66,301,33,148,455,64,292,65,98,0,0,9,Unavailable,Unavailable,Unavailable,Unavailable,60,Unavailable,Unavailable,Unavailable,47,Unavailable,Unavailable,Unavailable,Unavailable
404338,Schiller International University,1,12,3,1,2,Schiller International University,FL,11,1,3,,,,11,,1,3,0,0,0,5,17,100,,50,50,50,50,,,,,,Unavailable,,,Unavailable,,,,13680,13680,Unavailable,35,35,35,63,37,22,22,0,13,13,0,35,35,100,Unavailable,,49,17,35,97,34,1,0,,2,10,Unavailable,0,56,29,#VALUE!,Unavailable,19,Unavailable,63,Unavailable,Unavailable,Unavailable,Unavailable
493716,Yeshiva Gedola Tiferes Yaakov Yitzchok,1,34,2,1,3,Yeshiva Gedola Tiferes Yaakov Yitzchok,NJ,21,1,2,,,,19,,0,0,29,24,18,,3,,83,83,33,33,33,3,40,20,,,Unavailable,,,Unavailable,,,,13700,13700,Unavailable,Unavailable,Unavailable,Unavailable,#VALUE!,Unavailable,69,69,0,,,,69,69,100,Unavailable,,4,3,69,Unavailable,,,69,,20,12,Unavailable,11,Unavailable,12,#VALUE!,Unavailable,19,Unavailable,Unavailable,Unavailable,Unavailable,Unavailable,Unavailable
450377,Strayer University-Alabama,1,1,3,1,2,Strayer University-Alabama,AL,12,2,3,,,,83,,13,1,,,,,285,,,,,,,,,,,,Unavailable,,,Unavailable,,,,13725,13725,Unavailable,1473,34,34,10,90,154,2,152,1319,32,1287,1473,34,2,98,1439,19,285,1473,100,1470,3,0,43,1,39,Unavailable,Unavailable,Unavailable,Unavailable,95,Unavailable,Unavailable,Unavailable,10,Unavailable,Unavailable,Unavailable,Unavailable
131803,Strayer University-District of Columbia,1,11,3,1,2,Strayer University-District of Columbia,DC,11,1,3,,,,71,,17,5,0,0,0,309,41,,0,0,0,0,0,,,,,,Unavailable,,,Unavailable,,,,13725,13725,Unavailable,310,25,25,8,92,25,3,22,285,22,263,310,25,8,92,285,13,41,309,99,306,3,0,9,0,39,Unavailable,0,Unavailable,8,94,Unavailable,5,Unavailable,8,Unavailable,Unavailable,Unavailable,Unavailable
449038,Strayer University-Florida,1,12,3,1,2,Strayer University-Florida,FL,21,2,3,,,,70,,104,8,14,14,14,,223,,0,0,0,0,0,,,,,,Unavailable,,,Unavailable,,,,13725,13725,Unavailable,1314,101,101,9,91,122,8,114,1192,93,1099,1314,101,8,92,1213,17,223,1314,100,1312,2,0,43,8,39,Unavailable,8,Unavailable,16,94,Unavailable,15,Unavailable,9,Unavailable,Unavailable,Unavailable,Unavailable
458919,Strayer University-Georgia,1,13,3,1,2,Strayer University-Georgia,GA,21,3,3,,,,78,,276,6,9,9,9,,882,33,20,23,25,25,25,,,,,,Unavailable,,,Unavailable,,,,13725,13725,Unavailable,4876,354,354,12,88,566,43,523,4310,311,3999,4878,354,7,93,4524,18,882,4878,100,4865,12,1,162,6,39,Unavailable,5,56,14,93,Unavailable,13,Unavailable,12,Unavailable,Unavailable,Unavailable,Unavailable
459994,Strayer University-Global Region,2,11,3,1,2,Strayer University-Global Region,DC,11,4,3,,,,53,,254,3,14,14,14,,1808,0,50,20,20,20,20,,,,,,Unavailable,,,Unavailable,,,,13725,13725,Unavailable,10093,466,466,11,89,1127,50,1077,8966,416,8550,10093,466,5,95,9627,18,1808,10087,100,10086,1,0,454,15,39,Unavailable,8,27,16,94,Unavailable,16,Unavailable,11,Unavailable,Unavailable,Unavailable,Unavailable
430184,Strayer University-Maryland,1,24,3,1,2,Strayer University-Maryland,MD,21,2,3,,,,60,,130,11,22,22,22,,128,,0,0,0,0,0,,,,,,Unavailable,,,Unavailable,,,,13725,13725,Unavailable,1177,119,119,9,91,103,7,96,1074,112,962,1177,119,10,90,1058,11,128,1177,99,1171,6,0,35,5,39,Unavailable,13,Unavailable,15,93,Unavailable,18,Unavailable,9,Unavailable,Unavailable,Unavailable,Unavailable
453163,Strayer University-North Carolina,1,37,3,1,2,Strayer University-North Carolina,NC,11,2,3,,,,80,,74,3,0,0,0,,461,0,25,17,0,0,0,,,,,,Unavailable,,,Unavailable,,,,13725,13725,Unavailable,2728,149,149,10,90,284,11,273,2444,138,2306,2728,149,5,95,2579,17,461,2728,100,2725,3,0,116,1,39,Unavailable,0,40,10,94,Unavailable,7,Unavailable,10,Unavailable,Unavailable,Unavailable,Unavailable
443784,Strayer University-Pennsylvania,1,42,3,1,2,Strayer University-Pennsylvania,PA,21,2,3,,,,68,,40,3,100,100,100,,212,,,,,,,,,,,,Unavailable,,,Unavailable,,,,13725,13725,Unavailable,1334,61,61,13,87,178,13,165,1156,48,1108,1334,61,5,95,1273,16,212,1334,99,1326,8,0,58,1,39,Unavailable,60,Unavailable,50,93,Unavailable,66,Unavailable,13,Unavailable,Unavailable,Unavailable,Unavailable
458964,Strayer University-South Carolina,1,45,3,1,2,Strayer University-South Carolina,SC,13,2,3,,,,79,,77,4,0,0,0,,313,0,0,0,0,0,0,,,,,,Unavailable,,,Unavailable,,,,13725,13725,Unavailable,1830,118,118,12,88,219,14,205,1611,104,1507,1830,118,6,94,1712,17,313,1830,100,1826,4,0,79,6,39,Unavailable,0,40,10,93,Unavailable,7,Unavailable,12,Unavailable,Unavailable,Unavailable,Unavailable
443766,Strayer University-Tennessee,1,47,3,1,2,Strayer University-Tennessee,TN,11,2,3,,,,86,,71,3,0,0,0,,406,,0,0,0,0,0,,,,,,Unavailable,,,Unavailable,,,,13725,13725,Unavailable,2670,83,83,12,88,320,4,316,2350,79,2271,2670,83,3,97,2587,15,406,2670,100,2668,2,0,182,5,39,Unavailable,0,Unavailable,9,94,Unavailable,6,Unavailable,12,Unavailable,Unavailable,Unavailable,Unavailable
458973,Strayer University-Texas,1,48,3,1,2,Strayer University-Texas,TX,21,2,3,,,,74,,173,7,17,17,17,,409,0,67,50,25,25,50,,,,,,Unavailable,,,Unavailable,,,,13725,13725,Unavailable,2397,176,176,9,91,217,13,204,2180,163,2017,2397,176,7,93,2221,17,409,2397,100,2389,7,1,99,5,39,Unavailable,10,37,17,94,Unavailable,17,Unavailable,9,Unavailable,Unavailable,Unavailable,Unavailable
233684,Strayer University-Virginia,1,51,3,1,2,Strayer University-Virginia,VA,12,2,3,,,,55,,399,20,27,23,18,,236,0,9,13,0,0,0,,,,,,Unavailable,,,Unavailable,,,,13725,13725,Unavailable,2010,332,332,10,90,206,32,174,1804,300,1504,2010,332,17,83,1678,12,236,2010,99,1985,24,1,48,2,39,Unavailable,11,28,16,91,Unavailable,21,Unavailable,10,Unavailable,Unavailable,Unavailable,Unavailable
106810,Crowley's Ridge College,1,5,2,1,2,Crowley's Ridge College,AR,41,1,2,,,,56,,0,0,29,29,0,3,16,27,29,26,17,33,33,,,,,,Unavailable,,,Unavailable,,,,13740,13740,Unavailable,162,159,159,95,5,154,152,2,8,7,1,225,161,72,28,64,10,16,162,4,6,136,20,,45,9,Unavailable,0,42,18,12,Unavailable,21,Unavailable,95,Unavailable,Unavailable,Unavailable,Unavailable
142115,Boise State University,1,16,1,1,2,Boise State University,ID,12,5,1,0,57,43,24,19037,549,2,56,53,31,433,1577,52,67,62,40,57,61,3,15949,13391,,,Unavailable,,,Unavailable,,,,5941,24135,13764,23491,13644,13644,85,15,19957,12313,7644,3534,1331,2203,23491,13644,58,42,9847,9,1577,17081,17,2932,8825,5324,108,3058,19,24,19,38,27,24,Unavailable,37,Unavailable,85,Unavailable,Unavailable,Unavailable,Unavailable
147536,National Louis University,1,17,2,1,2,National Louis University,IL,11,3,2,,,,60,,16,0,35,34,19,98,694,33,55,37,29,36,37,3,4145,3860,,,Unavailable,,,Unavailable,,,,13776,13776,Unavailable,4237,2718,2718,59,41,2518,1960,558,1719,758,961,4239,2718,64,36,1521,17,694,4100,53,2168,605,1327,25,498,17,Unavailable,11,47,24,43,Unavailable,28,Unavailable,59,Unavailable,Unavailable,Unavailable,Unavailable
171456,Northern Michigan University,1,26,1,1,2,Northern Michigan University,MI,33,3,1,0,79,21,28,17937,111,2,54,53,32,71,440,39,57,51,33,49,53,3,6922,4842,,,Unavailable,,,Unavailable,,,,12726,18348,13907,6584,5609,5609,86,14,5663,5267,396,921,342,579,6584,5609,85,15,975,7,440,6425,7,480,1500,4445,5,1097,18,31,19,34,25,12,Unavailable,35,Unavailable,86,Unavailable,Unavailable,Unavailable,Unavailable
210429,Western Oregon University,1,41,1,1,2,Western Oregon University,OR,31,2,1,0,75,25,40,15249,67,2,50,48,27,47,381,38,52,45,31,42,45,5,2898,2860,3,1,4,525,485,1010,23,23,18,9000,28710,13928,3249,2788,2788,83,17,2696,2435,261,553,353,200,3249,2788,86,14,461,12,381,3211,14,442,1886,883,25,537,13,35,16,39,26,15,3,35,Unavailable,83,2,Unavailable,Unavailable,Unavailable
234915,City University of Seattle,1,53,2,1,2,City University of Seattle,WA,11,2,2,,,,14,,72,6,,,,,86,0,18,17,0,0,0,,,,,,Unavailable,,,Unavailable,,,,13965,13965,Unavailable,1180,136,136,52,48,610,47,563,570,89,481,1180,136,12,88,1044,8,86,1091,85,922,68,101,18,1,9,Unavailable,Unavailable,7,Unavailable,71,Unavailable,Unavailable,Unavailable,52,Unavailable,Unavailable,Unavailable,Unavailable
170639,Lake Superior State University,1,26,1,1,2,Lake Superior State University,MI,33,2,1,0,100,0,33,14345,27,2,54,51,30,7,142,41,68,57,38,51,56,3,2473,1682,,,Unavailable,,,Unavailable,,,,13968,13968,13968,1669,1218,1218,88,12,1465,1108,357,204,110,94,1669,1218,73,27,451,10,142,1391,2,30,438,923,4,247,13,38,18,37,27,14,Unavailable,36,Unavailable,88,Unavailable,Unavailable,Unavailable,Unavailable
110671,University of California-Riverside,1,6,1,1,2,University of California-Riverside,CA,11,5,1,0,93,7,47,13533,66,0,78,76,61,46,1249,76,77,77,65,74,77,3,62807,39758,,,Unavailable,,,Unavailable,,,,11834,42611,13988,22646,21979,21979,95,5,21487,20985,502,1159,994,165,22646,21979,97,3,667,6,1249,22644,1,142,8201,14301,51,5522,23,42,37,62,34,3,Unavailable,49,Unavailable,95,Unavailable,Unavailable,Unavailable,Unavailable
194499,Plaza College,1,36,3,1,3,Plaza College,NY,11,1,3,,,,87,,0,0,,,,,107,,89,63,,,,3,1410,423,,,Unavailable,,,Unavailable,,,,14000,14000,Unavailable,846,829,829,43,57,368,351,17,478,478,0,846,829,98,2,17,13,107,829,68,565,264,0,,0,25,Unavailable,Unavailable,Unavailable,Unavailable,44,Unavailable,Unavailable,Unavailable,43,Unavailable,Unavailable,Unavailable,Unavailable
451556,Southwest University at El Paso,1,48,3,1,3,Southwest University at El Paso,TX,11,2,3,,,,79,,82,5,61,61,61,,191,60,78,66,60,60,60,,,,,,Unavailable,,,Unavailable,,,,14000,14000,Unavailable,1817,1817,1817,41,59,737,737,0,1080,1080,0,1817,1817,100,Unavailable,,11,191,1817,5,95,1722,0,,152,19,Unavailable,37,70,31,#VALUE!,Unavailable,41,Unavailable,41,Unavailable,Unavailable,Unavailable,Unavailable
197601,Yeshiva Karlin Stolin,1,36,2,1,2,Yeshiva Karlin Stolin,NY,11,1,2,,,,79,,0,0,50,50,0,,4,39,0,33,0,33,33,,,,,,Unavailable,,,Unavailable,,,,14000,14000,Unavailable,136,136,136,99,1,135,135,0,1,1,0,136,136,100,Unavailable,,3,4,136,Unavailable,,,136,,32,15,Unavailable,0,59,22,#VALUE!,Unavailable,31,Unavailable,99,Unavailable,Unavailable,Unavailable,Unavailable
498809,Yeshiva of Kasho,1,36,2,1,2,Yeshiva of Kasho,NY,11,1,2,,,,73,,0,0,,,,,7,,11,11,0,11,11,,,,,,Unavailable,,,Unavailable,,,,14000,14000,Unavailable,Unavailable,Unavailable,Unavailable,#VALUE!,Unavailable,174,174,0,,,,174,174,100,Unavailable,,4,7,174,Unavailable,,,174,,54,12,Unavailable,Unavailable,Unavailable,Unavailable,#VALUE!,Unavailable,Unavailable,Unavailable,Unavailable,Unavailable,Unavailable,Unavailable,Unavailable
197674,Yeshiva of Nitra Rabbinical College,1,36,2,1,2,Yeshiva of Nitra Rabbinical College,NY,41,1,2,,,,78,,0,0,21,21,0,,59,18,18,18,0,18,18,,,,,,Unavailable,,,Unavailable,,,,14000,14000,Unavailable,249,249,249,96,4,239,239,0,10,10,0,249,249,100,Unavailable,,24,59,249,Unavailable,,,249,,50,20,Unavailable,0,48,23,#VALUE!,Unavailable,22,Unavailable,96,Unavailable,Unavailable,Unavailable,Unavailable
498906,Yeshivas Sanz Klauzenburg,1,36,2,1,2,Yeshivas Sanz Klauzenburg,NY,11,1,2,,,,75,,0,0,,,,3,1,,27,27,0,23,27,,,,,,Unavailable,,,Unavailable,,,,14000,14000,Unavailable,Unavailable,Unavailable,Unavailable,#VALUE!,Unavailable,100,100,0,,,,107,107,100,Unavailable,,1,1,107,Unavailable,,,107,,25,4,Unavailable,Unavailable,Unavailable,Unavailable,#VALUE!,Unavailable,Unavailable,Unavailable,Unavailable,Unavailable,Unavailable,Unavailable,Unavailable
160065,University of Holy Cross,1,22,2,1,2,University of Holy Cross,LA,11,2,2,,,,50,,7,1,40,29,6,,70,34,30,36,26,31,37,3,404,400,,,Unavailable,,,Unavailable,,,,14040,14040,Unavailable,805,265,265,75,25,606,196,410,199,69,130,806,265,33,67,541,17,70,405,20,81,181,143,3,42,6,Unavailable,4,42,22,36,Unavailable,31,Unavailable,75,Unavailable,Unavailable,Unavailable,Unavailable
441636,American Institute of Alternative Medicine,1,39,3,1,3,American Institute of Alternative Medicine,OH,11,1,3,,,,66,,1,0,,,,1,73,,100,55,,,,3,160,135,,,Unavailable,,,Unavailable,,,,14047,14047,Unavailable,374,333,333,18,82,67,55,12,307,278,29,374,333,89,11,41,20,73,374,0,0,374,0,0,0,15,Unavailable,Unavailable,Unavailable,Unavailable,36,Unavailable,Unavailable,Unavailable,18,Unavailable,Unavailable,Unavailable,Unavailable
170000,Grace Christian University,1,26,2,1,2,Grace Christian University,MI,13,1,2,,,,59,,41,5,50,50,24,6,70,38,70,43,23,41,46,3,288,286,,,Unavailable,,,Unavailable,,,,14121,14121,Unavailable,891,445,445,55,45,493,243,250,398,202,196,891,445,50,50,446,10,70,707,65,457,61,189,2,73,15,Unavailable,14,49,26,52,Unavailable,34,Unavailable,55,Unavailable,Unavailable,Unavailable,Unavailable
197018,United Talmudical Seminary,1,36,2,1,2,United Talmudical Seminary,NY,11,2,2,,,,86,,0,0,51,51,0,,103,59,49,57,1,54,57,,,,,,Unavailable,,,Unavailable,,,,14133,14133,Unavailable,2004,2004,2004,100,0,2003,2003,0,1,1,0,2006,2006,100,Unavailable,,5,103,2006,Unavailable,,,2006,,445,15,Unavailable,0,73,23,#VALUE!,Unavailable,33,Unavailable,100,Unavailable,Unavailable,Unavailable,Unavailable
185590,Montclair State University,1,34,1,1,2,Montclair State University,NJ,21,5,1,0,95,5,45,13880,192,1,69,67,47,15,1378,61,67,64,46,61,64,5,23599,20629,8,,Unavailable,550,530,1080,,,,13710,23070,14178,18062,16268,16268,92,8,16551,15318,1233,1511,950,561,18062,16268,90,10,1794,8,1378,17677,3,569,9150,7958,4,3940,17,42,28,53,31,7,Unavailable,45,Unavailable,92,Unavailable,Unavailable,Unavailable,Unavailable
445133,American InterContinental University-Houston,1,48,3,1,2,American InterContinental University-Houston,TX,11,1,3,,,,77,,6,5,33,33,33,1,31,75,33,45,57,57,57,,,,,,Unavailable,,,Unavailable,,,,14182,14182,Unavailable,124,94,94,20,80,25,20,5,99,74,25,124,94,76,24,30,25,31,124,31,39,62,23,0,4,15,Unavailable,20,76,28,49,Unavailable,30,Unavailable,20,Unavailable,Unavailable,Unavailable,Unavailable
497037,Abilene Christian University-Undergraduate Online,2,48,2,1,2,Abilene Christian University-Undergraduate Online,TX,21,1,2,,,,62,,60,7,,,,,248,,,,,,,3,150,150,,,Unavailable,,,Unavailable,,,,14220,14220,Unavailable,918,616,616,31,69,283,209,74,635,407,228,918,616,67,33,302,27,248,918,100,918,,,27,55,26,Unavailable,Unavailable,Unavailable,Unavailable,68,Unavailable,Unavailable,Unavailable,31,Unavailable,Unavailable,Unavailable,Unavailable
157793,Sullivan University,1,21,3,1,3,Sullivan University,KY,11,2,3,,,,11,,14,1,,,,,497,,67,30,,,,,,,,,Unavailable,,,Unavailable,,,,14220,14220,Unavailable,2535,1512,1512,24,76,604,352,252,1931,1160,771,2535,1512,60,40,1023,20,497,2498,51,1284,550,664,0,0,14,Unavailable,Unavailable,Unavailable,Unavailable,58,Unavailable,Unavailable,Unavailable,24,Unavailable,Unavailable,Unavailable,Unavailable
185129,New Jersey City University,1,34,1,1,2,New Jersey City University,NJ,11,3,1,0,96,4,55,12157,44,1,42,39,17,172,358,34,58,39,21,34,39,3,5757,5134,,,Unavailable,,,Unavailable,,,,13785,24702,14222,4207,3563,3563,78,22,3270,2965,305,937,598,339,4209,3563,85,15,646,9,358,4076,11,453,2330,1293,14,754,14,46,10,45,21,17,Unavailable,29,Unavailable,78,Unavailable,Unavailable,Unavailable,Unavailable
133979,Florida Memorial University,1,12,2,1,2,Florida Memorial University,FL,21,2,2,,,,66,,36,3,33,32,21,28,65,14,70,30,9,22,28,3,12750,9475,,,Unavailable,,,Unavailable,,,,14274,14274,Unavailable,1284,1199,1199,93,7,1193,1124,69,91,75,16,1299,1214,93,7,85,5,65,1299,0,0,357,942,13,436,16,Unavailable,13,40,16,5,Unavailable,22,Unavailable,93,Unavailable,Unavailable,Unavailable,Unavailable
145497,Hebrew Theological College,1,17,2,1,2,Hebrew Theological College,IL,13,1,2,,,,26,,0,0,6,6,5,1,10,86,71,73,65,73,73,5,25,23,5,5,10,,,Unavailable,,,,14300,14300,Unavailable,197,57,57,94,6,186,56,130,11,1,10,197,57,29,71,140,12,10,81,2,2,46,33,1,14,5,Unavailable,3,56,10,24,Unavailable,9,Unavailable,94,Unavailable,Unavailable,Unavailable,Unavailable
482413,DeVry College of New York,1,36,3,1,2,DeVry College of New York,NY,11,1,3,,,,56,,108,62,35,32,23,30,16,28,75,33,21,29,33,5,5,5,0,0,0,,,Unavailable,,,,14392,14392,Unavailable,175,105,105,11,89,20,12,8,155,93,62,175,105,60,40,70,9,16,175,63,111,61,3,1,2,6,Unavailable,14,42,18,66,Unavailable,25,Unavailable,11,Unavailable,Unavailable,Unavailable,Unavailable
482422,DeVry University-Arizona,1,4,3,1,2,DeVry University-Arizona,AZ,11,1,3,,,,52,,10,45,30,30,28,12,1,50,50,63,38,50,63,5,0,,,,Unavailable,,,Unavailable,,,,14392,14392,Unavailable,22,13,13,36,64,8,4,4,14,9,5,22,13,59,41,9,5,1,22,91,20,2,0,0,0,1,Unavailable,17,51,15,65,Unavailable,20,Unavailable,36,Unavailable,Unavailable,Unavailable,Unavailable
482459,DeVry University-Florida,1,12,3,1,2,DeVry University-Florida,FL,11,1,3,,,,53,,24,13,21,21,21,32,35,0,,40,20,40,40,5,1,1,0,0,0,,,Unavailable,,,,14392,14392,Unavailable,188,107,107,7,93,13,4,9,175,103,72,188,107,57,43,81,19,35,188,98,184,4,0,0,0,8,Unavailable,13,27,20,80,Unavailable,20,Unavailable,7,Unavailable,Unavailable,Unavailable,Unavailable
482468,DeVry University-Georgia,1,13,3,1,2,DeVry University-Georgia,GA,21,1,3,,,,61,,80,17,11,11,11,30,83,50,0,36,22,22,33,5,16,13,0,0,0,,,Unavailable,,,,14392,14392,Unavailable,472,318,318,13,87,63,45,18,409,273,136,472,318,67,33,154,18,83,472,89,418,54,0,1,2,11,Unavailable,7,56,15,71,Unavailable,14,Unavailable,13,Unavailable,Unavailable,Unavailable,Unavailable
482547,DeVry University-Nevada,1,32,3,1,2,DeVry University-Nevada,NV,11,1,3,,,,30,,5,125,0,0,0,2,0,0,,0,0,0,0,5,0,,,,Unavailable,,,Unavailable,,,,14392,14392,Unavailable,4,1,1,25,75,1,1,0,3,0,3,4,1,25,75,3,0,,4,75,3,1,0,0,0,1,Unavailable,0,15,0,75,Unavailable,0,Unavailable,25,Unavailable,Unavailable,Unavailable,Unavailable
482556,DeVry University-New Jersey,1,34,3,1,2,DeVry University-New Jersey,NJ,21,1,3,,,,60,,6,9,12,12,12,20,19,75,0,33,40,60,60,5,2,2,0,0,0,,,Unavailable,,,,14392,14392,Unavailable,68,50,50,28,72,19,14,5,49,36,13,68,50,74,26,18,28,19,68,85,58,10,0,2,0,3,Unavailable,7,68,22,62,Unavailable,18,Unavailable,28,Unavailable,Unavailable,Unavailable,Unavailable
482574,DeVry University-Ohio,1,39,3,1,2,DeVry University-Ohio,OH,11,1,3,,,,55,,25,11,23,17,11,23,71,43,43,45,29,36,43,5,9,8,0,0,0,,,Unavailable,,,,14392,14392,Unavailable,218,125,125,15,85,33,23,10,185,102,83,218,125,57,43,93,33,71,218,97,211,7,0,1,0,13,Unavailable,7,49,26,76,Unavailable,27,Unavailable,15,Unavailable,Unavailable,Unavailable,Unavailable
482635,DeVry University-Texas,1,48,3,1,2,DeVry University-Texas,TX,11,1,3,,,,37,,27,104,25,25,25,18,1,33,,33,33,33,33,5,1,0,,,Unavailable,,,Unavailable,,,,14392,14392,Unavailable,26,13,13,19,81,5,2,3,21,11,10,26,13,50,50,13,4,1,26,62,16,10,0,0,0,1,Unavailable,15,35,12,66,Unavailable,17,Unavailable,19,Unavailable,Unavailable,Unavailable,Unavailable
482653,DeVry University-Virginia,1,51,3,1,2,DeVry University-Virginia,VA,12,1,3,,,,42,,23,92,0,0,0,9,1,,,100,100,100,100,5,1,1,0,0,0,,,Unavailable,,,,14392,14392,Unavailable,25,17,17,12,88,3,1,2,22,16,6,25,17,68,32,8,4,1,25,76,19,6,0,0,2,2,Unavailable,0,Unavailable,2,68,Unavailable,2,Unavailable,12,Unavailable,Unavailable,Unavailable,Unavailable
482431,DeVry University-California,1,6,3,1,2,DeVry University-California,CA,12,2,3,,,,54,,498,24,10,9,7,55,571,42,20,43,33,39,39,5,400,173,0,1,1,,,Unavailable,,,,14392,14392,Unavailable,2083,1153,1153,14,86,299,161,138,1784,992,792,2083,1153,55,45,930,27,571,2081,74,1543,535,3,10,18,18,Unavailable,4,48,20,70,Unavailable,17,Unavailable,14,Unavailable,Unavailable,Unavailable,Unavailable
482477,DeVry University-Illinois,1,17,3,1,3,DeVry University-Illinois,IL,21,5,3,,,,66,,2073,8,32,32,26,270,6965,24,21,37,17,22,24,5,6314,2731,1,3,4,520,530,1050,20,20,19,14392,14392,Unavailable,26146,11077,11077,14,86,3640,1730,1910,22506,9347,13159,26146,11077,42,58,15069,27,6965,25975,97,25290,670,15,176,275,36,Unavailable,16,45,29,81,2,30,Unavailable,14,2,Unavailable,Unavailable,Unavailable
177038,Cleveland University-Kansas City,1,20,2,1,2,Cleveland University-Kansas City,KS,12,1,2,,,,57,,10,11,67,67,0,2,0,,33,33,33,33,33,3,5,4,,,Unavailable,,,Unavailable,,,,14400,14400,Unavailable,85,56,56,58,42,49,34,15,36,22,14,87,57,66,34,30,0,,79,6,5,7,67,4,2,5,Unavailable,0,Unavailable,27,29,Unavailable,40,Unavailable,58,Unavailable,Unavailable,Unavailable,Unavailable
163532,Ner Israel Rabbinical College,1,24,2,1,2,Ner Israel Rabbinical College,MD,21,1,2,,,,21,,0,0,41,35,21,7,61,33,46,44,34,41,44,3,68,54,,,Unavailable,,,Unavailable,,,,14400,14400,Unavailable,292,292,292,91,9,267,267,0,25,25,0,292,292,100,Unavailable,,21,61,292,Unavailable,,,292,,38,20,Unavailable,13,27,27,#VALUE!,Unavailable,33,Unavailable,91,Unavailable,Unavailable,Unavailable,Unavailable
214883,Peirce College,1,42,2,1,2,Peirce College,PA,11,1,2,,,,52,,28,4,50,50,0,20,164,,0,5,,,,,,,,,Unavailable,,,Unavailable,,,,14400,14400,Unavailable,790,149,149,9,91,72,26,46,718,123,595,790,149,19,81,641,21,164,789,100,789,0,0,4,1,11,Unavailable,0,Unavailable,32,91,Unavailable,38,Unavailable,9,Unavailable,Unavailable,Unavailable,Unavailable
413413,Capella University,1,27,3,1,2,Capella University,MN,11,5,3,,,,37,,536,3,50,50,50,,6776,25,67,33,25,25,25,,,,,,Unavailable,,,Unavailable,,,,14436,14436,Unavailable,16177,4700,4700,8,92,1366,475,891,14811,4225,10586,16177,4700,29,71,11477,42,6776,16173,100,16173,,,48,22,36,Unavailable,30,31,45,88,Unavailable,47,Unavailable,8,Unavailable,Unavailable,Unavailable,Unavailable
235167,The Evergreen State College,1,53,1,1,2,The Evergreen State College,WA,22,2,1,0,70,30,42,18480,84,4,43,42,31,32,375,41,46,44,34,42,44,5,1443,1403,12,4,16,600,530,1130,26,23,19,7845,29826,14439,2108,1858,1858,59,41,1252,1178,74,856,680,176,2108,1858,88,12,250,18,375,2042,16,328,383,1331,10,261,20,34,19,42,28,25,11,33,Unavailable,59,9,Unavailable,Unavailable,Unavailable
459727,Touro University Worldwide,1,6,2,1,2,Touro University Worldwide,CA,21,2,2,,,,55,,6,1,58,58,58,20,79,40,50,42,35,39,39,,,,,,Unavailable,,,Unavailable,,,,14440,14440,Unavailable,417,230,230,30,70,126,65,61,291,165,126,451,264,59,41,187,19,79,416,89,371,16,29,11,23,11,Unavailable,35,48,35,67,Unavailable,42,Unavailable,30,Unavailable,Unavailable,Unavailable,Unavailable
160074,Franciscan Missionaries of Our Lady University,1,22,2,1,2,Franciscan Missionaries of Our Lady University,LA,12,2,2,,,,37,,18,2,32,25,5,11,158,36,70,51,26,40,47,3,381,316,,,Unavailable,,,Unavailable,,,,14510,14510,Unavailable,860,461,461,66,34,564,361,203,296,100,196,862,462,54,46,400,19,158,826,5,40,288,498,1,70,10,Unavailable,3,37,21,29,Unavailable,27,Unavailable,66,Unavailable,Unavailable,Unavailable,Unavailable
178679,Ozark Christian College,1,29,2,1,2,Ozark Christian College,MO,13,1,2,,,,39,,8,1,60,59,26,18,42,45,70,68,36,55,57,3,277,272,,,Unavailable,,,Unavailable,,,,14550,14550,Unavailable,614,502,502,91,9,559,481,78,55,21,34,614,502,82,18,112,7,42,612,11,65,137,410,4,140,13,Unavailable,16,42,28,12,Unavailable,39,Unavailable,91,Unavailable,Unavailable,Unavailable,Unavailable
369516,Bryan University,1,29,3,1,3,Bryan University,MO,12,1,3,,,,77,,10,7,,,,7,31,,,28,,,,,,,,,Unavailable,,,Unavailable,,,,14580,14580,Unavailable,150,150,150,13,87,20,20,0,130,130,0,150,150,100,Unavailable,,21,31,150,100,150,,,,0,15,Unavailable,Unavailable,Unavailable,Unavailable,#VALUE!,Unavailable,Unavailable,Unavailable,13,Unavailable,Unavailable,Unavailable,Unavailable
214740,Pennsylvania State University-Penn State DuBois,1,42,1,1,3,Pennsylvania State University-Penn State DuBois,PA,33,1,1,0,92,8,29,18960,9,3,11,10,8,2,13,37,14,29,15,22,22,5,481,445,29,0,29,580,550,1130,,,,13824,23316,14583,353,307,307,95,5,335,292,43,18,15,3,353,307,87,13,46,4,13,316,0,0,184,132,1,71,8,35,5,33,6,6,Unavailable,8,Unavailable,95,Unavailable,Unavailable,Unavailable,Unavailable
218399,Morris College,1,45,2,1,2,Morris College,SC,13,1,2,,,,82,,8,2,26,25,8,11,50,22,11,20,7,20,20,,,,,,Unavailable,,,Unavailable,,,,14624,14624,Unavailable,421,409,409,83,17,349,344,5,72,65,7,421,409,97,3,12,12,50,421,3,13,232,176,0,118,10,Unavailable,5,52,17,9,Unavailable,20,Unavailable,83,Unavailable,Unavailable,Unavailable,Unavailable
490285,California Institute of Arts & Technology,1,6,3,1,3,California Institute of Arts & Technology,CA,11,1,3,,,,31,,188,1343,,,,,4,,70,70,,,,,,,,,Unavailable,,,Unavailable,,,,14640,14640,Unavailable,13,13,13,15,85,2,2,0,11,11,0,14,14,100,Unavailable,,29,4,14,100,14,0,0,,34,10,Unavailable,Unavailable,Unavailable,Unavailable,#VALUE!,Unavailable,Unavailable,Unavailable,15,Unavailable,Unavailable,Unavailable,Unavailable
496186,California Institute of Arts & Technology-National City,1,6,3,1,3,California Institute of Arts & Technology-National City,CA,21,2,3,,,,16,,1063,75,,,,60,175,,,,,,,,,,,,Unavailable,,,Unavailable,,,,14640,14640,Unavailable,1409,1409,1409,12,88,167,167,0,1242,1242,0,1410,1409,100,0,1,12,175,1410,100,1409,0,1,,0,10,Unavailable,Unavailable,Unavailable,Unavailable,65,Unavailable,Unavailable,Unavailable,12,Unavailable,Unavailable,Unavailable,Unavailable
487603,Northwest University-Center for Online and Extended Education,2,53,2,1,2,Northwest University-Center for Online and Extended Education,WA,21,2,2,,,,43,,18,2,45,40,35,,90,10,37,31,12,14,20,,,,,,Unavailable,,,Unavailable,,,,14652,14652,Unavailable,1187,302,302,80,20,953,209,744,234,93,141,1187,302,25,75,885,19,90,477,96,457,3,17,15,24,19,Unavailable,21,27,27,59,Unavailable,35,Unavailable,80,Unavailable,Unavailable,Unavailable,Unavailable
101709,University of Montevallo,1,1,1,1,2,University of Montevallo,AL,31,2,1,0,80,20,40,17280,22,1,53,52,34,27,150,48,53,49,34,45,49,3,6210,3347,,,Unavailable,,,Unavailable,,,,12090,25110,14694,2545,1936,1936,94,6,2392,1854,538,153,82,71,2545,1936,76,24,609,7,150,2087,2,44,1079,964,4,540,13,36,20,44,25,10,Unavailable,35,Unavailable,94,Unavailable,Unavailable,Unavailable,Unavailable
153427,Orion Technical College,1,19,3,1,3,Orion Technical College,IA,12,1,3,,,,57,,2,3,,,,,9,100,100,80,100,100,100,,,,,,Unavailable,,,Unavailable,,,,14700,14700,Unavailable,73,73,73,51,49,37,37,0,36,36,0,73,73,100,Unavailable,,12,9,73,15,11,62,0,,0,10,Unavailable,Unavailable,79,Unavailable,#VALUE!,Unavailable,Unavailable,Unavailable,51,Unavailable,Unavailable,Unavailable,Unavailable
191126,Fashion Institute of Technology,1,36,1,1,3,Fashion Institute of Technology,NY,11,3,1,28,20,52,33,19649,35,0,,,,48,652,,87,83,,,,3,4326,2492,,,Unavailable,,,Unavailable,,,,7170,21692,14721,7843,6817,6817,89,11,6957,6326,631,886,491,395,7843,6817,87,13,1026,9,652,7575,4,281,3408,3886,48,1295,17,25,Unavailable,Unavailable,Unavailable,10,Unavailable,Unavailable,Unavailable,89,Unavailable,Unavailable,Unavailable,Unavailable
115773,Humphreys University-Stockton and Modesto Campuses,1,6,2,1,2,Humphreys University-Stockton and Modesto Campuses,CA,11,1,2,,,,56,,3,2,100,100,100,11,41,100,,50,100,100,100,,,,,,Unavailable,,,Unavailable,,,,14760,14760,Unavailable,183,74,74,26,74,47,23,24,136,51,85,183,74,40,60,109,23,41,178,100,178,0,0,0,3,5,Unavailable,60,78,54,78,Unavailable,69,Unavailable,26,Unavailable,Unavailable,Unavailable,Unavailable
231165,Vermont State University,1,50,1,1,2,Vermont State University,VT,43,3,1,0,52,48,37,21253,89,2,46,44,33,74,455,41,55,49,32,42,45,3,3130,2605,,,Unavailable,,,Unavailable,,,,9984,19992,14788,4087,2825,2825,72,28,2949,2358,591,1138,467,671,4087,2825,69,31,1262,13,455,3567,14,516,1372,1679,11,693,9,28,20,39,25,25,Unavailable,33,Unavailable,72,Unavailable,Unavailable,Unavailable,Unavailable
153241,Divine Word College,1,19,2,1,2,Divine Word College,IA,42,1,2,,,,12,,0,0,100,100,100,1,9,100,100,100,100,100,100,,,,,,Unavailable,,,Unavailable,,,,14800,14800,Unavailable,61,58,58,11,89,7,7,0,54,51,3,61,58,95,5,3,15,9,61,Unavailable,,,61,0,0,5,Unavailable,60,56,49,#VALUE!,Unavailable,66,Unavailable,11,Unavailable,Unavailable,Unavailable,Unavailable
490878,Platt College-Anaheim,1,6,3,1,3,Platt College-Anaheim,CA,11,1,3,,,,60,,14,3,,,,19,5,,90,62,,,,,,,,,Unavailable,,,Unavailable,,,,14804,14804,Unavailable,405,405,405,65,35,263,263,0,142,142,0,405,405,100,Unavailable,,1,5,405,0,0,57,348,,0,21,Unavailable,Unavailable,Unavailable,Unavailable,#VALUE!,Unavailable,Unavailable,Unavailable,65,Unavailable,Unavailable,Unavailable,Unavailable
260789,Platt College-Los Angeles,1,6,3,1,3,Platt College-Los Angeles,CA,21,1,3,,,,55,,15,3,,,,20,65,,79,62,,,,,,,,,Unavailable,,,Unavailable,,,,14804,14804,Unavailable,598,598,598,44,56,265,265,0,333,333,0,598,598,100,Unavailable,,11,65,598,32,193,17,388,,0,21,Unavailable,Unavailable,Unavailable,Unavailable,#VALUE!,Unavailable,Unavailable,Unavailable,44,Unavailable,Unavailable,Unavailable,Unavailable
432384,Platt College-Ontario,1,6,3,1,3,Platt College-Ontario,CA,12,1,3,,,,66,,29,6,,,,16,33,,58,57,,,,,,,,,Unavailable,,,Unavailable,,,,14804,14804,Unavailable,466,466,466,58,42,269,269,0,197,197,0,467,467,100,Unavailable,,7,33,467,0,0,63,404,,0,21,Unavailable,Unavailable,Unavailable,Unavailable,#VALUE!,Unavailable,Unavailable,Unavailable,58,Unavailable,Unavailable,Unavailable,Unavailable
480204,Platt College-Riverside,1,6,3,1,3,Platt College-Riverside,CA,11,1,3,,,,70,,20,5,,,,21,30,,20,56,,,,,,,,,Unavailable,,,Unavailable,,,,14804,14804,Unavailable,416,416,416,66,34,275,275,0,141,141,0,416,416,100,Unavailable,,7,30,416,0,0,72,344,,0,21,Unavailable,Unavailable,Unavailable,Unavailable,#VALUE!,Unavailable,Unavailable,Unavailable,66,Unavailable,Unavailable,Unavailable,Unavailable
446525,SAE Institute of Technology-Nashville,1,47,3,1,3,SAE Institute of Technology-Nashville,TN,11,2,3,,,,76,,148,8,,,,22,169,58,48,46,58,58,58,,,,,,Unavailable,,,Unavailable,,,,14816,14816,Unavailable,1800,1800,1800,48,52,867,867,0,933,933,0,1800,1800,100,Unavailable,,9,169,1800,Unavailable,,,1800,,0,11,Unavailable,Unavailable,67,Unavailable,#VALUE!,Unavailable,Unavailable,Unavailable,48,Unavailable,Unavailable,Unavailable,Unavailable
222877,Arlington Baptist University,1,48,2,1,2,Arlington Baptist University,TX,11,1,2,,,,55,,3,1,23,23,14,3,47,8,0,5,0,5,5,,,,,,Unavailable,,,Unavailable,,,,14833,14833,Unavailable,268,261,261,96,4,256,253,3,12,8,4,268,261,97,3,7,18,47,268,10,28,200,40,0,101,18,Unavailable,8,32,20,6,Unavailable,21,Unavailable,96,Unavailable,Unavailable,Unavailable,Unavailable
214634,Pennsylvania State University-Penn State Shenango,1,42,1,1,2,Pennsylvania State University-Penn State Shenango,PA,31,1,1,0,86,14,51,14895,2,1,17,17,10,,37,10,25,23,6,11,11,5,209,190,8,3,11,610,560,1170,,,,13568,22876,14871,332,212,212,83,17,275,193,82,57,19,38,332,212,64,36,120,14,37,261,0,1,130,130,0,25,7,42,6,31,15,18,Unavailable,16,Unavailable,83,Unavailable,Unavailable,Unavailable,Unavailable
133526,Edward Waters University,1,12,2,1,2,Edward Waters University,FL,11,2,2,,,,76,,14,1,29,28,14,30,98,23,73,28,15,26,28,3,9805,8316,,,Unavailable,,,Unavailable,,,,14878,14878,Unavailable,1019,1000,1000,85,15,868,857,11,151,143,8,1113,1092,98,2,21,9,98,1113,0,0,890,223,11,309,18,Unavailable,8,50,16,6,Unavailable,21,Unavailable,85,Unavailable,Unavailable,Unavailable,Unavailable
205054,Professional Skills Institute,1,39,3,1,3,Professional Skills Institute,OH,21,1,3,,,,73,,3,1,,,,,160,,71,67,,,,3,168,120,,,Unavailable,,,Unavailable,,,,14920,14920,Unavailable,402,402,402,16,84,63,63,0,339,339,0,402,402,100,Unavailable,,40,160,402,0,0,190,212,,2,16,Unavailable,Unavailable,Unavailable,Unavailable,#VALUE!,Unavailable,Unavailable,Unavailable,16,Unavailable,Unavailable,Unavailable,Unavailable
214759,Pennsylvania State University-Penn State Fayette- Eberly,1,42,1,1,2,Pennsylvania State University-Penn State Fayette- Eberly,PA,41,1,1,0,88,12,36,18780,9,2,35,34,28,4,21,32,23,34,24,31,31,5,731,670,14,1,15,585,575,1160,,,,13824,23316,14963,419,406,406,91,9,381,371,10,38,35,3,419,406,97,3,13,5,21,415,0,2,133,280,0,95,9,36,17,34,17,5,Unavailable,23,Unavailable,91,Unavailable,Unavailable,Unavailable,Unavailable
485519,Lionel University,1,6,3,1,3,Lionel University,CA,22,1,3,,,,37,,184,38,,,,6,90,,38,38,,,,,,,,,Unavailable,,,Unavailable,,,,14985,14985,Unavailable,480,329,329,6,94,27,19,8,453,310,143,480,329,69,31,151,19,90,480,100,480,,,2,3,24,Unavailable,Unavailable,Unavailable,Unavailable,77,Unavailable,Unavailable,Unavailable,6,Unavailable,Unavailable,Unavailable,Unavailable
186399,Rutgers University-Newark,1,34,1,1,2,Rutgers University-Newark,NJ,11,4,1,0,93,7,58,17425,147,2,67,65,35,126,770,68,69,68,42,63,68,3,17779,13997,,,Unavailable,,,Unavailable,,,,13674,32436,14987,7417,6451,6451,83,17,6150,5667,483,1267,784,483,7417,6451,87,13,966,11,770,7187,2,120,2509,4558,7,1232,13,46,21,63,32,11,Unavailable,44,Unavailable,83,Unavailable,Unavailable,Unavailable,Unavailable
367884,Hodges University,1,12,2,1,2,Hodges University,FL,13,1,2,,,,25,,69,40,17,15,9,14,27,5,44,22,3,3,3,,,,,,Unavailable,,,Unavailable,,,,15000,15000,Unavailable,165,109,109,32,68,53,38,15,112,71,41,173,109,63,37,64,16,27,171,0,0,171,0,10,10,8,Unavailable,5,15,15,38,Unavailable,17,Unavailable,32,Unavailable,Unavailable,Unavailable,Unavailable
149329,Telshe Yeshiva-Chicago,1,17,2,1,2,Telshe Yeshiva-Chicago,IL,11,1,2,,,,38,,0,0,5,5,0,,0,0,10,8,0,8,8,3,19,19,,,Unavailable,,,Unavailable,,,,15000,15000,Unavailable,Unavailable,Unavailable,Unavailable,#VALUE!,Unavailable,78,78,0,,,,78,78,100,Unavailable,,0,,78,Unavailable,,,78,,33,15,Unavailable,0,19,2,#VALUE!,Unavailable,3,Unavailable,Unavailable,Unavailable,Unavailable,Unavailable,Unavailable
446604,Uta Mesivta of Kiryas Joel,1,36,2,1,2,Uta Mesivta of Kiryas Joel,NY,13,2,2,,,,86,,0,0,66,66,0,,118,79,75,78,0,72,78,,,,,,Unavailable,,,Unavailable,,,,15000,15000,Unavailable,Unavailable,Unavailable,Unavailable,#VALUE!,Unavailable,2729,2729,0,,,,2729,2729,100,Unavailable,,4,118,2729,Unavailable,,,2729,,547,16,Unavailable,0,83,29,#VALUE!,Unavailable,41,Unavailable,Unavailable,Unavailable,Unavailable,Unavailable,Unavailable
232557,Liberty University,1,51,2,1,2,Liberty University,VA,13,5,2,,,,39,,5385,10,67,65,45,492,5321,50,73,63,52,62,66,3,36921,36671,,,Unavailable,,,Unavailable,,,,15015,15015,Unavailable,52247,32321,32321,51,49,26873,21324,5549,25374,10997,14377,52823,32378,61,39,20445,11,5321,50059,73,36519,6863,6677,959,4395,18,Unavailable,27,45,32,53,Unavailable,44,Unavailable,51,Unavailable,Unavailable,Unavailable,Unavailable
433420,California Aeronautical University,1,6,3,1,2,California Aeronautical University,CA,21,1,3,,,,50,,131,34,,,,,52,29,67,42,32,32,32,,,,,,Unavailable,,,Unavailable,,,,15030,15030,Unavailable,383,383,383,49,51,186,186,0,197,197,0,383,383,100,Unavailable,,14,52,383,1,5,308,70,,29,14,Unavailable,Unavailable,40,Unavailable,#VALUE!,Unavailable,Unavailable,Unavailable,49,Unavailable,Unavailable,Unavailable,Unavailable
176664,Mission University,1,29,2,1,2,Mission University,MO,12,1,2,,,,49,,8,2,31,31,16,,34,30,67,38,24,35,35,,,,,,Unavailable,,,Unavailable,,,,15130,15130,Unavailable,340,288,288,80,20,272,257,15,68,31,37,342,288,84,16,54,10,34,342,22,74,8,260,0,61,12,Unavailable,10,40,18,19,Unavailable,23,Unavailable,80,Unavailable,Unavailable,Unavailable,Unavailable
180832,Clarkson College,1,31,2,1,2,Clarkson College,NE,11,2,2,,,,30,,25,4,68,68,60,19,167,50,86,75,52,67,67,3,56,36,,,Unavailable,,,Unavailable,,,,15168,15168,Unavailable,611,213,213,55,45,334,141,193,277,72,205,613,213,35,65,400,27,167,611,49,298,313,0,0,26,18,Unavailable,36,40,44,52,Unavailable,52,Unavailable,55,Unavailable,Unavailable,Unavailable,Unavailable
479956,Pennsylvania State University-World Campus,2,42,1,1,2,Pennsylvania State University-World Campus,PA,13,4,1,0,100,0,31,21171,622,8,33,31,24,43,1046,26,34,34,17,28,31,5,882,708,12,3,15,630,590,1220,22,21,22,15204,15204,15204,7945,3347,3347,41,59,3228,2126,1102,4717,1221,3496,7945,3347,42,58,4598,14,1046,7554,98,7417,135,2,70,175,16,37,14,29,21,71,11,25,Unavailable,41,9,Unavailable,Unavailable,Unavailable
110714,University of California-Santa Cruz,1,6,1,1,2,University of California-Santa Cruz,CA,13,4,1,0,89,11,32,16526,32,0,79,78,60,64,1115,70,77,74,61,72,74,3,68845,43054,,,Unavailable,,,Unavailable,,,,11834,42611,15219,17812,17227,17227,96,4,17178,16687,491,634,540,94,17812,17227,97,3,585,6,1115,17812,1,190,5593,12029,25,3834,22,35,36,51,35,3,Unavailable,50,Unavailable,96,Unavailable,Unavailable,Unavailable,Unavailable
454865,Cambridge College of Healthcare & Technology,1,12,3,1,3,Cambridge College of Healthcare & Technology,FL,13,2,3,,,,58,,0,0,,,,8,210,,74,56,,,,,,,,,Unavailable,,,Unavailable,,,,15230,15230,Unavailable,1037,649,649,35,65,365,223,142,672,426,246,1037,649,63,37,388,20,210,1037,23,236,785,16,0,0,25,Unavailable,Unavailable,Unavailable,Unavailable,44,Unavailable,Unavailable,Unavailable,35,Unavailable,Unavailable,Unavailable,Unavailable
146667,Lincoln Christian University,1,17,2,1,2,Lincoln Christian University,IL,32,1,2,,,,41,,1,2,43,42,40,4,6,34,66,58,42,52,54,,,,,,Unavailable,,,Unavailable,,,,15300,15300,Unavailable,43,20,20,37,63,16,12,4,27,8,19,45,21,47,53,24,14,6,44,57,25,18,1,0,2,2,Unavailable,24,38,25,58,Unavailable,31,Unavailable,37,Unavailable,Unavailable,Unavailable,Unavailable
213303,Keystone College,1,42,2,1,2,Keystone College,PA,21,2,2,,,,45,,10,1,46,45,36,18,69,44,51,41,28,38,41,5,1789,1424,6,0,6,520,510,1030,,,,15350,15350,Unavailable,978,744,744,75,25,734,677,57,244,67,177,978,744,76,24,234,8,69,870,11,96,392,382,4,176,12,Unavailable,22,45,23,20,Unavailable,31,Unavailable,75,Unavailable,Unavailable,Unavailable,Unavailable
215415,Pittsburgh Technical College,1,42,2,1,3,Pittsburgh Technical College,PA,21,1,2,,,,48,,38,4,,,,28,44,78,60,53,74,74,74,,,,,,Unavailable,,,Unavailable,,,,15380,15380,Unavailable,864,695,695,73,27,631,534,97,233,161,72,864,695,80,20,169,5,44,822,20,163,139,520,0,13,12,Unavailable,Unavailable,63,Unavailable,23,Unavailable,Unavailable,Unavailable,73,Unavailable,Unavailable,Unavailable,Unavailable
219204,National American University-Rapid City,1,46,3,1,2,National American University-Rapid City,SD,13,2,3,,,,57,,196,23,13,13,13,26,40,50,,60,0,0,33,,,,,,Unavailable,,,Unavailable,,,,15390,15390,Unavailable,833,90,90,15,85,126,18,108,707,72,635,836,90,11,89,746,5,40,832,100,832,,,23,3,6,Unavailable,8,54,8,91,Unavailable,10,Unavailable,15,Unavailable,Unavailable,Unavailable,Unavailable
217721,Benedict College,1,45,2,1,2,Benedict College,SC,12,2,2,,,,66,,21,1,25,25,16,45,103,19,31,21,15,19,21,5,8073,5433,82,46,128,470,440,910,16,,,15400,15400,Unavailable,1694,1530,1530,93,7,1573,1439,134,121,91,30,1694,1530,90,10,164,7,103,1573,1,11,849,713,0,381,14,Unavailable,10,43,14,6,67,18,Unavailable,93,Unavailable,67,Unavailable,Unavailable
187444,William Paterson University of New Jersey,1,34,1,1,2,William Paterson University of New Jersey,NJ,21,3,1,0,92,8,45,16999,62,1,56,53,32,8,952,41,61,48,29,44,48,5,7754,7174,1,0,1,,,Unavailable,,,,14690,24004,15435,6546,5134,5134,68,32,4447,4063,384,2099,1071,1028,6546,5134,78,22,1412,15,952,6526,32,2072,2687,1767,5,801,17,41,19,43,30,29,Unavailable,39,Unavailable,68,Unavailable,Unavailable,Unavailable,Unavailable
214643,Pennsylvania State University-Penn State Wilkes-Barre,1,42,1,1,2,Pennsylvania State University-Penn State Wilkes-Barre,PA,41,1,1,0,83,17,40,16275,6,2,19,19,16,1,24,13,19,17,10,15,16,5,640,605,18,2,20,555,590,1145,,,,13824,23316,15438,348,319,319,93,7,324,304,20,24,15,9,348,319,92,8,29,7,24,338,0,1,158,179,0,121,10,37,10,27,12,5,Unavailable,14,Unavailable,93,Unavailable,Unavailable,Unavailable,Unavailable
183026,Southern New Hampshire University,1,33,2,1,2,Southern New Hampshire University,NH,22,5,2,,,,48,,10666,7,38,37,31,270,24357,35,47,45,38,45,48,3,45127,43377,,,Unavailable,,,Unavailable,,,,15450,15450,Unavailable,159650,49107,49107,25,75,40521,15577,24944,119129,33530,85599,159653,49107,31,69,110546,16,24357,156755,98,153371,892,2492,7998,2341,24,Unavailable,19,42,24,80,Unavailable,29,Unavailable,25,Unavailable,Unavailable,Unavailable,Unavailable
408844,Florida National University-Main Campus,1,12,3,1,2,Florida National University-Main Campus,FL,21,2,3,,,,84,,37,2,49,49,48,,195,42,31,28,27,36,42,,,,,,Unavailable,,,Unavailable,,,,15600,15600,Unavailable,2359,1578,1578,39,61,920,663,257,1439,915,524,2359,1578,67,33,781,8,195,2354,16,387,1054,913,9,113,16,Unavailable,29,63,25,39,Unavailable,33,Unavailable,39,Unavailable,Unavailable,Unavailable,Unavailable
186900,Talmudical Academy-New Jersey,1,34,2,1,2,Talmudical Academy-New Jersey,NJ,21,1,2,,,,56,,0,0,6,6,0,,9,11,0,10,0,0,10,3,24,10,,,Unavailable,,,Unavailable,,,,15600,15600,Unavailable,78,78,78,99,1,77,77,0,1,1,0,78,78,100,Unavailable,,12,9,78,Unavailable,,,78,,12,20,Unavailable,0,34,9,#VALUE!,Unavailable,8,Unavailable,99,Unavailable,Unavailable,Unavailable,Unavailable
203544,Kettering College,1,39,2,1,2,Kettering College,OH,13,1,2,,,,27,,15,2,47,45,38,,58,31,92,65,57,60,60,5,140,116,0,34,34,,,Unavailable,22,22,22,15672,15672,Unavailable,637,364,364,72,28,460,283,177,177,81,96,639,364,57,43,275,11,58,543,12,63,199,281,21,77,9,Unavailable,23,29,24,28,#VALUE!,32,Unavailable,72,Unavailable,#VALUE!,Unavailable,Unavailable
480091,Bryant & Stratton College-Online,2,36,2,1,3,Bryant & Stratton College-Online,NY,21,3,2,,,,75,,81,1,0,0,0,13,2358,0,3,18,0,0,0,,,,,,Unavailable,,,Unavailable,,,,15706,15706,Unavailable,9418,6058,6058,22,78,2037,1121,916,7381,4937,2444,9418,6058,64,36,3360,30,2358,7847,100,7847,,,0,19,38,Unavailable,0,38,18,72,Unavailable,12,Unavailable,22,Unavailable,Unavailable,Unavailable,Unavailable
480073,South University-Austin,1,48,3,1,2,South University-Austin,TX,12,1,3,,,,54,,27,11,27,20,0,15,46,14,0,9,0,0,13,,,,,,Unavailable,,,Unavailable,,,,15732,15732,Unavailable,243,197,197,26,74,64,54,10,179,143,36,243,197,81,19,46,19,46,243,40,97,59,87,1,12,12,Unavailable,0,34,19,47,Unavailable,24,Unavailable,26,Unavailable,Unavailable,Unavailable,Unavailable
251312,South University-Columbia,1,45,3,1,2,South University-Columbia,SC,21,1,3,,,,58,,39,9,8,8,4,28,77,0,0,0,0,0,0,,,,,,Unavailable,,,Unavailable,,,,15732,15732,Unavailable,445,291,291,24,76,107,70,37,338,221,117,445,291,65,35,154,17,77,445,54,241,45,159,4,10,14,Unavailable,2,29,14,57,Unavailable,12,Unavailable,24,Unavailable,Unavailable,Unavailable,Unavailable
101116,South University-Montgomery,1,1,3,1,2,South University-Montgomery,AL,12,1,3,,,,70,,11,4,14,14,9,14,52,0,50,15,0,0,0,,,,,,Unavailable,,,Unavailable,,,,15732,15732,Unavailable,302,217,217,28,72,84,60,24,218,157,61,302,217,72,28,85,17,52,302,52,157,37,108,2,7,13,Unavailable,5,35,16,53,Unavailable,15,Unavailable,28,Unavailable,Unavailable,Unavailable,Unavailable
459259,South University-Richmond,1,51,3,1,2,South University-Richmond,VA,21,1,3,,,,51,,6,2,7,7,0,13,40,14,0,21,11,17,17,,,,,,Unavailable,,,Unavailable,,,,15732,15732,Unavailable,286,151,151,33,67,94,33,61,192,118,74,320,151,47,53,169,16,40,244,52,128,23,93,,11,11,Unavailable,0,33,13,58,Unavailable,11,Unavailable,33,Unavailable,Unavailable,Unavailable,Unavailable
139579,South University-Savannah,1,13,3,1,2,South University-Savannah,GA,12,1,3,,,,72,,29,12,14,14,7,34,66,0,0,23,0,0,0,,,,,,Unavailable,,,Unavailable,,,,15732,15732,Unavailable,247,200,200,28,72,70,56,14,177,144,33,247,200,81,19,47,27,66,246,70,173,39,34,0,6,11,Unavailable,4,36,22,55,Unavailable,19,Unavailable,28,Unavailable,Unavailable,Unavailable,Unavailable
475121,South University-Savannah Online,2,13,3,1,2,South University-Savannah Online,GA,12,3,3,,,,76,,112,2,4,4,3,322,874,6,0,5,3,5,5,,,,,,Unavailable,,,Unavailable,,,,15732,15732,Unavailable,6494,5208,5208,20,80,1298,1080,218,5196,4128,1068,6494,5208,80,20,1286,13,874,6492,100,6492,,,65,429,31,Unavailable,2,41,10,68,Unavailable,8,Unavailable,20,Unavailable,Unavailable,Unavailable,Unavailable
449898,South University-Tampa,1,12,3,1,2,South University-Tampa,FL,11,1,3,,,,48,,27,7,30,30,10,26,90,0,0,5,8,8,8,,,,,,Unavailable,,,Unavailable,,,,15732,15732,Unavailable,390,263,263,25,75,99,72,27,291,191,100,390,263,67,33,127,23,90,390,47,182,66,142,2,9,14,Unavailable,6,24,26,54,Unavailable,27,Unavailable,25,Unavailable,Unavailable,Unavailable,Unavailable
459268,South University-Virginia Beach,1,51,3,1,2,South University-Virginia Beach,VA,11,1,3,,,,51,,42,17,0,0,0,15,49,10,17,14,6,11,11,,,,,,Unavailable,,,Unavailable,,,,15732,15732,Unavailable,252,166,166,22,78,55,36,19,197,130,67,252,166,66,34,86,19,49,252,48,120,43,89,0,4,11,Unavailable,0,31,12,56,Unavailable,8,Unavailable,22,Unavailable,Unavailable,Unavailable,Unavailable
133465,South University-West Palm Beach,1,12,3,1,2,South University-West Palm Beach,FL,21,1,3,,,,57,,6,2,36,36,7,19,59,13,0,21,0,10,10,,,,,,Unavailable,,,Unavailable,,,,15732,15732,Unavailable,284,206,206,32,68,91,67,24,193,139,54,284,206,73,27,78,21,59,284,52,147,16,121,0,7,13,Unavailable,4,35,27,51,Unavailable,30,Unavailable,32,Unavailable,Unavailable,Unavailable,Unavailable
446233,Ecclesia College,1,5,2,1,2,Ecclesia College,AR,41,1,2,,,,56,,2,1,20,17,14,,22,20,63,37,29,32,32,3,120,57,,,Unavailable,,,Unavailable,,,,15750,15750,Unavailable,138,125,125,89,11,123,115,8,15,10,5,138,125,91,9,13,17,22,132,14,19,5,108,0,22,10,Unavailable,8,38,17,11,Unavailable,19,Unavailable,89,Unavailable,Unavailable,Unavailable,Unavailable
497000,Remington College-Online Dallas,1,48,2,1,3,Remington College-Online Dallas,TX,11,1,2,,,,89,,11,10,,,,,9,,,,,,,,,,,,Unavailable,,,Unavailable,,,,15764,15764,Unavailable,98,98,98,13,87,13,13,0,85,85,0,111,111,100,Unavailable,,8,9,111,100,111,0,0,,45,11,Unavailable,Unavailable,Unavailable,Unavailable,#VALUE!,Unavailable,Unavailable,Unavailable,13,Unavailable,Unavailable,Unavailable,Unavailable
477039,West Coast University-Dallas,1,48,3,1,2,West Coast University-Dallas,TX,12,2,3,,,,52,,60,6,,,,12,135,,,,,,,,,,,,Unavailable,,,Unavailable,,,,15790,15790,Unavailable,1014,631,631,31,69,314,202,112,700,429,271,1014,631,62,38,383,13,135,1014,14,139,626,249,1,4,14,Unavailable,Unavailable,Unavailable,Unavailable,43,Unavailable,Unavailable,Unavailable,31,Unavailable,Unavailable,Unavailable,Unavailable
194693,Rabbinical College Beth Shraga,1,36,2,1,3,Rabbinical College Beth Shraga,NY,21,1,2,,,,22,,0,0,14,14,0,,1,,45,45,0,9,9,3,27,25,,,Unavailable,,,Unavailable,,,,15800,15800,Unavailable,Unavailable,Unavailable,Unavailable,#VALUE!,Unavailable,48,48,0,,,,48,48,100,Unavailable,,2,1,48,Unavailable,,,48,,13,12,Unavailable,0,Unavailable,7,#VALUE!,Unavailable,9,Unavailable,Unavailable,Unavailable,Unavailable,Unavailable,Unavailable
130183,Post University,1,9,3,1,2,Post University,CT,12,5,3,,,,75,,600,3,22,22,15,458,2967,25,51,35,29,33,35,,,,,,Unavailable,,,Unavailable,,,,15834,15834,Unavailable,19575,7117,7117,17,83,3334,1365,1969,16241,5752,10489,19575,7117,36,64,12458,16,2967,18975,97,18318,282,375,358,711,16,Unavailable,9,50,18,81,Unavailable,19,Unavailable,17,Unavailable,Unavailable,Unavailable,Unavailable
193308,Monroe College,1,36,3,1,2,Monroe College,NY,11,3,3,,,,63,,54,1,73,72,63,,552,61,61,57,56,60,61,3,4989,3287,,,Unavailable,,,Unavailable,,,,15912,15912,Unavailable,6400,3781,3781,57,43,3636,2513,1123,2764,1268,1496,6400,3781,59,41,2619,10,552,5670,23,1292,1500,2878,61,448,18,Unavailable,38,62,35,36,Unavailable,48,Unavailable,57,Unavailable,Unavailable,Unavailable,Unavailable
198862,Livingstone College,1,37,2,1,2,Livingstone College,NC,21,1,2,,,,84,,1,0,24,23,14,12,39,23,70,27,14,22,24,3,4748,3518,,,Unavailable,,,Unavailable,,,,15917,15917,Unavailable,799,795,795,94,6,750,748,2,49,47,2,799,795,99,1,4,5,39,798,0,0,414,384,2,214,13,Unavailable,8,54,12,3,Unavailable,16,Unavailable,94,Unavailable,Unavailable,Unavailable,Unavailable
157951,Western Kentucky University,1,21,1,1,2,Western Kentucky University,KY,13,4,1,0,71,29,34,12054,239,2,61,57,40,151,760,42,67,54,42,54,56,5,7720,7492,1,3,4,500,445,945,18,17,16,11436,27000,15950,14590,11330,11330,91,9,13220,10688,2532,1370,642,728,14590,11330,78,22,3260,6,760,12267,11,1355,6004,4908,22,2428,18,31,24,38,27,14,2,39,Unavailable,91,1,Unavailable,Unavailable,Unavailable
217934,Columbia College,1,45,2,1,2,Columbia College,SC,12,2,2,,,,53,,32,3,51,51,46,9,275,58,51,53,48,52,53,3,2163,2072,,,Unavailable,,,Unavailable,,,,15980,15980,Unavailable,1268,907,907,57,43,720,646,74,548,261,287,1268,907,72,28,361,22,275,1245,41,511,22,712,20,170,11,Unavailable,28,56,34,38,Unavailable,39,Unavailable,57,Unavailable,Unavailable,Unavailable,Unavailable
153861,Maharishi International University,1,19,2,1,2,Maharishi International University,IA,33,2,2,,,,55,,35,5,35,35,20,39,213,23,0,18,18,18,18,3,129,125,,,Unavailable,,,Unavailable,,,,16000,16000,Unavailable,777,359,359,25,75,193,90,103,584,269,315,777,359,46,54,418,28,213,774,66,509,0,265,16,20,13,Unavailable,12,39,31,66,Unavailable,32,Unavailable,25,Unavailable,Unavailable,Unavailable,Unavailable
495059,Oak Valley College,1,6,2,1,2,Oak Valley College,CA,21,1,2,,,,45,,0,0,,,,,0,,43,43,43,43,43,,,,,,Unavailable,,,Unavailable,,,,16000,16000,Unavailable,51,50,50,86,14,44,43,1,7,7,0,52,51,98,2,1,0,,52,Unavailable,,,52,0,15,7,Unavailable,Unavailable,Unavailable,Unavailable,#VALUE!,Unavailable,Unavailable,Unavailable,86,Unavailable,Unavailable,Unavailable,Unavailable
461759,Simmons College of Kentucky,1,21,2,1,2,Simmons College of Kentucky,KY,11,1,2,,,,47,,7,2,57,43,29,8,25,22,40,34,4,16,20,3,280,275,,,Unavailable,,,Unavailable,,,,16008,16008,Unavailable,387,333,333,42,58,164,146,18,223,187,36,389,335,86,14,54,7,25,381,10,40,112,229,7,37,8,Unavailable,17,35,21,30,Unavailable,37,Unavailable,42,Unavailable,Unavailable,Unavailable,Unavailable
214810,Pennsylvania State University-Penn State Schuylkill,1,42,1,1,2,Pennsylvania State University-Penn State Schuylkill,PA,31,1,1,0,86,14,39,20317,13,2,16,16,12,3,28,16,18,21,11,16,16,5,816,743,16,1,17,550,510,1060,,,,14624,24562,16015,650,576,576,94,6,610,549,61,40,27,13,650,576,89,11,74,5,28,617,1,8,305,304,2,155,12,37,7,28,9,6,Unavailable,11,Unavailable,94,Unavailable,Unavailable,Unavailable,Unavailable
161022,Maine College of Health Professions,1,23,2,1,3,Maine College of Health Professions,ME,13,1,2,,,,51,,2,1,,,,5,81,,0,83,,,,5,18,6,83,0,83,455,455,910,,,,16037,16037,Unavailable,228,122,122,33,67,76,44,32,152,78,74,228,122,54,46,106,36,81,228,15,35,34,159,0,0,13,Unavailable,Unavailable,Unavailable,Unavailable,45,Unavailable,Unavailable,Unavailable,33,Unavailable,Unavailable,Unavailable,Unavailable
200484,Trinity Bible College and Graduate School,1,38,2,1,2,Trinity Bible College and Graduate School,ND,43,1,2,,,,50,,2,1,50,50,32,13,7,36,50,39,21,33,43,5,185,67,9,72,81,,,Unavailable,22,21,20,16066,16066,Unavailable,144,116,116,87,13,125,115,10,19,1,18,144,116,81,19,28,5,7,138,13,18,7,113,1,29,9,Unavailable,19,43,23,15,#VALUE!,32,Unavailable,87,Unavailable,#VALUE!,Unavailable,Unavailable
180489,The University of Montana,1,30,1,1,2,The University of Montana,MT,13,4,1,0,55,45,29,17775,227,3,51,49,33,58,550,34,55,45,31,42,45,5,9464,9048,1,1,2,,,Unavailable,24,,,5736,28800,16115,7570,6141,6141,80,20,6083,5196,887,1487,945,542,7570,6141,81,19,1429,8,550,7079,8,587,2907,3585,60,1283,18,25,20,32,24,16,#VALUE!,34,Unavailable,80,Unavailable,Unavailable,Unavailable,Unavailable
182148,Las Vegas College,1,32,3,1,3,Las Vegas College,NV,21,1,3,,,,50,,14,3,,,,15,17,,25,58,,,,,,,,,Unavailable,,,Unavailable,,,,16188,16188,Unavailable,545,545,545,28,72,154,154,0,391,391,0,545,545,100,Unavailable,,3,17,545,1,4,325,216,,0,19,Unavailable,Unavailable,Unavailable,Unavailable,#VALUE!,Unavailable,Unavailable,Unavailable,28,Unavailable,Unavailable,Unavailable,Unavailable
452948,Galen College of Nursing-Cincinnati,1,39,3,1,3,Galen College of Nursing-Cincinnati,OH,21,1,3,,,,57,,15,2,,,,6,267,,50,55,,,,,,,,,Unavailable,,,Unavailable,,,,16200,16200,Unavailable,670,436,436,33,67,218,145,73,452,291,161,670,436,65,35,234,40,267,670,0,0,670,0,13,18,12,Unavailable,Unavailable,Unavailable,Unavailable,37,Unavailable,Unavailable,Unavailable,33,Unavailable,Unavailable,Unavailable,Unavailable
406033,Galen College of Nursing-San Antonio,1,48,3,1,3,Galen College of Nursing-San Antonio,TX,11,2,3,,,,53,,173,5,,,,26,1088,50,73,68,63,63,63,,,,,,Unavailable,,,Unavailable,,,,16200,16200,Unavailable,3206,2140,2140,21,79,667,467,200,2539,1673,866,3206,2140,67,33,1066,34,1088,3206,0,0,3206,0,26,78,12,Unavailable,Unavailable,52,Unavailable,42,Unavailable,Unavailable,Unavailable,21,Unavailable,Unavailable,Unavailable,Unavailable
406024,Galen College of Nursing-Tampa Bay,1,12,3,1,3,Galen College of Nursing-Tampa Bay,FL,11,2,3,,,,48,,78,5,,,,18,621,100,82,64,0,0,50,,,,,,Unavailable,,,Unavailable,,,,16200,16200,Unavailable,1601,1015,1015,24,76,377,250,127,1224,765,459,1601,1015,63,37,586,39,621,1601,0,0,1601,0,4,18,12,Unavailable,Unavailable,74,Unavailable,42,Unavailable,Unavailable,Unavailable,24,Unavailable,Unavailable,Unavailable,Unavailable
498119,Galen Health Institutes-Asheville,1,37,3,1,3,Galen Health Institutes-Asheville,NC,13,1,3,,,,58,,0,0,,,,2,146,,,,,,,,,,,,Unavailable,,,Unavailable,,,,16200,16200,Unavailable,183,90,90,16,84,29,19,10,154,71,83,183,90,49,51,93,80,146,183,0,0,183,0,0,1,12,Unavailable,Unavailable,Unavailable,Unavailable,49,Unavailable,Unavailable,Unavailable,16,Unavailable,Unavailable,Unavailable,Unavailable
497116,Galen Health Institutes-Austin Campus,1,48,3,1,3,Galen Health Institutes-Austin Campus,TX,21,1,3,,,,51,,173,19,,,,6,452,,,,,,,,,,,,Unavailable,,,Unavailable,,,,16200,16200,Unavailable,917,588,588,22,78,199,129,70,718,459,259,917,588,64,36,329,49,452,917,0,0,917,0,12,15,12,Unavailable,Unavailable,Unavailable,Unavailable,42,Unavailable,Unavailable,Unavailable,22,Unavailable,Unavailable,Unavailable,Unavailable
499273,Galen Health Institutes-Dallas,1,48,3,1,3,Galen Health Institutes-Dallas,TX,12,1,3,,,,,,,Unavailable,,,,3,367,,,,,,,,,,,,Unavailable,,,Unavailable,,,,16200,16200,Unavailable,554,281,281,15,85,84,59,25,470,222,248,554,281,51,49,273,66,367,554,0,0,554,0,0,0,12,Unavailable,Unavailable,Unavailable,Unavailable,49,Unavailable,Unavailable,Unavailable,15,Unavailable,Unavailable,Unavailable,Unavailable
498085,Galen Health Institutes-Gainesville,1,12,3,1,3,Galen Health Institutes-Gainesville,FL,22,1,3,,,,66,,0,0,,,,4,353,,,,,,,,,,,,Unavailable,,,Unavailable,,,,16200,16200,Unavailable,638,396,396,23,77,144,94,50,494,302,192,638,396,62,38,242,55,353,638,0,0,638,0,0,3,12,Unavailable,Unavailable,Unavailable,Unavailable,42,Unavailable,Unavailable,Unavailable,23,Unavailable,Unavailable,Unavailable,Unavailable
498474,Galen Health Institutes-Houston,1,48,3,1,3,Galen Health Institutes-Houston,TX,11,1,3,,,,,,,Unavailable,,,,6,442,,,,,,,,,,,,Unavailable,,,Unavailable,,,,16200,16200,Unavailable,543,278,278,14,86,75,39,36,468,239,229,543,278,51,49,265,81,442,543,0,0,543,0,0,0,12,Unavailable,Unavailable,Unavailable,Unavailable,49,Unavailable,Unavailable,Unavailable,14,Unavailable,Unavailable,Unavailable,Unavailable
496991,Galen Health Institutes-Miami Campus,1,12,3,1,3,Galen Health Institutes-Miami Campus,FL,21,1,3,,,,55,,2,0,,,,4,360,,,,,,,,,,,,Unavailable,,,Unavailable,,,,16200,16200,Unavailable,635,378,378,22,78,142,96,46,493,282,211,635,378,60,40,257,57,360,635,0,0,635,0,2,5,12,Unavailable,Unavailable,Unavailable,Unavailable,43,Unavailable,Unavailable,Unavailable,22,Unavailable,Unavailable,Unavailable,Unavailable
497125,Galen Health Institutes-Nashville Campus,1,47,3,1,3,Galen Health Institutes-Nashville Campus,TN,11,1,3,,,,42,,18,2,,,,4,493,,,,,,,,,,,,Unavailable,,,Unavailable,,,,16200,16200,Unavailable,763,426,426,22,78,171,105,66,592,321,271,763,426,56,44,337,65,493,763,0,0,763,0,4,3,12,Unavailable,Unavailable,Unavailable,Unavailable,44,Unavailable,Unavailable,Unavailable,22,Unavailable,Unavailable,Unavailable,Unavailable
498076,Galen Health Institutes-Sarasota,1,12,3,1,3,Galen Health Institutes-Sarasota,FL,21,1,3,,,,52,,0,0,,,,3,248,,,,,,,,,,,,Unavailable,,,Unavailable,,,,16200,16200,Unavailable,404,226,226,27,73,111,62,49,293,164,129,404,226,56,44,178,61,248,404,0,0,404,0,0,3,12,Unavailable,Unavailable,Unavailable,Unavailable,42,Unavailable,Unavailable,Unavailable,27,Unavailable,Unavailable,Unavailable,Unavailable
178891,Ranken Technical College,1,29,2,1,3,Ranken Technical College,MO,11,2,2,,,,42,,129,8,73,73,9,30,88,0,28,51,18,18,18,,,,,,Unavailable,,,Unavailable,,,,16200,16200,Unavailable,1696,1248,1248,71,29,1210,1027,183,486,221,265,1696,1248,74,26,448,5,88,1695,7,112,1056,527,0,0,11,Unavailable,5,21,32,21,Unavailable,46,Unavailable,71,Unavailable,Unavailable,Unavailable,Unavailable
218821,Spartanburg Methodist College,1,45,2,1,3,Spartanburg Methodist College,SC,22,2,2,,,,60,,12,1,,,,11,53,,52,38,,,,3,1946,1584,,,Unavailable,,,Unavailable,,,,16200,16200,Unavailable,1029,993,993,94,6,965,935,30,64,58,6,1029,993,97,3,36,5,53,1029,16,166,407,456,0,0,17,Unavailable,Unavailable,Unavailable,Unavailable,8,Unavailable,Unavailable,Unavailable,94,Unavailable,Unavailable,Unavailable,Unavailable
126076,Yeshiva Ohr Elchonon Chabad West Coast Talmudical Seminary,1,6,2,1,2,Yeshiva Ohr Elchonon Chabad West Coast Talmudical Seminary,CA,11,1,2,,,,55,,0,0,25,25,24,,11,16,23,20,20,20,20,3,107,66,,,Unavailable,,,Unavailable,,,,16200,16200,Unavailable,Unavailable,Unavailable,Unavailable,#VALUE!,Unavailable,157,157,0,,,,157,157,100,Unavailable,,7,11,157,Unavailable,,,157,,68,16,Unavailable,14,36,14,#VALUE!,Unavailable,18,Unavailable,Unavailable,Unavailable,Unavailable,Unavailable,Unavailable
199458,Mid-Atlantic Christian University,1,37,2,1,2,Mid-Atlantic Christian University,NC,32,1,2,,,,50,,5,3,46,46,25,5,14,38,46,43,35,41,43,5,290,221,7,0,7,,,Unavailable,,,,16200,16200,Unavailable,177,133,133,79,21,139,117,22,38,16,22,177,133,75,25,44,9,14,161,19,30,52,79,0,21,9,Unavailable,15,44,24,22,Unavailable,31,Unavailable,79,Unavailable,Unavailable,Unavailable,Unavailable
147129,Methodist College,1,17,2,1,2,Methodist College,IL,12,1,2,,,,56,,7,2,56,56,44,13,46,100,0,75,75,75,75,5,45,14,7,0,7,,,Unavailable,,,,16248,16248,Unavailable,374,169,169,35,65,132,69,63,242,100,142,374,169,45,55,205,12,46,374,10,39,146,189,0,1,8,Unavailable,26,78,30,45,Unavailable,39,Unavailable,35,Unavailable,Unavailable,Unavailable,Unavailable
137777,Talmudic College of Florida,1,12,2,1,2,Talmudic College of Florida,FL,13,1,2,,,,39,,0,0,63,63,11,2,0,71,50,59,59,59,59,,,,,,Unavailable,,,Unavailable,,,,16250,16250,Unavailable,Unavailable,Unavailable,Unavailable,#VALUE!,Unavailable,26,26,0,,,,26,26,100,Unavailable,,0,,26,Unavailable,,,26,,8,4,Unavailable,7,55,25,#VALUE!,Unavailable,38,Unavailable,Unavailable,Unavailable,Unavailable,Unavailable,Unavailable
214795,Pennsylvania State University-Penn State Mont Alto,1,42,1,1,2,Pennsylvania State University-Penn State Mont Alto,PA,41,1,1,0,74,26,28,20294,24,4,18,18,12,1,29,19,21,25,14,16,18,5,608,549,26,0,26,590,580,1170,,,,13824,23316,16292,587,501,501,89,11,525,474,51,62,27,35,587,501,85,15,86,5,29,547,1,8,261,278,1,156,9,30,7,24,10,9,Unavailable,13,Unavailable,89,Unavailable,Unavailable,Unavailable,Unavailable
207856,Southwestern Christian University,1,40,2,1,2,Southwestern Christian University,OK,21,1,2,,,,41,,0,0,23,21,15,10,33,28,9,13,6,12,13,,,,,,Unavailable,,,Unavailable,,,,16323,16323,Unavailable,351,332,332,92,8,324,312,12,27,20,7,351,332,95,5,19,9,33,351,3,12,143,196,6,110,12,Unavailable,9,35,14,6,Unavailable,18,Unavailable,92,Unavailable,Unavailable,Unavailable,Unavailable
366252,Pennsylvania College of Technology,1,42,1,1,3,Pennsylvania College of Technology,PA,13,2,1,0,88,12,32,24650,216,5,56,55,44,62,299,45,56,50,42,52,54,,,,,,Unavailable,,,Unavailable,,,,15450,23190,16379,4265,3500,3500,85,15,3643,3277,366,622,223,399,4287,3517,82,18,770,7,299,4254,9,390,1502,2362,6,537,14,35,26,39,26,14,Unavailable,36,Unavailable,85,Unavailable,Unavailable,Unavailable,Unavailable
104717,Grand Canyon University,1,4,3,1,2,Grand Canyon University,AZ,11,5,3,,,,44,,3256,5,46,45,37,60,13124,37,52,43,37,41,43,5,47978,28960,0,0,0,570,535,1105,21,21,20,16390,16390,Unavailable,70929,25141,25141,48,52,34183,23717,10466,36746,1424,35322,70929,25141,35,65,45788,19,13124,68619,67,45724,13801,9094,1044,7400,21,Unavailable,22,41,29,60,0,35,Unavailable,48,0,Unavailable,Unavailable,Unavailable
208725,New Hope Christian College-Eugene,1,41,2,1,2,New Hope Christian College-Eugene,OR,12,1,2,,,,78,,1,2,44,44,22,3,3,25,33,25,25,25,25,3,32,21,,,Unavailable,,,Unavailable,,,,16440,16440,Unavailable,45,37,37,76,24,34,32,2,11,5,6,46,38,83,17,8,7,3,45,7,3,20,22,0,11,3,Unavailable,13,52,22,17,Unavailable,29,Unavailable,76,Unavailable,Unavailable,Unavailable,Unavailable
220552,South College,1,47,3,1,3,South College,TN,12,3,3,,,,50,,466,7,49,49,32,58,2196,29,45,37,25,28,28,,,,,,Unavailable,,,Unavailable,,,,16450,16450,Unavailable,6406,4988,4988,39,61,2477,1979,498,3929,3009,920,6406,4988,78,22,1418,35,2196,6323,59,3700,1409,1214,8,26,23,Unavailable,19,40,40,49,Unavailable,43,Unavailable,39,Unavailable,Unavailable,Unavailable,Unavailable
188182,University of the Southwest,1,35,2,1,2,University of the Southwest,NM,33,2,2,,,,56,,3,1,9,9,7,14,78,19,39,27,23,27,27,,,,,,Unavailable,,,Unavailable,,,,16470,16470,Unavailable,337,317,317,88,12,295,286,9,42,31,11,337,317,94,6,20,23,78,337,14,47,247,43,3,79,21,Unavailable,4,38,17,11,Unavailable,15,Unavailable,88,Unavailable,Unavailable,Unavailable,Unavailable
217873,Claflin University,1,45,2,1,2,Claflin University,SC,32,2,2,,,,73,,32,2,52,51,38,13,77,45,74,49,36,45,49,3,6999,5078,,,Unavailable,,,Unavailable,,,,16476,16476,Unavailable,1730,1613,1613,90,10,1561,1491,70,169,122,47,1754,1613,92,8,141,4,77,1727,10,165,0,1562,,384,13,Unavailable,23,59,23,9,Unavailable,33,Unavailable,90,Unavailable,Unavailable,Unavailable,Unavailable
230366,Eagle Gate College-Murray,1,49,3,1,2,Eagle Gate College-Murray,UT,13,1,3,,,,51,,3,1,36,36,36,4,45,55,0,53,39,44,44,,,,,,Unavailable,,,Unavailable,,,,16491,16491,Unavailable,263,263,263,33,67,87,87,0,176,176,0,263,263,100,Unavailable,,18,45,252,2,4,248,0,,3,22,Unavailable,22,53,25,#VALUE!,Unavailable,29,Unavailable,33,Unavailable,Unavailable,Unavailable,Unavailable
380438,Provo College,1,49,3,1,2,Provo College,UT,12,1,3,,,,57,,13,2,0,0,0,6,96,52,75,64,55,57,57,,,,,,Unavailable,,,Unavailable,,,,16491,16491,Unavailable,705,705,705,53,47,371,371,0,334,334,0,705,705,100,Unavailable,,14,96,704,0,0,704,0,,21,39,Unavailable,0,55,8,#VALUE!,Unavailable,5,Unavailable,53,Unavailable,Unavailable,Unavailable,Unavailable
214652,Pennsylvania State University-Penn State Scranton,1,42,1,1,2,Pennsylvania State University-Penn State Scranton,PA,21,1,1,0,81,19,44,18239,21,3,31,30,21,2,42,36,30,32,21,30,31,5,2240,2125,24,1,25,610,580,1190,,,,14624,24562,16512,837,789,789,92,8,769,735,34,68,54,14,837,789,94,6,48,5,42,821,0,3,278,540,2,220,11,38,13,40,15,5,Unavailable,21,Unavailable,92,Unavailable,Unavailable,Unavailable,Unavailable
436818,University of Connecticut-Waterbury Campus,1,9,1,1,2,University of Connecticut-Waterbury Campus,CT,12,1,1,0,99,1,51,8220,14,2,67,65,41,,29,53,51,59,41,56,59,1,2137,1860,43,1,44,550,520,1070,,,,16332,39000,16559,760,716,716,93,7,708,673,35,52,43,9,760,716,94,6,44,4,29,746,2,15,207,524,5,234,20,45,25,52,28,5,Unavailable,42,Unavailable,93,Unavailable,Unavailable,Unavailable,Unavailable
214829,Pennsylvania State University-Penn State York,1,42,1,1,2,Pennsylvania State University-Penn State York,PA,22,1,1,0,80,20,30,19159,36,5,16,15,9,5,63,20,4,11,8,10,12,5,2012,1855,35,1,36,580,590,1170,,,,14624,24562,16612,702,586,586,89,11,622,549,73,80,37,43,702,586,83,17,116,9,63,668,0,2,251,415,3,186,12,32,5,25,12,10,Unavailable,13,Unavailable,89,Unavailable,Unavailable,Unavailable,Unavailable
201964,Ohio Christian University,1,39,2,1,2,Ohio Christian University,OH,41,2,2,,,,52,,20,1,44,42,34,,97,36,58,36,45,48,48,5,1223,488,1,7,8,,,Unavailable,16,15,16,16640,16640,Unavailable,1280,549,549,70,30,892,344,548,388,205,183,1340,566,42,58,774,12,97,816,67,545,0,271,30,101,11,Unavailable,20,44,24,49,#VALUE!,31,Unavailable,70,Unavailable,Unavailable,Unavailable,Unavailable
197993,Bennett College,1,37,2,1,2,Bennett College,NC,11,1,2,,,,75,,0,0,22,22,14,,15,17,100,21,11,18,21,5,723,243,12,8,20,465,425,890,,,,16640,16640,Unavailable,193,189,189,91,9,176,173,3,17,16,1,195,189,97,3,6,8,15,191,17,33,94,64,0,30,7,Unavailable,8,46,14,10,Unavailable,16,Unavailable,91,Unavailable,Unavailable,Unavailable,Unavailable
181297,Nebraska Methodist College of Nursing & Allied Health,1,31,2,1,2,Nebraska Methodist College of Nursing & Allied Health,NE,11,2,2,,,,32,,22,3,73,73,32,20,197,58,63,67,46,57,60,3,111,98,,,Unavailable,,,Unavailable,,,,16695,16695,Unavailable,752,541,541,68,32,515,390,125,237,151,86,752,541,72,28,211,26,197,752,10,74,543,135,5,32,12,Unavailable,19,45,45,24,Unavailable,54,Unavailable,68,Unavailable,Unavailable,Unavailable,Unavailable
186201,Ramapo College of New Jersey,1,34,1,1,2,Ramapo College of New Jersey,NJ,21,3,1,0,93,7,28,17348,38,1,72,72,58,60,368,75,64,72,59,69,72,5,7553,5530,5,2,7,610,580,1190,24,24,21,15978,26388,16707,5013,4393,4393,91,9,4547,4141,406,466,252,214,5013,4393,88,12,620,8,368,4664,2,91,1274,3299,4,846,16,34,35,52,34,8,5,46,Unavailable,91,4,Unavailable,Unavailable,Unavailable
183071,University of New Hampshire at Manchester,1,33,1,1,2,University of New Hampshire at Manchester,NH,12,1,1,0,92,8,33,13097,27,5,64,64,50,10,54,89,54,65,51,75,75,5,505,441,29,3,32,580,560,1140,,,,15150,34860,16727,522,410,410,74,26,386,340,46,136,70,66,522,410,79,21,112,11,54,486,3,16,212,258,1,44,9,36,30,61,32,18,Unavailable,43,Unavailable,74,Unavailable,Unavailable,Unavailable,Unavailable
171571,Oakland University,1,26,1,1,2,Oakland University,MI,21,4,1,0,96,4,30,15734,168,1,59,56,31,216,1353,50,64,57,34,51,57,5,12398,8708,1,0,1,570,540,1110,,,,16429,24737,16761,12719,10141,10141,85,15,10820,9173,1647,1899,968,931,12719,10141,80,20,2578,11,1353,12450,7,920,6287,5243,48,2068,17,36,19,40,29,14,Unavailable,40,Unavailable,85,Unavailable,Unavailable,Unavailable,Unavailable
194569,Davis College,1,36,2,1,2,Davis College,NY,42,1,2,,,,50,,1,1,57,57,57,3,28,27,100,39,15,31,31,3,9,3,,,Unavailable,,,Unavailable,,,,16800,16800,Unavailable,137,55,55,82,18,113,47,66,24,8,16,137,55,40,60,82,32,28,88,59,52,9,27,1,1,6,Unavailable,34,39,42,43,Unavailable,47,Unavailable,82,Unavailable,Unavailable,Unavailable,Unavailable
490276,Yeshiva Shaar Ephraim,1,36,2,1,3,Yeshiva Shaar Ephraim,NY,21,1,2,,,,73,,0,0,17,17,0,1,21,13,0,8,0,8,8,,,,,,Unavailable,,,Unavailable,,,,16800,16800,Unavailable,137,137,137,99,1,136,136,0,1,1,0,138,138,100,Unavailable,,15,21,138,Unavailable,,,138,,45,10,Unavailable,0,43,16,#VALUE!,Unavailable,16,Unavailable,99,Unavailable,Unavailable,Unavailable,Unavailable
183488,Eastwick College-Hackensack,1,34,3,1,3,Eastwick College-Hackensack,NJ,21,1,3,,,,76,,4,0,,,,1,209,,90,44,,,,,,,,,Unavailable,,,Unavailable,,,,16813,16813,Unavailable,873,625,625,41,59,362,313,49,511,312,199,874,625,72,28,249,24,209,874,0,0,874,0,12,99,25,Unavailable,Unavailable,Unavailable,Unavailable,32,Unavailable,Unavailable,Unavailable,41,Unavailable,Unavailable,Unavailable,Unavailable
167987,University of Massachusetts-Dartmouth,1,25,1,1,2,University of Massachusetts-Dartmouth,MA,22,3,1,0,86,14,37,20696,59,1,55,54,39,22,385,44,54,49,35,46,49,5,9794,9026,13,1,14,580,570,1150,24,28,22,14533,31075,16849,5602,4707,4707,86,14,4835,4371,464,767,336,431,5602,4707,84,16,895,7,385,5289,12,637,414,4238,18,1296,15,36,23,41,26,14,10,36,Unavailable,86,9,Unavailable,Unavailable,Unavailable
214768,Pennsylvania State University-Penn State Hazleton,1,42,1,1,2,Pennsylvania State University-Penn State Hazleton,PA,23,1,1,0,77,23,48,19920,9,2,18,17,12,4,36,16,11,18,11,14,14,5,714,650,26,1,27,610,590,1200,,,,14624,24562,16910,510,484,484,91,9,465,451,14,45,33,12,510,484,95,5,26,7,36,508,1,3,215,290,0,134,11,38,7,32,11,5,Unavailable,14,Unavailable,91,Unavailable,Unavailable,Unavailable,Unavailable
184959,Eastwick College-Ramsey,1,34,3,1,3,Eastwick College-Ramsey,NJ,21,1,3,,,,45,,9,1,100,100,100,7,252,,43,64,,,,,,,,,Unavailable,,,Unavailable,,,,16928,16928,Unavailable,929,448,448,32,68,299,153,146,630,295,335,929,448,48,52,481,27,252,929,0,0,929,0,20,4,13,Unavailable,60,Unavailable,56,43,Unavailable,71,Unavailable,32,Unavailable,Unavailable,Unavailable,Unavailable
210146,Southern Oregon University,1,41,1,1,2,Southern Oregon University,OR,22,3,1,0,61,39,37,17433,81,2,43,41,28,8,312,34,49,44,31,42,44,3,3564,2946,,,Unavailable,,,Unavailable,,,,9675,28305,16941,4367,2440,2440,82,18,3586,2012,1574,781,428,353,4368,2440,56,44,1928,11,312,2911,14,394,1184,1333,32,478,23,30,17,36,23,24,Unavailable,30,Unavailable,82,Unavailable,Unavailable,Unavailable,Unavailable
180878,Bryan College of Health Sciences,1,31,2,1,2,Bryan College of Health Sciences,NE,11,1,2,,,,24,,13,2,70,70,70,3,84,67,63,75,56,69,71,3,151,95,,,Unavailable,,,Unavailable,,,,16973,16973,Unavailable,610,340,340,84,16,514,298,216,96,42,54,610,340,56,44,270,16,84,534,2,10,305,219,10,62,9,Unavailable,42,46,37,20,Unavailable,48,Unavailable,84,Unavailable,Unavailable,Unavailable,Unavailable
192785,Maria College of Albany,1,36,2,1,3,Maria College of Albany,NY,12,1,2,,,,41,,8,1,57,57,43,10,199,,44,43,25,25,50,5,256,156,16,0,16,510,530,1040,,,,16980,16980,Unavailable,703,140,140,31,69,219,66,153,484,74,410,703,140,20,80,563,28,199,702,7,51,278,373,1,1,5,Unavailable,26,Unavailable,40,54,Unavailable,46,Unavailable,31,Unavailable,Unavailable,Unavailable,Unavailable
440828,Oregon State University-Cascades Campus,1,41,1,1,2,Oregon State University-Cascades Campus,OR,12,2,1,0,73,27,28,18949,49,5,50,50,50,,150,47,45,51,33,47,51,3,1787,1223,,,Unavailable,,,Unavailable,,,,10965,33315,17000,1058,628,628,80,20,843,535,308,215,93,122,1058,628,59,41,430,14,150,1054,Unavailable,,,1054,41,147,9,29,30,38,29,#VALUE!,Unavailable,36,Unavailable,80,Unavailable,Unavailable,Unavailable,Unavailable
436827,University of Connecticut-Avery Point,1,9,1,1,2,University of Connecticut-Avery Point,CT,22,1,1,0,97,3,35,9139,21,4,58,56,38,,27,50,57,57,39,55,57,1,1245,1077,38,1,39,580,550,1130,,,,16332,39000,17012,474,440,440,90,10,427,406,21,47,34,13,474,440,93,7,34,6,27,464,0,1,47,416,3,179,13,38,23,43,26,6,Unavailable,37,Unavailable,90,Unavailable,Unavailable,Unavailable,Unavailable
213376,Lackawanna College,1,42,2,1,3,Lackawanna College,PA,13,2,2,,,,60,,34,2,,,,61,266,0,47,38,20,20,20,,,,,,Unavailable,,,Unavailable,,,,17020,17020,Unavailable,1936,1388,1388,68,32,1314,1028,286,622,360,262,1939,1389,72,28,550,14,266,1837,32,595,764,478,1,7,22,Unavailable,Unavailable,30,Unavailable,31,Unavailable,Unavailable,Unavailable,68,Unavailable,Unavailable,Unavailable,Unavailable
209506,Oregon Institute of Technology,1,41,1,1,2,Oregon Institute of Technology,OR,33,3,1,0,71,29,30,17274,111,2,56,56,28,12,410,54,66,59,26,51,59,5,5006,4589,14,4,18,580,590,1170,23,22,24,10492,33397,17134,5012,2077,2077,81,19,4049,1713,2336,963,364,599,5012,2077,41,59,2935,14,410,2913,16,458,862,1593,43,420,14,30,17,42,31,30,13,39,Unavailable,81,10,Unavailable,Unavailable,Unavailable
214786,Pennsylvania State University-Penn State Greater Allegheny,1,42,1,1,2,Pennsylvania State University-Penn State Greater Allegheny,PA,21,1,1,0,65,35,44,14933,15,4,17,16,8,7,20,34,30,27,20,27,27,5,581,550,16,2,18,570,555,1125,,,,13824,23316,17146,361,344,344,93,7,335,325,10,26,19,7,361,344,95,5,17,6,20,360,1,3,132,225,2,111,8,34,5,39,10,5,Unavailable,12,Unavailable,93,Unavailable,Unavailable,Unavailable,Unavailable
218964,Winthrop University,1,45,1,1,2,Winthrop University,SC,13,2,1,0,87,13,43,16838,76,2,59,58,46,8,268,56,66,61,51,60,61,5,5858,4397,26,18,44,580,540,1120,23,,,15306,29636,17169,3787,3214,3214,93,7,3521,3063,458,266,151,115,3787,3214,85,15,573,8,268,3424,2,71,2243,1110,2,707,12,39,28,50,28,8,30,39,Unavailable,93,Unavailable,30,Unavailable,Unavailable
117575,Southern California Seminary,1,6,2,1,2,Southern California Seminary,CA,21,1,2,,,,32,,4,13,,,,1,3,,,,,,,,,,,,Unavailable,,,Unavailable,,,,17280,17280,Unavailable,31,8,8,23,77,7,3,4,24,5,19,31,8,26,74,23,10,3,30,63,19,3,8,2,0,9,Unavailable,Unavailable,Unavailable,Unavailable,72,Unavailable,Unavailable,Unavailable,23,Unavailable,Unavailable,Unavailable,Unavailable
231785,Bryant & Stratton College-Virginia Beach,1,51,2,1,3,Bryant & Stratton College-Virginia Beach,VA,11,2,2,,,,62,,106,8,0,0,0,30,319,,24,28,,,,,,,,,Unavailable,,,Unavailable,,,,17352,17352,Unavailable,1339,713,713,39,61,519,365,154,820,348,472,1339,713,53,47,626,24,319,1327,0,0,371,956,1,5,19,Unavailable,0,Unavailable,14,39,Unavailable,10,Unavailable,39,Unavailable,Unavailable,Unavailable,Unavailable
110653,University of California-Irvine,1,6,1,1,2,University of California-Irvine,CA,11,5,1,0,82,18,37,14647,34,0,85,84,68,89,2883,84,88,86,73,85,86,3,121101,30962,,,Unavailable,,,Unavailable,,,,11834,42611,17374,29503,28884,28884,97,3,28556,28026,530,947,858,89,29503,28884,98,2,619,10,2883,29494,1,397,12677,16420,8,5656,18,35,41,61,39,2,Unavailable,55,Unavailable,97,Unavailable,Unavailable,Unavailable,Unavailable
248934,ECPI University,1,51,3,1,3,ECPI University,VA,11,4,3,,,,49,,2024,18,35,33,30,423,1880,29,45,45,27,29,29,3,4099,3398,,,Unavailable,,,Unavailable,,,,17424,17424,Unavailable,11385,11270,11270,31,69,3530,3437,93,7855,7833,22,11385,11270,99,1,115,17,1880,11270,30,3425,1229,6616,,253,12,Unavailable,18,39,23,37,Unavailable,28,Unavailable,31,Unavailable,Unavailable,Unavailable,Unavailable
433174,Carolinas College of Health Sciences,1,37,1,1,3,Carolinas College of Health Sciences,NC,11,1,1,,,,17,,5,1,,,,10,122,,,100,,,,1,27,22,0,5,5,,,Unavailable,,,,17460,17460,Unavailable,410,90,90,44,56,181,36,145,229,54,175,410,90,22,78,320,30,122,409,14,59,130,220,0,0,5,Unavailable,Unavailable,Unavailable,Unavailable,50,Unavailable,Unavailable,Unavailable,44,Unavailable,Unavailable,Unavailable,Unavailable
182634,Colby-Sawyer College,1,33,2,1,2,Colby-Sawyer College,NH,43,1,2,,,,24,,8,1,63,61,56,17,68,45,69,62,52,58,58,3,1557,1401,,,Unavailable,,,Unavailable,,,,17500,17500,Unavailable,832,750,750,85,15,709,687,22,123,63,60,834,752,90,10,82,9,68,778,8,61,63,654,0,182,10,Unavailable,34,35,30,11,Unavailable,41,Unavailable,85,Unavailable,Unavailable,Unavailable,Unavailable
155496,Manhattan Christian College,1,20,2,1,2,Manhattan Christian College,KS,13,1,2,,,,49,,4,3,36,36,21,4,18,40,66,55,34,41,41,5,56,56,5,61,66,,,Unavailable,19,19,19,17524,17524,Unavailable,138,106,106,93,7,129,98,31,9,8,1,145,106,73,27,39,14,18,132,22,29,9,94,,28,12,Unavailable,13,45,23,17,#VALUE!,27,Unavailable,93,Unavailable,#VALUE!,Unavailable,Unavailable
110468,Alliant International University-San Diego,1,6,3,1,2,Alliant International University-San Diego,CA,11,2,3,,,,2,,2,1,9,9,9,85,52,0,33,22,22,22,22,3,1,0,,,Unavailable,,,Unavailable,,,,17544,17544,Unavailable,355,0,0,8,92,28,0,28,327,0,327,355,,Unavailable,100,355,15,52,355,100,354,0,1,0,0,10,Unavailable,5,1,12,97,Unavailable,11,Unavailable,8,Unavailable,Unavailable,Unavailable,Unavailable
183080,Plymouth State University,1,33,1,1,2,Plymouth State University,NH,33,2,1,0,48,52,26,20280,52,2,54,53,46,19,151,40,52,47,41,46,47,3,7421,6755,,,Unavailable,,,Unavailable,,,,11870,22810,17559,3336,3247,3247,98,2,3260,3194,66,76,53,23,3336,3247,97,3,89,5,151,3298,1,22,1403,1873,10,857,15,22,28,33,24,2,Unavailable,34,Unavailable,98,Unavailable,Unavailable,Unavailable,Unavailable
447263,Joyce University of Nursing and Health Sciences,1,49,3,1,3,Joyce University of Nursing and Health Sciences,UT,21,2,3,,,,34,,0,0,100,100,100,85,291,100,40,47,50,50,50,3,180,161,,,Unavailable,,,Unavailable,,,,17609,17609,Unavailable,1878,1219,1219,41,59,766,518,248,1112,701,411,1892,1221,65,35,671,15,291,1892,4,71,1808,13,37,64,25,Unavailable,60,67,49,35,Unavailable,66,Unavailable,41,Unavailable,Unavailable,Unavailable,Unavailable
226879,Wade College,1,48,3,1,3,Wade College,TX,11,1,3,,,,68,,5,2,,,,3,44,0,100,45,33,33,33,,,,,,Unavailable,,,Unavailable,,,,17680,17680,Unavailable,205,80,80,52,48,106,46,60,99,34,65,205,80,39,61,125,21,44,205,0,0,184,21,6,3,8,Unavailable,Unavailable,34,Unavailable,38,Unavailable,Unavailable,Unavailable,52,Unavailable,Unavailable,Unavailable,Unavailable
110680,University of California-San Diego,1,6,1,1,2,University of California-San Diego,CA,11,5,1,0,81,19,33,13293,131,0,91,89,73,188,3211,83,91,88,75,86,88,3,130771,32062,,,Unavailable,,,Unavailable,,,,11834,42611,17682,33792,32852,32852,96,4,32379,31612,767,1413,1240,173,33792,32852,97,3,940,10,3211,33787,1,203,7194,26390,16,6530,19,33,44,58,41,3,Unavailable,58,Unavailable,96,Unavailable,Unavailable,Unavailable,Unavailable
497213,Great Northern University,1,53,2,1,2,Great Northern University,WA,12,1,2,,,,47,,0,0,,,,2,4,,,,,,,3,13,13,,,Unavailable,,,Unavailable,,,,17700,17700,Unavailable,36,20,20,75,25,27,17,10,9,3,6,36,20,56,44,16,11,4,36,Unavailable,,,36,1,4,3,Unavailable,Unavailable,Unavailable,Unavailable,#VALUE!,Unavailable,Unavailable,Unavailable,75,Unavailable,Unavailable,Unavailable,Unavailable
487861,Felbry College,1,39,3,1,3,Felbry College,OH,11,1,3,,,,43,,3,1,,,,1,0,,77,77,,,,3,232,150,,,Unavailable,,,Unavailable,,,,17744,17744,Unavailable,214,157,157,14,86,30,23,7,184,134,50,214,157,73,27,57,0,,214,0,0,214,0,0,0,25,Unavailable,Unavailable,Unavailable,Unavailable,42,Unavailable,Unavailable,Unavailable,14,Unavailable,Unavailable,Unavailable,Unavailable
189583,Bryant & Stratton College-Buffalo,1,36,2,1,3,Bryant & Stratton College-Buffalo,NY,11,2,2,,,,76,,7,0,,,,11,120,,36,28,,,,,,,,,Unavailable,,,Unavailable,,,,17768,17768,Unavailable,1840,542,542,49,51,902,268,634,938,274,664,1840,542,29,71,1298,18,120,656,0,0,110,546,0,0,23,Unavailable,Unavailable,Unavailable,Unavailable,42,Unavailable,Unavailable,Unavailable,49,Unavailable,Unavailable,Unavailable,Unavailable
205124,Rabbinical College Telshe,1,39,2,1,2,Rabbinical College Telshe,OH,21,1,2,,,,36,,0,0,63,63,63,1,1,60,50,53,53,53,53,3,36,29,,,Unavailable,,,Unavailable,,,,17800,17800,Unavailable,Unavailable,Unavailable,Unavailable,#VALUE!,Unavailable,57,57,0,,,,57,57,100,Unavailable,,2,1,57,Unavailable,,,57,,26,11,Unavailable,38,48,26,#VALUE!,Unavailable,39,Unavailable,Unavailable,Unavailable,Unavailable,Unavailable,Unavailable
172866,Academy College,1,27,3,1,2,Academy College,MN,13,1,3,,,,35,,28,24,40,40,40,,14,100,,100,67,67,67,,,,,,Unavailable,,,Unavailable,,,,17812,17812,Unavailable,115,115,115,24,76,28,28,0,87,87,0,118,118,100,Unavailable,,13,14,112,1,1,111,0,,9,8,Unavailable,24,68,24,#VALUE!,Unavailable,29,Unavailable,24,Unavailable,Unavailable,Unavailable,Unavailable
399869,Southern California Institute of Technology,1,6,3,1,3,Southern California Institute of Technology,CA,11,1,3,,,,71,,156,29,50,50,48,5,6,48,80,79,50,50,50,3,120,105,,,Unavailable,,,Unavailable,,,,17915,17915,Unavailable,537,537,537,40,60,214,214,0,323,323,0,537,537,100,Unavailable,,1,6,533,0,1,0,532,,16,22,Unavailable,29,60,21,#VALUE!,Unavailable,30,Unavailable,40,Unavailable,Unavailable,Unavailable,Unavailable
260813,Platt College-Aurora,1,8,3,1,2,Platt College-Aurora,CO,21,1,3,,,,31,,12,6,50,50,50,1,12,0,,20,0,0,0,5,11,4,0,0,0,,,Unavailable,,,,17920,17920,Unavailable,215,215,215,27,73,58,58,0,157,157,0,215,215,100,Unavailable,,6,12,215,0,0,215,0,,6,10,Unavailable,30,16,23,#VALUE!,Unavailable,32,Unavailable,27,Unavailable,Unavailable,Unavailable,Unavailable
421878,Eastern International College-Jersey City,1,34,3,1,3,Eastern International College-Jersey City,NJ,11,1,3,,,,45,,4,1,33,33,15,8,64,11,36,25,10,10,10,3,36,36,,,Unavailable,,,Unavailable,,,,17950,17950,Unavailable,462,382,382,30,70,139,126,13,323,256,67,474,392,83,17,82,14,64,474,Unavailable,,,474,0,15,15,Unavailable,9,28,21,#VALUE!,Unavailable,25,Unavailable,30,Unavailable,Unavailable,Unavailable,Unavailable
183062,Keene State College,1,33,1,1,2,Keene State College,NH,32,2,1,0,46,54,24,20405,39,1,60,60,54,40,86,44,75,58,50,57,58,3,4666,4157,,,Unavailable,,,Unavailable,,,,11754,23230,17951,2715,2655,2655,96,4,2619,2585,34,96,70,26,2718,2655,98,2,63,3,86,2680,0,0,24,2656,2,706,16,21,32,34,26,2,Unavailable,37,Unavailable,96,Unavailable,Unavailable,Unavailable,Unavailable
441229,Smith Chason College,1,6,3,1,3,Smith Chason College,CA,11,2,3,,,,56,,95,4,63,63,63,66,183,25,15,49,25,25,25,,,,,,Unavailable,,,Unavailable,,,,17985,17985,Unavailable,2221,2221,2221,39,61,873,873,0,1348,1348,0,2221,2221,100,Unavailable,,8,183,2221,0,0,2221,0,,0,23,Unavailable,38,41,30,#VALUE!,Unavailable,41,Unavailable,39,Unavailable,Unavailable,Unavailable,Unavailable
151962,Mid-America College of Funeral Service,1,18,2,1,3,Mid-America College of Funeral Service,IN,21,1,2,,,,56,,5,1,19,19,3,2,31,,36,56,,,,,,,,,Unavailable,,,Unavailable,,,,18000,18000,Unavailable,337,266,266,29,71,97,79,18,240,187,53,337,266,79,21,71,9,31,337,90,302,13,22,0,2,10,Unavailable,2,Unavailable,13,62,Unavailable,15,Unavailable,29,Unavailable,Unavailable,Unavailable,Unavailable
377546,Northwest College of Art & Design,1,53,3,1,2,Northwest College of Art & Design,WA,12,1,3,,,,52,,3,2,38,38,31,,12,36,33,36,27,36,36,3,153,117,,,Unavailable,,,Unavailable,,,,18000,18000,Unavailable,150,140,140,85,15,128,121,7,22,19,3,150,140,93,7,10,8,12,150,Unavailable,,,150,,46,29,Unavailable,19,44,20,#VALUE!,Unavailable,26,Unavailable,85,Unavailable,Unavailable,Unavailable,Unavailable
165167,Cambridge College,1,25,2,1,2,Cambridge College,MA,11,2,2,,,,42,,13,2,0,0,0,40,81,0,17,13,13,13,13,,,,,,Unavailable,,,Unavailable,,,,18072,18072,Unavailable,713,102,102,24,76,168,20,148,545,82,463,717,102,14,86,615,14,81,591,70,415,131,45,16,0,11,Unavailable,0,21,8,77,Unavailable,5,Unavailable,24,Unavailable,Unavailable,Unavailable,Unavailable
102845,Charter College,1,2,3,1,3,Charter College,AK,11,2,3,,,,56,,187,8,,,,,64,0,52,58,1,1,1,,,,,,Unavailable,,,Unavailable,,,,18075,18075,Unavailable,2277,2277,2277,44,56,1000,1000,0,1277,1277,0,2277,2277,100,Unavailable,,3,64,2277,30,673,1604,0,,0,25,Unavailable,Unavailable,28,Unavailable,#VALUE!,Unavailable,Unavailable,Unavailable,44,Unavailable,Unavailable,Unavailable,Unavailable
244233,City College-Hollywood,1,12,3,1,3,City College-Hollywood,FL,21,1,3,,,,100,,1,0,,,,10,65,0,100,83,80,80,80,3,33,33,,,Unavailable,,,Unavailable,,,,18240,18240,Unavailable,244,238,238,11,89,26,26,0,218,212,6,275,269,98,2,6,24,65,275,25,69,133,73,0,0,15,Unavailable,Unavailable,50,Unavailable,44,Unavailable,Unavailable,Unavailable,11,Unavailable,Unavailable,Unavailable,Unavailable
260992,Northwestern College,1,17,3,1,3,Northwestern College,IL,21,1,3,,,,75,,6,1,,,,1,62,,6,34,,,,,,,,,Unavailable,,,Unavailable,,,,18280,18280,Unavailable,464,183,183,30,70,139,66,73,325,117,208,464,183,39,61,281,13,62,464,41,191,207,66,0,0,12,Unavailable,Unavailable,Unavailable,Unavailable,59,Unavailable,Unavailable,Unavailable,30,Unavailable,Unavailable,Unavailable,Unavailable
219790,Bryan College-Dayton,1,47,2,1,2,Bryan College-Dayton,TN,32,2,2,,,,41,,15,1,60,60,49,62,53,42,75,56,47,53,54,,,,,,Unavailable,,,Unavailable,,,,18300,18300,Unavailable,1390,729,729,92,8,1284,690,594,106,39,67,1398,737,53,47,661,7,53,815,18,144,157,514,0,217,13,Unavailable,29,42,28,23,Unavailable,39,Unavailable,92,Unavailable,Unavailable,Unavailable,Unavailable
165884,Benjamin Franklin Cummings Institute of Technology,1,25,2,1,3,Benjamin Franklin Cummings Institute of Technology,MA,11,1,2,,,,47,,59,10,,,,26,37,,58,47,,,,,,,,,Unavailable,,,Unavailable,,,,18306,18306,Unavailable,590,315,315,67,33,393,203,190,197,112,85,592,316,53,47,276,9,37,412,7,27,157,228,0,6,10,Unavailable,Unavailable,Unavailable,Unavailable,29,Unavailable,Unavailable,Unavailable,67,Unavailable,Unavailable,Unavailable,Unavailable
211477,Central Penn College,1,42,3,1,3,Central Penn College,PA,21,1,3,,,,47,,30,4,51,36,28,17,87,44,5,39,35,37,37,3,594,154,,,Unavailable,,,Unavailable,,,,18324,18324,Unavailable,719,187,187,48,52,347,131,216,372,56,316,806,191,24,76,615,12,87,721,47,337,246,138,23,42,8,Unavailable,17,46,22,58,Unavailable,35,Unavailable,48,Unavailable,Unavailable,Unavailable,Unavailable
174525,Oak Hills Christian College,1,27,2,1,3,Oak Hills Christian College,MN,41,1,2,,,,51,,5,4,10,10,0,3,13,14,100,31,12,12,12,,,,,,Unavailable,,,Unavailable,,,,18360,18360,Unavailable,117,72,72,74,26,87,65,22,30,7,23,117,72,62,38,45,13,13,98,24,24,26,48,0,19,10,Unavailable,0,33,12,29,Unavailable,11,Unavailable,74,Unavailable,Unavailable,Unavailable,Unavailable
139205,Brewton-Parker College,1,13,2,1,2,Brewton-Parker College,GA,42,2,2,,,,65,,15,1,12,12,5,2,87,16,,23,11,19,20,3,1018,879,,,Unavailable,,,Unavailable,,,,18400,18400,Unavailable,1049,538,538,78,22,818,477,341,231,61,170,1049,538,51,49,511,13,87,684,7,45,290,349,1,213,14,Unavailable,3,41,12,25,Unavailable,12,Unavailable,78,Unavailable,Unavailable,Unavailable,Unavailable
132879,Johnson University Florida,1,12,2,1,2,Johnson University Florida,FL,21,1,2,,,,47,,4,3,33,25,14,4,33,20,33,24,7,24,24,5,283,66,68,9,77,440,500,940,,,,18428,18428,Unavailable,136,130,130,93,7,126,122,4,10,8,2,136,130,96,4,6,24,33,136,0,0,62,74,0,33,10,Unavailable,8,34,25,4,Unavailable,30,Unavailable,93,Unavailable,Unavailable,Unavailable,Unavailable
198756,Johnson C Smith University,1,37,2,1,2,Johnson C Smith University,NC,11,2,2,,,,68,,17,2,41,39,24,29,72,31,45,34,25,32,34,3,4273,1832,,,Unavailable,,,Unavailable,,,,18450,18450,Unavailable,1058,1009,1009,85,15,901,878,23,157,131,26,1058,1009,95,5,49,7,72,1047,11,118,529,400,7,259,11,Unavailable,14,50,20,11,Unavailable,27,Unavailable,85,Unavailable,Unavailable,Unavailable,Unavailable
245953,Mid-America Christian University,1,40,2,1,2,Mid-America Christian University,OK,11,2,2,,,,52,,54,3,36,36,15,37,263,32,,33,30,32,32,,,,,,Unavailable,,,Unavailable,,,,18456,18456,Unavailable,1636,996,996,45,55,733,547,186,903,449,454,1636,996,61,39,640,17,263,1532,67,1024,446,62,99,132,13,Unavailable,9,42,25,54,Unavailable,28,Unavailable,45,Unavailable,Unavailable,Unavailable,Unavailable
363934,University of Advancing Technology,1,4,3,1,2,University of Advancing Technology,AZ,12,1,3,,,,58,,127,14,33,33,30,33,72,25,50,39,31,33,35,3,850,811,,,Unavailable,,,Unavailable,,,,18462,18462,Unavailable,891,451,451,58,42,519,351,168,372,100,272,892,452,51,49,440,8,72,892,61,540,33,319,38,103,14,Unavailable,18,42,18,50,Unavailable,23,Unavailable,58,Unavailable,Unavailable,Unavailable,Unavailable
189592,Bryant & Stratton College-Greece,1,36,2,1,3,Bryant & Stratton College-Greece,NY,21,1,2,,,,66,,8,2,,,,11,66,,50,30,,,,,,,,,Unavailable,,,Unavailable,,,,18573,18573,Unavailable,333,260,260,48,52,161,130,31,172,130,42,333,260,78,22,73,21,66,320,0,0,80,240,0,0,13,Unavailable,Unavailable,Unavailable,Unavailable,27,Unavailable,Unavailable,Unavailable,48,Unavailable,Unavailable,Unavailable,Unavailable
143978,The Chicago School at Chicago,1,17,2,1,2,The Chicago School at Chicago,IL,11,2,2,,,,47,,1,3,,,,40,11,,,,,,,5,27,9,0,0,0,,,Unavailable,,,,18576,18576,Unavailable,31,0,0,61,39,19,0,19,12,0,12,31,,Unavailable,100,31,35,11,31,42,13,11,7,0,0,8,Unavailable,Unavailable,Unavailable,Unavailable,58,Unavailable,Unavailable,Unavailable,61,Unavailable,Unavailable,Unavailable,Unavailable
492607,The Chicago School at Dallas,1,48,2,1,2,The Chicago School at Dallas,TX,12,1,2,,,,100,,1,25,,,,8,2,,,,,,,5,10,4,0,0,0,,,Unavailable,,,,18576,18576,Unavailable,4,0,0,50,50,2,0,2,2,0,2,4,,Unavailable,100,4,50,2,4,100,4,0,0,,,,Unavailable,Unavailable,Unavailable,Unavailable,80,Unavailable,Unavailable,Unavailable,50,Unavailable,Unavailable,Unavailable,Unavailable
455664,The Chicago School at Los Angeles,1,6,2,1,2,The Chicago School at Los Angeles,CA,11,2,2,,,,61,,15,5,,,,129,58,,,,,,,5,117,47,0,0,0,,,Unavailable,,,,18576,18576,Unavailable,324,0,0,33,67,107,0,107,217,0,217,324,,Unavailable,100,324,18,58,324,97,315,9,0,27,0,7,Unavailable,Unavailable,Unavailable,Unavailable,86,Unavailable,Unavailable,Unavailable,33,Unavailable,Unavailable,Unavailable,Unavailable
491190,The Chicago School at San Diego,1,6,2,1,2,The Chicago School at San Diego,CA,11,1,2,,,,50,,1,20,,,,3,2,,,,,,,5,1,1,,,Unavailable,,,Unavailable,,,,18576,18576,Unavailable,5,0,0,40,60,2,0,2,3,0,3,5,,Unavailable,100,5,40,2,5,0,0,4,1,0,0,5,Unavailable,Unavailable,Unavailable,Unavailable,54,Unavailable,Unavailable,Unavailable,40,Unavailable,Unavailable,Unavailable,Unavailable
126818,Colorado State University-Fort Collins,1,8,1,1,2,Colorado State University-Fort Collins,CO,12,5,1,0,58,40,19,19828,861,3,70,69,47,602,1510,57,72,67,47,64,67,3,36612,32801,,,Unavailable,,,Unavailable,,,,10299,31055,18601,25834,22737,22737,90,10,23136,21292,1844,2698,1445,1253,25834,22737,88,12,3097,6,1510,25148,6,1436,6766,16946,82,5444,17,22,28,38,31,9,Unavailable,44,Unavailable,90,Unavailable,Unavailable,Unavailable,Unavailable
188517,Bryant & Stratton College-Albany,1,36,2,1,3,Bryant & Stratton College-Albany,NY,21,1,2,,,,69,,2,1,100,100,100,,43,,0,22,,,,,,,,,Unavailable,,,Unavailable,,,,18610,18610,Unavailable,224,186,186,69,31,154,134,20,70,52,18,224,186,83,17,38,19,43,224,0,0,39,185,0,0,16,Unavailable,60,Unavailable,52,18,Unavailable,68,Unavailable,69,Unavailable,Unavailable,Unavailable,Unavailable
496326,Eagle Gate College-Boise Campus,1,16,3,1,2,Eagle Gate College-Boise Campus,ID,12,1,3,,,,53,,0,0,,,,5,72,,,,,,,,,,,,Unavailable,,,Unavailable,,,,18645,18645,Unavailable,511,511,511,33,67,170,170,0,341,341,0,511,511,100,Unavailable,,15,72,467,0,0,412,55,,7,27,Unavailable,Unavailable,Unavailable,Unavailable,#VALUE!,Unavailable,Unavailable,Unavailable,33,Unavailable,Unavailable,Unavailable,Unavailable
496283,Provo College-Idaho Falls Campus,1,16,3,1,3,Provo College-Idaho Falls Campus,ID,13,1,3,,,,65,,0,0,,,,3,34,,,,,,,,,,,,Unavailable,,,Unavailable,,,,18645,18645,Unavailable,249,249,249,36,64,90,90,0,159,159,0,249,249,100,Unavailable,,15,34,226,0,0,124,102,,4,22,Unavailable,Unavailable,Unavailable,Unavailable,#VALUE!,Unavailable,Unavailable,Unavailable,36,Unavailable,Unavailable,Unavailable,Unavailable
197692,Yeshivath Shaar Hatorah,1,36,2,1,2,Yeshivath Shaar Hatorah,NY,11,1,2,,,,14,,0,0,52,52,3,,0,100,50,55,9,27,55,3,49,45,,,Unavailable,,,Unavailable,,,,18700,18700,Unavailable,Unavailable,Unavailable,Unavailable,#VALUE!,Unavailable,84,84,0,,,,84,84,100,Unavailable,,0,,84,Unavailable,,,84,,24,15,Unavailable,2,57,21,#VALUE!,Unavailable,31,Unavailable,Unavailable,Unavailable,Unavailable,Unavailable,Unavailable
486284,Bethany Global University,1,27,2,1,2,Bethany Global University,MN,13,1,2,,,,47,,0,0,56,56,53,1,11,32,53,61,32,38,39,3,147,138,,,Unavailable,,,Unavailable,,,,18750,18750,Unavailable,162,153,153,88,12,142,134,8,20,19,1,162,153,94,6,9,7,11,162,28,45,70,47,2,41,10,Unavailable,32,40,26,15,Unavailable,36,Unavailable,88,Unavailable,Unavailable,Unavailable,Unavailable
201177,Aultman College of Nursing and Health Sciences,1,39,2,1,2,Aultman College of Nursing and Health Sciences,OH,13,1,2,,,,38,,9,4,,,,1,59,,73,52,57,57,57,1,189,78,0,40,40,,,Unavailable,19,19,18,18754,18754,Unavailable,241,97,97,63,37,153,78,75,88,19,69,241,97,40,60,144,25,59,232,12,27,171,34,0,28,7,Unavailable,Unavailable,Unavailable,Unavailable,36,#VALUE!,Unavailable,Unavailable,63,Unavailable,#VALUE!,Unavailable,Unavailable
207254,Spartan College of Aeronautics and Technology,1,40,3,1,3,Spartan College of Aeronautics and Technology,OK,11,1,3,,,,13,,38,5,35,35,35,5,22,,92,60,,,,,,,,,Unavailable,,,Unavailable,,,,18828,18828,Unavailable,744,744,744,45,55,335,335,0,409,409,0,744,744,100,Unavailable,,3,22,744,16,116,562,66,,9,17,Unavailable,21,Unavailable,16,#VALUE!,Unavailable,22,Unavailable,45,Unavailable,Unavailable,Unavailable,Unavailable
213774,Manor College,1,42,2,1,3,Manor College,PA,21,1,2,,,,62,,2,0,,,,,62,,50,24,,,,5,825,790,11,0,11,410,410,820,,,,18864,18864,Unavailable,598,359,359,82,18,491,303,188,107,56,51,599,359,60,40,240,13,62,462,8,36,289,137,0,18,12,Unavailable,Unavailable,Unavailable,Unavailable,22,Unavailable,Unavailable,Unavailable,82,Unavailable,Unavailable,Unavailable,Unavailable
170091,Great Lakes Christian College,1,26,2,1,2,Great Lakes Christian College,MI,21,1,2,,,,62,,0,0,23,23,11,6,27,23,33,26,22,22,22,,,,,,Unavailable,,,Unavailable,,,,18890,18890,Unavailable,130,120,120,94,6,122,112,10,8,8,0,130,120,92,8,10,21,27,130,23,30,35,65,5,38,13,Unavailable,7,43,22,12,Unavailable,22,Unavailable,94,Unavailable,Unavailable,Unavailable,Unavailable
475741,Chamberlain University-Indiana,1,18,3,1,2,Chamberlain University-Indiana,IN,11,1,3,,,,49,,10,6,0,0,0,,40,100,,100,100,100,100,5,3,3,0,0,0,,,Unavailable,,,,18900,18900,Unavailable,177,75,75,25,75,45,20,25,132,55,77,177,75,42,58,102,23,40,177,11,19,115,43,0,2,14,Unavailable,0,75,14,50,Unavailable,9,Unavailable,25,Unavailable,Unavailable,Unavailable,Unavailable
492759,Chamberlain University-Louisiana,1,22,3,1,2,Chamberlain University-Louisiana,LA,21,1,3,,,,37,,7,1,,,,,112,,,,,,,5,11,10,0,0,0,,,Unavailable,,,,18900,18900,Unavailable,517,223,223,27,73,139,56,83,378,167,211,517,223,43,57,294,22,112,516,4,19,281,216,1,2,16,Unavailable,Unavailable,Unavailable,Unavailable,47,Unavailable,Unavailable,Unavailable,27,Unavailable,Unavailable,Unavailable,Unavailable
102395,United States Sports Academy,1,1,2,1,2,United States Sports Academy,AL,13,1,2,,,,40,,19,13,,,,13,32,,,,,,,3,119,42,,,Unavailable,,,Unavailable,,,,18900,18900,Unavailable,138,23,23,41,59,57,14,43,81,9,72,144,24,17,83,120,24,32,136,96,130,0,6,1,1,14,Unavailable,Unavailable,Unavailable,Unavailable,77,Unavailable,Unavailable,Unavailable,41,Unavailable,Unavailable,Unavailable,Unavailable
466921,Chamberlain University-Missouri,1,29,3,1,2,Chamberlain University-Missouri,MO,21,1,3,,,,48,,20,6,75,75,50,,64,0,,33,33,33,33,5,6,5,0,20,20,,,Unavailable,,,,18900,18900,Unavailable,328,100,100,34,66,113,47,66,215,53,162,328,100,30,70,228,20,64,328,7,24,187,117,1,3,8,Unavailable,30,24,42,49,Unavailable,53,Unavailable,34,Unavailable,Unavailable,Unavailable,Unavailable
454236,Chamberlain University-Ohio,1,39,3,1,2,Chamberlain University-Ohio,OH,11,1,3,,,,49,,34,10,50,50,50,,69,0,,0,0,0,0,5,4,3,33,33,66,,,Unavailable,,,,18900,18900,Unavailable,336,138,138,43,57,143,63,80,193,75,118,336,138,41,59,198,21,69,336,5,16,205,115,0,10,7,Unavailable,30,25,32,42,Unavailable,38,Unavailable,43,Unavailable,Unavailable,Unavailable,Unavailable
110635,University of California-Berkeley,1,6,1,1,2,University of California-Berkeley,CA,12,5,1,0,77,23,27,16997,96,0,94,93,79,197,2822,88,94,93,81,91,93,3,125910,14677,,,Unavailable,,,Unavailable,,,,11834,42611,18913,33078,31548,31548,95,5,31409,30273,1136,1669,1275,394,33078,31548,95,5,1530,9,2822,33073,0,49,7082,25942,46,6680,18,30,47,58,42,3,Unavailable,60,Unavailable,95,Unavailable,Unavailable,Unavailable,Unavailable
110662,University of California-Los Angeles,1,6,1,1,2,University of California-Los Angeles,CA,11,5,1,0,77,23,27,15166,126,0,93,92,83,411,3699,90,94,93,86,92,93,3,145903,12736,,,Unavailable,,,Unavailable,,,,11834,42611,18913,33040,32472,32472,97,3,31970,31467,503,1070,1005,65,33040,32472,98,2,568,11,3699,33040,0,32,4372,28636,12,6450,18,30,50,59,44,2,Unavailable,60,Unavailable,97,Unavailable,Unavailable,Unavailable,Unavailable
110705,University of California-Santa Barbara,1,6,1,1,2,University of California-Santa Barbara,CA,22,5,1,0,77,23,28,15283,38,0,86,85,70,48,1899,82,88,85,73,84,85,3,110871,30804,,,Unavailable,,,Unavailable,,,,11834,42611,18913,23232,22659,22659,98,2,22712,22202,510,520,457,63,23232,22659,98,2,573,8,1899,23205,0,10,2060,21135,22,4944,17,30,42,55,39,2,Unavailable,55,Unavailable,98,Unavailable,Unavailable,Unavailable,Unavailable
111966,Charles R Drew University of Medicine and Science,1,6,2,1,2,Charles R Drew University of Medicine and Science,CA,21,1,2,,,,32,,7,3,,,,63,66,54,33,50,44,50,50,3,985,382,,,Unavailable,,,Unavailable,,,,18933,18933,Unavailable,233,173,173,45,55,104,76,28,129,97,32,234,173,74,26,61,28,66,233,0,0,86,147,0,14,4,Unavailable,Unavailable,43,Unavailable,30,Unavailable,Unavailable,Unavailable,45,Unavailable,Unavailable,Unavailable,Unavailable
196592,Touro University,1,36,2,1,2,Touro University,NY,11,4,2,,,,39,,13,0,72,70,57,27,591,70,69,65,55,67,73,5,1657,1044,8,3,11,690,670,1360,30,32,27,18950,18950,Unavailable,5089,2937,2937,67,33,3403,2134,1269,1686,803,883,5098,2938,58,42,2160,15,591,4004,37,1478,1532,994,33,370,10,Unavailable,34,55,37,37,9,49,Unavailable,67,7,Unavailable,Unavailable,Unavailable
231651,Regent University,1,51,2,1,2,Regent University,VA,11,4,2,,,,51,,417,9,64,63,52,175,1300,40,60,54,43,52,53,5,7261,2990,12,5,17,610,550,1160,24,24,23,18986,18986,Unavailable,4577,2481,2481,42,58,1905,1401,504,2672,1080,1592,4577,2481,54,46,2096,30,1300,4282,73,3138,809,335,128,335,20,Unavailable,31,46,43,59,12,51,Unavailable,42,9,Unavailable,Unavailable,Unavailable
490054,HCI College,1,12,3,1,3,HCI College,FL,21,1,3,,,,32,,37,22,,,,10,0,,100,100,100,100,100,,,,,,Unavailable,,,Unavailable,,,,19046,19046,Unavailable,169,70,70,34,66,57,21,36,112,49,63,169,70,41,59,99,0,,169,0,0,122,47,0,0,4,Unavailable,Unavailable,Unavailable,Unavailable,44,Unavailable,Unavailable,Unavailable,34,Unavailable,Unavailable,Unavailable,Unavailable
201469,Bryant & Stratton College-Parma,1,39,2,1,3,Bryant & Stratton College-Parma,OH,21,1,2,,,,68,,6,1,0,0,0,7,142,,50,21,,,,,,,,,Unavailable,,,Unavailable,,,,19067,19067,Unavailable,522,390,390,50,50,259,214,45,263,176,87,522,390,75,25,132,27,142,522,0,0,123,399,,1,10,Unavailable,0,Unavailable,16,28,Unavailable,11,Unavailable,50,Unavailable,Unavailable,Unavailable,Unavailable
200217,University of Mary,1,38,2,1,2,University of Mary,ND,41,2,2,,,,22,,47,2,65,64,51,69,116,65,72,68,57,67,68,3,1577,1234,,,Unavailable,,,Unavailable,,,,19084,19084,Unavailable,2649,1991,1991,88,12,2323,1873,450,326,118,208,2650,1991,75,25,659,5,116,2280,13,290,467,1523,1,457,10,Unavailable,31,44,29,16,Unavailable,41,Unavailable,88,Unavailable,Unavailable,Unavailable,Unavailable
138761,Andrew College,1,13,2,1,3,Andrew College,GA,43,1,2,,,,62,,4,1,,,,5,40,0,42,27,0,0,0,3,780,399,,,Unavailable,,,Unavailable,,,,19126,19126,Unavailable,287,217,217,72,28,208,192,16,79,25,54,294,221,75,25,73,14,40,287,20,58,160,69,0,8,9,Unavailable,Unavailable,31,Unavailable,25,Unavailable,Unavailable,Unavailable,72,Unavailable,Unavailable,Unavailable,Unavailable
110644,University of California-Davis,1,6,1,1,2,University of California-Davis,CA,23,5,1,0,76,24,31,17315,54,0,88,87,62,116,2637,81,87,85,69,83,85,3,94637,39400,,,Unavailable,,,Unavailable,,,,11834,42611,19220,31797,30929,30929,96,4,30571,29847,724,1226,1082,144,31797,30929,97,3,868,8,2637,31777,0,41,4572,27164,107,6292,21,31,37,56,40,2,Unavailable,56,Unavailable,96,Unavailable,Unavailable,Unavailable,Unavailable
457129,Chamberlain University-Florida,1,12,3,1,2,Chamberlain University-Florida,FL,11,1,3,,,,53,,84,10,0,0,0,,143,33,,33,33,33,33,5,12,12,10,0,10,,,Unavailable,,,,19236,19236,Unavailable,839,261,261,27,73,224,82,142,615,179,436,839,261,31,69,578,17,143,839,7,56,490,293,1,4,9,Unavailable,0,43,10,52,Unavailable,7,Unavailable,27,Unavailable,Unavailable,Unavailable,Unavailable
230889,Goddard College,1,50,2,1,2,Goddard College,VT,42,1,2,,,,56,,0,0,50,50,40,15,24,67,,75,50,75,75,3,82,16,,,Unavailable,,,Unavailable,,,,19268,19268,Unavailable,113,88,88,15,85,17,16,1,96,72,24,113,88,78,22,25,21,24,113,0,0,113,0,,9,7,Unavailable,24,62,33,41,Unavailable,38,Unavailable,15,Unavailable,Unavailable,Unavailable,Unavailable
451750,Bryant & Stratton College-Wauwatosa,1,55,2,1,3,Bryant & Stratton College-Wauwatosa,WI,21,1,2,,,,57,,24,3,,,,13,228,25,30,23,27,36,36,,,,,,Unavailable,,,Unavailable,,,,19330,19330,Unavailable,952,588,588,48,52,454,351,103,498,237,261,952,588,62,38,364,24,228,952,0,0,343,609,0,25,16,Unavailable,Unavailable,41,Unavailable,32,Unavailable,Unavailable,Unavailable,48,Unavailable,Unavailable,Unavailable,Unavailable
190114,Metropolitan College of New York,1,36,2,1,2,Metropolitan College of New York,NY,11,1,2,,,,70,,18,4,26,23,21,24,70,28,11,25,19,19,21,3,81,62,,,Unavailable,,,Unavailable,,,,19338,19338,Unavailable,430,311,311,9,91,37,36,1,393,275,118,430,311,72,28,119,16,70,430,87,375,52,3,5,26,13,Unavailable,13,49,19,71,Unavailable,22,Unavailable,9,Unavailable,Unavailable,Unavailable,Unavailable
488776,John Patrick University of Health and Applied Sciences,1,18,3,1,2,John Patrick University of Health and Applied Sciences,IN,12,1,3,,,,18,,5,2,,,,,129,,,,,,,3,20,20,,,Unavailable,,,Unavailable,,,,19380,19380,Unavailable,318,186,186,21,79,67,33,34,251,153,98,318,186,58,42,132,45,129,289,6,17,272,0,0,3,8,Unavailable,Unavailable,Unavailable,Unavailable,46,Unavailable,Unavailable,Unavailable,21,Unavailable,Unavailable,Unavailable,Unavailable
154262,St Luke's College,1,19,2,1,3,St Luke's College,IA,13,1,2,,,,46,,4,2,,,,6,54,,,33,,,,5,18,8,,86,Unavailable,,,Unavailable,18,17,18,19440,19440,Unavailable,195,83,83,57,43,112,57,55,83,26,57,196,84,43,57,112,28,54,192,26,49,21,122,0,0,6,Unavailable,Unavailable,Unavailable,Unavailable,42,Unavailable,Unavailable,Unavailable,57,Unavailable,Unavailable,Unavailable,Unavailable
189565,Bryant & Stratton College-Syracuse North,1,36,2,1,3,Bryant & Stratton College-Syracuse North,NY,21,1,2,,,,66,,11,2,,,,7,76,,31,25,,,,,,,,,Unavailable,,,Unavailable,,,,19459,19459,Unavailable,471,363,363,48,52,228,195,33,243,168,75,471,363,77,23,108,17,76,454,0,0,149,305,0,2,16,Unavailable,Unavailable,Unavailable,Unavailable,28,Unavailable,Unavailable,Unavailable,48,Unavailable,Unavailable,Unavailable,Unavailable
196653,Trocaire College,1,36,2,1,3,Trocaire College,NY,11,2,2,,,,53,,17,2,,,,41,256,,17,19,,,,5,206,171,3,0,3,,,Unavailable,,,,19460,19460,Unavailable,1099,391,391,43,57,468,173,295,631,218,413,1104,391,35,65,713,27,256,962,6,60,464,438,0,0,9,Unavailable,Unavailable,Unavailable,Unavailable,44,Unavailable,Unavailable,Unavailable,43,Unavailable,Unavailable,Unavailable,Unavailable
117104,Life Pacific University,1,6,2,1,2,Life Pacific University,CA,21,1,2,,,,49,,3,1,50,47,32,22,70,51,75,57,33,49,51,3,281,264,,,Unavailable,,,Unavailable,,,,19512,19512,Unavailable,396,338,338,73,27,288,270,18,108,68,40,396,338,85,15,58,18,70,393,28,110,106,177,2,57,11,Unavailable,19,50,29,24,Unavailable,37,Unavailable,73,Unavailable,Unavailable,Unavailable,Unavailable
486938,Chamberlain University-Nevada,1,32,3,1,2,Chamberlain University-Nevada,NV,11,1,3,,,,43,,66,12,0,0,0,,111,,0,0,0,0,0,5,8,6,0,0,0,,,Unavailable,,,,19572,19572,Unavailable,573,245,245,34,66,192,96,96,381,149,232,573,245,43,57,328,19,111,573,2,13,376,184,2,5,12,Unavailable,0,Unavailable,12,44,Unavailable,8,Unavailable,34,Unavailable,Unavailable,Unavailable,Unavailable
489344,Chamberlain University-North Carolina,1,37,3,1,2,Chamberlain University-North Carolina,NC,11,1,3,,,,38,,17,8,,,,,47,0,,0,0,0,0,5,3,2,0,0,0,,,Unavailable,,,,19572,19572,Unavailable,216,83,83,29,71,62,24,38,154,59,95,216,83,38,62,133,22,47,216,15,33,129,54,1,2,9,Unavailable,Unavailable,19,Unavailable,52,Unavailable,Unavailable,Unavailable,29,Unavailable,Unavailable,Unavailable,Unavailable
460871,Chamberlain University-Virginia,1,51,3,1,2,Chamberlain University-Virginia,VA,21,1,3,,,,44,,69,12,25,25,25,,87,,,100,100,100,100,5,2,2,0,0,0,,,Unavailable,,,,19572,19572,Unavailable,567,186,186,22,78,123,52,71,444,134,310,567,186,33,67,381,15,87,567,5,27,309,231,1,0,8,Unavailable,15,Unavailable,19,53,Unavailable,21,Unavailable,22,Unavailable,Unavailable,Unavailable,Unavailable
454245,Chamberlain University-Arizona,1,4,3,1,2,Chamberlain University-Arizona,AZ,11,1,3,,,,44,,70,9,50,50,50,,119,50,,67,67,67,67,5,8,7,0,20,20,,,Unavailable,,,,19572,19572,Unavailable,745,271,271,33,67,247,95,152,498,176,322,745,271,36,64,474,16,119,745,4,28,485,232,0,9,11,Unavailable,30,47,30,47,Unavailable,36,Unavailable,33,Unavailable,Unavailable,Unavailable,Unavailable
486947,Chamberlain University-Michigan,1,26,3,1,2,Chamberlain University-Michigan,MI,13,1,3,,,,45,,12,2,,,,,113,,,,,,,5,9,8,25,0,25,,,Unavailable,,,,19572,19572,Unavailable,643,236,236,44,56,284,104,180,359,132,227,643,236,37,63,407,18,113,643,5,31,396,216,0,1,10,Unavailable,Unavailable,Unavailable,Unavailable,43,Unavailable,Unavailable,Unavailable,44,Unavailable,Unavailable,Unavailable,Unavailable
159568,Louisiana Christian University,1,22,2,1,2,Louisiana Christian University,LA,23,1,2,,,,44,,10,1,27,27,18,,69,59,29,41,28,40,42,3,549,460,,,Unavailable,,,Unavailable,,,,19590,19590,Unavailable,803,719,719,94,6,751,696,55,52,23,29,803,719,90,10,84,9,69,750,4,28,381,341,0,171,10,Unavailable,11,52,16,7,Unavailable,20,Unavailable,94,Unavailable,Unavailable,Unavailable,Unavailable
205203,University of Rio Grande,1,39,2,1,3,University of Rio Grande,OH,42,2,2,,,,47,,13,1,26,25,19,,129,15,23,32,11,15,18,,,,,,Unavailable,,,Unavailable,,,,19600,19600,Unavailable,2030,1186,1186,83,17,1678,1054,624,352,132,220,2030,1186,58,42,844,16,129,795,10,83,410,302,3,114,15,Unavailable,11,31,20,23,Unavailable,22,Unavailable,83,Unavailable,Unavailable,Unavailable,Unavailable
466930,Chamberlain University-Texas,1,48,3,1,2,Chamberlain University-Texas,TX,11,2,3,,,,50,,152,6,0,0,0,,467,0,,0,0,0,0,5,46,44,12,0,12,,,Unavailable,,,,19600,19600,Unavailable,2416,623,623,37,63,882,213,669,1534,410,1124,2416,623,26,74,1793,19,467,2416,22,526,1138,752,8,12,10,Unavailable,0,25,12,54,Unavailable,8,Unavailable,37,Unavailable,Unavailable,Unavailable,Unavailable
215637,Walnut Hill College,1,42,3,1,3,Walnut Hill College,PA,11,1,3,,,,33,,8,6,,,,1,2,,83,60,,,,3,80,76,,,Unavailable,,,Unavailable,,,,19650,19650,Unavailable,127,127,127,87,13,111,111,0,16,16,0,127,127,100,Unavailable,,2,2,127,Unavailable,,,127,,22,20,Unavailable,Unavailable,Unavailable,Unavailable,#VALUE!,Unavailable,Unavailable,Unavailable,87,Unavailable,Unavailable,Unavailable,Unavailable
217749,Bob Jones University,1,45,2,1,2,Bob Jones University,SC,13,2,2,,,,33,,30,1,66,66,59,106,68,68,72,70,60,66,70,,,,,,Unavailable,,,Unavailable,,,,19756,19756,Unavailable,2477,2116,2116,96,4,2375,2068,307,102,48,54,2477,2116,85,15,361,3,68,2209,3,56,402,1751,3,541,13,Unavailable,35,51,28,7,Unavailable,41,Unavailable,96,Unavailable,Unavailable,Unavailable,Unavailable
104151,Arizona State University Campus Immersion,1,4,1,1,2,Arizona State University Campus Immersion,AZ,12,5,1,0,58,42,30,16401,1760,3,68,66,52,382,3991,59,75,68,55,65,68,3,68840,62084,,,Unavailable,,,Unavailable,,,,11308,31450,19768,65167,59704,59704,92,8,60161,56352,3809,5006,3352,1654,65174,59707,92,8,5467,6,3991,64398,5,3178,39382,21838,167,14810,18,27,31,45,30,7,Unavailable,43,Unavailable,92,Unavailable,Unavailable,Unavailable,Unavailable
481720,South University-High Point,1,37,3,1,2,South University-High Point,NC,12,1,3,,,,55,,0,0,18,18,18,3,23,0,,0,0,0,0,,,,,,Unavailable,,,Unavailable,,,,19836,19836,Unavailable,70,50,50,11,89,8,7,1,62,43,19,70,50,71,29,20,33,23,70,64,45,1,24,0,2,19,Unavailable,11,28,27,63,Unavailable,24,Unavailable,11,Unavailable,Unavailable,Unavailable,Unavailable
497833,Marian University-Ancilla,1,18,2,1,3,Marian University-Ancilla,IN,42,1,2,,,,51,,2,1,,,,,8,,,,,,,3,363,325,,,Unavailable,,,Unavailable,,,,19850,19850,Unavailable,214,211,211,96,4,206,204,2,8,7,1,218,215,99,1,3,4,8,217,0,0,68,149,,16,10,Unavailable,Unavailable,Unavailable,Unavailable,2,Unavailable,Unavailable,Unavailable,96,Unavailable,Unavailable,Unavailable,Unavailable
177968,Lindenwood University,1,29,2,1,2,Lindenwood University,MO,13,3,2,,,,30,,167,3,54,53,39,99,597,40,56,50,37,48,50,5,6743,4441,0,28,28,,,Unavailable,22,21,20,19900,19900,Unavailable,4933,4053,4053,82,18,4034,3629,405,899,424,475,4933,4053,82,18,880,13,597,4748,27,1288,2916,544,21,865,13,Unavailable,23,35,29,21,#VALUE!,37,Unavailable,82,Unavailable,#VALUE!,Unavailable,Unavailable
235422,Heritage University,1,53,2,1,2,Heritage University,WA,41,1,2,,,,63,,4,1,53,53,29,7,125,38,61,40,23,38,40,,,,,,Unavailable,,,Unavailable,,,,19920,19920,Unavailable,782,704,704,69,31,537,503,34,245,201,44,783,704,90,10,79,16,125,782,4,34,195,553,24,126,7,Unavailable,17,51,31,17,Unavailable,38,Unavailable,69,Unavailable,Unavailable,Unavailable,Unavailable
116226,Interior Designers Institute,1,6,3,1,3,Interior Designers Institute,CA,13,1,3,,,,34,,4,4,60,60,20,3,2,100,75,88,100,100,100,,,,,,Unavailable,,,Unavailable,,,,19950,19950,Unavailable,107,54,54,32,68,34,20,14,73,34,39,107,54,50,50,53,2,2,107,Unavailable,,,107,0,0,6,Unavailable,12,67,25,#VALUE!,Unavailable,37,Unavailable,32,Unavailable,Unavailable,Unavailable,Unavailable
385619,Everglades University,1,12,2,1,2,Everglades University,FL,13,2,2,,,,51,,699,30,64,58,50,,414,47,93,58,45,52,58,3,804,695,,,Unavailable,,,Unavailable,,,,19968,19968,Unavailable,2269,2269,2269,23,77,513,513,0,1756,1756,0,2369,2369,100,Unavailable,,17,414,2369,46,1090,534,745,,280,17,Unavailable,30,49,34,#VALUE!,Unavailable,45,Unavailable,23,Unavailable,Unavailable,Unavailable,Unavailable
133872,AdventHealth University,1,12,2,1,2,AdventHealth University,FL,11,2,2,,,,41,,31,3,42,42,25,48,244,29,56,36,34,34,34,,,,,,Unavailable,,,Unavailable,,,,19980,19980,Unavailable,1221,461,461,53,47,643,293,350,578,168,410,1221,461,38,62,760,23,244,1068,33,355,631,82,22,31,6,Unavailable,15,35,31,48,Unavailable,34,Unavailable,53,Unavailable,Unavailable,Unavailable,Unavailable
129154,Goodwin University,1,9,2,1,3,Goodwin University,CT,13,2,2,,,,52,,39,1,31,31,19,86,542,,50,58,,,,,,,,,Unavailable,,,Unavailable,,,,19988,19988,Unavailable,2911,339,339,29,71,841,154,687,2070,185,1885,2911,339,12,88,2572,20,542,2761,58,1614,714,433,4,0,14,Unavailable,11,Unavailable,24,72,Unavailable,26,Unavailable,29,Unavailable,Unavailable,Unavailable,Unavailable
155070,Barclay College,1,20,2,1,2,Barclay College,KS,43,1,2,,,,65,,4,2,48,48,33,15,7,35,71,55,31,38,38,3,167,91,,,Unavailable,,,Unavailable,,,,20000,20000,Unavailable,163,123,123,62,38,101,89,12,62,34,28,163,123,75,25,40,4,7,161,35,57,12,92,0,21,7,Unavailable,20,50,22,33,Unavailable,31,Unavailable,62,Unavailable,Unavailable,Unavailable,Unavailable
154855,Central Christian College of Kansas,1,20,2,1,2,Central Christian College of Kansas,KS,33,1,2,,,,50,,24,5,19,19,11,8,53,22,41,23,22,25,26,,,,,,Unavailable,,,Unavailable,,,,20000,20000,Unavailable,437,384,384,73,27,317,274,43,120,110,10,437,384,88,12,53,13,53,394,31,121,84,189,1,111,11,Unavailable,7,36,16,24,Unavailable,17,Unavailable,73,Unavailable,Unavailable,Unavailable,Unavailable
210304,Warner Pacific University,1,41,2,1,2,Warner Pacific University,OR,11,1,2,,,,47,,6,2,36,34,26,8,69,100,52,82,38,46,79,3,825,483,,,Unavailable,,,Unavailable,,,,20050,20050,Unavailable,340,320,320,66,34,226,212,14,114,108,6,350,328,94,6,22,20,69,344,1,3,107,234,,31,10,Unavailable,16,74,26,16,Unavailable,30,Unavailable,66,Unavailable,Unavailable,Unavailable,Unavailable
368452,Nossi College of Art and Design,1,47,3,1,2,Nossi College of Art and Design,TN,11,1,3,,,,58,,15,5,80,78,65,,17,36,0,35,19,21,35,3,245,106,,,Unavailable,,,Unavailable,,,,20100,20100,Unavailable,278,278,278,81,19,226,226,0,52,52,0,278,278,100,Unavailable,,6,17,278,Unavailable,,,278,,68,10,Unavailable,39,47,35,#VALUE!,Unavailable,50,Unavailable,81,Unavailable,Unavailable,Unavailable,Unavailable
176053,Mississippi College,1,28,2,1,2,Mississippi College,MS,21,2,2,,,,30,,41,2,63,63,51,12,304,53,71,63,54,62,63,5,3315,1620,,84,Unavailable,,,Unavailable,22,23,21,20246,20246,Unavailable,2706,2321,2321,94,6,2547,2231,316,159,90,69,2706,2321,86,14,385,13,304,2423,3,79,1150,1194,4,365,14,Unavailable,31,42,33,8,Unavailable,43,Unavailable,94,Unavailable,Unavailable,Unavailable,Unavailable
475732,Chamberlain University-Georgia,1,13,3,1,2,Chamberlain University-Georgia,GA,12,2,3,,,,48,,71,4,40,40,40,,396,,,,,,,5,26,25,0,0,0,,,Unavailable,,,,20300,20300,Unavailable,1588,484,484,24,76,380,131,249,1208,353,855,1588,484,30,70,1104,25,396,1588,13,205,946,437,1,9,13,Unavailable,24,Unavailable,31,55,Unavailable,34,Unavailable,24,Unavailable,Unavailable,Unavailable,Unavailable
486956,Chamberlain University-New Jersey,1,34,3,1,2,Chamberlain University-New Jersey,NJ,21,2,3,,,,34,,26,2,100,100,100,,225,0,,0,0,0,0,5,10,9,0,0,0,,,Unavailable,,,,20300,20300,Unavailable,1316,452,452,24,76,315,129,186,1001,323,678,1316,452,34,66,864,17,225,1316,7,91,749,476,2,7,12,Unavailable,60,17,50,52,Unavailable,67,Unavailable,24,Unavailable,Unavailable,Unavailable,Unavailable
198598,Greensboro College,1,37,2,1,2,Greensboro College,NC,11,1,2,,,,53,,10,1,30,30,26,19,51,34,60,41,31,40,41,3,3143,2893,,,Unavailable,,,Unavailable,,,,20300,20300,Unavailable,803,639,639,85,15,682,611,71,121,28,93,809,639,79,21,170,8,51,656,3,22,248,386,0,183,10,Unavailable,16,44,17,13,Unavailable,21,Unavailable,85,Unavailable,Unavailable,Unavailable,Unavailable
219383,University of Sioux Falls,1,46,2,1,2,University of Sioux Falls,SD,12,2,2,,,,30,,21,2,58,58,47,8,91,51,84,61,51,58,60,3,2478,2034,,,Unavailable,,,Unavailable,,,,20340,20340,Unavailable,1276,1164,1164,91,9,1164,1120,44,112,44,68,1276,1164,91,9,112,7,91,1258,3,41,725,492,6,302,17,Unavailable,28,41,28,7,Unavailable,38,Unavailable,91,Unavailable,Unavailable,Unavailable,Unavailable
102669,Alaska Pacific University,1,2,2,1,2,Alaska Pacific University,AK,11,1,2,,,,38,,24,5,25,22,17,27,74,38,29,47,19,38,41,3,841,725,,,Unavailable,,,Unavailable,,,,20350,20350,Unavailable,433,315,315,45,55,195,163,32,238,152,86,437,315,72,28,122,19,74,400,15,59,133,208,4,22,8,Unavailable,10,38,20,35,Unavailable,22,Unavailable,45,Unavailable,Unavailable,Unavailable,Unavailable
209542,Oregon State University,1,41,1,1,2,Oregon State University,OR,13,5,1,0,58,42,23,21868,1041,3,70,68,41,957,2622,63,75,71,47,67,71,3,29025,22886,,,Unavailable,,,Unavailable,,,,11145,33315,20456,30021,20819,20819,73,27,22005,18248,3757,8016,2571,5445,30021,20819,69,31,9202,9,2622,29557,34,10125,7391,12041,448,4063,20,24,25,43,33,30,Unavailable,46,Unavailable,73,Unavailable,Unavailable,Unavailable,Unavailable
209241,Mount Angel Seminary,1,41,2,1,2,Mount Angel Seminary,OR,41,1,2,,,,25,,1,3,54,54,54,5,8,50,29,33,33,33,33,3,2,2,,,Unavailable,,,Unavailable,,,,20716,20716,Unavailable,34,28,28,44,56,15,15,0,19,13,6,34,28,82,18,6,29,8,28,Unavailable,,,28,,0,6,Unavailable,32,38,39,#VALUE!,Unavailable,44,Unavailable,44,Unavailable,Unavailable,Unavailable,Unavailable
101912,Oakwood University,1,1,2,1,2,Oakwood University,AL,12,2,2,,,,48,,13,1,52,49,27,28,48,38,62,49,31,46,50,3,2370,1197,,,Unavailable,,,Unavailable,,,,20722,20722,Unavailable,1279,1196,1196,92,8,1173,1110,63,106,86,20,1279,1196,94,6,83,4,48,1253,3,42,421,790,4,371,10,Unavailable,16,43,22,6,Unavailable,33,Unavailable,92,Unavailable,Unavailable,Unavailable,Unavailable
489353,Chamberlain University-California,1,6,3,1,2,Chamberlain University-California,CA,13,1,3,,,,32,,28,4,,,,,99,,,0,0,0,0,5,5,3,0,0,0,,,Unavailable,,,,20762,20762,Unavailable,676,302,302,38,62,257,124,133,419,178,241,676,302,45,55,374,15,99,676,3,22,396,258,0,0,8,Unavailable,Unavailable,Unavailable,Unavailable,42,Unavailable,Unavailable,Unavailable,38,Unavailable,Unavailable,Unavailable,Unavailable
220206,Welch College,1,47,2,1,2,Welch College,TN,21,1,2,,,,36,,8,2,49,49,39,,14,53,66,61,47,56,58,,,,,,Unavailable,,,Unavailable,,,,20796,20796,Unavailable,358,188,188,83,17,296,183,113,62,5,57,358,188,53,47,170,5,14,261,21,54,14,193,0,40,9,Unavailable,23,45,23,27,Unavailable,32,Unavailable,83,Unavailable,Unavailable,Unavailable,Unavailable
490133,Westcliff University,1,6,3,1,2,Westcliff University,CA,11,3,3,,,,2,,14,1,67,67,53,181,110,0,60,60,7,59,60,3,1458,658,,,Unavailable,,,Unavailable,,,,20850,20850,Unavailable,2037,1363,1363,92,8,1872,1269,603,165,94,71,2037,1363,67,33,674,5,110,2037,75,1535,255,247,14,405,10,Unavailable,32,1,30,36,Unavailable,42,Unavailable,92,Unavailable,Unavailable,Unavailable,Unavailable
215691,Rosemont College,1,42,2,1,2,Rosemont College,PA,21,1,2,,,,39,,9,2,42,42,28,1,82,57,0,43,9,34,34,3,1578,1176,,,Unavailable,,,Unavailable,,,,20885,20885,Unavailable,439,342,342,69,31,304,291,13,135,51,84,484,369,76,24,115,18,82,466,35,164,68,234,4,75,13,Unavailable,17,48,27,30,Unavailable,32,Unavailable,69,Unavailable,Unavailable,Unavailable,Unavailable
127945,Rocky Mountain College of Art and Design,1,8,3,1,2,Rocky Mountain College of Art and Design,CO,21,2,3,,,,46,,114,6,43,43,32,23,283,24,47,37,24,35,37,,,,,,Unavailable,,,Unavailable,,,,20913,20913,Unavailable,1888,1107,1107,57,43,1084,735,349,804,372,432,1888,1107,59,41,781,15,283,1878,74,1390,371,117,99,154,12,Unavailable,19,35,26,52,Unavailable,32,Unavailable,57,Unavailable,Unavailable,Unavailable,Unavailable
141574,University of Hawaii at Manoa,1,15,1,1,2,University of Hawaii at Manoa,HI,11,4,1,0,56,44,25,14557,721,5,61,59,37,509,1477,60,65,63,40,58,63,5,19211,13388,2,2,4,580,540,1120,24,20,20,11304,33336,20998,14576,12068,12068,89,11,12905,11161,1744,1671,907,764,14576,12068,83,17,2508,10,1477,14306,5,770,7989,5547,198,2843,14,24,22,43,30,11,3,41,Unavailable,89,1,Unavailable,Unavailable,Unavailable
493600,Congregation Talmidei Mesivta Tiferes Shmiel Aleksander,1,36,2,1,2,Congregation Talmidei Mesivta Tiferes Shmiel Aleksander,NY,11,1,2,,,,78,,0,0,,,,,5,,12,12,0,12,12,,,,,,Unavailable,,,Unavailable,,,,21000,21000,Unavailable,169,169,169,99,1,167,167,0,2,2,0,169,169,100,Unavailable,,3,5,169,Unavailable,,,169,,55,9,Unavailable,Unavailable,Unavailable,Unavailable,#VALUE!,Unavailable,Unavailable,Unavailable,99,Unavailable,Unavailable,Unavailable,Unavailable
494737,Yeshiva Yesoda Hatorah Vetz Chaim,1,36,2,1,2,Yeshiva Yesoda Hatorah Vetz Chaim,NY,11,1,2,,,,83,,0,0,,,,1,18,,35,35,0,27,35,,,,,,Unavailable,,,Unavailable,,,,21000,21000,Unavailable,205,205,205,99,1,203,203,0,2,2,0,205,205,100,Unavailable,,9,18,205,Unavailable,,,205,,36,19,Unavailable,Unavailable,Unavailable,Unavailable,#VALUE!,Unavailable,Unavailable,Unavailable,99,Unavailable,Unavailable,Unavailable,Unavailable
161253,University of Maine,1,23,1,1,2,University of Maine,ME,23,4,1,0,60,40,25,18237,163,2,58,57,39,153,452,46,64,56,40,53,56,3,13995,13395,,,Unavailable,,,Unavailable,,,,12000,34740,21096,9267,7297,7297,90,10,8346,7043,1303,921,254,667,9267,7297,79,21,1970,5,452,8341,9,751,3889,3701,43,1840,15,25,23,36,26,13,Unavailable,37,Unavailable,90,Unavailable,Unavailable,Unavailable,Unavailable
237312,University of Charleston,1,54,2,1,2,University of Charleston,WV,13,2,2,,,,29,,127,6,43,42,30,43,402,37,60,46,39,45,46,3,1635,1055,,,Unavailable,,,Unavailable,,,,21110,21110,Unavailable,2087,1151,1151,47,53,983,868,115,1104,283,821,2087,1151,55,45,936,19,402,2083,48,998,706,379,30,236,15,Unavailable,18,33,28,49,Unavailable,34,Unavailable,47,Unavailable,Unavailable,Unavailable,Unavailable
487375,Arizona College of Nursing-Las Vegas,1,32,3,1,2,Arizona College of Nursing-Las Vegas,NV,21,2,3,,,,57,,59,5,,,,14,163,100,50,75,75,75,75,3,52,52,,,Unavailable,,,Unavailable,,,,21146,21146,Unavailable,1185,802,802,28,72,333,205,128,852,597,255,1185,802,68,32,383,14,163,1185,0,0,1185,0,8,25,20,Unavailable,Unavailable,79,Unavailable,38,Unavailable,Unavailable,Unavailable,28,Unavailable,Unavailable,Unavailable,Unavailable
138868,Point University,1,13,2,1,2,Point University,GA,32,2,2,,,,60,,17,1,28,28,23,20,510,47,39,40,26,28,51,5,3250,2194,4,3,7,570,520,1090,19,20,18,21150,21150,Unavailable,2489,927,927,82,18,2048,762,1286,441,165,276,2617,1012,39,61,1605,19,510,2617,48,1256,140,1221,21,241,13,Unavailable,14,54,23,40,4,25,Unavailable,82,3,Unavailable,Unavailable,Unavailable
487524,Husson University,1,23,2,1,2,Husson University,ME,13,2,2,,,,36,,48,2,55,54,33,82,180,47,68,57,37,55,57,5,2543,2198,14,,Unavailable,570,540,1110,,,,21204,21204,Unavailable,2525,1982,1982,88,12,2213,1926,287,312,56,256,2525,1982,78,22,543,8,180,2395,16,384,1058,953,29,558,17,Unavailable,20,42,26,16,Unavailable,36,Unavailable,88,Unavailable,Unavailable,Unavailable,Unavailable
193016,Mercy University,1,36,2,1,2,Mercy University,NY,21,3,2,,,,55,,85,1,50,49,35,23,603,46,56,48,34,44,48,3,8581,7334,,,Unavailable,,,Unavailable,,,,21236,21236,Unavailable,6482,4923,4923,75,25,4892,3915,977,1590,1008,582,6482,4923,76,24,1559,11,603,5539,14,780,2663,2096,17,907,15,Unavailable,21,51,26,21,Unavailable,34,Unavailable,75,Unavailable,Unavailable,Unavailable,Unavailable
497268,Arizona College of Nursing-Salt Lake City,1,49,3,1,2,Arizona College of Nursing-Salt Lake City,UT,13,1,3,,,,48,,10,3,,,,3,24,,,,,,,3,86,86,,,Unavailable,,,Unavailable,,,,21306,21306,Unavailable,323,231,231,37,63,120,90,30,203,141,62,323,231,72,28,92,7,24,323,0,0,323,0,6,16,20,Unavailable,Unavailable,Unavailable,Unavailable,34,Unavailable,Unavailable,Unavailable,37,Unavailable,Unavailable,Unavailable,Unavailable
433004,American University of Health Sciences,1,6,3,1,2,American University of Health Sciences,CA,21,1,3,,,,46,,6,2,0,0,0,5,42,0,100,50,50,50,50,3,1,1,,,Unavailable,,,Unavailable,,,,21420,21420,Unavailable,364,364,364,30,70,111,111,0,253,253,0,364,364,100,Unavailable,,12,42,364,Unavailable,,,364,,0,16,Unavailable,0,23,7,#VALUE!,Unavailable,5,Unavailable,30,Unavailable,Unavailable,Unavailable,Unavailable
112394,University of Silicon Valley,1,6,3,1,2,University of Silicon Valley,CA,11,1,3,,,,48,,11,3,45,44,17,3,55,33,33,35,27,33,35,3,306,157,,,Unavailable,,,Unavailable,,,,21480,21480,Unavailable,377,289,289,73,27,277,224,53,100,65,35,378,289,76,24,89,15,55,377,34,129,224,24,3,36,13,Unavailable,10,41,26,28,Unavailable,33,Unavailable,73,Unavailable,Unavailable,Unavailable,Unavailable
150172,Calumet College of Saint Joseph,1,18,2,1,2,Calumet College of Saint Joseph,IN,21,1,2,,,,49,,8,1,18,17,14,20,90,24,41,30,21,30,31,,,,,,Unavailable,,,Unavailable,,,,21500,21500,Unavailable,560,418,418,72,28,402,394,8,158,24,134,560,418,75,25,142,16,90,560,23,130,106,324,5,106,13,Unavailable,8,37,16,26,Unavailable,17,Unavailable,72,Unavailable,Unavailable,Unavailable,Unavailable
458210,West Coast University-Orange County,1,6,3,1,2,West Coast University-Orange County,CA,11,2,3,,,,41,,111,4,50,50,50,36,296,33,80,64,57,57,64,,,,,,Unavailable,,,Unavailable,,,,21558,21558,Unavailable,3168,2443,2443,37,63,1173,944,229,1995,1499,496,3168,2443,77,23,725,9,296,3168,11,353,2131,684,0,7,20,Unavailable,30,37,26,35,Unavailable,34,Unavailable,37,Unavailable,Unavailable,Unavailable,Unavailable
229780,Wayland Baptist University,1,48,2,1,2,Wayland Baptist University,TX,33,2,2,,,,42,,386,18,26,25,14,,288,14,26,19,9,17,19,3,1974,1067,,,Unavailable,,,Unavailable,,,,21728,21728,Unavailable,2162,1375,1375,42,58,915,755,160,1247,620,627,2162,1375,64,36,787,14,288,2090,33,696,851,543,13,244,10,Unavailable,8,28,18,44,Unavailable,21,Unavailable,42,Unavailable,Unavailable,Unavailable,Unavailable
499370,Arizona College of Nursing-Sarasota,1,12,3,1,2,Arizona College of Nursing-Sarasota,FL,21,1,3,,,,60,,0,0,,,,2,18,,,,,,,3,35,35,,,Unavailable,,,Unavailable,,,,21813,21813,Unavailable,98,66,66,56,44,55,35,20,43,31,12,98,66,67,33,32,18,18,98,0,0,98,0,0,0,20,Unavailable,Unavailable,Unavailable,Unavailable,27,Unavailable,Unavailable,Unavailable,56,Unavailable,Unavailable,Unavailable,Unavailable
495420,Arizona College of Nursing-Tampa,1,12,3,1,2,Arizona College of Nursing-Tampa,FL,11,1,3,,,,53,,14,4,,,,4,50,,,,,,,3,32,32,,,Unavailable,,,Unavailable,,,,21813,21813,Unavailable,337,223,223,44,56,147,96,51,190,127,63,337,223,66,34,114,15,50,337,0,0,337,0,0,9,20,Unavailable,Unavailable,Unavailable,Unavailable,33,Unavailable,Unavailable,Unavailable,44,Unavailable,Unavailable,Unavailable,Unavailable
166054,Hellenic College-Holy Cross Greek Orthodox School of Theology,1,25,2,1,2,Hellenic College-Holy Cross Greek Orthodox School of Theology,MA,21,1,2,,,,23,,4,6,62,62,62,5,10,43,0,44,44,44,44,3,21,19,,,Unavailable,,,Unavailable,,,,21940,21940,Unavailable,64,61,61,81,19,52,51,1,12,10,2,64,61,95,5,3,20,10,49,4,2,0,47,,4,7,Unavailable,37,33,37,10,Unavailable,45,Unavailable,81,Unavailable,Unavailable,Unavailable,Unavailable
449764,Visible Music College,1,47,2,1,3,Visible Music College,TN,11,1,2,,,,45,,2,1,21,14,7,,16,63,14,48,29,43,43,5,136,39,6,19,25,,,Unavailable,20,18,17,22000,22000,Unavailable,168,150,150,68,32,115,108,7,53,42,11,168,150,89,11,18,10,16,164,14,23,119,22,,11,6,Unavailable,4,54,11,20,#VALUE!,17,Unavailable,68,Unavailable,#VALUE!,Unavailable,Unavailable
490203,Bolivar Technical College,1,29,2,1,3,Bolivar Technical College,MO,32,1,2,,,,62,,3,2,,,,8,33,,0,0,,,,3,11,9,,,Unavailable,,,Unavailable,,,,22030,22030,Unavailable,144,53,53,32,68,46,14,32,98,39,59,144,53,37,63,91,23,33,144,8,12,0,132,0,0,4,Unavailable,Unavailable,Unavailable,Unavailable,49,Unavailable,Unavailable,Unavailable,32,Unavailable,Unavailable,Unavailable,Unavailable
191597,Helene Fuld College of Nursing,1,36,2,1,3,Helene Fuld College of Nursing,NY,11,1,2,,,,37,,6,1,,,,1,243,,,,,,,3,42,10,,,Unavailable,,,Unavailable,,,,22267,22267,Unavailable,722,541,541,14,86,103,69,34,619,472,147,722,541,75,25,181,34,243,722,Unavailable,,,722,0,2,18,Unavailable,Unavailable,Unavailable,Unavailable,#VALUE!,Unavailable,Unavailable,Unavailable,14,Unavailable,Unavailable,Unavailable,Unavailable
169479,Davenport University,1,26,2,1,2,Davenport University,MI,21,2,2,,,,35,,116,3,50,47,36,17,399,41,60,50,37,48,51,3,3869,3755,,,Unavailable,,,Unavailable,,,,22272,22272,Unavailable,3833,1985,1985,68,32,2588,1721,867,1245,264,981,3833,1985,52,48,1848,12,399,3213,44,1414,1346,453,70,338,18,Unavailable,22,38,26,41,Unavailable,35,Unavailable,68,Unavailable,Unavailable,Unavailable,Unavailable
152798,Allen College,1,19,2,1,2,Allen College,IA,13,1,2,,,,27,,4,1,,,,11,159,,,,,,,3,0,,,,Unavailable,,,Unavailable,,,,22304,22304,Unavailable,259,220,220,82,18,213,183,30,46,37,9,279,240,86,14,39,57,159,279,7,19,190,70,0,0,8,Unavailable,Unavailable,Unavailable,Unavailable,13,Unavailable,Unavailable,Unavailable,82,Unavailable,Unavailable,Unavailable,Unavailable
153977,Mercy College of Health Sciences,1,19,2,1,2,Mercy College of Health Sciences,IA,12,1,2,,,,34,,18,2,50,50,45,25,331,55,25,49,45,55,55,5,164,162,0,1,1,,,Unavailable,,,,22360,22360,Unavailable,905,461,461,50,50,449,252,197,456,209,247,905,461,51,49,444,37,331,905,26,237,455,213,2,19,7,Unavailable,27,45,42,43,Unavailable,45,Unavailable,50,Unavailable,Unavailable,Unavailable,Unavailable
428170,Southeastern College-West Palm Beach,1,12,3,1,3,Southeastern College-West Palm Beach,FL,21,1,3,,,,77,,23,4,,,,,52,,0,67,,,,3,227,183,,,Unavailable,,,Unavailable,,,,22384,22384,Unavailable,650,371,371,40,60,258,158,100,392,213,179,650,371,57,43,279,8,52,644,8,52,13,579,0,1,12,Unavailable,Unavailable,Unavailable,Unavailable,39,Unavailable,Unavailable,Unavailable,40,Unavailable,Unavailable,Unavailable,Unavailable
499389,Arizona College of Nursing-Aurora,1,8,3,1,2,Arizona College of Nursing-Aurora,CO,11,1,3,,,,,,,Unavailable,,,,2,55,,,,,,,3,99,99,,,Unavailable,,,Unavailable,,,,22480,22480,Unavailable,212,117,117,29,71,62,39,23,150,78,72,212,117,55,45,95,26,55,212,0,0,212,0,0,0,20,Unavailable,Unavailable,Unavailable,Unavailable,42,Unavailable,Unavailable,Unavailable,29,Unavailable,Unavailable,Unavailable,Unavailable
499398,Arizona College of Nursing-Cincinnati,1,39,3,1,2,Arizona College of Nursing-Cincinnati,OH,21,1,3,,,,,,,Unavailable,,,,1,21,,,,,,,3,40,40,,,Unavailable,,,Unavailable,,,,22480,22480,Unavailable,65,29,29,38,62,25,14,11,40,15,25,65,29,45,55,36,32,21,65,0,0,65,0,0,0,20,Unavailable,Unavailable,Unavailable,Unavailable,41,Unavailable,Unavailable,Unavailable,38,Unavailable,Unavailable,Unavailable,Unavailable
499404,Arizona College of Nursing-Cleveland,1,39,3,1,2,Arizona College of Nursing-Cleveland,OH,21,1,3,,,,,,,Unavailable,,,,2,36,,,,,,,3,48,48,,,Unavailable,,,Unavailable,,,,22480,22480,Unavailable,84,29,29,27,73,23,6,17,61,23,38,84,29,35,65,55,43,36,84,0,0,84,0,0,0,20,Unavailable,Unavailable,Unavailable,Unavailable,49,Unavailable,Unavailable,Unavailable,27,Unavailable,Unavailable,Unavailable,Unavailable
494162,Arizona College of Nursing-Dallas,1,48,3,1,2,Arizona College of Nursing-Dallas,TX,11,1,3,,,,65,,11,3,,,,6,54,,,,,,,3,72,72,,,Unavailable,,,Unavailable,,,,22480,22480,Unavailable,383,230,230,36,64,138,82,56,245,148,97,383,230,60,40,153,14,54,383,0,0,383,0,10,14,20,Unavailable,Unavailable,Unavailable,Unavailable,38,Unavailable,Unavailable,Unavailable,36,Unavailable,Unavailable,Unavailable,Unavailable
498447,Arizona College of Nursing-Falls Church,1,51,3,1,2,Arizona College of Nursing-Falls Church,VA,21,1,3,,,,52,,0,0,,,,3,76,,,,,,,3,40,40,,,Unavailable,,,Unavailable,,,,22480,22480,Unavailable,284,146,146,29,71,83,47,36,201,99,102,284,146,51,49,138,27,76,284,0,0,284,0,4,11,20,Unavailable,Unavailable,Unavailable,Unavailable,43,Unavailable,Unavailable,Unavailable,29,Unavailable,Unavailable,Unavailable,Unavailable
498049,Arizona College of Nursing-Southfield,1,26,3,1,2,Arizona College of Nursing-Southfield,MI,13,1,3,,,,67,,0,0,,,,8,31,,,,,,,3,108,108,,,Unavailable,,,Unavailable,,,,22480,22480,Unavailable,405,264,264,28,72,115,82,33,290,182,108,415,274,66,34,141,7,31,415,0,0,415,0,13,23,20,Unavailable,Unavailable,Unavailable,Unavailable,39,Unavailable,Unavailable,Unavailable,28,Unavailable,Unavailable,Unavailable,Unavailable
495448,Arizona College of Nursing-Tucson,1,4,3,1,2,Arizona College of Nursing-Tucson,AZ,11,1,3,,,,64,,43,8,,,,6,89,,,,,,,3,54,54,,,Unavailable,,,Unavailable,,,,22480,22480,Unavailable,566,423,423,28,72,157,103,54,409,320,89,566,423,75,25,143,16,89,566,0,0,566,0,0,4,20,Unavailable,Unavailable,Unavailable,Unavailable,36,Unavailable,Unavailable,Unavailable,28,Unavailable,Unavailable,Unavailable,Unavailable
405854,Rabbinical College of Ohr Shimon Yisroel,1,36,2,1,2,Rabbinical College of Ohr Shimon Yisroel,NY,11,1,2,,,,80,,0,0,44,44,0,,16,41,33,40,0,40,40,,,,,,Unavailable,,,Unavailable,,,,22500,22500,Unavailable,233,233,233,98,2,228,228,0,5,5,0,233,233,100,Unavailable,,7,16,233,Unavailable,,,233,,10,15,Unavailable,0,61,22,#VALUE!,Unavailable,29,Unavailable,98,Unavailable,Unavailable,Unavailable,Unavailable
102234,Spring Hill College,1,1,2,1,2,Spring Hill College,AL,12,1,2,,,,33,,23,3,57,56,48,4,61,44,75,56,47,54,56,5,2279,1347,4,57,61,,,Unavailable,21,23,22,22820,22820,Unavailable,851,823,823,96,4,815,800,15,36,23,13,851,823,97,3,28,7,61,850,4,37,334,479,1,225,10,Unavailable,29,39,27,4,#VALUE!,37,Unavailable,96,Unavailable,#VALUE!,Unavailable,Unavailable
139630,Emmanuel University,1,13,2,1,2,Emmanuel University,GA,42,1,2,,,,35,,9,1,34,34,27,,74,29,49,35,29,37,37,3,461,246,,,Unavailable,,,Unavailable,,,,22914,22914,Unavailable,861,702,702,97,3,834,690,144,27,12,15,861,702,82,18,159,10,74,719,3,24,200,495,0,188,12,Unavailable,16,32,20,8,Unavailable,25,Unavailable,97,Unavailable,Unavailable,Unavailable,Unavailable
485272,West Coast University-Miami,1,12,3,1,2,West Coast University-Miami,FL,13,1,3,,,,64,,14,2,0,0,0,9,106,50,,50,38,50,50,,,,,,Unavailable,,,Unavailable,,,,22916,22916,Unavailable,900,616,616,43,57,386,299,87,514,317,197,900,616,68,32,284,12,106,900,1,5,608,287,0,3,12,Unavailable,0,57,7,32,Unavailable,5,Unavailable,43,Unavailable,Unavailable,Unavailable,Unavailable
135081,Keiser University-Ft Lauderdale,1,12,2,1,3,Keiser University-Ft Lauderdale,FL,12,5,2,,,,59,,2664,15,56,55,54,,237,39,40,44,38,41,43,3,3375,3288,,,Unavailable,,,Unavailable,,,,22936,22936,Unavailable,17620,11228,11228,39,61,6931,4764,2167,10689,6464,4225,17634,11235,64,36,6399,1,237,17370,46,8009,359,9002,112,471,14,Unavailable,32,49,23,49,Unavailable,34,Unavailable,39,Unavailable,Unavailable,Unavailable,Unavailable
236948,University of Washington-Seattle Campus,1,53,1,1,2,University of Washington-Seattle Campus,WA,11,5,1,0,61,39,18,11023,425,1,85,84,71,142,1556,77,86,84,71,82,84,3,62428,26552,,,Unavailable,,,Unavailable,,,,11524,40878,22972,34031,29863,29863,94,6,31931,28614,3317,2100,1249,851,39515,29863,76,24,9652,5,1556,31588,1,385,7063,24140,75,7311,20,22,43,48,37,10,Unavailable,53,Unavailable,94,Unavailable,Unavailable,Unavailable,Unavailable
182917,Magdalen College,1,33,2,1,2,Magdalen College,NH,42,1,2,,,,46,,1,2,59,59,56,3,1,56,40,53,53,53,53,5,45,20,0,0,0,,,Unavailable,,,,23000,23000,Unavailable,57,57,57,98,2,56,56,0,1,1,0,58,58,100,Unavailable,,2,1,58,Unavailable,,,58,,15,12,Unavailable,34,51,25,#VALUE!,Unavailable,36,Unavailable,98,Unavailable,Unavailable,Unavailable,Unavailable
160409,Saint Joseph Seminary College,1,22,2,1,2,Saint Joseph Seminary College,LA,41,1,2,,,,8,,2,2,35,35,35,1,19,75,30,40,33,40,40,,,,,,Unavailable,,,Unavailable,,,,23070,23070,Unavailable,99,96,96,79,21,78,78,0,21,18,3,99,96,97,3,3,21,19,91,0,0,0,91,,16,5,Unavailable,21,42,27,9,Unavailable,29,Unavailable,79,Unavailable,Unavailable,Unavailable,Unavailable
137272,St. John Vianney College Seminary,1,12,2,1,2,St. John Vianney College Seminary,FL,21,1,2,,,,0,,0,0,100,100,100,,0,100,100,100,100,100,100,3,10,10,,,Unavailable,,,Unavailable,,,,23100,23100,Unavailable,18,18,18,44,56,8,8,0,10,10,0,18,18,100,Unavailable,,0,,18,Unavailable,,,18,,3,4,Unavailable,60,50,40,#VALUE!,Unavailable,60,Unavailable,44,Unavailable,Unavailable,Unavailable,Unavailable
216542,University of Valley Forge,1,42,2,1,2,University of Valley Forge,PA,21,1,2,,,,53,,4,1,55,55,45,,32,46,63,56,46,55,56,3,403,315,,,Unavailable,,,Unavailable,,,,23100,23100,Unavailable,498,422,422,90,10,448,401,47,50,21,29,498,422,85,15,76,7,32,471,14,64,185,222,0,125,11,Unavailable,27,50,26,13,Unavailable,36,Unavailable,90,Unavailable,Unavailable,Unavailable,Unavailable
197045,Utica University,1,36,2,1,2,Utica University,NY,13,2,2,,,,31,,98,4,60,60,44,67,276,44,64,55,43,54,55,5,3826,3336,15,1,16,560,570,1130,,,,23208,23208,Unavailable,2568,2243,2243,82,18,2105,1985,120,463,258,205,2580,2255,87,13,325,11,276,2477,24,595,865,1017,6,434,14,Unavailable,26,38,31,18,Unavailable,40,Unavailable,82,Unavailable,Unavailable,Unavailable,Unavailable
197285,The College of Westchester,1,36,3,1,3,The College of Westchester,NY,13,1,3,,,,74,,13,1,48,44,37,29,108,29,33,32,22,24,29,3,460,435,,,Unavailable,,,Unavailable,,,,23220,23220,Unavailable,891,651,651,57,43,510,337,173,381,314,67,891,651,73,27,240,14,108,760,31,235,69,456,1,41,20,Unavailable,22,52,26,34,Unavailable,34,Unavailable,57,Unavailable,Unavailable,Unavailable,Unavailable
169327,Cleary University,1,26,2,1,2,Cleary University,MI,22,2,2,,,,29,,22,3,43,43,20,19,172,8,64,39,31,34,34,3,593,295,,,Unavailable,,,Unavailable,,,,23292,23292,Unavailable,807,559,559,52,48,417,378,39,390,181,209,811,563,69,31,248,22,172,774,15,119,313,342,4,66,21,Unavailable,12,19,31,33,Unavailable,35,Unavailable,52,Unavailable,Unavailable,Unavailable,Unavailable
181604,College of Saint Mary,1,31,2,1,2,College of Saint Mary,NE,11,1,2,,,,40,,5,1,58,58,49,27,63,48,74,59,49,57,59,5,430,189,0,75,75,,,Unavailable,22,22,21,23340,23340,Unavailable,482,438,438,77,23,373,349,24,109,89,20,482,438,91,9,44,14,63,455,1,3,292,160,,88,7,Unavailable,29,44,32,12,#VALUE!,40,Unavailable,77,Unavailable,#VALUE!,Unavailable,Unavailable
162210,Washington Adventist University,1,24,2,1,2,Washington Adventist University,MD,21,1,2,,,,54,,3,0,41,40,19,6,66,37,43,40,25,34,40,5,1691,767,30,3,33,480,440,920,,,,23400,23400,Unavailable,593,444,444,75,25,444,347,97,149,97,52,605,444,73,27,161,13,66,522,5,24,85,413,0,56,7,Unavailable,11,46,24,19,Unavailable,30,Unavailable,75,Unavailable,Unavailable,Unavailable,Unavailable
138947,Clark Atlanta University,1,13,2,1,2,Clark Atlanta University,GA,11,2,2,,,,70,,76,2,42,42,23,9,77,46,55,48,34,46,48,5,27672,17884,1,1,2,,,Unavailable,,,,23484,23484,Unavailable,3495,3393,3393,98,2,3430,3339,91,65,54,11,3495,3393,97,3,102,2,77,3482,1,33,2595,854,37,1120,16,Unavailable,14,58,18,2,Unavailable,26,Unavailable,98,Unavailable,Unavailable,Unavailable,Unavailable
216047,Saint Charles Borromeo Seminary-Overbrook,1,42,2,1,2,Saint Charles Borromeo Seminary-Overbrook,PA,21,1,2,,,,15,,0,0,57,57,57,4,5,0,80,44,11,44,44,3,12,12,,,Unavailable,,,Unavailable,,,,23523,23523,Unavailable,41,36,36,88,12,36,32,4,5,4,1,41,36,88,12,5,12,5,41,Unavailable,,,41,,3,4,Unavailable,34,8,30,#VALUE!,Unavailable,39,Unavailable,88,Unavailable,Unavailable,Unavailable,Unavailable
451866,Remington College-Shreveport Campus,1,22,2,1,3,Remington College-Shreveport Campus,LA,12,1,2,,,,91,,12,4,53,53,53,,6,100,38,26,0,0,67,,,,,,Unavailable,,,Unavailable,,,,23560,23560,Unavailable,336,336,336,37,63,123,123,0,213,213,0,342,342,100,Unavailable,,2,6,342,0,0,342,0,,0,21,Unavailable,32,96,22,#VALUE!,Unavailable,33,Unavailable,37,Unavailable,Unavailable,Unavailable,Unavailable
495457,Arizona College of Nursing-Phoenix,1,4,3,1,2,Arizona College of Nursing-Phoenix,AZ,11,2,3,,,,53,,28,3,,,,10,166,,,,,,,3,70,70,,,Unavailable,,,Unavailable,,,,23573,23573,Unavailable,1062,794,794,37,63,389,297,92,673,497,176,1062,794,75,25,268,16,166,1062,0,0,1062,0,5,15,20,Unavailable,Unavailable,Unavailable,Unavailable,33,Unavailable,Unavailable,Unavailable,37,Unavailable,Unavailable,Unavailable,Unavailable
421708,Arizona College of Nursing-Tempe,1,4,3,1,2,Arizona College of Nursing-Tempe,AZ,12,2,3,,,,47,,81,7,,,,42,186,25,0,9,9,9,9,3,71,71,,,Unavailable,,,Unavailable,,,,23573,23573,Unavailable,1246,972,972,41,59,506,411,95,740,561,179,1246,972,78,22,274,15,186,1246,0,0,1246,0,6,17,20,Unavailable,Unavailable,36,Unavailable,30,Unavailable,Unavailable,Unavailable,41,Unavailable,Unavailable,Unavailable,Unavailable
486488,California Jazz Conservatory,1,6,2,1,2,California Jazz Conservatory,CA,12,1,2,,,,35,,1,5,100,100,0,4,4,50,50,50,33,33,33,3,2,2,,,Unavailable,,,Unavailable,,,,23600,23600,Unavailable,20,14,14,45,55,9,8,1,11,6,5,20,14,70,30,6,20,4,20,Unavailable,,,20,0,0,4,Unavailable,0,43,52,#VALUE!,Unavailable,68,Unavailable,45,Unavailable,Unavailable,Unavailable,Unavailable
223463,Remington College-Dallas Campus,1,48,2,1,3,Remington College-Dallas Campus,TX,11,1,2,,,,92,,18,9,70,60,60,,2,42,21,38,33,33,33,,,,,,Unavailable,,,Unavailable,,,,23785,23785,Unavailable,208,208,208,42,58,87,87,0,121,121,0,208,208,100,Unavailable,,1,2,208,0,0,208,0,,2,17,Unavailable,36,67,25,#VALUE!,Unavailable,42,Unavailable,42,Unavailable,Unavailable,Unavailable,Unavailable
154518,Waldorf University,1,19,3,1,2,Waldorf University,IA,43,2,3,,,,35,,192,9,34,34,27,34,285,15,51,29,14,24,25,3,1033,750,,,Unavailable,,,Unavailable,,,,23800,23800,Unavailable,2196,1500,1500,37,63,808,695,113,1388,805,583,2196,1500,68,32,696,14,285,2103,71,1498,0,605,2,143,22,Unavailable,16,25,22,56,Unavailable,26,Unavailable,37,Unavailable,Unavailable,Unavailable,Unavailable
175227,Dunwoody College of Technology,1,27,2,1,3,Dunwoody College of Technology,MN,11,2,2,,,,29,,88,6,33,33,33,8,208,67,73,63,54,54,79,5,587,578,,13,Unavailable,,,Unavailable,20,17,19,23825,23825,Unavailable,1424,1184,1184,70,30,991,886,105,433,298,135,1424,1184,83,17,240,15,208,1417,14,197,680,540,4,24,11,Unavailable,20,48,22,21,Unavailable,26,Unavailable,70,Unavailable,Unavailable,Unavailable,Unavailable
446640,Harrisburg University of Science and Technology,1,42,2,1,2,Harrisburg University of Science and Technology,PA,13,2,2,,,,50,,8,1,33,32,23,79,71,40,51,43,26,40,43,3,1290,1055,,,Unavailable,,,Unavailable,,,,23900,23900,Unavailable,718,560,560,84,16,604,492,112,114,68,46,718,560,78,22,158,11,71,650,20,131,260,259,7,131,17,Unavailable,14,45,19,19,Unavailable,24,Unavailable,84,Unavailable,Unavailable,Unavailable,Unavailable
141237,Truett McConnell University,1,13,2,1,2,Truett McConnell University,GA,42,2,2,,,,34,,12,0,35,35,27,40,38,36,52,41,33,39,41,3,730,662,,,Unavailable,,,Unavailable,,,,23952,23952,Unavailable,2612,790,790,98,2,2549,742,1807,63,48,15,2612,790,30,70,1822,5,38,768,17,128,236,404,1,216,16,Unavailable,16,35,17,27,Unavailable,23,Unavailable,98,Unavailable,Unavailable,Unavailable,Unavailable
200156,University of Jamestown,1,38,2,1,2,University of Jamestown,ND,33,2,2,,,,26,,0,0,56,55,44,,54,37,50,44,31,42,44,3,1047,979,,,Unavailable,,,Unavailable,,,,24000,24000,Unavailable,956,898,898,95,5,911,875,36,45,23,22,964,899,93,7,65,6,54,947,5,46,185,716,1,256,9,Unavailable,26,32,25,5,Unavailable,36,Unavailable,95,Unavailable,Unavailable,Unavailable,Unavailable
157535,University of Pikeville,1,21,2,1,2,University of Pikeville,KY,33,2,2,,,,53,,8,1,33,33,23,28,95,38,51,39,29,40,41,,,,,,Unavailable,,,Unavailable,,,,24000,24000,Unavailable,1596,1116,1116,96,4,1528,1068,460,68,48,20,1596,1116,70,30,480,8,95,1140,2,24,837,279,,262,14,Unavailable,14,46,18,11,Unavailable,23,Unavailable,96,Unavailable,Unavailable,Unavailable,Unavailable
440794,Pillar College,1,34,2,1,2,Pillar College,NJ,11,1,2,,,,70,,2,0,27,23,9,1,41,13,57,34,0,5,5,,,,,,Unavailable,,,Unavailable,,,,24120,24120,Unavailable,489,460,460,47,53,232,225,7,257,235,22,489,460,94,6,29,9,41,469,0,1,47,421,8,112,14,Unavailable,5,42,14,23,Unavailable,20,Unavailable,47,Unavailable,Unavailable,Unavailable,Unavailable
446385,Los Angeles College of Music,1,6,3,1,2,Los Angeles College of Music,CA,12,1,3,,,,26,,5,2,59,59,53,57,16,50,46,47,30,40,40,3,408,332,,,Unavailable,,,Unavailable,,,,24450,24450,Unavailable,267,255,255,87,13,232,224,8,35,31,4,267,255,96,4,12,6,16,267,Unavailable,,,267,0,54,5,Unavailable,32,38,27,#VALUE!,Unavailable,38,Unavailable,87,Unavailable,Unavailable,Unavailable,Unavailable
112084,San Diego Christian College,1,6,2,1,2,San Diego Christian College,CA,21,1,2,,,,16,,12,13,28,28,24,4,16,100,5,24,16,24,24,3,320,201,,,Unavailable,,,Unavailable,,,,24500,24500,Unavailable,88,66,66,64,36,56,46,10,32,20,12,93,66,71,29,27,18,16,91,34,31,51,9,3,63,10,Unavailable,14,58,22,33,Unavailable,24,Unavailable,64,Unavailable,Unavailable,Unavailable,Unavailable
177117,Cottey College,1,29,2,1,2,Cottey College,MO,33,1,2,,,,45,,3,1,74,74,61,,6,47,62,61,38,47,47,5,567,376,0,11,11,,,Unavailable,24,22,18,24518,24518,Unavailable,266,264,264,95,5,254,253,1,12,11,1,266,264,99,1,2,2,6,266,0,0,13,253,0,93,6,Unavailable,37,46,31,2,#VALUE!,45,Unavailable,95,Unavailable,Unavailable,Unavailable,Unavailable
101693,University of Mobile,1,1,2,1,2,University of Mobile,AL,41,2,2,,,,41,,10,1,51,51,36,,115,52,,56,42,52,56,5,1735,1258,1,36,37,,,Unavailable,25,25,23,24580,24580,Unavailable,1128,1070,1070,88,12,988,956,32,140,114,26,1688,1070,63,37,618,11,115,1079,4,48,168,863,0,272,13,Unavailable,22,47,27,17,#VALUE!,35,Unavailable,88,Unavailable,#VALUE!,Unavailable,Unavailable
495439,Arizona College of Nursing-Fort Lauderdale,1,12,3,1,2,Arizona College of Nursing-Fort Lauderdale,FL,12,1,3,,,,67,,4,1,,,,7,86,,,,,,,3,0,,,,Unavailable,,,Unavailable,,,,24693,24693,Unavailable,412,284,284,38,62,155,106,49,257,178,79,412,284,69,31,128,21,86,412,0,0,412,0,6,14,20,Unavailable,Unavailable,Unavailable,Unavailable,34,Unavailable,Unavailable,Unavailable,38,Unavailable,Unavailable,Unavailable,Unavailable
144883,East-West University,1,17,2,1,2,East-West University,IL,11,1,2,,,,80,,3,1,14,10,5,11,15,15,59,23,11,11,14,,,,,,Unavailable,,,Unavailable,,,,24750,24750,Unavailable,528,528,528,86,14,453,453,0,75,75,0,528,528,100,Unavailable,,3,15,528,Unavailable,,,528,,241,29,Unavailable,3,48,6,#VALUE!,Unavailable,10,Unavailable,86,Unavailable,Unavailable,Unavailable,Unavailable
178059,Maryville University of Saint Louis,1,29,2,1,2,Maryville University of Saint Louis,MO,21,3,2,,,,36,,234,4,74,73,65,,959,60,73,72,61,70,72,3,3916,3669,,,Unavailable,,,Unavailable,,,,24766,24766,Unavailable,6062,3608,3608,63,37,3813,3088,725,2249,520,1729,6062,3608,60,40,2454,16,959,5988,53,3166,1751,1071,175,695,13,Unavailable,39,48,39,43,Unavailable,51,Unavailable,63,Unavailable,Unavailable,Unavailable,Unavailable
199069,University of Mount Olive,1,37,2,1,2,University of Mount Olive,NC,42,2,2,,,,49,,96,5,49,47,36,25,215,44,44,47,35,45,46,5,1748,1359,,13,Unavailable,,,Unavailable,19,19,17,24850,24850,Unavailable,1937,1244,1244,55,45,1062,933,129,875,311,564,1937,1244,64,36,693,12,215,1754,46,814,412,528,14,254,19,Unavailable,22,47,26,43,Unavailable,34,Unavailable,55,Unavailable,Unavailable,Unavailable,Unavailable
177083,Conception Seminary College,1,29,2,1,2,Conception Seminary College,MO,43,1,2,,,,12,,0,0,37,37,37,2,7,60,63,64,64,64,64,1,8,8,13,75,88,,,Unavailable,26,24,24,24958,24958,Unavailable,41,32,32,63,37,26,25,1,15,7,8,41,32,78,22,9,22,7,32,Unavailable,,,32,,4,5,Unavailable,22,36,28,#VALUE!,#VALUE!,31,Unavailable,63,Unavailable,#VALUE!,Unavailable,Unavailable
173328,Concordia University-Saint Paul,1,27,2,1,2,Concordia University-Saint Paul,MN,11,3,2,,,,38,,109,3,53,53,43,90,796,43,80,59,45,56,58,3,2730,2044,,,Unavailable,,,Unavailable,,,,25000,25000,Unavailable,3146,2124,2124,69,31,2174,1583,591,972,541,431,3146,2124,68,32,1022,29,796,2786,28,771,1055,960,4,297,15,Unavailable,26,41,38,30,Unavailable,43,Unavailable,69,Unavailable,Unavailable,Unavailable,Unavailable
204176,Mount Carmel College of Nursing,1,39,2,1,2,Mount Carmel College of Nursing,OH,11,1,2,,,,30,,10,2,81,81,75,9,105,67,79,71,65,71,71,5,115,66,8,92,100,,,Unavailable,19,18,20,25199,25199,Unavailable,575,463,463,57,43,330,283,47,245,180,65,575,463,81,19,112,18,105,573,23,132,422,19,0,30,9,Unavailable,45,49,43,30,#VALUE!,56,Unavailable,57,Unavailable,#VALUE!,Unavailable,Unavailable
177542,Hannibal-LaGrange University,1,29,2,1,2,Hannibal-LaGrange University,MO,33,1,2,,,,33,,7,2,36,36,32,,51,31,58,44,31,39,39,5,366,215,0,48,48,,,Unavailable,19,19,17,25200,25200,Unavailable,402,300,300,68,32,275,236,39,127,64,63,402,300,75,25,102,13,51,381,15,58,131,192,17,53,7,Unavailable,19,32,22,25,#VALUE!,27,Unavailable,68,Unavailable,#VALUE!,Unavailable,Unavailable
217484,University of Rhode Island,1,44,1,1,2,University of Rhode Island,RI,21,4,1,0,41,59,23,20964,127,1,71,69,53,315,578,60,77,71,57,68,70,5,25391,19568,22,2,24,590,570,1160,28,,,14116,33512,25560,14670,13092,13092,97,3,14191,12854,1337,479,238,241,14670,13092,89,11,1578,4,578,13822,1,145,6143,7534,16,3267,17,19,32,42,30,5,18,44,Unavailable,97,Unavailable,18,Unavailable,Unavailable
243823,Parker University,1,48,2,1,2,Parker University,TX,11,2,2,,,,48,,55,11,,,,38,104,70,38,72,60,60,60,,,,,,Unavailable,,,Unavailable,,,,25560,25560,Unavailable,504,321,321,30,70,150,100,50,354,221,133,504,321,64,36,183,21,104,494,35,172,33,289,1,4,7,Unavailable,Unavailable,59,Unavailable,49,Unavailable,Unavailable,Unavailable,30,Unavailable,Unavailable,Unavailable,Unavailable
112570,California College of ASU,1,6,2,1,2,California College of ASU,CA,11,1,2,,,,47,,23,15,53,53,40,5,0,49,36,48,39,45,47,,,,,,Unavailable,,,Unavailable,,,,25680,25680,Unavailable,149,21,21,82,18,122,16,106,27,5,22,149,21,14,86,128,0,,149,9,13,0,136,,22,9,Unavailable,24,48,21,36,Unavailable,32,Unavailable,82,Unavailable,Unavailable,Unavailable,Unavailable
182980,New England College,1,33,2,1,2,New England College,NH,42,2,2,,,,42,,13,1,22,22,20,23,128,24,30,31,26,32,33,3,2841,2720,,,Unavailable,,,Unavailable,,,,25714,25714,Unavailable,986,954,954,81,19,798,785,13,188,169,19,986,954,97,3,32,13,128,980,18,173,405,402,2,255,8,Unavailable,12,33,17,14,Unavailable,18,Unavailable,81,Unavailable,Unavailable,Unavailable,Unavailable
189228,Berkeley College-New York,1,36,3,1,2,Berkeley College-New York,NY,11,2,3,,,,67,,93,5,34,31,26,14,184,43,40,40,38,41,42,,,,,,Unavailable,,,Unavailable,,,,25781,25781,Unavailable,1755,1101,1101,45,55,787,585,202,968,516,452,1756,1102,63,37,654,12,184,1514,63,956,356,202,10,40,21,Unavailable,16,55,20,52,Unavailable,25,Unavailable,45,Unavailable,Unavailable,Unavailable,Unavailable
131876,Trinity Washington University,1,11,2,1,2,Trinity Washington University,DC,11,2,2,,,,59,,5,0,42,41,20,18,136,35,68,44,35,43,44,3,1114,1105,,,Unavailable,,,Unavailable,,,,25860,25860,Unavailable,1603,973,973,61,39,972,770,202,631,203,428,1604,973,61,39,631,10,136,1415,12,170,475,770,25,132,9,Unavailable,12,47,22,31,Unavailable,29,Unavailable,61,Unavailable,Unavailable,Unavailable,Unavailable
210492,Bryn Athyn College of the New Church,1,42,2,1,2,Bryn Athyn College of the New Church,PA,21,1,2,,,,46,,2,1,39,39,33,,28,38,49,46,40,41,42,5,593,440,35,3,38,605,569,1174,,,,25893,25893,Unavailable,272,266,266,95,5,258,254,4,14,12,2,273,267,98,2,6,10,28,273,Unavailable,,,273,2,76,8,Unavailable,20,42,22,#VALUE!,Unavailable,28,Unavailable,95,Unavailable,Unavailable,Unavailable,Unavailable
177339,Evangel University,1,29,2,1,2,Evangel University,MO,12,2,2,,,,36,,22,2,58,57,44,20,57,43,90,65,54,60,64,3,1166,808,,,Unavailable,,,Unavailable,,,,25922,25922,Unavailable,1405,1200,1200,98,2,1383,1181,202,22,19,3,1427,1214,85,15,213,5,57,1205,0,0,164,1041,0,343,12,Unavailable,26,40,26,5,Unavailable,37,Unavailable,98,Unavailable,Unavailable,Unavailable,Unavailable
217013,Wilson College,1,42,2,1,2,Wilson College,PA,13,2,2,,,,35,,22,2,53,53,32,5,112,48,58,52,43,51,52,5,1068,961,14,0,14,520,500,1020,,,,25950,25950,Unavailable,1180,620,620,58,42,688,554,134,492,66,426,1180,620,53,47,560,15,112,745,23,170,206,369,0,136,12,Unavailable,19,42,30,38,Unavailable,38,Unavailable,58,Unavailable,Unavailable,Unavailable,Unavailable
166391,Lasell University,1,25,2,1,2,Lasell University,MA,13,2,2,,,,33,,7,1,67,67,61,32,78,48,60,53,49,52,53,5,3060,2517,8,4,12,600,590,1190,21,20,22,26000,26000,Unavailable,1171,1094,1094,95,5,1117,1076,41,54,18,36,1183,1097,93,7,86,7,78,1152,3,37,625,490,0,314,11,Unavailable,37,41,31,5,8,43,Unavailable,95,6,Unavailable,Unavailable,Unavailable
203757,Lourdes University,1,39,2,1,2,Lourdes University,OH,21,2,2,,,,35,,18,2,60,53,53,18,48,32,37,38,38,38,38,3,1004,744,,,Unavailable,,,Unavailable,,,,26010,26010,Unavailable,827,592,592,78,22,645,445,200,182,147,35,827,592,72,28,235,7,48,668,3,21,293,354,2,168,13,Unavailable,32,34,26,18,Unavailable,39,Unavailable,78,Unavailable,Unavailable,Unavailable,Unavailable
183789,Berkeley College-Woodland Park,1,34,3,1,2,Berkeley College-Woodland Park,NJ,21,2,3,,,,65,,44,2,41,37,32,24,264,44,49,45,38,41,42,,,,,,Unavailable,,,Unavailable,,,,26072,26072,Unavailable,1896,1070,1070,40,60,763,543,220,1133,527,606,1900,1070,56,44,830,15,264,1798,51,924,593,281,6,64,14,Unavailable,19,55,24,52,Unavailable,30,Unavailable,40,Unavailable,Unavailable,Unavailable,Unavailable
162061,Capitol Technology University,1,24,2,1,2,Capitol Technology University,MD,21,1,2,,,,36,,19,7,54,51,39,10,23,42,42,47,28,40,47,3,349,272,,,Unavailable,,,Unavailable,,,,26088,26088,Unavailable,260,212,212,80,20,207,182,25,53,30,23,266,218,82,18,48,9,23,259,13,34,169,56,4,41,9,Unavailable,23,39,26,18,Unavailable,36,Unavailable,80,Unavailable,Unavailable,Unavailable,Unavailable
214166,Mount Aloysius College,1,42,2,1,2,Mount Aloysius College,PA,31,2,2,,,,40,,19,1,49,49,41,13,91,40,59,56,45,51,52,5,2377,2149,10,2,12,520,510,1030,20,21,22,26147,26147,Unavailable,2940,1102,1102,93,7,2742,950,1792,198,152,46,2942,1102,37,63,1840,8,91,1123,8,85,709,329,,162,12,Unavailable,25,40,24,24,8,33,Unavailable,93,7,Unavailable,Unavailable,Unavailable
137032,Saint Leo University,1,12,2,1,2,Saint Leo University,FL,31,4,2,,,,40,,754,10,46,44,35,47,1600,46,52,49,40,47,49,5,7788,5615,0,0,0,,,Unavailable,,,,26240,26240,Unavailable,7603,4116,4116,49,51,3714,2555,1159,3889,1561,2328,7603,4116,54,46,3487,23,1600,6999,70,4880,978,1141,1,865,20,Unavailable,21,43,31,55,Unavailable,37,Unavailable,49,Unavailable,Unavailable,Unavailable,Unavailable
203128,Hiram College,1,39,2,1,2,Hiram College,OH,42,2,2,,,,43,,4,0,54,53,51,17,29,50,80,59,50,58,59,3,1906,1780,,,Unavailable,,,Unavailable,,,,26265,26265,Unavailable,982,701,701,97,3,949,687,262,33,14,19,983,701,71,29,282,4,29,731,5,39,191,501,1,191,10,Unavailable,31,47,24,12,Unavailable,34,Unavailable,97,Unavailable,Unavailable,Unavailable,Unavailable
216339,Temple University,1,42,1,1,2,Temple University,PA,11,5,1,0,65,35,31,29641,242,1,77,75,57,407,1008,68,79,75,57,71,75,3,36399,30181,,,Unavailable,,,Unavailable,,,,21023,36280,26363,21720,19944,19944,92,8,20006,19011,995,1714,933,781,21720,19944,92,8,1776,5,1008,21249,4,809,11778,8662,50,4632,12,29,34,50,33,7,Unavailable,48,Unavailable,92,Unavailable,Unavailable,Unavailable,Unavailable
149028,Saint Anthony College of Nursing,1,17,2,1,2,Saint Anthony College of Nursing,IL,12,1,2,,,,35,,3,2,100,100,100,2,43,,,,,,,3,2,2,,,Unavailable,,,Unavailable,,,,26368,26368,Unavailable,152,103,103,55,45,83,70,13,69,33,36,152,103,68,32,49,28,43,152,7,10,43,99,0,0,6,Unavailable,60,Unavailable,57,30,Unavailable,71,Unavailable,55,Unavailable,Unavailable,Unavailable,Unavailable
171881,Kuyper College,1,26,2,1,2,Kuyper College,MI,21,1,2,,,,32,,4,3,42,42,3,,33,100,47,54,40,44,52,3,195,66,,,Unavailable,,,Unavailable,,,,26390,26390,Unavailable,151,101,101,89,11,134,89,45,17,12,5,153,102,67,33,51,28,33,119,0,0,15,104,,5,18,Unavailable,2,66,33,15,Unavailable,36,Unavailable,89,Unavailable,Unavailable,Unavailable,Unavailable
496636,Antigua College International,1,12,3,1,3,Antigua College International,FL,21,1,3,,,,74,,0,0,55,51,15,12,5,,,,,,,,,,,,Unavailable,,,Unavailable,,,,26400,26400,Unavailable,266,266,266,11,89,30,30,0,236,236,0,266,266,100,Unavailable,,2,5,266,Unavailable,,,266,,0,18,Unavailable,9,Unavailable,22,#VALUE!,Unavailable,34,Unavailable,11,Unavailable,Unavailable,Unavailable,Unavailable
218238,Limestone University,1,45,2,1,2,Limestone University,SC,32,2,2,,,,44,,59,4,31,30,27,49,166,22,33,28,20,26,26,3,3075,3022,,,Unavailable,,,Unavailable,,,,26400,26400,Unavailable,1597,1312,1312,72,28,1142,1055,87,455,257,198,1598,1312,82,18,286,11,166,1528,30,458,1002,68,10,316,11,Unavailable,16,33,19,26,Unavailable,23,Unavailable,72,Unavailable,Unavailable,Unavailable,Unavailable
134237,Full Sail University,1,12,3,1,2,Full Sail University,FL,21,5,3,,,,57,,3495,14,44,44,44,2,3019,48,49,50,50,50,50,,,,,,Unavailable,,,Unavailable,,,,26417,26417,Unavailable,25195,25195,25195,46,54,11501,11501,0,13694,13694,0,25195,25195,100,Unavailable,,12,3019,25195,83,20910,4285,0,,5256,31,Unavailable,26,53,25,#VALUE!,Unavailable,31,Unavailable,46,Unavailable,Unavailable,Unavailable,Unavailable
119270,Musicians Institute,1,6,3,1,3,Musicians Institute,CA,11,1,3,,,,18,,78,10,63,58,53,61,94,25,49,46,18,41,44,3,425,303,,,Unavailable,,,Unavailable,,,,26424,26424,Unavailable,780,553,553,59,41,464,377,87,316,176,140,780,553,71,29,227,13,94,735,19,138,5,592,1,49,6,Unavailable,32,22,31,31,Unavailable,43,Unavailable,59,Unavailable,Unavailable,Unavailable,Unavailable
141325,Wesleyan College,1,13,2,1,2,Wesleyan College,GA,12,1,2,,,,54,,9,2,56,56,50,19,25,56,71,61,55,61,61,5,1384,859,6,0,6,445,460,905,,,,26450,26450,Unavailable,595,402,402,86,14,509,366,143,86,36,50,595,402,68,32,193,5,25,466,14,67,126,273,,105,7,Unavailable,30,55,26,20,Unavailable,36,Unavailable,86,Unavailable,Unavailable,Unavailable,Unavailable
156365,Campbellsville University,1,21,2,1,2,Campbellsville University,KY,32,4,2,,,,50,,9,0,43,37,29,134,315,49,21,47,40,46,46,3,1015,998,,,Unavailable,,,Unavailable,,,,26490,26490,Unavailable,6846,2393,2393,88,12,6054,1975,4079,792,418,374,6853,2393,35,65,4460,12,315,2641,18,468,169,2004,26,654,21,Unavailable,17,50,22,29,Unavailable,31,Unavailable,88,Unavailable,Unavailable,Unavailable,Unavailable
219949,Cumberland University,1,47,2,1,2,Cumberland University,TN,31,2,2,,,,39,,30,1,53,53,41,32,178,36,45,47,30,40,42,3,2788,1868,,,Unavailable,,,Unavailable,,,,26640,26640,Unavailable,2652,1993,1993,95,5,2509,1908,601,143,85,58,2652,1993,75,25,659,9,178,2053,2,48,741,1264,7,230,18,Unavailable,25,38,26,10,Unavailable,35,Unavailable,95,Unavailable,Unavailable,Unavailable,Unavailable
181738,Union Adventist University,1,31,2,1,2,Union Adventist University,NE,11,1,2,,,,31,,3,1,59,58,37,14,31,40,59,46,28,42,46,3,936,935,,,Unavailable,,,Unavailable,,,,26640,26640,Unavailable,536,425,425,92,8,493,390,103,43,35,8,536,425,79,21,111,7,31,439,0,0,12,427,0,79,7,Unavailable,22,36,27,9,Unavailable,38,Unavailable,92,Unavailable,Unavailable,Unavailable,Unavailable
126669,Colorado Christian University,1,8,2,1,2,Colorado Christian University,CO,21,3,2,,,,46,,314,5,59,58,47,34,757,51,59,55,49,55,56,,,,,,Unavailable,,,Unavailable,,,,26668,26668,Unavailable,6729,1889,1889,51,49,3442,1672,1770,3287,217,3070,6730,1889,28,72,4841,14,757,5363,70,3773,228,1362,175,436,15,Unavailable,28,49,32,62,Unavailable,41,Unavailable,51,Unavailable,Unavailable,Unavailable,Unavailable
217925,Columbia International University,1,45,2,1,2,Columbia International University,SC,12,2,2,,,,36,,13,1,63,60,57,7,93,64,72,66,63,65,67,3,372,363,,,Unavailable,,,Unavailable,,,,26700,26700,Unavailable,916,575,575,84,16,769,522,247,147,53,94,916,575,63,37,341,13,93,690,9,64,537,89,10,158,13,Unavailable,34,50,32,20,Unavailable,43,Unavailable,84,Unavailable,Unavailable,Unavailable,Unavailable
143288,Blackburn College,1,17,2,1,2,Blackburn College,IL,32,1,2,,,,60,,4,1,46,46,36,15,36,44,68,52,43,52,52,3,1113,892,,,Unavailable,,,Unavailable,,,,26758,26758,Unavailable,387,377,377,81,19,315,313,2,72,64,8,389,379,97,3,10,11,36,341,7,23,11,307,0,104,9,Unavailable,22,52,25,10,Unavailable,32,Unavailable,81,Unavailable,Unavailable,Unavailable,Unavailable
209551,University of Oregon,1,41,1,1,2,University of Oregon,OR,12,5,1,0,45,55,22,23917,317,2,75,74,61,387,832,63,76,71,59,69,71,5,39400,33532,9,5,14,640,600,1240,27,26,25,12240,38683,26784,19963,18740,18740,96,4,19151,18253,898,812,487,325,19963,18740,94,6,1223,4,832,19758,1,210,6614,12934,83,5229,20,20,37,43,32,4,11,47,Unavailable,96,7,Unavailable,Unavailable,Unavailable
164872,Boston Architectural College,1,25,2,1,2,Boston Architectural College,MA,11,1,2,,,,23,,9,3,68,68,32,12,29,20,60,38,8,27,38,,,,,,Unavailable,,,Unavailable,,,,26800,26800,Unavailable,299,161,161,46,54,139,111,28,160,50,110,306,161,53,47,145,11,29,269,25,67,144,58,,18,3,Unavailable,19,22,34,43,Unavailable,45,Unavailable,46,Unavailable,Unavailable,Unavailable,Unavailable
446048,Ave Maria University,1,12,2,1,2,Ave Maria University,FL,42,2,2,,,,23,,25,2,61,60,56,10,82,41,62,55,49,54,55,3,2448,1097,,,Unavailable,,,Unavailable,,,,26930,26930,Unavailable,1247,1217,1217,97,3,1214,1189,25,33,28,5,1250,1220,98,2,30,7,82,1229,0,0,1229,0,0,356,12,Unavailable,34,32,28,2,Unavailable,39,Unavailable,97,Unavailable,Unavailable,Unavailable,Unavailable
157216,Lindsey Wilson College,1,21,2,1,2,Lindsey Wilson College,KY,33,2,2,,,,50,,13,1,40,40,30,28,163,32,50,38,29,37,38,,,,,,Unavailable,,,Unavailable,,,,26976,26976,Unavailable,1783,1578,1578,84,16,1496,1345,151,287,233,54,1783,1578,89,11,205,10,163,1649,20,328,708,613,13,400,17,Unavailable,18,41,22,16,Unavailable,28,Unavailable,84,Unavailable,Unavailable,Unavailable,Unavailable
488785,University of Saint Katherine,1,6,2,1,2,University of Saint Katherine,CA,21,1,2,,,,36,,4,2,,,,3,77,40,43,43,22,43,43,3,160,74,,,Unavailable,,,Unavailable,,,,27000,27000,Unavailable,230,219,219,97,3,222,212,10,8,7,1,230,219,95,5,11,33,77,230,1,2,117,111,2,33,14,Unavailable,Unavailable,38,Unavailable,3,Unavailable,Unavailable,Unavailable,97,Unavailable,Unavailable,Unavailable,Unavailable
218414,Newberry College,1,45,2,1,2,Newberry College,SC,32,2,2,,,,49,,18,1,54,54,37,41,74,38,55,44,34,44,44,5,4269,3193,5,7,12,470,480,950,20,21,18,27000,27000,Unavailable,1461,1440,1440,96,4,1400,1389,11,61,51,10,1462,1441,99,1,21,5,74,1462,4,55,601,806,,396,14,Unavailable,22,44,25,3,7,34,Unavailable,96,4,Unavailable,Unavailable,Unavailable
108232,Academy of Art University,1,6,3,1,2,Academy of Art University,CA,11,3,3,,,,42,,830,20,41,36,7,152,593,24,49,40,8,26,37,,,,,,Unavailable,,,Unavailable,,,,27024,27024,Unavailable,4129,2134,2134,55,45,2272,1374,898,1857,760,1097,4191,2166,52,48,2025,14,593,4131,53,2192,1552,387,200,171,15,Unavailable,4,33,23,48,Unavailable,30,Unavailable,55,Unavailable,Unavailable,Unavailable,Unavailable
140872,Reinhardt University,1,13,2,1,2,Reinhardt University,GA,41,2,2,,,,41,,12,1,36,32,20,22,95,31,46,36,28,34,36,5,1755,968,1,,Unavailable,,,Unavailable,,,,27080,27080,Unavailable,1082,986,986,91,9,981,916,65,101,70,31,1082,986,91,9,96,9,95,1012,8,83,303,626,3,270,11,Unavailable,12,36,18,9,Unavailable,25,Unavailable,91,Unavailable,Unavailable,Unavailable,Unavailable
198303,Chowan University,1,37,2,1,2,Chowan University,NC,43,1,2,,,,61,,10,2,29,29,18,21,66,26,40,29,18,26,29,5,2360,1708,6,0,6,505,465,970,,,,27110,27110,Unavailable,638,611,611,95,5,605,601,4,33,10,23,638,611,96,4,27,10,66,638,4,25,346,267,,215,15,Unavailable,11,44,18,5,Unavailable,22,Unavailable,95,Unavailable,Unavailable,Unavailable,Unavailable
152099,Oakland City University,1,18,2,1,2,Oakland City University,IN,42,1,2,,,,36,,7,1,67,58,34,33,36,46,85,70,55,65,68,3,626,427,,,Unavailable,,,Unavailable,,,,27150,27150,Unavailable,497,453,453,91,9,454,427,27,43,26,17,522,478,92,8,44,8,36,470,3,13,55,402,3,125,12,Unavailable,20,41,28,7,Unavailable,43,Unavailable,91,Unavailable,Unavailable,Unavailable,Unavailable
238324,Bellin College,1,55,2,1,2,Bellin College,WI,22,1,2,,,,22,,11,2,61,61,50,20,63,0,79,74,71,71,74,3,69,69,,,Unavailable,,,Unavailable,,,,27186,27186,Unavailable,611,256,256,90,10,550,226,324,61,30,31,612,257,42,58,355,19,63,338,1,3,148,187,1,45,8,Unavailable,30,11,36,22,Unavailable,44,Unavailable,90,Unavailable,Unavailable,Unavailable,Unavailable
165644,Eastern Nazarene College,1,25,2,1,2,Eastern Nazarene College,MA,21,1,2,,,,35,,3,1,57,56,44,50,74,25,34,35,27,32,35,5,904,533,17,2,19,515,520,1035,,,,27350,27350,Unavailable,378,358,358,90,10,340,335,5,38,23,15,379,359,95,5,20,20,74,378,1,5,144,229,0,73,8,Unavailable,26,30,34,6,Unavailable,42,Unavailable,90,Unavailable,Unavailable,Unavailable,Unavailable
170806,Madonna University,1,26,2,1,2,Madonna University,MI,13,2,2,,,,31,,19,1,65,63,39,58,261,40,74,58,39,55,58,5,1655,1538,31,0,31,500,500,1000,,,,27360,27360,Unavailable,1740,1310,1310,82,18,1421,1150,271,319,160,159,1740,1310,75,25,430,16,261,1637,19,305,998,334,1,248,10,Unavailable,23,36,35,20,Unavailable,45,Unavailable,82,Unavailable,Unavailable,Unavailable,Unavailable
144971,Eureka College,1,17,2,1,2,Eureka College,IL,31,1,2,,,,23,,2,0,51,51,42,20,57,29,47,41,32,39,39,3,1041,921,,,Unavailable,,,Unavailable,,,,27450,27450,Unavailable,527,508,508,96,4,505,492,13,22,16,6,527,508,96,4,19,11,57,522,1,6,11,505,1,149,14,Unavailable,25,26,27,3,Unavailable,35,Unavailable,96,Unavailable,Unavailable,Unavailable,Unavailable
195173,St. Francis College,1,36,2,1,2,St. Francis College,NY,11,2,2,,,,48,,16,1,52,50,31,46,67,47,60,52,34,49,53,,,,,,Unavailable,,,Unavailable,,,,27460,27460,Unavailable,1934,1839,1839,91,9,1765,1716,49,169,123,46,1934,1839,95,5,95,3,67,1931,33,628,1278,25,6,486,13,Unavailable,19,48,22,15,Unavailable,33,Unavailable,91,Unavailable,Unavailable,Unavailable,Unavailable
221953,Tusculum University,1,47,2,1,2,Tusculum University,TN,32,2,2,,,,51,,11,1,40,40,20,5,109,21,54,31,21,30,31,3,758,458,,,Unavailable,,,Unavailable,,,,27500,27500,Unavailable,1005,821,821,87,13,876,739,137,129,82,47,1022,827,81,19,195,12,109,903,0,0,171,732,11,112,18,Unavailable,12,36,23,11,Unavailable,29,Unavailable,87,Unavailable,Unavailable,Unavailable,Unavailable
197142,Villa Maria College,1,36,2,1,2,Villa Maria College,NY,13,1,2,,,,62,,7,1,37,35,33,23,61,27,27,31,25,30,31,3,593,514,,,Unavailable,,,Unavailable,,,,27530,27530,Unavailable,542,451,451,85,15,459,408,51,83,43,40,545,451,83,17,94,11,61,536,0,0,191,345,0,87,9,Unavailable,20,45,21,11,Unavailable,27,Unavailable,85,Unavailable,Unavailable,Unavailable,Unavailable
210571,Albright College,1,42,2,1,2,Albright College,PA,13,2,2,,,,51,,14,1,47,47,41,22,68,36,61,42,42,42,42,3,5366,4623,,,Unavailable,,,Unavailable,,,,27560,27560,Unavailable,1328,1222,1222,90,10,1200,1168,32,128,54,74,1328,1222,92,8,106,5,68,1296,3,38,46,1212,,401,10,Unavailable,25,44,22,7,Unavailable,30,Unavailable,90,Unavailable,Unavailable,Unavailable,Unavailable
216667,Washington & Jefferson College,1,42,2,1,2,Washington & Jefferson College,PA,21,2,2,,,,30,,7,1,76,76,71,21,42,61,,71,63,71,71,3,3218,2624,,,Unavailable,,,Unavailable,,,,27605,27605,Unavailable,1162,1157,1157,99,1,1153,1148,5,9,9,0,1162,1157,100,0,5,4,42,1154,Unavailable,,,1154,,348,10,Unavailable,43,46,33,#VALUE!,Unavailable,47,Unavailable,99,Unavailable,Unavailable,Unavailable,Unavailable
172033,Sacred Heart Major Seminary,1,26,2,1,2,Sacred Heart Major Seminary,MI,11,1,2,,,,7,,0,0,60,60,60,7,76,,67,67,67,67,67,5,4,4,0,0,0,,,Unavailable,,,,27669,27669,Unavailable,188,28,28,11,89,21,15,6,167,13,154,188,28,15,85,160,43,76,176,30,53,15,108,0,2,7,Unavailable,36,Unavailable,50,70,Unavailable,53,Unavailable,11,Unavailable,Unavailable,Unavailable,Unavailable
213011,Immaculata University,1,42,2,1,2,Immaculata University,PA,21,2,2,,,,26,,12,1,69,69,56,20,92,61,64,64,57,63,64,5,1958,1536,26,2,28,590,560,1150,28,,,27700,27700,Unavailable,1528,1017,1017,82,18,1259,953,306,269,64,205,1529,1017,67,33,512,7,92,1265,15,185,611,469,7,200,10,Unavailable,34,44,32,21,20,44,Unavailable,82,Unavailable,20,Unavailable,Unavailable
179964,William Woods University,1,29,2,1,2,William Woods University,MO,32,2,2,,,,32,,14,1,55,55,49,31,323,40,64,57,49,56,57,5,1133,844,0,0,0,,,Unavailable,,,,27800,27800,Unavailable,1097,782,782,70,30,772,692,80,325,90,235,1097,782,71,29,315,30,323,1061,35,371,324,366,11,213,11,Unavailable,29,36,40,31,Unavailable,45,Unavailable,70,Unavailable,Unavailable,Unavailable,Unavailable
231554,Bluefield University,1,51,2,1,2,Bluefield University,VA,32,1,2,,,,53,,8,1,36,35,33,34,89,23,40,27,19,25,27,3,1057,663,,,Unavailable,,,Unavailable,,,,27876,27876,Unavailable,683,614,614,85,15,578,537,41,105,77,28,694,625,90,10,69,13,89,683,29,199,484,0,2,146,15,Unavailable,20,38,22,18,Unavailable,27,Unavailable,85,Unavailable,Unavailable,Unavailable,Unavailable
170967,Rochester University,1,26,2,1,2,Rochester University,MI,21,2,2,,,,42,,7,1,41,40,22,18,89,33,53,41,23,36,41,3,490,320,,,Unavailable,,,Unavailable,,,,27938,27938,Unavailable,1143,739,739,82,18,935,653,282,208,86,122,1144,740,65,35,404,11,89,827,23,192,558,77,6,227,13,Unavailable,13,38,22,25,Unavailable,29,Unavailable,82,Unavailable,Unavailable,Unavailable,Unavailable
140553,Morehouse College,1,13,2,1,2,Morehouse College,GA,11,2,2,,,,44,,40,1,51,47,33,89,78,46,63,53,36,48,53,5,5610,2883,0,5,5,,,Unavailable,20,21,19,27984,27984,Unavailable,2738,2374,2374,87,13,2387,2263,124,351,111,240,2738,2374,87,13,364,3,78,2736,11,313,0,2423,3,671,13,Unavailable,20,45,21,13,#VALUE!,32,Unavailable,87,Unavailable,Unavailable,Unavailable,Unavailable
206862,Southern Nazarene University,1,40,2,1,2,Southern Nazarene University,OK,21,2,2,,,,46,,71,5,48,47,38,24,121,50,49,49,31,36,37,,,,,,Unavailable,,,Unavailable,,,,28000,28000,Unavailable,1465,1444,1444,69,31,1015,1000,15,450,444,6,1465,1444,99,1,21,8,121,1459,21,301,314,844,0,168,11,Unavailable,23,48,24,19,Unavailable,32,Unavailable,69,Unavailable,Unavailable,Unavailable,Unavailable
188340,Vaughn College of Aeronautics and Technology,1,36,2,1,3,Vaughn College of Aeronautics and Technology,NY,11,2,2,,,,53,,57,5,45,45,29,83,114,50,35,40,22,38,43,,,,,,Unavailable,,,Unavailable,,,,28000,28000,Unavailable,1202,874,874,76,24,914,674,240,288,200,88,1202,874,73,27,328,10,114,1104,6,70,554,480,2,65,14,Unavailable,17,52,24,20,Unavailable,31,Unavailable,76,Unavailable,Unavailable,Unavailable,Unavailable
143118,Aurora University,1,17,2,1,2,Aurora University,IL,21,3,2,,,,44,,39,1,56,55,46,55,522,59,61,58,46,54,58,5,5264,4482,7,1,8,525,510,1035,26,23,23,28000,28000,Unavailable,4098,3704,3704,86,14,3533,3388,145,565,316,249,4098,3704,90,10,394,13,522,4021,13,523,402,3096,3,668,18,Unavailable,28,52,30,12,5,39,Unavailable,86,5,Unavailable,Unavailable,Unavailable
177418,Fontbonne University,1,29,2,1,2,Fontbonne University,MO,21,1,2,,,,49,,5,1,62,61,49,9,56,53,69,57,44,55,57,3,1067,1014,,,Unavailable,,,Unavailable,,,,28276,28276,Unavailable,650,595,595,90,10,584,566,18,66,29,37,650,595,92,8,55,9,56,632,6,39,500,93,2,181,9,Unavailable,29,51,30,8,Unavailable,41,Unavailable,90,Unavailable,Unavailable,Unavailable,Unavailable
170037,Cornerstone University,1,26,2,1,2,Cornerstone University,MI,12,2,2,,,,31,,3,0,61,60,54,19,105,55,75,62,56,64,66,3,2011,1472,,,Unavailable,,,Unavailable,,,,28300,28300,Unavailable,1444,1109,1109,86,14,1241,1103,138,203,6,197,1444,1109,77,23,335,8,105,1387,15,204,523,660,0,240,15,Unavailable,32,43,29,17,Unavailable,40,Unavailable,86,Unavailable,Unavailable,Unavailable,Unavailable
233301,Randolph College,1,51,2,1,2,Randolph College,VA,13,1,2,,,,42,,12,2,56,56,49,11,28,46,60,51,39,48,51,5,1935,1837,5,4,9,555,545,1100,22,22,21,28330,28330,Unavailable,541,523,523,97,3,526,514,12,15,9,6,541,523,97,3,18,5,28,520,0,0,0,520,0,147,7,Unavailable,29,44,26,2,6,36,Unavailable,97,3,Unavailable,Unavailable,Unavailable
138293,Webber International University,1,12,2,1,2,Webber International University,FL,41,1,2,,,,54,,12,1,20,20,20,,112,25,19,26,14,23,25,3,1907,1479,,,Unavailable,,,Unavailable,,,,28380,28380,Unavailable,879,844,844,96,4,847,822,25,32,22,10,879,844,96,4,35,13,112,879,4,31,294,554,4,208,18,Unavailable,12,40,16,4,Unavailable,17,Unavailable,96,Unavailable,Unavailable,Unavailable,Unavailable
191205,Five Towns College,1,36,3,1,2,Five Towns College,NY,21,1,3,,,,47,,5,1,43,42,30,20,50,48,52,49,39,47,48,3,472,340,,,Unavailable,,,Unavailable,,,,28450,28450,Unavailable,662,512,512,95,5,631,487,144,31,25,6,662,512,77,23,150,9,50,533,1,5,166,362,0,83,11,Unavailable,18,48,22,9,Unavailable,30,Unavailable,95,Unavailable,Unavailable,Unavailable,Unavailable
224527,East Texas Baptist University,1,48,2,1,2,East Texas Baptist University,TX,32,2,2,,,,37,,14,1,45,45,40,24,112,41,57,48,42,47,48,3,1639,985,,,Unavailable,,,Unavailable,,,,28500,28500,Unavailable,1659,1251,1251,93,7,1535,1211,324,124,40,84,1659,1251,75,25,408,8,112,1364,7,96,338,930,1,389,15,Unavailable,24,39,23,12,Unavailable,30,Unavailable,93,Unavailable,Unavailable,Unavailable,Unavailable
174437,North Central University,1,27,2,1,2,North Central University,MN,11,1,2,,,,46,,4,0,60,59,48,28,59,49,77,64,57,62,62,3,621,564,,,Unavailable,,,Unavailable,,,,28500,28500,Unavailable,865,756,756,90,10,780,710,70,85,46,39,865,756,87,13,109,7,59,802,13,108,346,348,3,169,11,Unavailable,29,48,28,12,Unavailable,39,Unavailable,90,Unavailable,Unavailable,Unavailable,Unavailable
149639,VanderCook College of Music,1,17,2,1,2,VanderCook College of Music,IL,11,1,2,,,,37,,1,1,65,65,55,6,3,44,75,47,47,47,47,5,37,36,0,0,0,,,Unavailable,,,,28640,28640,Unavailable,70,67,67,89,11,62,61,1,8,6,2,99,67,68,32,32,4,3,70,0,0,0,70,0,12,4,Unavailable,33,41,29,14,Unavailable,41,Unavailable,89,Unavailable,Unavailable,Unavailable,Unavailable
198808,Lees-McRae College,1,37,2,1,2,Lees-McRae College,NC,42,1,2,,,,37,,23,3,40,40,36,14,114,41,53,44,40,44,44,5,1787,1443,0,0,0,,,Unavailable,,,,28790,28790,Unavailable,818,795,795,87,13,712,704,8,106,91,15,818,795,97,3,23,14,114,817,18,145,18,654,,212,10,Unavailable,22,39,24,11,Unavailable,30,Unavailable,87,Unavailable,Unavailable,Unavailable,Unavailable
175421,Belhaven University,1,28,2,1,2,Belhaven University,MS,12,2,2,,,,47,,67,5,54,54,44,52,219,52,70,51,37,50,51,5,2156,1148,1,45,46,,,Unavailable,20,21,18,28800,28800,Unavailable,1452,1092,1092,69,31,1007,902,105,445,190,255,1452,1092,75,25,360,16,219,1370,29,391,263,716,6,257,13,Unavailable,26,50,31,28,#VALUE!,39,Unavailable,69,Unavailable,#VALUE!,Unavailable,Unavailable
498456,Arizona College of Nursing-Ontario,1,6,3,1,2,Arizona College of Nursing-Ontario,CA,12,1,3,,,,59,,2,1,,,,2,32,,,,,,,3,1,1,,,Unavailable,,,Unavailable,,,,28853,28853,Unavailable,279,170,170,24,76,66,42,24,213,128,85,279,170,61,39,109,11,32,279,0,0,279,0,5,13,20,Unavailable,Unavailable,Unavailable,Unavailable,42,Unavailable,Unavailable,Unavailable,24,Unavailable,Unavailable,Unavailable,Unavailable
183275,Thomas More College of Liberal Arts,1,33,2,1,2,Thomas More College of Liberal Arts,NH,22,1,2,,,,51,,2,2,90,90,90,,8,60,33,62,62,62,62,,,,,,Unavailable,,,Unavailable,,,,29000,29000,Unavailable,95,95,95,93,7,88,88,0,7,7,0,95,95,100,Unavailable,,8,8,95,Unavailable,,,95,,24,10,Unavailable,54,56,41,#VALUE!,Unavailable,57,Unavailable,93,Unavailable,Unavailable,Unavailable,Unavailable
205027,Pontifical College Josephinum,1,39,2,1,2,Pontifical College Josephinum,OH,11,1,2,,,,9,,1,2,19,19,0,,16,0,50,27,27,27,27,5,6,5,25,0,25,,,Unavailable,,,,29000,29000,Unavailable,45,45,45,47,53,21,21,0,24,24,0,45,45,100,Unavailable,,36,16,45,Unavailable,,,45,,1,5,Unavailable,0,5,29,#VALUE!,Unavailable,26,Unavailable,47,Unavailable,Unavailable,Unavailable,Unavailable
238078,Wheeling University,1,54,2,1,2,Wheeling University,WV,13,1,2,,,,27,,10,2,57,57,18,8,64,29,8,32,27,31,32,3,2103,1581,,,Unavailable,,,Unavailable,,,,29090,29090,Unavailable,588,560,560,91,9,535,529,6,53,31,22,588,560,95,5,28,11,64,567,1,7,222,338,,145,14,Unavailable,11,28,30,5,Unavailable,39,Unavailable,91,Unavailable,Unavailable,Unavailable,Unavailable
113582,Design Institute of San Diego,1,6,3,1,2,Design Institute of San Diego,CA,11,1,3,,,,55,,27,29,50,50,33,7,25,0,,50,50,50,50,3,8,7,,,Unavailable,,,Unavailable,,,,29250,29250,Unavailable,92,71,71,50,50,46,43,3,46,28,18,92,71,77,23,21,27,25,92,0,0,69,23,1,7,7,Unavailable,20,28,36,27,Unavailable,41,Unavailable,50,Unavailable,Unavailable,Unavailable,Unavailable
215053,Pennsylvania College of Art and Design,1,42,2,1,2,Pennsylvania College of Art and Design,PA,13,1,2,,,,46,,5,2,58,58,54,12,36,67,56,64,64,64,64,3,677,311,,,Unavailable,,,Unavailable,,,,29250,29250,Unavailable,323,289,289,93,7,299,274,25,24,15,9,323,289,89,11,34,12,36,312,1,3,107,202,3,63,9,Unavailable,32,57,30,6,Unavailable,39,Unavailable,93,Unavailable,Unavailable,Unavailable,Unavailable
174862,Crown College,1,27,2,1,2,Crown College,MN,41,2,2,,,,40,,15,1,59,59,51,17,78,58,67,64,56,62,63,3,1054,662,,,Unavailable,,,Unavailable,,,,29300,29300,Unavailable,1379,747,747,89,11,1230,699,531,149,48,101,1379,747,54,46,632,10,78,789,30,234,58,497,16,191,22,Unavailable,31,49,30,27,Unavailable,39,Unavailable,89,Unavailable,Unavailable,Unavailable,Unavailable
191621,Hilbert College,1,36,2,1,2,Hilbert College,NY,21,1,2,,,,45,,33,4,53,53,51,10,137,36,0,47,42,45,46,5,1310,1284,2,,Unavailable,470,590,1060,,,,29300,29300,Unavailable,938,874,874,88,12,828,796,32,110,78,32,939,874,93,7,65,15,137,922,17,161,518,243,1,268,15,Unavailable,31,41,30,12,Unavailable,38,Unavailable,88,Unavailable,Unavailable,Unavailable,Unavailable
205391,The Modern College of Design,1,39,3,1,3,The Modern College of Design,OH,13,1,3,,,,47,,3,2,,,,12,11,,76,62,,,,3,355,326,,,Unavailable,,,Unavailable,,,,29344,29344,Unavailable,189,119,119,89,11,169,115,54,20,4,16,189,119,63,37,70,6,11,189,30,56,0,133,0,0,8,Unavailable,Unavailable,Unavailable,Unavailable,24,Unavailable,Unavailable,Unavailable,89,Unavailable,Unavailable,Unavailable,Unavailable
199698,St. Andrews University,1,37,2,1,2,St. Andrews University,NC,32,1,2,,,,48,,28,3,42,31,31,,89,32,0,27,18,23,26,,,,,,Unavailable,,,Unavailable,,,,29400,29400,Unavailable,802,691,691,80,20,644,608,36,158,83,75,806,695,86,14,111,11,89,806,27,221,0,585,0,172,14,Unavailable,19,40,19,20,Unavailable,30,Unavailable,80,Unavailable,Unavailable,Unavailable,Unavailable
177144,Culver-Stockton College,1,29,2,1,2,Culver-Stockton College,MO,43,2,2,,,,38,,11,1,49,49,42,4,109,44,54,50,43,50,50,5,1351,1324,,3,Unavailable,,,Unavailable,19,18,18,29420,29420,Unavailable,930,858,858,97,3,903,838,65,27,20,7,930,858,92,8,72,12,109,884,5,46,316,522,0,263,17,Unavailable,25,41,27,5,Unavailable,34,Unavailable,97,Unavailable,Unavailable,Unavailable,Unavailable
156356,Brescia University,1,21,2,1,2,Brescia University,KY,13,1,2,,,,44,,15,3,48,47,34,12,64,40,64,46,36,45,45,3,2534,877,,,Unavailable,,,Unavailable,,,,29500,29500,Unavailable,550,481,481,77,23,422,404,18,128,77,51,551,481,87,13,70,12,64,538,23,126,241,171,1,95,8,Unavailable,20,42,26,20,Unavailable,34,Unavailable,77,Unavailable,Unavailable,Unavailable,Unavailable
209287,Multnomah University,1,41,2,1,2,Multnomah University,OR,11,1,2,,,,48,,18,5,55,55,46,13,79,43,56,51,43,51,51,5,317,158,3,2,5,,,Unavailable,,,,29560,29560,Unavailable,330,296,296,81,19,266,255,11,64,41,23,330,296,90,10,34,24,79,329,15,48,71,210,0,90,10,Unavailable,28,46,36,15,Unavailable,43,Unavailable,81,Unavailable,Unavailable,Unavailable,Unavailable
119775,Newschool of Architecture and Design,1,6,3,1,2,Newschool of Architecture and Design,CA,11,1,3,,,,46,,18,8,56,54,26,5,24,33,57,51,8,49,51,3,20,20,,,Unavailable,,,Unavailable,,,,29691,29691,Unavailable,213,178,178,53,47,113,101,12,100,77,23,213,178,84,16,35,11,24,212,2,5,75,132,0,12,6,Unavailable,16,40,28,24,Unavailable,38,Unavailable,53,Unavailable,Unavailable,Unavailable,Unavailable
206835,Oklahoma Wesleyan University,1,40,2,1,2,Oklahoma Wesleyan University,OK,32,1,2,,,,39,,5,1,33,33,30,30,91,18,31,28,23,28,28,3,688,530,,,Unavailable,,,Unavailable,,,,29698,29698,Unavailable,824,581,581,90,10,741,561,180,83,20,63,824,581,71,29,243,14,91,663,11,73,357,233,0,198,15,Unavailable,18,29,21,16,Unavailable,25,Unavailable,90,Unavailable,Unavailable,Unavailable,Unavailable
154721,Bethany College,1,20,2,1,2,Bethany College,KS,43,1,2,,,,47,,20,3,32,32,28,7,75,21,40,29,24,28,29,5,1860,1462,0,,Unavailable,,,Unavailable,,,,29800,29800,Unavailable,637,582,582,97,3,617,567,50,20,15,5,637,582,91,9,55,13,75,583,0,0,155,428,,259,12,Unavailable,17,34,21,4,Unavailable,24,Unavailable,97,Unavailable,Unavailable,Unavailable,Unavailable
161563,Thomas College,1,23,2,1,2,Thomas College,ME,33,2,2,,,,37,,13,1,53,51,44,14,35,48,68,51,45,50,51,3,853,828,,,Unavailable,,,Unavailable,,,,29824,29824,Unavailable,1581,696,696,99,1,1565,684,881,16,12,4,1581,696,44,56,885,5,35,688,0,3,431,254,,234,23,Unavailable,26,43,23,17,Unavailable,34,Unavailable,99,Unavailable,Unavailable,Unavailable,Unavailable
207458,Oklahoma City University,1,40,2,1,2,Oklahoma City University,OK,11,2,2,,,,24,,34,2,65,65,55,26,159,57,68,64,62,64,64,5,1432,1008,1,51,52,,,Unavailable,23,23,21,29836,29836,Unavailable,1429,1372,1372,90,10,1286,1264,22,143,108,35,1447,1389,96,4,58,11,159,1433,1,9,324,1100,,300,11,Unavailable,33,41,33,5,#VALUE!,43,Unavailable,90,Unavailable,#VALUE!,Unavailable,Unavailable
141486,Chaminade University of Honolulu,1,15,2,1,2,Chaminade University of Honolulu,HI,11,2,2,,,,44,,107,6,66,65,48,10,223,46,72,58,51,60,63,5,2034,1884,6,0,6,585,570,1155,,,,29856,29856,Unavailable,1764,1421,1421,72,28,1278,1125,153,486,296,190,1764,1421,81,19,343,14,223,1648,19,310,749,589,15,219,11,Unavailable,29,45,34,22,Unavailable,45,Unavailable,72,Unavailable,Unavailable,Unavailable,Unavailable
106342,Lyon College,1,5,2,1,2,Lyon College,AR,33,1,2,,,,36,,7,1,46,46,37,50,40,61,61,56,44,54,56,3,2522,1653,,,Unavailable,,,Unavailable,,,,29900,29900,Unavailable,581,561,561,97,3,565,551,14,16,10,6,584,563,96,4,21,7,40,563,0,0,92,471,0,144,10,Unavailable,22,49,23,2,Unavailable,30,Unavailable,97,Unavailable,Unavailable,Unavailable,Unavailable
151290,Indiana Institute of Technology,1,18,2,1,2,Indiana Institute of Technology,IN,11,2,2,,,,38,,9,1,41,39,26,74,67,25,53,31,21,32,35,3,6187,3520,,,Unavailable,,,Unavailable,,,,29936,29936,Unavailable,1639,1326,1326,98,2,1612,1302,310,27,24,3,1642,1326,81,19,316,5,67,1361,0,6,219,1136,3,436,16,Unavailable,16,32,19,7,Unavailable,27,Unavailable,98,Unavailable,Unavailable,Unavailable,Unavailable
198835,Lenoir-Rhyne University,1,37,2,1,2,Lenoir-Rhyne University,NC,13,2,2,,,,44,,22,1,49,48,39,30,92,39,68,51,41,51,51,3,6299,5082,,,Unavailable,,,Unavailable,,,,30000,30000,Unavailable,1477,1310,1310,94,6,1392,1257,135,85,53,32,1477,1310,89,11,167,7,92,1348,2,30,800,518,22,373,15,Unavailable,23,42,23,6,Unavailable,32,Unavailable,94,Unavailable,Unavailable,Unavailable,Unavailable
155937,Sterling College,1,20,2,1,2,Sterling College,KS,43,1,2,,,,38,,9,1,43,42,36,5,48,22,39,29,19,29,29,5,826,438,1,3,4,,,Unavailable,,,,30000,30000,Unavailable,680,515,515,89,11,602,491,111,78,24,54,680,515,76,24,165,8,48,569,15,88,17,464,2,151,9,Unavailable,22,30,22,17,Unavailable,29,Unavailable,89,Unavailable,Unavailable,Unavailable,Unavailable
219198,Mount Marty University,1,46,2,1,2,Mount Marty University,SD,33,2,2,,,,30,,10,1,61,61,49,7,79,48,70,61,50,57,60,5,1290,621,,59,Unavailable,,,Unavailable,22,,,30250,30250,Unavailable,1096,620,620,90,10,990,583,407,106,37,69,1096,620,57,43,476,11,79,702,1,5,226,471,0,148,12,Unavailable,29,39,31,17,Unavailable,41,Unavailable,90,Unavailable,Unavailable,Unavailable,Unavailable
137564,Southeastern University,1,12,2,1,2,Southeastern University,FL,12,4,2,,,,40,,73,1,48,47,34,32,538,43,44,43,38,47,49,3,2800,2080,,,Unavailable,,,Unavailable,,,,30432,30432,Unavailable,9145,4255,4255,91,9,8334,3712,4622,811,543,268,9167,4256,46,54,4911,12,538,4646,33,1522,1776,1348,48,889,26,Unavailable,20,42,26,29,Unavailable,33,Unavailable,91,Unavailable,Unavailable,Unavailable,Unavailable
165264,Laboure College of Healthcare,1,25,2,1,3,Laboure College of Healthcare,MA,21,1,2,,,,37,,9,1,,,,11,73,,,,,,,3,37,15,,,Unavailable,,,Unavailable,,,,30438,30438,Unavailable,717,67,67,13,87,90,11,79,627,56,571,717,67,9,91,650,10,73,717,27,197,15,505,0,0,5,Unavailable,Unavailable,Unavailable,Unavailable,70,Unavailable,Unavailable,Unavailable,13,Unavailable,Unavailable,Unavailable,Unavailable
183822,Bloomfield College,1,34,2,1,2,Bloomfield College,NJ,21,1,2,,,,69,,7,1,40,38,22,,49,32,20,31,18,28,31,5,3491,2347,2,1,3,,,Unavailable,,,,30680,30680,Unavailable,904,833,833,85,15,771,734,37,133,99,34,904,833,92,8,71,5,49,901,7,59,554,288,4,231,13,Unavailable,13,51,18,10,Unavailable,26,Unavailable,85,Unavailable,Unavailable,Unavailable,Unavailable
144281,Columbia College Chicago,1,17,2,1,2,Columbia College Chicago,IL,11,3,2,,,,43,,74,1,52,51,44,54,553,42,50,48,39,41,48,3,7873,7178,,,Unavailable,,,Unavailable,,,,30734,30734,Unavailable,6343,6013,6013,94,6,5951,5734,217,392,279,113,6344,6013,95,5,331,9,553,6294,1,52,2536,3706,21,1585,15,Unavailable,26,43,26,4,Unavailable,35,Unavailable,94,Unavailable,Unavailable,Unavailable,Unavailable
141361,Young Harris College,1,13,2,1,2,Young Harris College,GA,43,2,2,,,,38,,4,0,41,40,36,26,37,46,45,46,42,46,46,3,1926,1233,,,Unavailable,,,Unavailable,,,,30800,30800,Unavailable,1403,818,818,100,0,1398,815,583,5,3,2,1403,818,58,42,585,5,37,810,0,0,28,782,0,253,11,Unavailable,22,42,19,13,Unavailable,26,Unavailable,100,Unavailable,Unavailable,Unavailable,Unavailable
227331,Our Lady of the Lake University,1,48,2,1,2,Our Lady of the Lake University,TX,11,2,2,,,,59,,41,4,35,35,23,1,97,41,54,42,33,41,42,,,,,,Unavailable,,,Unavailable,,,,30804,30804,Unavailable,1147,994,994,82,18,938,869,69,209,125,84,1147,994,87,13,153,9,97,1110,11,126,702,282,8,288,11,Unavailable,14,50,19,15,Unavailable,24,Unavailable,82,Unavailable,Unavailable,Unavailable,Unavailable
217907,Coker University,1,45,2,1,2,Coker University,SC,32,2,2,,,,40,,13,1,37,37,30,2,72,29,43,35,31,34,35,3,1121,1090,,,Unavailable,,,Unavailable,,,,30864,30864,Unavailable,1176,758,758,88,13,1029,641,388,147,117,30,1187,766,65,35,421,9,72,807,16,131,396,280,,188,12,Unavailable,18,35,20,21,Unavailable,26,Unavailable,88,Unavailable,Unavailable,Unavailable,Unavailable
155177,Hesston College,1,20,2,1,3,Hesston College,KS,42,1,2,,,,30,,6,2,75,75,75,3,41,83,63,57,46,54,54,,,,,,Unavailable,,,Unavailable,,,,30876,30876,Unavailable,308,291,291,86,14,266,261,5,42,30,12,308,291,94,6,17,13,41,308,1,3,80,225,0,12,7,Unavailable,45,57,38,7,Unavailable,50,Unavailable,86,Unavailable,Unavailable,Unavailable,Unavailable
238980,Lakeland University,1,55,2,1,2,Lakeland University,WI,41,2,2,,,,43,,10,0,43,42,35,32,141,54,53,56,50,55,56,3,1066,971,,,Unavailable,,,Unavailable,,,,30900,30900,Unavailable,1230,730,730,58,42,710,650,60,520,80,440,2318,750,32,68,1568,11,141,1230,20,252,472,506,2,227,13,Unavailable,21,49,24,43,Unavailable,30,Unavailable,58,Unavailable,Unavailable,Unavailable,Unavailable
226587,McMurry University,1,48,2,1,2,McMurry University,TX,12,2,2,,,,51,,64,3,32,31,20,7,106,34,49,39,27,37,39,5,4836,2788,13,5,18,540,540,1080,20,20,20,30922,30922,Unavailable,2544,1056,1056,93,7,2364,941,1423,180,115,65,2544,1056,42,58,1488,10,106,1108,10,107,510,491,2,274,13,Unavailable,12,43,18,23,12,23,Unavailable,93,9,Unavailable,Unavailable,Unavailable
139199,Brenau University,1,13,2,1,2,Brenau University,GA,13,2,2,,,,54,,19,2,53,52,39,26,98,34,46,35,28,35,37,5,2761,2401,12,6,18,550,520,1070,22,22,20,31000,31000,Unavailable,1195,784,784,71,29,846,617,229,349,167,182,1195,784,66,34,411,10,98,981,35,344,326,311,9,192,11,Unavailable,23,44,27,33,12,36,Unavailable,71,8,Unavailable,Unavailable,Unavailable
145619,Benedictine University,1,17,2,1,2,Benedictine University,IL,21,2,2,,,,39,,9,0,48,47,35,12,212,46,54,51,38,48,51,5,2788,2153,0,0,0,,,Unavailable,,,,31028,31028,Unavailable,1842,1646,1646,92,8,1688,1562,126,154,84,70,1842,1646,89,11,196,12,212,1817,5,90,1060,667,10,415,13,Unavailable,21,43,26,8,Unavailable,33,Unavailable,92,Unavailable,Unavailable,Unavailable,Unavailable
189705,Canisius University,1,36,2,1,2,Canisius University,NY,11,2,2,,,,27,,10,1,71,71,64,41,161,61,78,71,63,70,71,3,4147,3391,,,Unavailable,,,Unavailable,,,,31100,31100,Unavailable,1796,1731,1731,97,3,1734,1699,35,62,32,30,1798,1731,96,4,67,9,161,1768,0,0,846,922,3,474,11,Unavailable,38,44,34,2,Unavailable,46,Unavailable,97,Unavailable,Unavailable,Unavailable,Unavailable
206437,Walsh University,1,39,2,1,2,Walsh University,OH,21,2,2,,,,25,,11,1,69,69,46,19,51,53,69,62,56,60,62,5,2287,1788,2,16,18,545,600,1145,25,23,24,31153,31153,Unavailable,1419,1221,1221,92,8,1309,1162,147,110,59,51,1423,1224,86,14,199,4,51,1294,6,78,741,475,1,377,13,Unavailable,28,39,30,9,13,43,Unavailable,92,10,Unavailable,Unavailable,Unavailable
137847,The University of Tampa,1,12,2,1,2,The University of Tampa,FL,11,4,2,,,,16,,259,3,62,62,52,61,376,50,66,62,52,61,62,3,35353,14469,,,Unavailable,,,Unavailable,,,,31162,31162,Unavailable,10111,9925,9925,98,2,9949,9804,145,162,121,41,10111,9925,98,2,186,4,376,10093,0,17,331,9745,2,1873,17,Unavailable,31,33,27,1,Unavailable,39,Unavailable,98,Unavailable,Unavailable,Unavailable,Unavailable
211024,Clarks Summit University,1,42,2,1,2,Clarks Summit University,PA,21,1,2,,,,50,,5,1,43,43,17,22,18,52,68,54,48,53,53,3,202,182,,,Unavailable,,,Unavailable,,,,31200,31200,Unavailable,345,264,264,80,20,275,240,35,70,24,46,345,264,77,23,81,5,18,331,27,91,68,172,6,62,9,Unavailable,10,51,20,23,Unavailable,28,Unavailable,80,Unavailable,Unavailable,Unavailable,Unavailable
171492,Northwood University,1,26,2,1,2,Northwood University,MI,13,2,2,,,,25,,59,3,63,62,47,12,333,40,71,61,51,60,61,3,2074,1740,,,Unavailable,,,Unavailable,,,,31400,31400,Unavailable,1989,1293,1293,66,34,1316,1125,191,673,168,505,1989,1293,65,35,696,18,333,1900,38,731,694,475,19,228,13,Unavailable,28,33,35,36,Unavailable,45,Unavailable,66,Unavailable,Unavailable,Unavailable,Unavailable
442356,Pennsylvania College of Health Sciences,1,42,2,1,3,Pennsylvania College of Health Sciences,PA,41,2,2,,,,31,,27,2,,,,14,209,88,78,67,85,85,85,5,451,199,0,0,0,,,Unavailable,,,,31438,31438,Unavailable,1648,651,651,43,57,710,362,348,938,289,649,1648,651,40,60,997,14,209,1548,16,249,725,574,3,40,13,Unavailable,Unavailable,60,Unavailable,46,Unavailable,Unavailable,Unavailable,43,Unavailable,Unavailable,Unavailable,Unavailable
199032,Montreat College,1,37,2,1,2,Montreat College,NC,21,1,2,,,,41,,17,2,31,28,26,62,67,30,55,41,28,39,41,3,2154,1412,,,Unavailable,,,Unavailable,,,,31460,31460,Unavailable,739,662,662,84,16,624,604,20,115,58,57,759,676,89,11,83,9,67,750,17,130,242,378,2,205,12,Unavailable,16,36,17,15,Unavailable,22,Unavailable,84,Unavailable,Unavailable,Unavailable,Unavailable
490124,Los Angeles Academy of Figurative Art,1,6,3,1,3,Los Angeles Academy of Figurative Art,CA,11,1,3,,,,60,,0,0,,,,,0,,,,,,,,,,,,Unavailable,,,Unavailable,,,,31518,31518,Unavailable,4,4,4,50,50,2,2,0,2,2,0,4,4,100,Unavailable,,0,,4,Unavailable,,,4,,0,1,Unavailable,Unavailable,Unavailable,Unavailable,#VALUE!,Unavailable,Unavailable,Unavailable,50,Unavailable,Unavailable,Unavailable,Unavailable
178244,Missouri Baptist University,1,29,2,1,2,Missouri Baptist University,MO,21,3,2,,,,37,,25,1,42,41,29,3,281,45,51,48,33,47,48,5,1195,766,4,7,11,550,490,1040,17,15,16,31530,31530,Unavailable,4883,1371,1371,93,7,4551,1174,3377,332,197,135,4889,1371,28,72,3518,19,281,1452,19,283,1002,167,5,299,21,Unavailable,17,41,28,30,6,33,Unavailable,93,3,Unavailable,Unavailable,Unavailable
219091,Dakota Wesleyan University,1,46,2,1,2,Dakota Wesleyan University,SD,33,1,2,,,,28,,11,1,50,50,46,8,57,38,48,46,35,40,40,3,1153,839,,,Unavailable,,,Unavailable,,,,31700,31700,Unavailable,767,618,618,90,10,688,580,108,79,38,41,767,618,81,19,149,9,57,661,1,9,247,405,10,160,12,Unavailable,28,33,25,10,Unavailable,33,Unavailable,90,Unavailable,Unavailable,Unavailable,Unavailable
114354,FIDM-Fashion Institute of Design & Merchandising,1,6,3,1,3,FIDM-Fashion Institute of Design & Merchandising,CA,11,2,3,,,,26,,51,4,,,,20,63,,73,67,,,,3,412,171,,,Unavailable,,,Unavailable,,,,31725,31725,Unavailable,1319,948,948,82,18,1087,803,284,232,145,87,1319,948,72,28,371,5,63,1319,1,18,1010,291,0,0,13,Unavailable,Unavailable,Unavailable,Unavailable,16,Unavailable,Unavailable,Unavailable,82,Unavailable,Unavailable,Unavailable,Unavailable
215114,Cairn University-Langhorne,1,42,2,1,2,Cairn University-Langhorne,PA,21,2,2,,,,32,,5,1,61,61,46,,42,65,71,65,31,64,64,5,505,422,24,3,27,580,560,1140,26,,,31881,31881,Unavailable,855,746,746,95,5,809,722,87,46,24,22,855,746,87,13,109,5,42,782,5,38,130,614,1,123,11,Unavailable,28,49,28,7,19,39,Unavailable,95,Unavailable,19,Unavailable,Unavailable
166452,Lesley University,1,25,2,1,2,Lesley University,MA,12,2,2,,,,31,,16,1,62,60,49,13,146,53,64,62,44,57,62,3,2509,2369,,,Unavailable,,,Unavailable,,,,31890,31890,Unavailable,1333,893,893,81,19,1083,833,250,250,60,190,1342,893,67,33,449,12,146,1252,11,136,522,594,15,225,10,Unavailable,29,42,31,21,Unavailable,42,Unavailable,81,Unavailable,Unavailable,Unavailable,Unavailable
236896,Walla Walla University,1,53,2,1,2,Walla Walla University,WA,23,2,2,,,,26,,18,1,65,63,37,27,62,52,71,64,40,57,63,,,,,,Unavailable,,,Unavailable,,,,31899,31899,Unavailable,1266,1165,1165,94,6,1196,1116,80,70,49,21,1266,1165,92,8,101,5,62,1214,0,0,73,1141,0,296,13,Unavailable,22,39,28,5,Unavailable,41,Unavailable,94,Unavailable,Unavailable,Unavailable,Unavailable
237181,Bethany College,1,54,2,1,2,Bethany College,WV,41,1,2,,,,41,,4,1,44,43,34,18,25,31,58,46,39,46,46,3,2435,1473,,,Unavailable,,,Unavailable,,,,31920,31920,Unavailable,645,639,639,99,1,637,633,4,8,6,2,645,639,99,1,6,4,25,642,0,0,48,594,0,176,12,Unavailable,20,36,20,1,Unavailable,28,Unavailable,99,Unavailable,Unavailable,Unavailable,Unavailable
238193,Alverno College,1,55,2,1,2,Alverno College,WI,11,2,2,,,,54,,8,1,49,48,25,28,103,45,72,51,36,50,52,3,667,621,,,Unavailable,,,Unavailable,,,,31944,31944,Unavailable,887,618,618,78,22,689,521,168,198,97,101,887,618,70,30,269,14,103,724,8,59,392,273,0,131,10,Unavailable,15,50,28,20,Unavailable,35,Unavailable,78,Unavailable,Unavailable,Unavailable,Unavailable
213358,La Roche University,1,42,2,1,2,La Roche University,PA,21,2,2,,,,30,,9,0,52,52,43,31,82,50,0,58,48,57,57,5,2063,1601,12,2,14,595,545,1140,,,,31960,31960,Unavailable,1977,703,703,94,6,1849,640,1209,128,63,65,2300,703,31,69,1597,10,82,786,6,50,380,356,0,125,11,Unavailable,26,40,27,25,Unavailable,35,Unavailable,94,Unavailable,Unavailable,Unavailable,Unavailable
194392,Paul Smiths College of Arts and Science,1,36,2,1,2,Paul Smiths College of Arts and Science,NY,42,1,2,,,,37,,27,5,50,50,46,21,31,39,56,53,45,49,49,3,939,852,,,Unavailable,,,Unavailable,,,,32012,32012,Unavailable,581,577,577,95,5,553,552,1,28,25,3,582,577,99,1,5,5,31,582,0,2,232,348,,151,12,Unavailable,28,38,23,2,Unavailable,32,Unavailable,95,Unavailable,Unavailable,Unavailable,Unavailable
120768,Pacific Oaks College,1,6,2,1,2,Pacific Oaks College,CA,12,2,2,,,,55,,4,1,,,,19,74,,,,,,,5,30,3,0,0,0,,,Unavailable,,,,32040,32040,Unavailable,346,0,0,11,89,37,0,37,309,0,309,346,,Unavailable,100,346,21,74,346,46,160,182,4,3,0,3,Unavailable,Unavailable,Unavailable,Unavailable,80,Unavailable,Unavailable,Unavailable,11,Unavailable,Unavailable,Unavailable,Unavailable
190761,Dominican University New York,1,36,2,1,2,Dominican University New York,NY,21,2,2,,,,42,,5,0,44,43,27,12,91,59,71,57,46,56,57,5,2319,1828,3,0,3,585,575,1160,,,,32160,32160,Unavailable,1084,1022,1022,89,11,962,934,28,122,88,34,1089,1022,94,6,67,8,91,1083,2,24,521,538,0,214,14,Unavailable,16,51,22,7,Unavailable,30,Unavailable,89,Unavailable,Unavailable,Unavailable,Unavailable
199607,Salem College,1,37,2,1,2,Salem College,NC,11,1,2,,,,53,,1,0,67,67,66,10,17,52,68,56,51,56,56,5,1951,1698,5,7,12,655,580,1235,22,20,21,32236,32236,Unavailable,436,346,346,86,14,375,326,49,61,20,41,436,346,79,21,90,4,17,390,1,3,200,187,3,90,7,Unavailable,40,53,29,12,8,42,Unavailable,86,4,Unavailable,Unavailable,Unavailable
212656,Geneva College,1,42,2,1,2,Geneva College,PA,21,2,2,,,,35,,18,2,71,70,63,24,37,52,70,61,52,59,61,,,,,,Unavailable,,,Unavailable,,,,32350,32350,Unavailable,1112,930,930,94,6,1042,889,153,70,41,29,1149,959,83,17,190,4,37,1000,4,43,66,891,0,274,12,Unavailable,38,44,30,9,Unavailable,44,Unavailable,94,Unavailable,Unavailable,Unavailable,Unavailable
190716,D'Youville  University,1,36,2,1,2,D'Youville  University,NY,11,2,2,,,,36,,22,2,60,59,37,7,173,52,55,57,36,53,57,5,2295,1890,18,0,18,510,530,1040,,,,32400,32400,Unavailable,1297,1066,1066,82,18,1067,947,120,230,119,111,1299,1068,82,18,231,13,173,1299,4,54,1229,16,0,284,11,Unavailable,22,44,32,14,Unavailable,41,Unavailable,82,Unavailable,Unavailable,Unavailable,Unavailable
239080,Marian University,1,55,2,1,2,Marian University,WI,13,2,2,,,,32,,13,1,56,56,41,1,127,36,47,41,30,40,41,3,1596,1067,,,Unavailable,,,Unavailable,,,,32472,32472,Unavailable,1071,914,914,77,23,820,785,35,251,129,122,1074,914,85,15,160,12,127,1050,17,177,178,695,15,215,12,Unavailable,25,34,30,19,Unavailable,38,Unavailable,77,Unavailable,Unavailable,Unavailable,Unavailable
105899,Arizona Christian University,1,4,2,1,2,Arizona Christian University,AZ,21,2,2,,,,35,,14,1,36,36,30,4,142,29,53,41,34,41,41,3,1251,931,,,Unavailable,,,Unavailable,,,,32497,32497,Unavailable,1207,1056,1056,92,8,1106,997,109,101,59,42,1210,1057,87,13,153,13,142,1127,10,117,346,664,6,295,18,Unavailable,18,32,22,10,Unavailable,27,Unavailable,92,Unavailable,Unavailable,Unavailable,Unavailable
153366,Graceland University-Lamoni,1,19,2,1,2,Graceland University-Lamoni,IA,43,2,2,,,,47,,7,1,48,47,39,36,113,28,57,38,30,37,38,3,2259,1880,,,Unavailable,,,Unavailable,,,,32500,32500,Unavailable,902,868,868,88,12,798,790,8,104,78,26,902,868,96,4,34,13,113,901,2,20,153,728,0,202,14,Unavailable,23,38,26,6,Unavailable,34,Unavailable,88,Unavailable,Unavailable,Unavailable,Unavailable
199272,William Peace University,1,37,2,1,2,William Peace University,NC,11,1,2,,,,38,,33,5,42,42,34,25,105,41,53,44,35,42,44,5,1286,1252,7,9,16,620,590,1210,24,24,20,32550,32550,Unavailable,730,588,588,72,28,526,510,16,204,78,126,730,588,81,19,142,16,105,661,17,115,30,516,0,136,12,Unavailable,20,40,26,22,11,32,Unavailable,72,6,Unavailable,Unavailable,Unavailable
199306,Pfeiffer University,1,37,2,1,2,Pfeiffer University,NC,41,1,2,,,,56,,1,0,34,34,29,10,51,45,33,43,34,43,43,3,1637,1560,,,Unavailable,,,Unavailable,,,,32580,32580,Unavailable,654,624,624,94,6,617,600,17,37,24,13,654,624,95,5,30,8,51,654,5,31,255,368,1,164,14,Unavailable,17,51,18,5,Unavailable,24,Unavailable,94,Unavailable,Unavailable,Unavailable,Unavailable
147013,McKendree University,1,17,2,1,2,McKendree University,IL,21,2,2,,,,29,,70,4,56,56,43,36,201,49,69,60,50,59,60,3,2652,1694,,,Unavailable,,,Unavailable,,,,32660,32660,Unavailable,1605,1487,1487,87,13,1390,1356,34,215,131,84,1605,1487,93,7,118,13,201,1600,18,289,879,432,4,402,16,Unavailable,26,39,30,13,Unavailable,39,Unavailable,87,Unavailable,Unavailable,Unavailable,Unavailable
171599,The University of Olivet,1,26,2,1,2,The University of Olivet,MI,42,1,2,,,,44,,16,2,45,44,37,4,71,31,,37,28,35,37,3,1417,1376,,,Unavailable,,,Unavailable,,,,32694,32694,Unavailable,938,894,894,96,4,898,867,31,40,27,13,938,894,95,5,44,8,71,918,1,12,0,906,1,267,14,Unavailable,22,38,22,4,Unavailable,30,Unavailable,96,Unavailable,Unavailable,Unavailable,Unavailable
232672,Mary Baldwin University,1,51,2,1,2,Mary Baldwin University,VA,13,2,2,,,,49,,38,3,49,48,39,19,91,54,73,56,41,51,56,,,,,,Unavailable,,,Unavailable,,,,32732,32732,Unavailable,1215,996,996,78,22,950,885,65,265,111,154,1217,998,82,18,219,8,91,1188,31,372,445,371,1,258,14,Unavailable,23,52,24,24,Unavailable,32,Unavailable,78,Unavailable,Unavailable,Unavailable,Unavailable
155414,Kansas Wesleyan University,1,20,2,1,2,Kansas Wesleyan University,KS,33,1,2,,,,41,,15,2,39,39,33,1,117,37,43,38,34,38,38,3,1831,1556,,,Unavailable,,,Unavailable,,,,32750,32750,Unavailable,899,859,859,95,5,857,840,17,42,19,23,899,859,96,4,40,13,117,894,2,19,297,578,,234,13,Unavailable,20,39,23,4,Unavailable,29,Unavailable,95,Unavailable,Unavailable,Unavailable,Unavailable
212984,Holy Family University,1,42,2,1,2,Holy Family University,PA,11,2,2,,,,40,,11,0,57,56,42,83,328,49,73,60,39,55,58,5,2653,1969,7,0,7,520,510,1030,,,,32768,32768,Unavailable,2443,2071,2071,81,19,1988,1773,215,455,298,157,2446,2071,85,15,375,14,328,2298,2,49,1695,554,1,331,11,Unavailable,25,45,31,13,Unavailable,40,Unavailable,81,Unavailable,Unavailable,Unavailable,Unavailable
132471,Barry University,1,12,2,1,2,Barry University,FL,21,3,2,,,,56,,100,3,41,41,21,17,172,34,44,37,18,33,37,3,12141,7172,,,Unavailable,,,Unavailable,,,,32800,32800,Unavailable,3150,2040,2040,88,12,2776,1815,961,374,225,149,3150,2040,65,35,1110,8,172,2245,6,128,159,1958,7,589,10,Unavailable,13,45,21,17,Unavailable,28,Unavailable,88,Unavailable,Unavailable,Unavailable,Unavailable
153375,Grand View University,1,19,2,1,2,Grand View University,IA,12,2,2,,,,39,,29,2,52,51,39,33,170,55,58,56,46,54,56,3,1665,1638,,,Unavailable,,,Unavailable,,,,32800,32800,Unavailable,1481,1361,1361,87,13,1291,1258,33,190,103,87,1483,1363,92,8,120,12,170,1472,7,106,526,840,1,329,12,Unavailable,23,47,27,10,Unavailable,36,Unavailable,87,Unavailable,Unavailable,Unavailable,Unavailable
128744,University of Bridgeport,1,9,2,1,2,University of Bridgeport,CT,12,2,2,,,,53,,15,1,46,43,34,144,190,39,56,48,36,44,46,5,5592,3596,8,0,8,505,480,985,,,,32860,32860,Unavailable,1479,1255,1255,68,32,1000,940,60,479,315,164,1479,1255,85,15,224,13,190,1450,17,252,664,534,3,280,16,Unavailable,20,46,25,23,Unavailable,33,Unavailable,68,Unavailable,Unavailable,Unavailable,Unavailable
203085,Heidelberg University,1,39,2,1,2,Heidelberg University,OH,32,2,2,,,,31,,5,1,58,57,52,15,22,41,57,50,44,49,50,3,2253,1526,,,Unavailable,,,Unavailable,,,,32900,32900,Unavailable,905,880,880,99,1,897,874,23,8,6,2,905,880,97,3,25,2,22,884,1,5,360,519,,240,15,Unavailable,31,36,24,1,Unavailable,36,Unavailable,99,Unavailable,Unavailable,Unavailable,Unavailable
220516,King University,1,47,2,1,2,King University,TN,13,2,2,,,,44,,30,3,46,45,41,10,187,34,65,46,42,47,47,3,1195,650,,,Unavailable,,,Unavailable,,,,32902,32902,Unavailable,1076,883,883,73,27,781,663,118,295,220,75,1076,883,82,18,193,19,187,975,39,381,270,324,5,147,12,Unavailable,25,39,30,28,Unavailable,35,Unavailable,73,Unavailable,Unavailable,Unavailable,Unavailable
229160,Texas Wesleyan University,1,48,2,1,2,Texas Wesleyan University,TX,11,2,2,,,,50,,36,2,29,26,17,29,191,27,42,32,23,31,32,5,4725,2948,7,4,11,530,540,1070,19,21,18,32960,32960,Unavailable,1906,1548,1548,88,12,1668,1394,274,238,154,84,1910,1552,81,19,358,11,191,1671,6,106,742,823,3,461,13,Unavailable,10,39,17,13,7,22,Unavailable,88,5,Unavailable,Unavailable,Unavailable
488448,Seattle Film Institute,1,53,3,1,2,Seattle Film Institute,WA,11,1,3,,,,41,,19,32,,,,2,18,,100,89,,,,,,,,,Unavailable,,,Unavailable,,,,33000,33000,Unavailable,60,58,58,42,58,25,24,1,35,34,1,60,58,97,3,2,30,18,60,Unavailable,,,60,0,11,8,Unavailable,Unavailable,Unavailable,Unavailable,#VALUE!,Unavailable,Unavailable,Unavailable,42,Unavailable,Unavailable,Unavailable,Unavailable
190725,Daemen University,1,36,2,1,2,Daemen University,NY,21,2,2,,,,44,,15,1,58,57,43,,344,47,72,58,45,56,58,3,3041,2316,,,Unavailable,,,Unavailable,,,,33054,33054,Unavailable,1805,1657,1657,92,8,1659,1580,79,146,77,69,1806,1657,92,8,149,20,344,1761,14,255,403,1103,0,358,13,Unavailable,26,46,35,10,Unavailable,43,Unavailable,92,Unavailable,Unavailable,Unavailable,Unavailable
156213,Asbury University,1,21,2,1,2,Asbury University,KY,31,2,2,,,,30,,18,1,65,65,56,12,105,59,66,65,57,64,65,3,1550,993,,,Unavailable,,,Unavailable,,,,33072,33072,Unavailable,1638,1224,1224,86,14,1412,1134,278,226,90,136,1638,1224,75,25,414,8,105,1369,18,246,286,837,8,286,12,Unavailable,34,45,31,18,Unavailable,42,Unavailable,86,Unavailable,Unavailable,Unavailable,Unavailable
154688,Baker University,1,20,2,1,2,Baker University,KS,42,2,2,,,,32,,24,2,62,62,49,29,123,51,61,59,47,59,59,5,911,839,0,8,8,,,Unavailable,17,16,15,33200,33200,Unavailable,1457,923,923,89,11,1291,890,401,166,33,133,1457,923,63,37,534,11,123,1080,14,156,47,877,3,229,12,Unavailable,29,42,32,20,#VALUE!,42,Unavailable,89,Unavailable,Unavailable,Unavailable,Unavailable
217305,New England Institute of Technology,1,44,2,1,3,New England Institute of Technology,RI,21,2,2,,,,46,,102,6,,,,77,205,,65,57,,,,3,2530,1840,,,Unavailable,,,Unavailable,,,,33225,33225,Unavailable,1712,1572,1572,68,32,1161,1092,69,551,480,71,1712,1572,92,8,140,12,205,1712,4,63,1100,549,,21,12,Unavailable,Unavailable,Unavailable,Unavailable,16,Unavailable,Unavailable,Unavailable,68,Unavailable,Unavailable,Unavailable,Unavailable
215655,Robert Morris University,1,42,2,1,2,Robert Morris University,PA,21,2,2,,,,28,,73,2,65,65,53,74,192,57,68,66,53,64,66,5,7117,6446,0,0,0,,,Unavailable,,,,33360,33360,Unavailable,3769,2741,2741,93,7,3524,2589,935,245,152,93,3769,2741,73,27,1028,7,192,2866,6,161,1223,1482,3,591,14,Unavailable,32,43,30,12,Unavailable,42,Unavailable,93,Unavailable,Unavailable,Unavailable,Unavailable
152992,Briar Cliff University,1,19,2,1,2,Briar Cliff University,IA,13,1,2,,,,33,,13,2,56,56,44,2,83,37,61,49,35,48,49,,,,,,Unavailable,,,Unavailable,,,,33369,33369,Unavailable,737,564,564,89,11,655,535,120,82,29,53,737,564,77,23,173,13,83,626,12,72,204,350,,174,12,Unavailable,26,35,30,15,Unavailable,39,Unavailable,89,Unavailable,Unavailable,Unavailable,Unavailable
211431,Carlow University,1,42,2,1,2,Carlow University,PA,11,2,2,,,,41,,19,1,54,52,43,33,224,52,57,55,43,53,55,5,1326,1155,1,0,1,,,Unavailable,,,,33376,33376,Unavailable,1344,990,990,68,32,913,845,68,431,145,286,1344,990,74,26,354,17,224,1336,27,363,638,335,6,193,12,Unavailable,26,47,31,29,Unavailable,39,Unavailable,68,Unavailable,Unavailable,Unavailable,Unavailable
449384,Gnomon,1,6,3,1,2,Gnomon,CA,11,1,3,,,,27,,0,0,,,,4,41,100,50,67,60,60,60,3,63,25,,,Unavailable,,,Unavailable,,,,33390,33390,Unavailable,555,330,330,47,53,260,217,43,295,113,182,555,330,59,41,225,14,41,302,0,0,0,302,,25,10,Unavailable,Unavailable,64,Unavailable,33,Unavailable,Unavailable,Unavailable,47,Unavailable,Unavailable,Unavailable,Unavailable
137476,St. Thomas University,1,12,2,1,2,St. Thomas University,FL,21,3,2,,,,53,,8,0,41,41,34,28,244,40,47,43,35,42,43,3,4798,4769,,,Unavailable,,,Unavailable,,,,33580,33580,Unavailable,3958,1790,1790,91,9,3585,1620,1965,373,170,203,3967,1790,45,55,2177,12,244,1963,16,310,993,660,,534,17,Unavailable,20,47,24,25,Unavailable,30,Unavailable,91,Unavailable,Unavailable,Unavailable,Unavailable
140234,LaGrange College,1,13,2,1,2,LaGrange College,GA,32,1,2,,,,44,,9,2,46,46,39,12,45,40,47,42,35,41,42,3,1457,921,,,Unavailable,,,Unavailable,,,,33620,33620,Unavailable,582,562,562,96,4,560,544,16,22,18,4,582,562,97,3,20,8,45,566,0,2,146,418,0,220,11,Unavailable,23,42,23,3,Unavailable,31,Unavailable,96,Unavailable,Unavailable,Unavailable,Unavailable
197230,Wells College,1,36,2,1,2,Wells College,NY,42,1,2,,,,48,,4,1,55,55,51,11,26,41,45,41,38,39,41,3,1532,1067,,,Unavailable,,,Unavailable,,,,33666,33666,Unavailable,357,353,353,97,3,347,345,2,10,8,2,357,353,99,1,4,7,26,355,0,0,37,318,,147,8,Unavailable,31,45,26,1,Unavailable,36,Unavailable,97,Unavailable,Unavailable,Unavailable,Unavailable
239390,Mount Mary University,1,55,2,1,2,Mount Mary University,WI,11,2,2,,,,65,,2,0,51,51,39,35,64,58,90,59,50,58,59,5,933,871,2,21,23,,,Unavailable,20,19,18,33680,33680,Unavailable,779,675,675,85,15,666,577,89,113,98,15,781,675,86,14,106,9,64,703,0,3,354,346,0,155,10,Unavailable,23,62,26,10,#VALUE!,34,Unavailable,85,Unavailable,#VALUE!,Unavailable,Unavailable
169363,Concordia University Ann Arbor,1,26,2,1,2,Concordia University Ann Arbor,MI,12,2,2,,,,28,,10,1,49,49,34,18,62,44,57,50,18,34,49,5,2465,1777,0,2,2,,,Unavailable,26,28,22,33750,33750,Unavailable,1042,892,892,97,3,1011,871,140,31,21,10,1044,892,85,15,152,7,62,918,3,24,363,531,0,222,14,Unavailable,20,36,24,6,#VALUE!,32,Unavailable,97,Unavailable,Unavailable,Unavailable,Unavailable
238616,Concordia University-Wisconsin,1,55,2,1,2,Concordia University-Wisconsin,WI,21,3,2,,,,25,,53,2,61,60,41,78,186,50,69,64,55,63,64,5,4537,3064,,9,Unavailable,,,Unavailable,26,24,25,33750,33750,Unavailable,2525,1927,1927,80,20,2015,1756,259,510,171,339,2525,1927,76,24,598,8,186,2310,17,383,814,1113,4,413,12,Unavailable,25,38,29,20,Unavailable,40,Unavailable,80,Unavailable,Unavailable,Unavailable,Unavailable
204617,Ohio Dominican University,1,39,2,1,2,Ohio Dominican University,OH,11,2,2,,,,42,,26,3,54,53,44,14,70,41,56,48,40,47,49,5,1559,1329,2,9,11,,,Unavailable,23,21,24,33760,33760,Unavailable,894,742,742,85,15,758,694,64,136,48,88,894,742,83,17,152,9,70,785,5,36,425,324,0,209,12,Unavailable,26,42,27,13,#VALUE!,36,Unavailable,85,Unavailable,Unavailable,Unavailable,Unavailable
154749,Bethel College-North Newton,1,20,2,1,2,Bethel College-North Newton,KS,32,1,2,,,,39,,12,2,47,47,33,,25,40,45,43,28,37,43,5,977,935,1,1,2,,,Unavailable,,,,33762,33762,Unavailable,502,485,485,98,2,494,479,15,8,6,2,502,485,97,3,17,5,25,499,0,0,32,467,,111,11,Unavailable,20,40,22,2,Unavailable,30,Unavailable,98,Unavailable,Unavailable,Unavailable,Unavailable
165802,Fisher College,1,25,2,1,2,Fisher College,MA,11,2,2,,,,49,,9,1,38,38,32,36,76,26,37,28,23,30,31,3,3436,2431,,,Unavailable,,,Unavailable,,,,33813,33813,Unavailable,1384,659,659,65,35,905,622,283,479,37,442,1384,659,48,52,725,7,76,1138,42,475,157,506,1,169,14,Unavailable,19,38,19,42,Unavailable,25,Unavailable,65,Unavailable,Unavailable,Unavailable,Unavailable
195544,St. Joseph's University-New York,1,36,2,1,2,St. Joseph's University-New York,NY,11,2,2,,,,34,,89,3,71,71,62,,393,54,73,64,56,63,64,5,5003,3572,19,0,19,580,590,1170,,,,33825,33825,Unavailable,3369,3023,3023,83,17,2780,2706,74,589,317,272,3369,3023,90,10,346,12,393,3343,8,267,1456,1620,5,570,12,Unavailable,37,44,35,12,Unavailable,47,Unavailable,83,Unavailable,Unavailable,Unavailable,Unavailable
186618,Saint Elizabeth University,1,34,2,1,2,Saint Elizabeth University,NJ,21,2,2,,,,59,,2,0,40,39,29,32,57,43,31,40,34,40,40,5,1777,1372,0,0,0,,,Unavailable,,,,33886,33886,Unavailable,669,578,578,87,13,584,538,46,85,40,45,670,578,86,14,92,9,57,636,3,22,251,363,0,164,11,Unavailable,17,51,21,10,Unavailable,28,Unavailable,87,Unavailable,Unavailable,Unavailable,Unavailable
181127,Hastings College,1,31,2,1,2,Hastings College,NE,32,2,2,,,,29,,8,1,49,49,42,12,41,48,58,53,47,53,53,5,2257,1577,1,1,2,,,Unavailable,,,,33950,33950,Unavailable,990,965,965,99,1,979,957,22,11,8,3,990,965,97,3,25,4,41,957,0,0,95,862,0,264,14,Unavailable,25,39,22,1,Unavailable,31,Unavailable,99,Unavailable,Unavailable,Unavailable,Unavailable
105589,Prescott College,1,4,2,1,2,Prescott College,AZ,13,1,2,,,,47,,4,2,40,40,34,1,36,40,33,36,30,36,36,3,140,138,,,Unavailable,,,Unavailable,,,,33960,33960,Unavailable,257,202,202,69,31,177,156,21,80,46,34,257,202,79,21,55,14,36,253,35,88,0,165,1,32,9,Unavailable,20,44,25,29,Unavailable,30,Unavailable,69,Unavailable,Unavailable,Unavailable,Unavailable
150774,Holy Cross College,1,18,2,1,2,Holy Cross College,IN,21,1,2,,,,30,,4,1,38,38,36,7,33,35,28,29,24,26,27,5,1670,1231,4,3,7,580,570,1150,28,30,26,34100,34100,Unavailable,547,490,490,91,9,496,484,12,51,6,45,547,490,90,10,57,6,33,533,0,0,4,529,0,111,12,Unavailable,22,33,19,7,5,25,Unavailable,91,3,Unavailable,Unavailable,Unavailable
213367,La Salle University,1,42,2,1,2,La Salle University,PA,11,2,2,,,,39,,9,0,60,60,53,37,70,46,69,58,52,57,58,3,4845,4176,,,Unavailable,,,Unavailable,,,,34270,34270,Unavailable,2423,1703,1703,88,12,2127,1640,487,296,63,233,2426,1705,70,30,721,4,70,1966,5,97,323,1546,1,431,12,Unavailable,32,43,26,15,Unavailable,37,Unavailable,88,Unavailable,Unavailable,Unavailable,Unavailable
455770,Providence Christian College,1,6,2,1,2,Providence Christian College,CA,12,1,2,,,,34,,0,0,49,47,40,2,24,71,42,53,32,45,53,3,107,99,,,Unavailable,,,Unavailable,,,,34322,34322,Unavailable,147,142,142,99,1,145,142,3,2,0,2,147,142,97,3,5,17,24,144,Unavailable,,,144,0,38,12,Unavailable,24,53,29,#VALUE!,Unavailable,36,Unavailable,99,Unavailable,Unavailable,Unavailable,Unavailable
399911,Soka University of America,1,6,2,1,2,Soka University of America,CA,21,1,2,,,,17,,0,0,91,91,88,12,0,91,85,87,79,87,87,5,397,276,25,3,28,650,710,1360,,,,34382,34382,Unavailable,464,464,464,99,1,461,461,0,3,3,0,464,464,100,Unavailable,,0,,464,Unavailable,,,464,,129,7,Unavailable,53,54,36,#VALUE!,Unavailable,55,Unavailable,99,Unavailable,Unavailable,Unavailable,Unavailable
127653,Naropa University,1,8,2,1,2,Naropa University,CO,12,2,2,,,,57,,24,7,34,34,13,56,83,47,38,46,19,43,46,3,100,94,,,Unavailable,,,Unavailable,,,,34400,34400,Unavailable,368,333,333,40,60,149,141,8,219,192,27,368,333,90,10,35,23,83,368,38,139,67,162,2,28,9,Unavailable,8,52,27,38,Unavailable,29,Unavailable,40,Unavailable,Unavailable,Unavailable,Unavailable
151263,University of Indianapolis,1,18,2,1,2,University of Indianapolis,IN,11,3,2,,,,39,,31,1,64,63,51,62,190,48,66,56,45,54,56,3,9886,7193,,,Unavailable,,,Unavailable,,,,34416,34416,Unavailable,3956,2960,2960,91,9,3616,2841,775,340,119,221,3957,2960,75,25,997,6,190,3147,1,28,1189,1930,5,851,12,Unavailable,31,44,29,11,Unavailable,41,Unavailable,91,Unavailable,Unavailable,Unavailable,Unavailable
204936,Otterbein University,1,39,2,1,2,Otterbein University,OH,21,2,2,,,,29,,26,1,70,69,61,13,81,66,73,69,60,68,69,5,3498,2914,0,33,33,,,Unavailable,25,24,25,34424,34424,Unavailable,2100,1972,1972,97,3,2028,1926,102,72,46,26,2119,1990,94,6,129,4,81,2055,0,4,357,1694,4,546,12,Unavailable,37,48,30,3,#VALUE!,44,Unavailable,97,Unavailable,#VALUE!,Unavailable,Unavailable
217998,Erskine College,1,45,2,1,2,Erskine College,SC,42,1,2,,,,40,,7,1,41,40,36,23,16,40,67,49,44,48,49,3,1037,628,,,Unavailable,,,Unavailable,,,,34435,34435,Unavailable,814,812,812,99,1,807,806,1,7,6,1,854,812,95,5,42,2,16,821,0,0,447,374,28,268,15,Unavailable,22,40,17,2,Unavailable,25,Unavailable,99,Unavailable,Unavailable,Unavailable,Unavailable
209409,Bushnell University,1,41,2,1,2,Bushnell University,OR,12,1,2,,,,35,,25,5,60,60,51,8,60,50,70,62,55,59,61,5,755,501,13,2,15,570,550,1120,,,,34500,34500,Unavailable,535,478,478,79,21,420,406,14,115,72,43,535,478,89,11,57,11,60,533,7,39,239,255,,91,15,Unavailable,31,43,31,14,Unavailable,41,Unavailable,79,Unavailable,Unavailable,Unavailable,Unavailable
233541,Shenandoah University,1,51,2,1,2,Shenandoah University,VA,13,2,2,,,,22,,92,4,65,63,51,86,119,60,74,71,61,68,70,3,3763,2929,,,Unavailable,,,Unavailable,,,,34614,34614,Unavailable,2578,2055,2055,93,7,2403,1928,475,175,127,48,2590,2055,79,21,535,6,119,2127,1,18,954,1155,0,475,11,Unavailable,31,41,29,9,Unavailable,41,Unavailable,93,Unavailable,Unavailable,Unavailable,Unavailable
147679,North Park University,1,17,2,1,2,North Park University,IL,11,2,2,,,,44,,13,1,62,61,42,29,136,53,65,56,42,54,56,3,3468,2526,,,Unavailable,,,Unavailable,,,,34685,34685,Unavailable,1876,1759,1759,91,9,1716,1658,58,160,101,59,1876,1759,94,6,117,7,136,1844,5,91,577,1176,,474,11,Unavailable,25,49,29,7,Unavailable,40,Unavailable,91,Unavailable,Unavailable,Unavailable,Unavailable
211352,Cabrini University,1,42,2,1,2,Cabrini University,PA,21,2,2,,,,39,,4,1,53,52,43,26,17,40,59,51,45,50,51,5,2467,1707,13,0,13,575,570,1145,,,,34800,34800,Unavailable,708,595,595,94,6,664,578,86,44,17,27,710,597,84,16,113,3,17,645,2,11,345,289,,282,9,Unavailable,26,40,22,8,Unavailable,33,Unavailable,94,Unavailable,Unavailable,Unavailable,Unavailable
238661,Edgewood College,1,55,2,1,2,Edgewood College,WI,11,2,2,,,,25,,19,2,62,61,42,38,93,61,70,67,47,66,67,3,1315,1243,,,Unavailable,,,Unavailable,,,,34850,34850,Unavailable,1204,1043,1043,91,9,1095,980,115,109,63,46,1214,1053,87,13,161,8,93,1104,1,9,271,824,2,239,13,Unavailable,25,43,29,8,Unavailable,41,Unavailable,91,Unavailable,Unavailable,Unavailable,Unavailable
461148,New York Film Academy,1,6,3,1,2,New York Film Academy,CA,12,2,3,,,,20,,116,12,58,58,58,130,141,48,72,71,66,66,66,,,,,,Unavailable,,,Unavailable,,,,34898,34898,Unavailable,965,965,965,76,24,734,734,0,231,231,0,965,965,100,Unavailable,,15,141,965,Unavailable,,,965,,153,4,Unavailable,35,34,32,#VALUE!,Unavailable,41,Unavailable,76,Unavailable,Unavailable,Unavailable,Unavailable
117627,La Sierra University,1,6,2,1,2,La Sierra University,CA,11,2,2,,,,49,,7,1,61,56,34,,104,63,69,68,4,60,60,3,2238,2088,,,Unavailable,,,Unavailable,,,,34920,34920,Unavailable,1243,1098,1098,93,7,1162,1055,107,81,43,38,1244,1098,88,12,146,9,104,1155,Unavailable,,,1155,6,216,11,Unavailable,20,56,28,#VALUE!,Unavailable,40,Unavailable,93,Unavailable,Unavailable,Unavailable,Unavailable
199209,North Carolina Wesleyan University,1,37,2,1,2,North Carolina Wesleyan University,NC,13,2,2,,,,48,,35,3,40,40,30,46,114,34,53,40,28,39,39,3,2417,1884,,,Unavailable,,,Unavailable,,,,34936,34936,Unavailable,1211,1035,1035,68,32,819,775,44,392,260,132,1212,1036,85,15,176,10,114,1169,22,257,218,694,3,246,13,Unavailable,18,41,22,24,Unavailable,28,Unavailable,68,Unavailable,Unavailable,Unavailable,Unavailable
114813,Fresno Pacific University,1,6,2,1,2,Fresno Pacific University,CA,11,2,2,,,,59,,27,2,71,68,55,19,331,45,72,56,44,54,56,3,1516,872,,,Unavailable,,,Unavailable,,,,34960,34960,Unavailable,1603,957,957,59,41,942,794,148,661,163,498,1616,958,59,41,658,21,331,1614,21,338,1224,52,0,154,8,Unavailable,33,52,40,35,Unavailable,51,Unavailable,59,Unavailable,Unavailable,Unavailable,Unavailable
216357,Thiel College,1,42,2,1,2,Thiel College,PA,32,1,2,,,,40,,4,0,47,47,41,8,24,29,71,44,24,42,43,3,2197,1551,,,Unavailable,,,Unavailable,,,,34964,34964,Unavailable,814,777,777,98,2,798,769,29,16,8,8,819,777,95,5,42,3,24,773,0,0,211,562,0,228,12,Unavailable,25,35,21,2,Unavailable,29,Unavailable,98,Unavailable,Unavailable,Unavailable,Unavailable
154101,Northwestern College,1,19,2,1,2,Northwestern College,IA,32,2,2,,,,24,,10,1,71,71,66,19,27,45,73,64,57,63,64,3,1155,1005,,,Unavailable,,,Unavailable,,,,35000,35000,Unavailable,1142,1020,1020,91,9,1039,1006,33,103,14,89,1146,1020,89,11,126,2,27,1125,9,101,111,913,0,288,14,Unavailable,40,35,30,10,Unavailable,44,Unavailable,91,Unavailable,Unavailable,Unavailable,Unavailable
152567,Trine University,1,18,2,1,2,Trine University,IN,32,2,2,,,,26,,20,0,63,63,50,,88,62,71,68,56,66,67,3,4102,3474,,,Unavailable,,,Unavailable,,,,35000,35000,Unavailable,4154,2341,2341,99,1,4117,2312,1805,37,29,8,4157,2341,56,44,1816,4,88,2344,1,17,1011,1316,0,649,18,Unavailable,30,44,27,14,Unavailable,39,Unavailable,99,Unavailable,Unavailable,Unavailable,Unavailable
120537,Hope International University,1,6,2,1,2,Hope International University,CA,21,2,2,,,,43,,6,1,45,42,24,9,94,36,34,46,46,46,46,5,828,293,5,1,6,,,Unavailable,,,,35000,35000,Unavailable,548,464,464,85,15,464,424,40,84,40,44,549,465,85,15,84,17,94,549,25,138,241,170,2,88,13,Unavailable,14,40,27,18,Unavailable,34,Unavailable,85,Unavailable,Unavailable,Unavailable,Unavailable
204185,University of Mount Union,1,39,2,1,2,University of Mount Union,OH,31,2,2,,,,29,,15,1,69,68,63,19,44,54,75,65,55,64,65,5,3322,2661,1,6,7,570,520,1090,26,24,26,35000,35000,Unavailable,1927,1779,1779,98,2,1894,1764,130,33,15,18,1927,1779,92,8,148,2,44,1785,0,2,440,1343,1,550,12,Unavailable,38,42,29,3,5,42,Unavailable,98,4,Unavailable,Unavailable,Unavailable
228149,St. Mary's University,1,48,2,1,2,St. Mary's University,TX,11,2,2,,,,42,,40,2,59,59,47,6,99,56,38,59,6,51,59,5,5203,4628,25,7,32,510,490,1000,17,,,35144,35144,Unavailable,2147,1841,1841,96,4,2051,1771,280,96,70,26,2147,1841,86,14,306,5,99,1911,0,1,369,1541,0,529,10,Unavailable,28,49,27,6,19,37,Unavailable,96,Unavailable,19,Unavailable,Unavailable
184612,Felician University,1,34,2,1,2,Felician University,NJ,21,2,2,,,,53,,13,1,54,52,28,18,233,46,59,50,26,47,49,5,2254,2119,11,1,12,500,520,1020,,,,35180,35180,Unavailable,1833,1683,1683,82,18,1494,1405,89,339,278,61,1833,1683,92,8,150,13,233,1754,3,51,1300,403,,265,15,Unavailable,17,50,29,11,Unavailable,38,Unavailable,82,Unavailable,Unavailable,Unavailable,Unavailable
142294,The College of Idaho,1,16,2,1,2,The College of Idaho,ID,22,2,2,,,,24,,9,1,56,56,49,1,57,59,68,64,57,64,64,5,4553,2150,41,11,52,590,570,1160,24,,,35180,35180,Unavailable,1049,1039,1039,99,1,1034,1028,6,15,11,4,1049,1039,99,1,10,5,57,1049,Unavailable,,,1049,0,268,10,Unavailable,29,42,26,#VALUE!,37,36,Unavailable,99,Unavailable,37,Unavailable,Unavailable
144351,Concordia University-Chicago,1,17,2,1,2,Concordia University-Chicago,IL,21,3,2,,,,46,,32,2,43,42,36,33,149,44,62,47,35,46,46,3,4607,4301,,,Unavailable,,,Unavailable,,,,35200,35200,Unavailable,1377,1184,1184,79,21,1090,1000,90,287,184,103,1377,1184,86,14,193,11,149,1337,31,413,639,285,0,267,13,Unavailable,22,45,23,22,Unavailable,30,Unavailable,79,Unavailable,Unavailable,Unavailable,Unavailable
201061,Art Academy of Cincinnati,1,39,2,1,2,Art Academy of Cincinnati,OH,11,1,2,,,,48,,5,2,38,38,34,2,19,42,44,44,33,44,44,5,1056,350,0,2,2,,,Unavailable,,,,35203,35203,Unavailable,255,245,245,91,9,233,225,8,22,20,2,255,245,96,4,10,7,19,254,Unavailable,,,254,1,85,11,Unavailable,20,45,20,#VALUE!,Unavailable,26,Unavailable,91,Unavailable,Unavailable,Unavailable,Unavailable
195128,Russell Sage College,1,36,2,1,2,Russell Sage College,NY,13,2,2,,,,44,,14,1,63,63,52,29,132,58,73,66,59,65,66,5,1655,1261,0,0,0,,,Unavailable,,,,35206,35206,Unavailable,1080,1054,1054,90,10,974,965,9,106,89,17,1080,1054,98,2,26,12,132,1075,0,0,283,792,0,238,10,Unavailable,31,51,33,5,Unavailable,43,Unavailable,90,Unavailable,Unavailable,Unavailable,Unavailable
154235,Saint Ambrose University,1,19,2,1,2,Saint Ambrose University,IA,12,2,2,,,,28,,40,2,64,64,55,26,296,49,73,63,54,62,63,3,3456,2534,,,Unavailable,,,Unavailable,,,,35318,35318,Unavailable,2114,1937,1937,89,11,1873,1829,44,241,108,133,2114,1937,92,8,177,14,296,2101,7,150,715,1236,1,458,11,Unavailable,33,39,34,9,Unavailable,44,Unavailable,89,Unavailable,Unavailable,Unavailable,Unavailable
184773,Georgian Court University,1,34,2,1,2,Georgian Court University,NJ,13,2,2,,,,38,,11,1,59,58,44,24,185,46,63,55,39,52,55,5,2317,1634,1,0,1,,,Unavailable,,,,35360,35360,Unavailable,1478,1090,1090,87,13,1285,929,356,193,161,32,1478,1090,74,26,388,16,185,1174,2,25,684,465,8,196,10,Unavailable,26,42,33,14,Unavailable,42,Unavailable,87,Unavailable,Unavailable,Unavailable,Unavailable
214272,Neumann University,1,42,2,1,2,Neumann University,PA,21,2,2,,,,45,,12,1,51,49,34,11,87,39,50,46,30,42,46,3,4212,3218,,,Unavailable,,,Unavailable,,,,35420,35420,Unavailable,1695,1357,1357,89,11,1501,1320,181,194,37,157,1695,1357,80,20,338,6,87,1574,7,113,847,614,0,392,13,Unavailable,20,42,23,13,Unavailable,33,Unavailable,89,Unavailable,Unavailable,Unavailable,Unavailable
155335,Newman University,1,20,2,1,2,Newman University,KS,11,2,2,,,,35,,21,1,61,61,53,16,125,41,66,54,38,45,55,3,985,469,,,Unavailable,,,Unavailable,,,,35500,35500,Unavailable,2398,847,847,91,9,2193,705,1488,205,142,63,2398,847,35,65,1551,15,125,857,3,23,533,301,0,164,13,Unavailable,32,38,33,24,Unavailable,42,Unavailable,91,Unavailable,Unavailable,Unavailable,Unavailable
232609,University of Lynchburg,1,51,2,1,2,University of Lynchburg,VA,13,2,2,,,,30,,31,2,66,66,58,41,95,55,67,62,54,61,62,5,4813,3956,18,0,18,560,540,1100,,,,35540,35540,Unavailable,1720,1559,1559,95,5,1639,1498,141,81,61,20,1792,1559,87,13,233,6,95,1599,0,6,359,1234,0,410,11,Unavailable,35,43,30,6,Unavailable,42,Unavailable,95,Unavailable,Unavailable,Unavailable,Unavailable
197911,Barton College,1,37,2,1,2,Barton College,NC,31,2,2,,,,41,,30,3,52,52,44,4,79,44,69,52,40,51,52,5,2228,2136,1,1,2,,,Unavailable,,,,35600,35600,Unavailable,1163,978,978,81,19,944,923,21,219,55,164,1163,978,84,16,185,8,79,1020,6,63,718,239,1,299,14,Unavailable,26,43,25,14,Unavailable,34,Unavailable,81,Unavailable,Unavailable,Unavailable,Unavailable
117168,Laguna College of Art and Design,1,6,2,1,2,Laguna College of Art and Design,CA,41,1,2,,,,31,,27,3,70,70,47,52,75,56,67,63,47,60,63,3,268,208,,,Unavailable,,,Unavailable,,,,35650,35650,Unavailable,776,688,688,82,18,634,593,41,142,95,47,776,688,89,11,88,10,75,776,0,0,496,280,1,115,9,Unavailable,28,44,34,11,Unavailable,46,Unavailable,82,Unavailable,Unavailable,Unavailable,Unavailable
148627,Saint Xavier University,1,17,2,1,2,Saint Xavier University,IL,11,2,2,,,,56,,24,1,53,51,38,36,258,53,58,59,48,57,59,3,7216,6188,,,Unavailable,,,Unavailable,,,,35680,35680,Unavailable,3039,2864,2864,95,5,2875,2760,115,164,104,60,3039,2864,94,6,175,9,258,3030,2,55,1856,1119,5,652,15,Unavailable,23,55,26,4,Unavailable,35,Unavailable,95,Unavailable,Unavailable,Unavailable,Unavailable
443331,West Coast University-Los Angeles,1,6,3,1,2,West Coast University-Los Angeles,CA,11,2,3,,,,45,,58,2,83,83,83,19,240,50,0,44,33,33,44,,,,,,Unavailable,,,Unavailable,,,,35784,35784,Unavailable,2687,2191,2191,38,62,1022,868,154,1665,1323,342,2687,2191,82,18,496,9,240,2687,2,47,2172,468,0,1,18,Unavailable,50,48,39,31,Unavailable,53,Unavailable,38,Unavailable,Unavailable,Unavailable,Unavailable
458229,West Coast University-Ontario,1,6,3,1,2,West Coast University-Ontario,CA,12,2,3,,,,50,,167,6,60,50,50,20,236,40,,50,50,50,50,,,,,,Unavailable,,,Unavailable,,,,35784,35784,Unavailable,2647,2183,2183,34,66,892,741,151,1755,1442,313,2647,2183,82,18,464,9,236,2647,1,16,2143,488,1,6,19,Unavailable,30,45,25,32,Unavailable,40,Unavailable,34,Unavailable,Unavailable,Unavailable,Unavailable
151777,Manchester University,1,18,2,1,2,Manchester University,IN,32,2,2,,,,45,,8,1,54,54,50,24,22,37,58,45,37,44,45,3,2470,2255,,,Unavailable,,,Unavailable,,,,35800,35800,Unavailable,915,888,888,97,3,884,860,24,31,28,3,915,888,97,3,27,2,22,895,0,0,322,573,0,257,13,Unavailable,30,41,23,2,Unavailable,33,Unavailable,97,Unavailable,Unavailable,Unavailable,Unavailable
483018,Antioch College,1,39,2,1,2,Antioch College,OH,41,1,2,,,,75,,0,0,32,32,18,2,5,21,33,26,11,16,26,5,251,205,0,0,0,,,Unavailable,,,,35949,35949,Unavailable,127,127,127,81,19,103,103,0,24,24,0,127,127,100,Unavailable,,4,5,127,0,0,0,127,,31,6,Unavailable,11,48,15,#VALUE!,Unavailable,21,Unavailable,81,Unavailable,Unavailable,Unavailable,Unavailable
117751,The Master's University and Seminary,1,6,2,1,2,The Master's University and Seminary,CA,21,2,2,,,,22,,68,4,74,72,66,28,311,71,28,64,44,52,64,3,1157,878,,,Unavailable,,,Unavailable,,,,35950,35950,Unavailable,1914,1197,1197,78,22,1496,1148,348,418,49,369,1914,1197,63,37,717,19,311,1606,21,336,31,1239,4,296,14,Unavailable,40,47,40,26,Unavailable,52,Unavailable,78,Unavailable,Unavailable,Unavailable,Unavailable
122728,William Jessup University,1,6,2,1,2,William Jessup University,CA,21,2,2,,,,36,,50,5,62,60,49,27,159,49,75,61,46,58,61,5,699,537,2,0,2,,,Unavailable,,,,36000,36000,Unavailable,1056,904,904,82,18,867,803,64,189,101,88,1056,904,86,14,152,16,159,1021,14,147,477,397,6,154,9,Unavailable,29,43,33,16,Unavailable,43,Unavailable,82,Unavailable,Unavailable,Unavailable,Unavailable
194958,Roberts Wesleyan University,1,36,2,1,2,Roberts Wesleyan University,NY,21,2,2,,,,40,,12,1,64,64,55,9,127,56,72,64,57,64,64,5,1314,1022,14,2,16,625,580,1205,,,,36004,36004,Unavailable,1091,941,941,73,27,800,763,37,291,178,113,1092,941,86,14,151,12,127,1065,16,166,385,514,6,203,9,Unavailable,33,48,33,19,Unavailable,43,Unavailable,73,Unavailable,Unavailable,Unavailable,Unavailable
234173,Virginia Wesleyan University,1,51,2,1,2,Virginia Wesleyan University,VA,11,2,2,,,,34,,65,4,47,47,44,41,85,42,57,49,43,49,49,5,2651,1890,6,2,8,650,620,1270,28,28,26,36010,36010,Unavailable,1409,1179,1179,91,9,1277,1121,156,132,58,74,1626,1180,73,27,446,7,85,1243,10,128,20,1095,2,280,13,Unavailable,26,38,23,15,6,31,Unavailable,91,5,Unavailable,Unavailable,Unavailable
129774,Mitchell College,1,9,2,1,2,Mitchell College,CT,13,1,2,,,,44,,6,1,42,42,37,35,21,44,50,44,39,43,44,3,1295,950,,,Unavailable,,,Unavailable,,,,36050,36050,Unavailable,500,409,409,91,9,455,382,73,45,27,18,500,409,82,18,91,5,21,421,0,0,13,408,0,100,14,Unavailable,22,44,20,9,Unavailable,27,Unavailable,91,Unavailable,Unavailable,Unavailable,Unavailable
210331,Corban University,1,41,2,1,2,Corban University,OR,12,1,2,,,,32,,14,2,66,63,52,7,65,60,62,61,57,61,61,3,546,490,,,Unavailable,,,Unavailable,,,,36088,36088,Unavailable,782,610,610,97,3,756,591,165,26,19,7,785,610,78,22,175,10,65,636,0,2,146,488,6,146,16,Unavailable,31,46,31,8,Unavailable,44,Unavailable,97,Unavailable,Unavailable,Unavailable,Unavailable
195234,The College of Saint Rose,1,36,2,1,2,The College of Saint Rose,NY,12,2,2,,,,39,,24,2,60,59,46,22,109,44,61,51,38,49,51,5,2827,2075,0,0,0,,,Unavailable,,,,36122,36122,Unavailable,1250,1192,1192,90,10,1125,1103,22,125,89,36,1250,1192,95,5,58,9,109,1238,1,17,593,628,1,239,14,Unavailable,28,42,29,6,Unavailable,40,Unavailable,90,Unavailable,Unavailable,Unavailable,Unavailable
190983,Elmira College,1,36,2,1,2,Elmira College,NY,13,1,2,,,,36,,8,1,63,63,60,2,36,58,65,64,59,64,64,5,2109,1915,4,2,6,604,635,1239,,,,36152,36152,Unavailable,593,562,562,92,8,545,527,18,48,35,13,613,576,94,6,37,6,36,583,0,1,27,555,,172,8,Unavailable,36,47,29,5,Unavailable,40,Unavailable,92,Unavailable,Unavailable,Unavailable,Unavailable
193292,Molloy College,1,36,2,1,2,Molloy College,NY,21,2,2,,,,31,,26,1,71,70,45,41,270,65,78,72,49,70,73,5,5789,4379,12,5,17,580,590,1170,26,,,36280,36280,Unavailable,3213,2680,2680,84,16,2695,2459,236,518,221,297,3259,2680,82,18,579,8,270,3185,3,83,1826,1276,2,631,10,Unavailable,27,48,33,13,12,46,Unavailable,84,Unavailable,Unavailable,Unavailable,Unavailable
214069,Misericordia University,1,42,2,1,2,Misericordia University,PA,21,2,2,,,,20,,13,1,71,71,65,45,62,57,61,69,59,66,69,3,2508,2129,,,Unavailable,,,Unavailable,,,,36400,36400,Unavailable,1670,1457,1457,86,14,1440,1373,67,230,84,146,1670,1457,87,13,213,4,62,1632,4,72,735,825,4,367,10,Unavailable,39,39,31,11,Unavailable,44,Unavailable,86,Unavailable,Unavailable,Unavailable,Unavailable
153825,Loras College,1,19,2,1,2,Loras College,IA,13,2,2,,,,26,,8,1,68,67,60,3,46,66,71,70,49,67,70,3,1652,1517,,,Unavailable,,,Unavailable,,,,36454,36454,Unavailable,1129,1065,1065,95,5,1071,1040,31,58,25,33,1130,1066,94,6,64,4,46,1087,0,0,43,1044,0,286,12,Unavailable,36,46,29,4,Unavailable,42,Unavailable,95,Unavailable,Unavailable,Unavailable,Unavailable
192192,Keuka College,1,36,2,1,2,Keuka College,NY,32,2,2,,,,44,,14,2,50,50,45,6,103,37,61,49,44,48,49,5,1780,1671,10,,Unavailable,540,550,1090,,,,36500,36500,Unavailable,922,851,851,87,13,802,785,17,120,66,54,922,851,92,8,71,11,103,920,13,122,388,410,,210,11,Unavailable,27,41,27,11,Unavailable,34,Unavailable,87,Unavailable,Unavailable,Unavailable,Unavailable
183211,Rivier University,1,33,2,1,2,Rivier University,NH,13,2,2,,,,27,,15,1,61,59,49,14,108,49,69,59,49,58,58,3,1749,1430,,,Unavailable,,,Unavailable,,,,36508,36508,Unavailable,1335,994,994,75,25,1002,953,49,333,41,292,1335,994,74,26,341,8,108,1312,13,174,152,986,6,269,14,Unavailable,29,38,29,22,Unavailable,40,Unavailable,75,Unavailable,Unavailable,Unavailable,Unavailable
184603,Fairleigh Dickinson University-Metropolitan Campus,1,34,2,1,2,Fairleigh Dickinson University-Metropolitan Campus,NJ,21,3,2,,,,48,,37,1,55,53,38,6,229,58,72,62,48,60,62,5,4259,4085,1,,Unavailable,,,Unavailable,,,,36526,36526,Unavailable,5044,2036,2036,89,11,4481,1894,2587,563,142,421,5440,2037,37,63,3403,9,229,2578,8,208,768,1602,4,429,14,Unavailable,23,53,27,26,Unavailable,37,Unavailable,89,Unavailable,Unavailable,Unavailable,Unavailable
194116,New York School of Interior Design,1,36,2,1,2,New York School of Interior Design,NY,11,1,2,,,,16,,17,4,100,100,0,11,101,,63,54,40,80,80,5,179,108,0,0,0,,,Unavailable,,,,36600,36600,Unavailable,435,124,124,34,66,149,81,68,286,43,243,440,124,28,72,316,24,101,423,57,242,135,46,3,6,10,Unavailable,0,Unavailable,54,65,Unavailable,70,Unavailable,34,Unavailable,Unavailable,Unavailable,Unavailable
183974,Centenary University,1,34,2,1,2,Centenary University,NJ,21,2,2,,,,38,,6,1,68,68,59,22,37,55,63,57,47,54,56,5,1294,1251,0,0,0,,,Unavailable,,,,36636,36636,Unavailable,950,901,901,90,10,859,846,13,91,55,36,951,901,95,5,50,4,37,934,3,30,502,402,2,187,12,Unavailable,35,47,30,6,Unavailable,42,Unavailable,90,Unavailable,Unavailable,Unavailable,Unavailable
154004,Morningside University,1,19,2,1,2,Morningside University,IA,13,2,2,,,,32,,13,1,54,54,46,13,61,46,63,53,42,52,53,5,2756,1945,0,1,1,,,Unavailable,16,14,16,36680,36680,Unavailable,1175,1109,1109,94,6,1110,1088,22,65,21,44,1177,1109,94,6,68,5,61,1166,4,50,0,1116,,346,12,Unavailable,28,39,25,5,#VALUE!,34,Unavailable,94,Unavailable,Unavailable,Unavailable,Unavailable
175005,St Catherine University,1,27,2,1,2,St Catherine University,MN,11,2,2,,,,37,,32,1,61,60,47,22,349,51,81,65,51,61,64,5,1703,1602,1,41,42,,,Unavailable,24,22,22,36694,36694,Unavailable,2431,1679,1679,69,31,1671,1405,266,760,274,486,2431,1679,69,31,752,15,349,2393,25,610,971,812,7,320,10,Unavailable,28,44,33,29,#VALUE!,42,Unavailable,69,Unavailable,#VALUE!,Unavailable,Unavailable
212133,Eastern University,1,42,2,1,2,Eastern University,PA,21,3,2,,,,39,,12,1,63,62,55,21,369,51,60,56,51,57,57,5,2852,2670,1,1,2,,,Unavailable,,,,36760,36760,Unavailable,2013,1390,1390,69,31,1381,1274,107,632,116,516,2068,1407,68,32,661,19,369,1978,13,248,612,1118,0,391,19,Unavailable,33,45,36,26,Unavailable,45,Unavailable,69,Unavailable,Unavailable,Unavailable,Unavailable
212601,Gannon University,1,42,2,1,2,Gannon University,PA,13,2,2,,,,26,,23,1,68,65,51,21,71,60,74,70,56,69,71,3,6331,4856,,,Unavailable,,,Unavailable,,,,36865,36865,Unavailable,2920,2425,2425,97,3,2826,2362,464,94,63,31,2920,2425,83,17,495,3,71,2467,1,16,589,1862,2,626,13,Unavailable,31,43,28,7,Unavailable,42,Unavailable,97,Unavailable,Unavailable,Unavailable,Unavailable
195243,St. Thomas Aquinas College,1,36,2,1,2,St. Thomas Aquinas College,NY,21,2,2,,,,34,,8,0,56,55,44,2,92,52,86,63,48,58,60,5,2251,1851,0,0,0,,,Unavailable,,,,36920,36920,Unavailable,1795,989,989,98,2,1753,954,799,42,35,7,1795,989,55,45,806,9,92,1009,0,0,162,847,0,243,16,Unavailable,26,43,27,14,Unavailable,37,Unavailable,98,Unavailable,Unavailable,Unavailable,Unavailable
164173,Stevenson University,1,24,2,1,2,Stevenson University,MD,21,2,2,,,,29,,60,2,60,59,51,72,210,59,73,66,60,66,66,3,5233,4354,,,Unavailable,,,Unavailable,,,,36940,36940,Unavailable,3028,2753,2753,91,9,2745,2648,97,283,105,178,3028,2753,91,9,275,7,210,3027,9,285,1391,1351,0,743,15,Unavailable,31,44,28,9,Unavailable,39,Unavailable,91,Unavailable,Unavailable,Unavailable,Unavailable
123457,Simpson University,1,6,2,1,2,Simpson University,CA,13,1,2,,,,42,,27,4,51,51,47,35,158,46,44,42,34,42,42,3,823,815,,,Unavailable,,,Unavailable,,,,37022,37022,Unavailable,755,659,659,71,29,539,515,24,216,144,72,755,659,87,13,96,21,158,751,10,78,251,422,0,109,15,Unavailable,28,44,33,18,Unavailable,39,Unavailable,71,Unavailable,Unavailable,Unavailable,Unavailable
148496,Dominican University,1,17,2,1,2,Dominican University,IL,21,2,2,,,,50,,9,0,52,52,40,46,151,56,70,62,49,61,62,5,6536,5216,14,1,15,510,515,1025,18,17,16,37194,37194,Unavailable,2395,2166,2166,94,6,2255,2074,181,140,92,48,2397,2166,90,10,231,7,151,2271,2,42,1587,642,2,598,12,Unavailable,24,53,25,6,9,34,Unavailable,94,9,Unavailable,Unavailable,Unavailable
164632,Bay Path University,1,25,2,1,2,Bay Path University,MA,21,2,2,,,,66,,9,1,51,51,45,52,110,49,67,57,51,56,57,5,966,710,4,0,4,,,Unavailable,,,,37227,37227,Unavailable,1278,782,782,49,51,621,494,127,657,288,369,1278,782,61,39,496,9,110,1186,65,766,387,33,,139,7,Unavailable,27,58,26,52,Unavailable,34,Unavailable,49,Unavailable,Unavailable,Unavailable,Unavailable
198899,Mars Hill University,1,37,2,1,2,Mars Hill University,NC,41,2,2,,,,43,,22,2,34,34,28,7,67,36,63,42,35,40,42,3,1393,1085,,,Unavailable,,,Unavailable,,,,37270,37270,Unavailable,1001,948,948,91,9,912,900,12,89,48,41,1002,949,95,5,53,7,67,995,4,44,292,659,8,242,10,Unavailable,17,40,18,6,Unavailable,23,Unavailable,91,Unavailable,Unavailable,Unavailable,Unavailable
166911,Montserrat College of Art,1,25,2,1,2,Montserrat College of Art,MA,21,1,2,,,,33,,4,1,64,63,49,19,12,55,45,62,44,60,62,,,,,,Unavailable,,,Unavailable,,,,37300,37300,Unavailable,273,253,253,95,5,258,248,10,15,5,10,276,253,92,8,23,5,12,261,0,0,111,150,2,53,8,Unavailable,29,44,28,5,Unavailable,40,Unavailable,95,Unavailable,Unavailable,Unavailable,Unavailable
184694,Fairleigh Dickinson University-Florham Campus,1,34,2,1,2,Fairleigh Dickinson University-Florham Campus,NJ,21,2,2,,,,36,,14,1,63,62,53,1,96,65,81,72,64,71,72,5,4457,4246,1,1,2,,,Unavailable,,,,37346,37346,Unavailable,1993,1883,1883,97,3,1926,1843,83,67,40,27,1997,1883,94,6,114,5,96,1958,1,11,509,1438,6,451,11,Unavailable,32,51,28,3,Unavailable,40,Unavailable,97,Unavailable,Unavailable,Unavailable,Unavailable
183910,Caldwell University,1,34,2,1,2,Caldwell University,NJ,21,2,2,,,,46,,2,0,60,59,49,14,62,62,56,59,51,55,55,3,7845,5131,,,Unavailable,,,Unavailable,,,,37352,37352,Unavailable,1445,1390,1390,95,5,1372,1344,28,73,46,27,1448,1392,96,4,56,4,62,1437,0,0,685,752,1,444,13,Unavailable,29,54,26,3,Unavailable,38,Unavailable,95,Unavailable,Unavailable,Unavailable,Unavailable
228042,Schreiner University,1,48,2,1,2,Schreiner University,TX,33,2,2,,,,46,,30,3,46,45,42,32,48,35,52,44,38,43,43,3,2128,1872,,,Unavailable,,,Unavailable,,,,37396,37396,Unavailable,1062,1010,1010,93,7,985,952,33,77,58,19,1062,1010,95,5,52,5,48,1028,3,30,643,355,1,371,15,Unavailable,25,41,21,5,Unavailable,29,Unavailable,93,Unavailable,Unavailable,Unavailable,Unavailable
232706,Marymount University,1,51,2,1,2,Marymount University,VA,12,2,2,,,,29,,54,2,64,62,50,29,168,56,61,58,48,56,58,3,3598,2897,,,Unavailable,,,Unavailable,,,,37400,37400,Unavailable,2216,1695,1695,88,12,1941,1481,460,275,214,61,2216,1695,76,24,521,9,168,1795,6,104,956,735,5,350,13,Unavailable,30,43,30,14,Unavailable,42,Unavailable,88,Unavailable,Unavailable,Unavailable,Unavailable
232089,Ferrum College,1,51,2,1,2,Ferrum College,VA,42,1,2,,,,49,,7,1,34,34,26,9,66,25,38,29,22,28,29,5,1483,1483,6,0,6,520,470,990,,,,37400,37400,Unavailable,747,730,730,97,3,722,711,11,25,19,6,747,730,98,2,17,9,66,745,1,6,434,305,0,186,11,Unavailable,16,37,19,2,Unavailable,24,Unavailable,97,Unavailable,Unavailable,Unavailable,Unavailable
110361,California Baptist University,1,6,2,1,2,California Baptist University,CA,11,4,2,,,,42,,239,3,60,57,37,156,1056,53,65,60,43,57,60,3,7935,5838,,,Unavailable,,,Unavailable,,,,37570,37570,Unavailable,8110,7172,7172,82,18,6629,6148,481,1481,1024,457,8110,7172,88,12,938,13,1056,7914,18,1447,3387,3080,34,1268,20,Unavailable,22,48,31,16,Unavailable,41,Unavailable,82,Unavailable,Unavailable,Unavailable,Unavailable
166656,MCPHS University,1,25,2,1,2,MCPHS University,MA,11,3,2,,,,28,,46,1,67,65,51,76,378,52,67,63,49,59,64,5,6010,5121,8,1,9,595,610,1205,27,28,28,37620,37620,Unavailable,3477,3280,3280,83,17,2901,2773,128,576,507,69,3477,3280,94,6,197,11,378,3474,1,21,1593,1860,4,726,10,Unavailable,31,40,33,9,7,45,Unavailable,83,6,Unavailable,Unavailable,Unavailable
198136,Campbell University,1,37,2,1,2,Campbell University,NC,31,3,2,,,,34,,333,12,56,55,40,57,247,47,61,56,41,53,55,3,3680,3470,,,Unavailable,,,Unavailable,,,,37750,37750,Unavailable,2813,2375,2375,77,23,2167,2040,127,646,335,311,2813,2375,84,16,438,9,247,2790,18,491,765,1534,21,492,13,Unavailable,24,41,27,19,Unavailable,37,Unavailable,77,Unavailable,Unavailable,Unavailable,Unavailable
212832,Gwynedd Mercy University,1,42,2,1,2,Gwynedd Mercy University,PA,21,2,2,,,,35,,30,2,68,67,51,33,102,45,69,58,51,63,66,5,1111,1040,33,1,34,560,550,1110,,,,37825,37825,Unavailable,1442,1041,1041,81,19,1170,855,315,272,186,86,1457,1041,71,29,416,9,102,1141,4,47,465,629,0,143,9,Unavailable,31,40,32,17,Unavailable,44,Unavailable,81,Unavailable,Unavailable,Unavailable,Unavailable
202514,Defiance College,1,39,2,1,2,Defiance College,OH,32,1,2,,,,48,,10,2,50,50,41,11,23,28,52,37,29,37,37,3,1546,656,,,Unavailable,,,Unavailable,,,,37978,37978,Unavailable,464,430,430,95,5,443,417,26,21,13,8,464,430,93,7,34,5,23,454,1,4,73,377,3,140,10,Unavailable,25,38,23,4,Unavailable,32,Unavailable,95,Unavailable,Unavailable,Unavailable,Unavailable
154013,Mount Mercy University,1,19,2,1,2,Mount Mercy University,IA,12,2,2,,,,27,,7,1,60,60,53,19,150,46,62,56,52,56,56,5,1436,1131,1,3,4,,,Unavailable,22,21,21,38070,38070,Unavailable,1175,971,971,83,17,970,886,84,205,85,120,1185,980,83,17,205,13,150,1135,6,65,229,841,3,221,13,Unavailable,32,37,32,14,#VALUE!,41,Unavailable,83,Unavailable,Unavailable,Unavailable,Unavailable
202763,The University of Findlay,1,39,2,1,2,The University of Findlay,OH,32,3,2,,,,23,,21,1,63,62,47,20,63,52,68,63,43,55,62,3,3760,3246,,,Unavailable,,,Unavailable,,,,38176,38176,Unavailable,3954,2248,2248,97,3,3853,2175,1678,101,73,28,3954,2248,57,43,1706,3,63,2240,3,70,1322,848,5,667,13,Unavailable,28,38,26,15,Unavailable,39,Unavailable,97,Unavailable,Unavailable,Unavailable,Unavailable
165699,Endicott College,1,25,2,1,2,Endicott College,MA,21,2,2,,,,13,,31,1,78,78,76,98,64,65,76,75,72,75,75,5,5562,4021,15,2,17,640,620,1260,27,27,25,38312,38312,Unavailable,3176,3017,3017,97,3,3079,2992,87,97,25,72,3176,3017,95,5,159,2,64,3101,3,88,579,2434,4,866,13,Unavailable,46,39,32,4,13,48,Unavailable,97,12,Unavailable,Unavailable,Unavailable
235024,Cornish College of the Arts,1,53,2,1,2,Cornish College of the Arts,WA,11,1,2,,,,32,,12,2,52,51,47,16,41,50,52,52,51,52,52,3,1097,773,,,Unavailable,,,Unavailable,,,,38316,38316,Unavailable,500,459,459,92,8,459,427,32,41,32,9,502,459,91,9,43,9,41,480,0,0,0,480,,124,6,Unavailable,28,41,26,6,Unavailable,35,Unavailable,92,Unavailable,Unavailable,Unavailable,Unavailable
155900,Southwestern College,1,20,2,1,2,Southwestern College,KS,32,2,2,,,,40,,118,11,40,40,33,1,117,31,43,34,30,33,34,3,1333,866,,,Unavailable,,,Unavailable,,,,38330,38330,Unavailable,1038,631,631,60,40,624,568,56,414,63,351,1038,631,61,39,407,11,117,1026,44,452,8,566,7,196,11,Unavailable,20,36,23,41,Unavailable,29,Unavailable,60,Unavailable,Unavailable,Unavailable,Unavailable
231420,Averett University,1,51,2,1,2,Averett University,VA,32,2,2,,,,40,,74,6,42,42,36,28,185,43,47,44,31,43,44,5,3322,1588,8,2,10,540,530,1070,18,,,38400,38400,Unavailable,1180,1055,1055,77,23,905,873,32,275,182,93,1180,1055,89,11,125,16,185,1162,26,297,648,217,3,249,13,Unavailable,22,42,26,20,6,32,Unavailable,77,Unavailable,Unavailable,Unavailable,Unavailable
128498,Albertus Magnus College,1,9,2,1,2,Albertus Magnus College,CT,12,2,2,,,,48,,24,3,56,56,44,8,73,37,50,46,38,46,46,3,2338,1505,,,Unavailable,,,Unavailable,,,,38424,38424,Unavailable,892,799,799,69,31,619,606,13,273,193,80,892,799,90,10,93,8,73,882,32,279,350,253,0,162,15,Unavailable,26,43,27,25,Unavailable,37,Unavailable,69,Unavailable,Unavailable,Unavailable,Unavailable
180984,Concordia University-Nebraska,1,31,2,1,2,Concordia University-Nebraska,NE,32,2,2,,,,26,,13,0,59,58,47,46,51,49,74,64,47,64,64,5,1587,1429,1,6,7,580,560,1140,23,22,23,38500,38500,Unavailable,2933,1215,1215,100,0,2920,1203,1717,13,12,1,2934,1216,41,59,1718,4,51,1270,0,1,371,898,,335,14,Unavailable,28,38,26,18,5,37,Unavailable,100,4,Unavailable,Unavailable,Unavailable
142887,American Academy of Art College,1,17,3,1,2,American Academy of Art College,IL,11,1,3,,,,63,,2,2,57,57,43,,7,32,67,45,40,45,45,,,,,,Unavailable,,,Unavailable,,,,38640,38640,Unavailable,90,72,72,94,6,85,70,15,5,2,3,90,72,80,20,18,8,7,90,2,2,74,14,6,28,6,Unavailable,26,48,27,9,Unavailable,37,Unavailable,94,Unavailable,Unavailable,Unavailable,Unavailable
216807,Westminster College,1,42,2,1,2,Westminster College,PA,42,2,2,,,,28,,10,1,73,73,66,14,13,52,79,66,61,65,66,3,2650,2266,,,Unavailable,,,Unavailable,,,,38760,38760,Unavailable,1155,1050,1050,95,5,1096,1045,51,59,5,54,1155,1050,91,9,105,1,13,1051,0,0,76,975,0,287,12,Unavailable,40,40,30,5,Unavailable,44,Unavailable,95,Unavailable,Unavailable,Unavailable,Unavailable
193584,Nazareth University,1,36,2,1,2,Nazareth University,NY,21,2,2,,,,26,,17,1,74,73,62,10,93,66,73,73,64,72,73,5,3614,2873,13,3,16,630,610,1240,28,,,38790,38790,Unavailable,1900,1844,1844,97,3,1852,1813,39,48,31,17,1900,1844,97,3,56,5,93,1891,0,4,334,1553,0,470,9,Unavailable,37,46,32,2,12,46,Unavailable,97,Unavailable,Unavailable,Unavailable,Unavailable
167260,Nichols College,1,25,2,1,2,Nichols College,MA,21,2,2,,,,30,,15,1,58,58,56,4,55,61,45,64,57,59,64,5,2117,1866,18,1,19,560,550,1110,,,,38825,38825,Unavailable,1152,1058,1058,94,6,1081,1046,35,71,12,59,1152,1058,92,8,94,5,55,1152,8,94,0,1058,,316,15,Unavailable,34,46,26,7,Unavailable,37,Unavailable,94,Unavailable,Unavailable,Unavailable,Unavailable
211583,Chestnut Hill College,1,42,2,1,2,Chestnut Hill College,PA,11,2,2,,,,50,,10,1,63,63,56,27,116,48,68,56,41,53,56,3,2559,2025,,,Unavailable,,,Unavailable,,,,38950,38950,Unavailable,972,796,796,73,27,705,666,39,267,130,137,972,796,82,18,176,12,116,931,13,117,267,547,3,141,10,Unavailable,34,49,33,20,Unavailable,43,Unavailable,73,Unavailable,Unavailable,Unavailable,Unavailable
151786,Marian University,1,18,2,1,2,Marian University,IN,11,2,2,,,,26,,45,2,64,64,45,24,173,57,72,61,43,58,61,3,3883,3702,,,Unavailable,,,Unavailable,,,,39100,39100,Unavailable,2487,2148,2148,79,21,1965,1838,127,522,310,212,2492,2153,86,14,339,7,173,2336,18,430,715,1191,0,408,13,Unavailable,27,42,30,18,Unavailable,41,Unavailable,79,Unavailable,Unavailable,Unavailable,Unavailable
188526,Albany College of Pharmacy and Health Sciences,1,36,2,1,2,Albany College of Pharmacy and Health Sciences,NY,12,1,2,,,,29,,4,1,60,58,38,13,25,60,76,69,44,60,60,5,2292,1354,50,4,54,630,640,1270,31,,,39100,39100,Unavailable,546,504,504,94,6,514,476,38,32,28,4,547,504,92,8,43,5,25,509,0,0,241,268,,111,10,Unavailable,23,45,26,5,43,38,Unavailable,94,Unavailable,43,Unavailable,Unavailable
202170,Columbus College of Art & Design,1,39,2,1,2,Columbus College of Art & Design,OH,11,1,2,,,,40,,12,1,60,60,55,10,46,54,66,61,55,61,61,3,867,622,,,Unavailable,,,Unavailable,,,,39150,39150,Unavailable,889,869,869,93,7,828,812,16,61,57,4,893,871,98,2,22,5,46,891,0,3,432,456,0,225,9,Unavailable,33,47,27,4,Unavailable,38,Unavailable,93,Unavailable,Unavailable,Unavailable,Unavailable
180106,Carroll College,1,30,2,1,2,Carroll College,MT,13,2,2,,,,18,,44,4,68,67,53,6,41,54,70,66,54,65,66,5,1787,1298,5,3,8,570,570,1140,25,24,25,39152,39152,Unavailable,1062,1042,1042,95,5,1010,998,12,52,44,8,1062,1042,98,2,20,4,41,1052,0,0,106,946,0,296,11,Unavailable,32,36,29,3,6,42,Unavailable,95,4,Unavailable,Unavailable,Unavailable
123651,Vanguard University of Southern California,1,6,2,1,2,Vanguard University of Southern California,CA,12,2,2,,,,44,,27,1,63,61,56,5,183,49,67,56,52,55,56,3,3422,2214,,,Unavailable,,,Unavailable,,,,39250,39250,Unavailable,1987,1811,1811,91,9,1802,1759,43,185,52,133,1987,1811,91,9,176,9,183,1975,8,156,1016,803,2,539,16,Unavailable,34,47,30,9,Unavailable,42,Unavailable,91,Unavailable,Unavailable,Unavailable,Unavailable
199865,Warren Wilson College,1,37,2,1,2,Warren Wilson College,NC,41,1,2,,,,38,,8,1,39,39,29,5,36,42,38,43,27,41,43,5,943,732,0,19,19,,,Unavailable,27,27,25,39300,39300,Unavailable,741,725,725,93,7,691,689,2,50,36,14,742,725,98,2,17,5,36,720,0,0,27,693,0,192,11,Unavailable,17,40,19,3,#VALUE!,25,Unavailable,93,Unavailable,Unavailable,Unavailable,Unavailable
181020,Doane University,1,31,2,1,2,Doane University,NE,32,2,2,,,,28,,13,1,59,59,54,7,83,39,68,56,52,56,56,3,1289,1154,,,Unavailable,,,Unavailable,,,,39336,39336,Unavailable,1190,919,919,90,10,1071,852,219,119,67,52,1190,919,77,23,271,8,83,981,0,0,50,931,0,239,11,Unavailable,32,34,29,11,Unavailable,39,Unavailable,90,Unavailable,Unavailable,Unavailable,Unavailable
174899,The College of Saint Scholastica,1,27,2,1,2,The College of Saint Scholastica,MN,13,2,2,,,,24,,30,2,66,65,60,42,191,50,71,63,54,62,63,5,1608,1508,0,24,24,,,Unavailable,24,22,23,39530,39530,Unavailable,1755,1583,1583,81,19,1419,1383,36,336,200,136,1755,1583,90,10,172,11,191,1725,14,242,225,1258,1,366,10,Unavailable,36,37,33,15,#VALUE!,44,Unavailable,81,Unavailable,#VALUE!,Unavailable,Unavailable
445708,Johnson & Wales University-Charlotte,1,37,2,1,3,Johnson & Wales University-Charlotte,NC,11,2,2,,,,52,,46,4,36,36,31,37,40,29,67,52,30,33,34,5,4677,3521,9,8,17,520,490,1010,19,17,17,39792,39792,Unavailable,1128,1095,1095,97,3,1091,1062,29,37,33,4,1128,1095,97,3,33,4,40,1126,1,8,269,849,1,280,12,Unavailable,19,41,17,2,10,23,Unavailable,97,6,Unavailable,Unavailable,Unavailable
217235,Johnson & Wales University-Providence,1,44,2,1,2,Johnson & Wales University-Providence,RI,12,2,2,,,,30,,58,1,58,57,51,185,145,39,66,55,42,48,49,5,8841,7400,15,2,17,560,540,1100,23,23,22,39792,39792,Unavailable,3952,3780,3780,96,4,3802,3661,141,150,119,31,3952,3780,96,4,172,4,145,3913,1,37,1337,2539,9,917,13,Unavailable,31,35,25,3,12,36,Unavailable,96,11,Unavailable,Unavailable,Unavailable
193353,Mount Saint Mary College,1,36,2,1,2,Mount Saint Mary College,NY,13,2,2,,,,31,,25,1,63,62,49,5,113,62,74,66,52,65,66,5,2229,1838,6,0,6,600,560,1160,,,,39820,39820,Unavailable,1896,1098,1098,87,13,1654,994,660,242,104,138,1897,1098,58,42,799,9,113,1268,2,27,650,591,14,222,12,Unavailable,29,47,30,18,Unavailable,41,Unavailable,87,Unavailable,Unavailable,Unavailable,Unavailable
186432,Saint Peter's University,1,34,2,1,2,Saint Peter's University,NJ,11,2,2,,,,58,,15,1,59,58,47,43,314,64,61,63,51,61,63,3,4381,3966,,,Unavailable,,,Unavailable,,,,39954,39954,Unavailable,2098,1853,1853,90,10,1881,1703,178,217,150,67,2101,1853,88,12,248,16,314,1939,15,292,790,857,3,398,11,Unavailable,28,61,33,12,Unavailable,42,Unavailable,90,Unavailable,Unavailable,Unavailable,Unavailable
202073,Cleveland Institute of Music,1,39,2,1,2,Cleveland Institute of Music,OH,11,1,2,,,,15,,1,1,71,71,58,1,10,100,63,69,57,68,70,3,461,176,,,Unavailable,,,Unavailable,,,,40000,40000,Unavailable,194,194,194,99,1,193,193,0,1,1,0,194,194,100,Unavailable,,5,10,193,0,0,68,125,,41,6,Unavailable,35,58,32,#VALUE!,Unavailable,45,Unavailable,99,Unavailable,Unavailable,Unavailable,Unavailable
167394,College of Our Lady of the Elms,1,25,2,1,2,College of Our Lady of the Elms,MA,21,2,2,,,,45,,19,2,68,68,60,13,195,56,60,65,55,63,65,5,1442,1264,4,0,4,620,620,1240,,,,40095,40095,Unavailable,1038,859,859,74,26,773,680,93,265,179,86,1038,859,83,17,179,21,195,951,16,156,376,419,0,143,11,Unavailable,36,51,40,20,Unavailable,49,Unavailable,74,Unavailable,Unavailable,Unavailable,Unavailable
153001,Buena Vista University,1,19,2,1,2,Buena Vista University,IA,33,2,2,,,,44,,23,2,63,63,56,73,154,47,44,47,35,45,47,5,1544,1108,1,38,39,,,Unavailable,21,20,21,40190,40190,Unavailable,1442,1237,1237,70,30,1014,954,60,428,283,145,1442,1237,86,14,205,11,154,1378,44,608,98,672,0,236,13,Unavailable,34,46,32,29,#VALUE!,42,Unavailable,70,Unavailable,#VALUE!,Unavailable,Unavailable
208822,George Fox University,1,41,2,1,2,George Fox University,OR,31,2,2,,,,27,,33,1,70,69,60,62,204,60,73,69,58,68,69,5,3737,3603,11,5,16,600,580,1180,23,23,20,40220,40220,Unavailable,2978,2361,2361,89,11,2654,2161,493,324,200,124,3004,2361,79,21,643,8,204,2505,11,272,1120,1113,0,625,15,Unavailable,36,44,32,14,11,45,Unavailable,89,8,Unavailable,Unavailable,Unavailable
231581,Bridgewater College,1,51,2,1,2,Bridgewater College,VA,23,2,2,,,,30,,17,1,62,62,55,10,41,40,56,49,43,49,49,5,3984,3618,10,1,11,600,610,1210,29,28,27,40300,40300,Unavailable,1391,1385,1385,100,0,1385,1379,6,6,6,0,1391,1385,100,0,6,3,41,1388,0,0,53,1335,,422,12,Unavailable,33,35,27,0,8,38,Unavailable,100,8,Unavailable,Unavailable,Unavailable
164492,Anna Maria College,1,25,2,1,2,Anna Maria College,MA,41,2,2,,,,37,,32,3,48,48,40,28,94,39,27,40,29,39,40,5,3965,3551,1,0,1,,,Unavailable,,,,40332,40332,Unavailable,995,832,832,82,18,811,759,52,184,73,111,995,832,84,16,163,10,94,948,15,140,193,615,1,201,13,Unavailable,24,38,25,17,Unavailable,33,Unavailable,82,Unavailable,Unavailable,Unavailable,Unavailable
163578,Notre Dame of Maryland University,1,24,2,1,2,Notre Dame of Maryland University,MD,11,2,2,,,,34,,12,2,59,59,51,13,70,48,76,52,45,52,52,3,2309,1997,,,Unavailable,,,Unavailable,,,,40430,40430,Unavailable,686,534,534,65,35,448,425,23,238,109,129,686,534,78,22,152,10,70,684,22,148,148,388,0,56,8,Unavailable,31,41,30,27,Unavailable,39,Unavailable,65,Unavailable,Unavailable,Unavailable,Unavailable
112075,Concordia University-Irvine,1,6,2,1,2,Concordia University-Irvine,CA,11,2,2,,,,23,,32,2,69,68,60,51,126,69,59,63,54,62,63,3,4564,2732,,,Unavailable,,,Unavailable,,,,40510,40510,Unavailable,1465,1417,1417,91,9,1335,1313,22,130,104,26,1465,1417,97,3,48,9,126,1456,1,17,538,901,,344,13,Unavailable,36,46,32,5,Unavailable,45,Unavailable,91,Unavailable,Unavailable,Unavailable,Unavailable
213321,King's College,1,42,2,1,2,King's College,PA,13,2,2,,,,29,,15,1,68,67,59,23,47,56,60,60,50,59,60,5,3206,2988,29,2,31,570,580,1150,23,,,40520,40520,Unavailable,1588,1493,1493,97,3,1544,1464,80,44,29,15,1590,1494,94,6,96,3,47,1519,0,2,89,1428,6,363,11,Unavailable,35,43,29,3,22,42,Unavailable,97,Unavailable,22,Unavailable,Unavailable
231095,Sterling College,1,50,2,1,2,Sterling College,VT,43,1,2,,,,40,,3,4,40,36,36,6,13,31,60,43,29,43,43,3,52,48,,,Unavailable,,,Unavailable,,,,40560,40560,Unavailable,78,59,59,79,21,62,49,13,16,10,6,78,59,76,24,19,20,13,66,0,0,0,66,0,10,9,Unavailable,22,36,26,16,Unavailable,32,Unavailable,79,Unavailable,Unavailable,Unavailable,Unavailable
182795,Franklin Pierce University,1,33,2,1,2,Franklin Pierce University,NH,42,2,2,,,,27,,5,0,41,41,17,38,45,41,53,46,43,45,46,5,2731,2463,6,0,6,530,500,1030,,,,40617,40617,Unavailable,1058,872,872,93,7,981,869,112,77,3,74,1058,872,82,18,186,4,45,1055,11,114,222,719,1,318,13,Unavailable,10,34,19,11,Unavailable,26,Unavailable,93,Unavailable,Unavailable,Unavailable,Unavailable
161509,Maine College of Art & Design,1,23,2,1,2,Maine College of Art & Design,ME,13,1,2,,,,27,,12,3,44,44,39,31,19,39,53,49,12,17,49,3,913,708,,,Unavailable,,,Unavailable,,,,40668,40668,Unavailable,422,408,408,94,6,396,386,10,26,22,4,422,408,97,3,14,5,19,415,0,0,0,415,2,95,8,Unavailable,23,33,20,3,Unavailable,28,Unavailable,94,Unavailable,Unavailable,Unavailable,Unavailable
170675,Lawrence Technological University,1,26,2,1,2,Lawrence Technological University,MI,13,2,2,,,,20,,10,0,58,55,21,8,87,48,73,63,25,25,62,3,2121,1702,,,Unavailable,,,Unavailable,,,,40672,40672,Unavailable,2366,1577,1577,95,5,2244,1523,721,122,54,68,2367,1577,67,33,790,5,87,1701,1,9,632,1060,5,418,11,Unavailable,13,34,25,12,Unavailable,37,Unavailable,95,Unavailable,Unavailable,Unavailable,Unavailable
192749,Manhattanville College,1,36,2,1,2,Manhattanville College,NY,21,2,2,,,,34,,4,0,62,61,54,37,127,44,64,54,48,52,54,3,3943,3338,,,Unavailable,,,Unavailable,,,,40850,40850,Unavailable,1328,1219,1219,91,9,1204,1111,93,124,108,16,1329,1219,92,8,110,10,127,1250,0,5,506,739,,314,12,Unavailable,32,39,30,6,Unavailable,41,Unavailable,91,Unavailable,Unavailable,Unavailable,Unavailable
215947,Seton Hill University,1,42,2,1,2,Seton Hill University,PA,21,2,2,,,,30,,18,1,67,67,52,20,61,63,75,71,61,70,71,5,2441,1850,40,7,47,590,590,1180,25,,,40864,40864,Unavailable,1597,1450,1450,87,13,1394,1341,53,203,109,94,1597,1450,91,9,147,4,61,1581,12,188,528,865,0,384,13,Unavailable,31,47,29,11,34,42,Unavailable,87,Unavailable,34,Unavailable,Unavailable
175980,Millsaps College,1,28,2,1,2,Millsaps College,MS,12,1,2,,,,36,,12,2,62,62,61,1,24,46,58,55,58,60,60,5,2058,1009,1,3,4,,,Unavailable,,,,40940,40940,Unavailable,560,556,556,98,2,550,547,3,10,9,1,582,578,99,1,4,4,24,580,0,0,9,571,0,181,9,Unavailable,37,41,27,1,Unavailable,39,Unavailable,98,Unavailable,Unavailable,Unavailable,Unavailable
161457,University of New England,1,23,2,1,2,University of New England,ME,22,3,2,,,,19,,52,1,67,66,60,159,79,57,66,61,56,63,63,3,5091,4523,,,Unavailable,,,Unavailable,,,,41050,41050,Unavailable,3861,2191,2191,76,24,2925,2111,814,936,80,856,3863,2191,57,43,1672,4,79,2189,0,0,55,2134,2,729,12,Unavailable,36,38,29,23,Unavailable,42,Unavailable,76,Unavailable,Unavailable,Unavailable,Unavailable
210775,Alvernia University,1,42,2,1,2,Alvernia University,PA,13,2,2,,,,34,,21,1,67,65,41,31,64,48,64,58,41,57,58,5,5491,3422,8,,Unavailable,580,580,1160,,,,41060,41060,Unavailable,2050,1716,1716,81,19,1668,1577,91,382,139,243,2050,1716,84,16,334,3,64,2042,10,198,500,1344,0,497,12,Unavailable,25,41,28,15,Unavailable,41,Unavailable,81,Unavailable,Unavailable,Unavailable,Unavailable
150756,Hanover College,1,18,2,1,2,Hanover College,IN,32,2,2,,,,26,,0,0,64,63,62,41,20,57,75,64,59,63,64,5,2702,2269,27,14,41,600,570,1170,26,,,41092,41092,Unavailable,962,954,954,100,0,960,952,8,2,2,0,962,954,99,1,8,2,20,958,Unavailable,,,958,,280,11,Unavailable,37,42,26,#VALUE!,30,39,Unavailable,100,Unavailable,30,Unavailable,Unavailable
193399,University of Mount Saint Vincent,1,36,2,1,2,University of Mount Saint Vincent,NY,11,2,2,,,,44,,6,0,57,56,35,2,621,53,58,57,47,56,57,5,3775,3195,3,1,4,570,540,1110,,,,41200,41200,Unavailable,2398,2228,2228,87,13,2096,1961,135,302,267,35,2398,2228,93,7,170,26,621,2373,7,169,844,1360,1,493,15,Unavailable,21,49,38,9,Unavailable,45,Unavailable,87,Unavailable,Unavailable,Unavailable,Unavailable
132657,Lynn University,1,12,2,1,2,Lynn University,FL,13,2,2,,,,23,,30,1,51,50,44,118,174,58,51,53,45,51,53,5,8333,6162,14,4,18,580,540,1120,24,25,23,41200,41200,Unavailable,2823,2623,2623,90,10,2552,2446,106,271,177,94,2823,2623,93,7,200,6,174,2820,15,434,891,1495,14,789,16,Unavailable,26,41,24,11,12,33,Unavailable,90,10,Unavailable,Unavailable,Unavailable
150534,University of Evansville,1,18,2,1,2,University of Evansville,IN,12,2,2,,,,27,,26,1,70,69,58,34,67,63,75,71,60,69,71,3,4492,3488,,,Unavailable,,,Unavailable,,,,41400,41400,Unavailable,1741,1461,1461,94,6,1633,1413,220,108,48,60,1741,1461,84,16,280,5,67,1477,1,8,493,976,0,377,10,Unavailable,35,45,30,7,Unavailable,44,Unavailable,94,Unavailable,Unavailable,Unavailable,Unavailable
232043,Eastern Mennonite University,1,51,2,1,2,Eastern Mennonite University,VA,13,2,2,,,,29,,9,1,56,55,44,23,45,34,57,47,34,46,47,3,1179,1176,,,Unavailable,,,Unavailable,,,,41410,41410,Unavailable,863,773,773,95,5,820,747,73,43,26,17,863,773,90,10,90,6,45,800,3,21,31,748,0,201,10,Unavailable,26,32,25,6,Unavailable,36,Unavailable,95,Unavailable,Unavailable,Unavailable,Unavailable
213987,Mercyhurst University,1,42,2,1,2,Mercyhurst University,PA,13,2,2,,,,31,,49,2,66,66,59,26,74,55,61,59,57,63,65,3,3500,2913,,,Unavailable,,,Unavailable,,,,41580,41580,Unavailable,2292,2129,2129,93,7,2138,2029,109,154,100,54,2292,2129,93,7,163,3,74,2217,0,1,0,2216,1,509,15,Unavailable,35,43,28,5,Unavailable,41,Unavailable,93,Unavailable,Unavailable,Unavailable,Unavailable
164447,American International College,1,25,2,1,2,American International College,MA,12,2,2,,,,51,,13,1,43,42,34,38,81,40,55,42,32,41,42,3,2258,2188,,,Unavailable,,,Unavailable,,,,41970,41970,Unavailable,1331,1066,1066,93,7,1232,993,239,99,73,26,1331,1066,80,20,265,7,81,1097,1,9,524,564,2,329,16,Unavailable,20,46,21,9,Unavailable,29,Unavailable,93,Unavailable,Unavailable,Unavailable,Unavailable
127918,Regis University,1,8,2,1,2,Regis University,CO,11,2,2,,,,28,,76,3,63,62,53,7,204,53,70,61,51,60,61,5,4997,4361,1,,Unavailable,,,Unavailable,,,,41990,41990,Unavailable,2680,1859,1859,67,33,1803,1611,192,877,248,629,2680,1859,69,31,821,8,204,2599,23,603,857,1139,0,428,9,Unavailable,32,41,30,29,Unavailable,41,Unavailable,67,Unavailable,Unavailable,Unavailable,Unavailable
177746,Kansas City Art Institute,1,29,2,1,2,Kansas City Art Institute,MO,11,1,2,,,,42,,12,2,62,62,54,23,47,59,75,65,53,63,65,3,1097,662,,,Unavailable,,,Unavailable,,,,42000,42000,Unavailable,789,774,774,95,5,747,739,8,42,35,7,789,774,98,2,15,6,47,782,Unavailable,,,782,,187,10,Unavailable,32,51,28,#VALUE!,Unavailable,40,Unavailable,95,Unavailable,Unavailable,Unavailable,Unavailable
174817,Saint Mary's University of Minnesota,1,27,2,1,2,Saint Mary's University of Minnesota,MN,32,2,2,,,,22,,9,1,57,57,50,17,76,58,74,68,62,67,68,3,1350,1199,,,Unavailable,,,Unavailable,,,,42500,42500,Unavailable,1071,866,866,81,19,865,838,27,206,28,178,1075,867,81,19,208,7,76,1061,5,48,556,457,0,215,18,Unavailable,30,40,27,15,Unavailable,37,Unavailable,81,Unavailable,Unavailable,Unavailable,Unavailable
167899,Springfield College,1,25,2,1,2,Springfield College,MA,12,2,2,,,,22,,12,1,73,73,69,36,48,51,77,68,64,67,68,5,3614,2538,5,0,5,550,570,1120,,,,42566,42566,Unavailable,1924,1904,1904,99,1,1904,1894,10,20,10,10,1924,1904,99,1,20,3,48,1916,0,2,92,1822,,525,11,Unavailable,41,37,31,1,Unavailable,45,Unavailable,99,Unavailable,Unavailable,Unavailable,Unavailable
195474,Siena College,1,36,2,1,2,Siena College,NY,21,2,2,,,,24,,26,1,78,77,72,46,160,66,79,76,72,75,76,5,8992,6346,14,1,15,610,620,1230,28,,,42580,42580,Unavailable,3497,3382,3382,98,2,3416,3345,71,81,37,44,3497,3382,97,3,115,5,160,3447,0,11,1167,2269,2,862,13,Unavailable,43,45,34,2,12,49,Unavailable,98,Unavailable,Unavailable,Unavailable,Unavailable
121309,Point Loma Nazarene University,1,6,2,1,2,Point Loma Nazarene University,CA,11,2,2,,,,23,,145,5,74,73,65,56,320,66,76,74,68,73,74,5,3065,2506,10,7,17,640,630,1270,27,26,24,42600,42600,Unavailable,3158,2746,2746,86,14,2720,2576,144,438,170,268,3158,2746,87,13,412,10,320,3132,9,297,793,2042,1,689,13,Unavailable,39,45,35,12,13,48,Unavailable,86,8,Unavailable,Unavailable,Unavailable
161518,Saint Joseph's College of Maine,1,23,2,1,2,Saint Joseph's College of Maine,ME,41,2,2,,,,21,,17,2,68,68,60,21,22,55,87,69,59,68,69,5,2216,1811,7,0,7,520,510,1030,,,,42834,42834,Unavailable,1057,747,747,77,23,816,703,113,241,44,197,1059,747,71,29,312,2,22,930,34,314,42,574,0,201,10,Unavailable,36,38,29,28,Unavailable,42,Unavailable,77,Unavailable,Unavailable,Unavailable,Unavailable
109785,Azusa Pacific University,1,6,2,1,2,Azusa Pacific University,CA,21,3,2,,,,35,,73,2,72,72,53,8,128,55,69,64,49,63,64,5,3850,3060,13,4,17,590,555,1145,24,23,23,42900,42900,Unavailable,2975,2627,2627,76,24,2267,2157,110,708,470,238,2977,2627,88,12,350,4,128,2977,6,167,986,1824,8,510,10,Unavailable,32,45,31,15,12,45,Unavailable,76,10,Unavailable,Unavailable,Unavailable
214971,Pennsylvania Academy of the Fine Arts,1,42,2,1,2,Pennsylvania Academy of the Fine Arts,PA,11,1,2,,,,32,,1,1,47,47,47,11,9,43,58,68,71,79,79,3,192,168,,,Unavailable,,,Unavailable,,,,43000,43000,Unavailable,99,97,97,84,16,83,81,2,16,16,0,99,97,98,2,2,9,9,99,0,0,7,92,0,18,5,Unavailable,28,38,24,7,Unavailable,32,Unavailable,84,Unavailable,Unavailable,Unavailable,Unavailable
173045,Augsburg University,1,27,2,1,2,Augsburg University,MN,11,2,2,,,,52,,11,0,59,58,45,2,196,52,54,52,41,50,52,3,4337,3319,,,Unavailable,,,Unavailable,,,,43142,43142,Unavailable,2445,2298,2298,91,9,2237,2177,60,208,121,87,2445,2298,94,6,147,8,196,2429,1,14,484,1931,2,608,13,Unavailable,27,52,28,5,Unavailable,39,Unavailable,91,Unavailable,Unavailable,Unavailable,Unavailable
174127,Minneapolis College of Art and Design,1,27,2,1,2,Minneapolis College of Art and Design,MN,11,1,2,,,,41,,10,1,66,66,63,9,37,76,69,69,60,68,69,5,885,428,3,16,19,650,630,1280,23,23,18,43374,43374,Unavailable,714,700,700,94,6,668,656,12,46,44,2,714,700,98,2,14,5,37,701,0,0,148,553,,160,10,Unavailable,38,59,30,3,13,42,Unavailable,94,10,Unavailable,Unavailable,Unavailable
125897,Woodbury University,1,6,2,1,2,Woodbury University,CA,11,1,2,,,,49,,10,1,61,59,32,22,117,55,53,55,30,50,55,5,1312,956,0,1,1,,,Unavailable,,,,43392,43392,Unavailable,822,761,761,82,18,674,639,35,148,122,26,825,764,93,7,61,14,117,825,0,2,361,462,4,113,9,Unavailable,19,52,32,9,Unavailable,42,Unavailable,82,Unavailable,Unavailable,Unavailable,Unavailable
236452,Saint Martin's University,1,53,2,1,2,Saint Martin's University,WA,13,2,2,,,,40,,131,10,61,61,51,26,165,51,61,57,41,55,57,5,3473,2637,12,4,16,545,525,1070,19,16,15,43600,43600,Unavailable,1244,1165,1165,79,21,986,959,27,258,206,52,1267,1188,94,6,79,13,165,1254,4,46,346,862,2,292,10,Unavailable,31,46,32,11,10,42,Unavailable,79,8,Unavailable,Unavailable,Unavailable
165529,Curry College,1,25,2,1,2,Curry College,MA,21,2,2,,,,28,,62,3,55,55,48,18,86,37,52,48,43,48,48,5,6903,6354,6,0,6,560,570,1130,,,,43670,43670,Unavailable,1818,1651,1651,88,12,1597,1560,37,221,91,130,1818,1651,91,9,167,5,86,1757,7,126,97,1534,3,487,11,Unavailable,29,33,25,10,Unavailable,35,Unavailable,88,Unavailable,Unavailable,Unavailable,Unavailable
191931,Iona University,1,36,2,1,2,Iona University,NY,21,2,2,,,,30,,15,0,63,62,51,91,103,51,65,57,51,56,57,5,7289,6643,9,2,11,590,580,1170,23,,,43680,43680,Unavailable,3133,2700,2700,98,2,3085,2663,422,48,37,11,3134,2701,86,14,433,4,103,2731,0,3,348,2380,0,809,15,Unavailable,31,41,27,5,8,39,Unavailable,98,Unavailable,Unavailable,Unavailable,Unavailable
198516,Elon University,1,37,2,1,2,Elon University,NC,22,3,2,,,,9,,44,1,84,83,79,101,87,80,83,83,78,82,83,5,18791,12649,2,1,3,620,590,1210,26,25,25,44029,44029,Unavailable,6402,6248,6248,99,1,6359,6221,138,43,27,16,6402,6248,98,2,154,1,87,6402,0,0,0,6402,0,1692,11,Unavailable,47,45,34,1,2,51,Unavailable,99,2,Unavailable,Unavailable,Unavailable
129941,University of New Haven,1,9,2,1,2,University of New Haven,CT,21,3,2,,,,28,,112,2,67,66,52,13,248,51,63,59,50,59,59,5,13498,10872,26,,Unavailable,600,590,1190,,,,44100,44100,Unavailable,4865,4548,4548,93,7,4532,4378,154,333,170,163,4865,4548,93,7,317,5,248,4799,4,179,2478,2142,18,1213,18,Unavailable,31,40,30,6,Unavailable,42,Unavailable,93,Unavailable,Unavailable,Unavailable,Unavailable
211468,Cedar Crest College,1,42,2,1,2,Cedar Crest College,PA,12,2,2,,,,39,,14,2,64,64,51,6,69,49,67,58,47,55,58,5,1152,1142,18,0,18,550,520,1070,,,,44334,44334,Unavailable,886,658,658,74,26,658,595,63,228,63,165,886,658,74,26,228,8,69,857,6,48,517,292,,133,9,Unavailable,31,44,30,20,Unavailable,42,Unavailable,74,Unavailable,Unavailable,Unavailable,Unavailable
129525,University of Hartford,1,9,2,1,2,University of Hartford,CT,12,3,2,,,,30,,20,0,61,61,53,102,133,49,67,58,53,60,61,5,14253,11832,21,1,22,610,590,1200,28,,,44350,44350,Unavailable,4131,3841,3841,96,4,3962,3780,182,169,61,108,4131,3841,93,7,290,3,133,4032,2,84,486,3462,9,1026,11,Unavailable,32,40,26,4,17,38,Unavailable,96,Unavailable,17,Unavailable,Unavailable
165574,Dean College,1,25,2,1,2,Dean College,MA,21,2,2,,,,30,,19,2,44,43,40,79,48,24,59,43,31,36,37,3,5382,3967,,,Unavailable,,,Unavailable,,,,44710,44710,Unavailable,1151,1083,1083,95,5,1091,1067,24,60,16,44,1151,1083,94,6,68,4,48,1142,3,37,108,997,2,319,15,Unavailable,24,27,20,5,Unavailable,28,Unavailable,95,Unavailable,Unavailable,Unavailable,Unavailable
168005,Suffolk University,1,25,2,1,2,Suffolk University,MA,11,3,2,,,,28,,50,1,61,60,47,48,238,53,61,60,44,58,60,5,10101,8560,15,2,17,620,570,1190,26,,,44812,44812,Unavailable,4484,4341,4341,96,4,4318,4208,110,166,133,33,4484,4341,97,3,143,5,238,4434,0,0,989,3445,6,1254,15,Unavailable,28,41,27,2,13,39,Unavailable,96,Unavailable,Unavailable,Unavailable,Unavailable
230852,Champlain College,1,50,2,1,2,Champlain College,VT,13,2,2,,,,23,,130,5,69,68,59,14,218,58,65,63,53,61,63,5,5297,3534,15,3,18,650,600,1250,28,30,26,45100,45100,Unavailable,2886,2197,2197,65,35,1881,1775,106,1005,422,583,2886,2197,76,24,689,8,218,2870,38,1101,184,1585,11,557,13,Unavailable,35,41,32,33,14,44,Unavailable,65,12,Unavailable,Unavailable,Unavailable
162760,Hood College,1,24,2,1,2,Hood College,MD,13,2,2,,,,37,,20,2,66,66,56,13,91,48,71,55,46,53,55,3,3287,2568,,,Unavailable,,,Unavailable,,,,45120,45120,Unavailable,1209,1174,1174,94,6,1141,1124,17,68,50,18,1209,1174,97,3,35,8,91,1202,0,0,50,1152,3,294,11,Unavailable,34,43,31,3,Unavailable,43,Unavailable,94,Unavailable,Unavailable,Unavailable,Unavailable
188854,American Musical and Dramatic Academy,1,36,2,1,3,American Musical and Dramatic Academy,NY,11,2,2,,,,36,,34,2,68,67,67,25,211,58,57,72,58,59,59,3,6580,1626,,,Unavailable,,,Unavailable,,,,45260,45260,Unavailable,1501,1501,1501,96,4,1439,1439,0,62,62,0,1502,1502,100,Unavailable,,14,211,1502,1,11,673,818,,108,6,Unavailable,40,47,35,#VALUE!,Unavailable,46,Unavailable,96,Unavailable,Unavailable,Unavailable,Unavailable
159656,Loyola University New Orleans,1,22,2,1,2,Loyola University New Orleans,LA,11,2,2,,,,39,,36,1,63,62,54,21,113,60,73,67,59,64,67,3,6142,5388,,,Unavailable,,,Unavailable,,,,45280,45280,Unavailable,3204,2868,2868,93,7,2983,2778,205,221,90,131,3205,2868,89,11,337,4,113,2999,7,212,1080,1707,6,791,13,Unavailable,32,50,27,8,Unavailable,39,Unavailable,93,Unavailable,Unavailable,Unavailable,Unavailable
154350,Simpson College,1,19,2,1,2,Simpson College,IA,31,2,2,,,,33,,16,1,69,69,65,1,48,56,69,66,53,65,66,5,1646,1463,0,2,2,,,Unavailable,31,34,30,45306,45306,Unavailable,1140,1090,1090,94,6,1077,1059,18,63,31,32,1140,1090,96,4,50,4,48,1130,4,48,182,900,1,300,11,Unavailable,39,45,30,5,#VALUE!,43,Unavailable,94,Unavailable,Unavailable,Unavailable,Unavailable
192819,Marist College,1,36,2,1,2,Marist College,NY,21,3,2,,,,16,,18,0,82,82,75,26,115,77,80,80,72,79,80,5,10224,6616,15,2,17,650,630,1280,28,28,26,45330,45330,Unavailable,5545,4881,4881,98,2,5431,4835,596,114,46,68,5545,4881,88,12,664,2,115,5039,2,108,1589,3342,,1334,16,Unavailable,45,47,34,5,14,50,Unavailable,98,12,Unavailable,Unavailable,Unavailable
140696,Oglethorpe University,1,13,2,1,2,Oglethorpe University,GA,21,2,2,,,,35,,12,1,58,56,44,7,38,47,60,54,46,52,53,5,2854,1714,11,7,18,610,585,1195,27,27,25,45416,45416,Unavailable,1499,1409,1409,96,4,1439,1364,75,60,45,15,1499,1409,94,6,90,3,38,1429,0,1,78,1350,,425,14,Unavailable,26,41,24,3,13,36,Unavailable,96,8,Unavailable,Unavailable,Unavailable
130314,University of Saint Joseph,1,9,2,1,2,University of Saint Joseph,CT,13,2,2,,,,37,,8,1,57,56,47,166,62,67,66,70,57,70,70,5,1778,1416,10,1,11,550,550,1100,,,,45608,45608,Unavailable,878,796,796,91,9,801,742,59,77,54,23,879,796,91,9,83,8,62,825,1,5,406,414,0,189,9,Unavailable,28,52,27,7,Unavailable,37,Unavailable,91,Unavailable,Unavailable,Unavailable,Unavailable
160959,College of the Atlantic,1,23,2,1,2,College of the Atlantic,ME,43,1,2,,,,27,,2,1,67,67,53,1,21,60,78,69,52,66,69,3,446,290,,,Unavailable,,,Unavailable,,,,45630,45630,Unavailable,359,343,343,94,6,336,323,13,23,20,3,360,344,96,4,16,6,21,358,Unavailable,,,358,1,95,10,Unavailable,32,44,30,#VALUE!,Unavailable,43,Unavailable,94,Unavailable,Unavailable,Unavailable,Unavailable
163462,Mount St. Mary's University,1,24,2,1,2,Mount St. Mary's University,MD,42,2,2,,,,28,,40,2,62,61,55,21,78,49,66,58,49,57,58,5,5422,3896,15,1,16,580,560,1140,23,,,45660,45660,Unavailable,1872,1719,1719,94,6,1766,1689,77,106,30,76,1873,1719,92,8,154,4,78,1806,4,67,725,1014,1,456,12,Unavailable,33,39,27,6,11,39,Unavailable,94,Unavailable,Unavailable,Unavailable,Unavailable
192703,Manhattan College,1,36,2,1,2,Manhattan College,NY,11,2,2,,,,31,,83,3,77,77,64,4,167,60,69,66,52,64,66,5,10432,8188,16,3,19,630,630,1260,25,25,25,46100,46100,Unavailable,2928,2783,2783,94,6,2758,2675,83,170,108,62,2928,2783,95,5,145,6,167,2928,0,9,108,2811,6,746,11,Unavailable,38,46,34,4,15,48,Unavailable,94,13,Unavailable,Unavailable,Unavailable
165671,Emmanuel College,1,25,2,1,2,Emmanuel College,MA,11,2,2,,,,21,,15,1,70,70,65,86,61,56,71,66,59,65,66,5,5937,4785,13,2,15,640,610,1250,29,,,46200,46200,Unavailable,1970,1822,1822,97,3,1919,1818,101,51,4,47,1973,1822,92,8,151,3,61,1874,3,47,11,1816,,568,13,Unavailable,39,39,30,4,12,43,Unavailable,97,Unavailable,Unavailable,Unavailable,Unavailable
239318,Milwaukee School of Engineering,1,55,2,1,2,Milwaukee School of Engineering,WI,11,2,2,,,,23,,45,2,67,66,45,53,143,67,73,72,50,68,72,3,6032,3643,,,Unavailable,,,Unavailable,,,,46385,46385,Unavailable,2653,2544,2544,95,5,2514,2429,85,139,115,24,2653,2544,96,4,109,5,143,2607,0,0,416,2191,,672,12,Unavailable,27,45,30,3,Unavailable,42,Unavailable,95,Unavailable,Unavailable,Unavailable,Unavailable
119173,Mount Saint Mary's University,1,6,2,1,2,Mount Saint Mary's University,CA,11,2,2,,,,56,,17,1,64,62,47,44,174,50,67,53,40,52,55,3,3430,2357,,,Unavailable,,,Unavailable,,,,46726,46726,Unavailable,1764,1611,1611,86,14,1516,1471,45,248,140,108,1767,1612,91,9,155,10,174,1746,4,64,455,1227,2,377,11,Unavailable,28,53,31,9,Unavailable,42,Unavailable,86,Unavailable,Unavailable,Unavailable,Unavailable
209603,Pacific Northwest College of Art,1,41,2,1,2,Pacific Northwest College of Art,OR,11,1,2,,,,44,,8,2,36,36,26,,46,37,54,46,33,44,46,3,658,451,,,Unavailable,,,Unavailable,,,,47026,47026,Unavailable,412,396,396,86,14,354,346,8,58,50,8,412,396,96,4,16,11,46,412,Unavailable,,,412,1,89,9,Unavailable,16,41,21,#VALUE!,Unavailable,26,Unavailable,86,Unavailable,Unavailable,Unavailable,Unavailable
168591,Alma College,1,26,2,1,2,Alma College,MI,32,2,2,,,,21,,2,0,63,63,54,20,35,53,72,64,51,62,64,3,3975,2610,,,Unavailable,,,Unavailable,,,,47160,47160,Unavailable,1235,1197,1197,98,2,1216,1181,35,19,16,3,1235,1197,97,3,38,3,35,1208,Unavailable,,,1208,0,334,14,Unavailable,32,37,27,#VALUE!,Unavailable,39,Unavailable,98,Unavailable,Unavailable,Unavailable,Unavailable
217536,Salve Regina University,1,44,2,1,2,Salve Regina University,RI,21,2,2,,,,16,,13,1,73,73,71,36,135,78,76,75,68,74,75,5,5697,3983,17,2,19,630,590,1220,30,30,27,47180,47180,Unavailable,2117,2064,2064,97,3,2062,2049,13,55,15,40,2117,2064,97,3,53,6,135,2102,2,42,328,1732,0,592,12,Unavailable,43,47,33,2,15,46,Unavailable,97,13,Unavailable,Unavailable,Unavailable
211088,Arcadia University,1,42,2,1,2,Arcadia University,PA,21,2,2,,,,30,,13,1,62,62,54,41,72,58,72,64,59,64,64,5,6688,5296,12,2,14,600,595,1195,28,30,23,47590,47590,Unavailable,1882,1582,1582,96,4,1803,1553,250,79,29,50,1890,1582,84,16,308,4,72,1799,2,43,428,1328,6,483,11,Unavailable,32,44,27,7,11,39,Unavailable,96,9,Unavailable,Unavailable,Unavailable
166850,Merrimack College,1,25,2,1,2,Merrimack College,MA,21,3,2,,,,16,,27,1,69,69,64,123,102,65,73,72,65,72,72,3,13693,10079,,,Unavailable,,,Unavailable,,,,47636,47636,Unavailable,4199,3960,3960,98,2,4109,3926,183,90,34,56,4199,3960,94,6,239,3,102,4043,2,83,335,3625,0,1182,14,Unavailable,38,41,29,3,Unavailable,42,Unavailable,98,Unavailable,Unavailable,Unavailable,Unavailable
231059,Saint Michael's College,1,50,2,1,2,Saint Michael's College,VT,22,2,2,,,,18,,13,1,79,78,75,3,33,61,69,69,63,68,69,5,2639,2424,11,2,13,640,580,1220,29,25,27,47640,47640,Unavailable,1173,1143,1143,99,1,1158,1133,25,15,10,5,1178,1143,97,3,35,3,33,1157,0,4,136,1017,0,258,10,Unavailable,45,40,33,2,10,49,Unavailable,99,9,Unavailable,Unavailable,Unavailable
167598,Regis College,1,25,2,1,2,Regis College,MA,21,2,2,,,,28,,7,1,61,61,55,50,34,56,82,69,57,67,69,3,2490,2223,,,Unavailable,,,Unavailable,,,,47770,47770,Unavailable,1075,863,863,79,21,849,788,61,226,75,151,1096,866,79,21,230,3,34,1061,14,153,569,339,1,202,11,Unavailable,33,42,26,19,Unavailable,38,Unavailable,79,Unavailable,Unavailable,Unavailable,Unavailable
138600,Agnes Scott College,1,13,2,1,2,Agnes Scott College,GA,21,2,2,,,,40,,14,2,75,75,69,23,14,63,78,71,61,69,71,5,1857,1250,30,14,44,660,610,1270,29,,,47820,47820,Unavailable,911,904,904,99,1,904,900,4,7,4,3,911,904,99,1,7,2,14,898,0,0,3,895,,276,10,Unavailable,41,52,31,1,35,46,Unavailable,99,Unavailable,35,Unavailable,Unavailable
210401,Willamette University,1,41,2,1,2,Willamette University,OR,12,2,2,,,,22,,19,1,72,72,66,6,61,68,75,73,60,70,73,5,4107,3249,26,13,39,680,640,1320,30,,,48000,48000,Unavailable,1570,1546,1546,99,1,1552,1534,18,18,12,6,1571,1546,98,2,25,4,61,1525,Unavailable,,,1525,1,523,12,Unavailable,40,45,31,#VALUE!,32,45,Unavailable,99,Unavailable,32,Unavailable,Unavailable
130253,Sacred Heart University,1,9,2,1,2,Sacred Heart University,CT,21,4,2,,,,15,,53,1,74,73,69,71,138,67,77,74,68,74,74,3,14284,9667,,,Unavailable,,,Unavailable,,,,48160,48160,Unavailable,6957,6530,6530,96,4,6695,6479,216,262,51,211,6960,6532,94,6,428,2,138,6904,2,152,3142,3610,1,1774,16,Unavailable,41,41,30,4,Unavailable,45,Unavailable,96,Unavailable,Unavailable,Unavailable,Unavailable
384254,Beacon College,1,12,2,1,2,Beacon College,FL,22,1,2,,,,26,,7,1,72,72,52,31,36,63,56,57,41,51,53,3,593,358,,,Unavailable,,,Unavailable,,,,48510,48510,Unavailable,527,490,490,93,7,491,457,34,36,33,3,527,490,93,7,37,7,36,497,0,0,0,497,0,102,12,Unavailable,31,45,33,5,Unavailable,46,Unavailable,93,Unavailable,Unavailable,Unavailable,Unavailable
164562,Assumption University,1,25,2,1,2,Assumption University,MA,12,2,2,,,,20,,6,0,72,72,69,8,39,61,77,75,71,75,75,3,4694,4062,,,Unavailable,,,Unavailable,,,,48552,48552,Unavailable,1687,1651,1651,99,1,1673,1640,33,14,11,3,1688,1652,98,2,36,2,39,1664,0,0,43,1621,,369,11,Unavailable,41,41,30,1,Unavailable,44,Unavailable,99,Unavailable,Unavailable,Unavailable,Unavailable
164270,McDaniel College,1,24,2,1,2,McDaniel College,MD,31,2,2,,,,34,,25,2,65,65,56,10,56,61,64,64,56,62,64,3,3856,3223,,,Unavailable,,,Unavailable,,,,48672,48672,Unavailable,1665,1640,1640,98,2,1632,1618,14,33,22,11,1665,1640,98,2,25,3,56,1652,0,4,373,1275,,464,13,Unavailable,34,48,28,1,Unavailable,40,Unavailable,98,Unavailable,Unavailable,Unavailable,Unavailable
164748,Berklee College of Music,1,25,2,1,2,Berklee College of Music,MA,11,3,2,,,,16,,103,1,71,69,57,174,392,63,68,66,50,65,67,3,7167,3577,,,Unavailable,,,Unavailable,,,,48830,48830,Unavailable,7608,6035,6035,83,17,6311,5574,737,1297,461,836,7608,6035,79,21,1573,5,392,7510,21,1565,1844,4101,138,1456,10,Unavailable,34,40,31,19,Unavailable,45,Unavailable,83,Unavailable,Unavailable,Unavailable,Unavailable
213507,Lebanon Valley College,1,42,2,1,2,Lebanon Valley College,PA,23,2,2,,,,23,,18,1,68,68,64,30,54,61,79,73,65,72,73,5,3275,2441,25,0,25,600,590,1190,,,,48890,48890,Unavailable,1710,1641,1641,98,2,1678,1626,52,32,15,17,1710,1641,96,4,69,3,54,1670,0,1,301,1368,2,423,12,Unavailable,38,42,29,2,Unavailable,42,Unavailable,98,Unavailable,Unavailable,Unavailable,Unavailable
125763,Whittier College,1,6,2,1,2,Whittier College,CA,21,1,2,,,,32,,5,1,66,64,60,57,80,59,71,63,55,61,63,3,2797,2388,,,Unavailable,,,Unavailable,,,,48924,48924,Unavailable,786,760,760,94,6,742,731,11,44,29,15,813,787,97,3,26,10,80,812,0,0,242,570,3,246,8,Unavailable,36,46,32,3,Unavailable,44,Unavailable,94,Unavailable,Unavailable,Unavailable,Unavailable
120403,Otis College of Art and Design,1,6,2,1,2,Otis College of Art and Design,CA,11,2,2,,,,31,,19,2,69,69,59,62,124,64,59,61,52,59,61,5,2459,2065,0,0,0,,,Unavailable,,,,49100,49100,Unavailable,1243,1216,1216,90,10,1113,1096,17,130,120,10,1243,1216,98,2,27,10,124,1242,0,0,1242,0,,314,8,Unavailable,35,48,34,5,Unavailable,45,Unavailable,90,Unavailable,Unavailable,Unavailable,Unavailable
197151,School of Visual Arts,1,36,3,1,2,School of Visual Arts,NY,11,2,3,,,,15,,21,1,75,74,63,65,163,61,81,75,60,72,75,5,3458,3158,5,1,6,660,670,1330,30,,,49140,49140,Unavailable,3442,3395,3395,94,6,3234,3198,36,208,197,11,3442,3395,99,1,47,5,163,3432,Unavailable,,,3432,1,773,8,Unavailable,38,38,32,#VALUE!,5,47,Unavailable,94,Unavailable,Unavailable,Unavailable,Unavailable
236230,Pacific Lutheran University,1,53,2,1,2,Pacific Lutheran University,WA,21,2,2,,,,33,,106,4,70,69,59,3,184,69,75,71,51,70,71,5,4139,3333,7,4,11,575,555,1130,24,25,24,49472,49472,Unavailable,2393,2308,2308,91,9,2182,2112,70,211,196,15,2393,2308,96,4,85,8,184,2350,1,29,159,2162,0,525,12,Unavailable,35,51,32,5,8,45,Unavailable,91,5,Unavailable,Unavailable,Unavailable
232256,Hampden-Sydney College,1,51,2,1,2,Hampden-Sydney College,VA,42,1,2,,,,22,,16,2,66,65,57,,7,59,68,65,59,65,65,5,2224,1115,15,3,18,580,560,1140,27,22,25,49754,49754,Unavailable,876,873,873,100,0,875,872,3,1,1,0,876,873,100,0,3,1,7,876,Unavailable,,,876,,279,9,Unavailable,34,41,26,#VALUE!,13,40,Unavailable,100,11,Unavailable,Unavailable,Unavailable
209065,Linfield University,1,41,2,1,2,Linfield University,OR,32,2,2,,,,29,,14,1,69,67,55,25,151,56,68,65,56,64,65,3,1963,1726,,,Unavailable,,,Unavailable,,,,49810,49810,Unavailable,1675,1575,1575,89,11,1495,1442,53,180,133,47,1678,1575,94,6,103,9,151,1642,4,64,443,1135,,379,10,Unavailable,33,43,32,7,Unavailable,45,Unavailable,89,Unavailable,Unavailable,Unavailable,Unavailable
113698,Dominican University of California,1,6,2,1,2,Dominican University of California,CA,13,2,2,,,,30,,15,1,77,77,68,34,122,75,74,76,61,73,76,5,2011,1923,5,2,7,605,590,1195,24,22,28,49821,49821,Unavailable,1181,1057,1057,88,12,1043,972,71,138,85,53,1182,1057,89,11,125,10,122,1178,4,47,321,810,2,215,8,Unavailable,41,53,37,9,5,50,Unavailable,88,4,Unavailable,Unavailable,Unavailable
110413,California Lutheran University,1,6,2,1,2,California Lutheran University,CA,12,2,2,,,,30,,50,2,74,74,68,62,185,71,78,74,66,74,74,5,5290,4702,13,2,15,620,600,1220,26,26,24,49880,49880,Unavailable,2377,2331,2331,93,7,2200,2173,27,177,158,19,2380,2334,98,2,46,8,185,2374,0,2,38,2334,,602,13,Unavailable,41,51,34,4,11,48,Unavailable,93,10,Unavailable,Unavailable,Unavailable
169442,College for Creative Studies,1,26,2,1,2,College for Creative Studies,MI,11,2,2,,,,31,,21,2,62,62,41,4,80,67,65,70,45,66,70,3,1132,1050,,,Unavailable,,,Unavailable,,,,49950,49950,Unavailable,1397,1132,1132,90,10,1258,1053,205,139,79,60,1399,1132,81,19,267,6,80,1285,1,7,522,756,9,251,10,Unavailable,25,49,29,10,Unavailable,40,Unavailable,90,Unavailable,Unavailable,Unavailable,Unavailable
214157,Moravian University,1,42,2,1,2,Moravian University,PA,13,2,2,,,,27,,20,1,68,68,65,5,129,65,81,71,65,70,71,5,5115,2762,22,1,23,590,560,1150,25,,,50069,50069,Unavailable,2006,1875,1875,92,8,1844,1790,54,162,85,77,2006,1875,93,7,131,7,129,1970,5,91,424,1455,1,424,10,Unavailable,39,46,31,7,17,43,Unavailable,92,Unavailable,17,Unavailable,Unavailable
118693,Menlo College,1,6,2,1,2,Menlo College,CA,21,1,2,,,,30,,8,1,55,55,48,47,116,66,45,51,31,49,51,3,3041,2062,,,Unavailable,,,Unavailable,,,,50190,50190,Unavailable,831,809,809,95,5,787,773,14,44,36,8,831,809,97,3,22,14,116,811,0,0,100,711,1,188,12,Unavailable,29,48,31,3,Unavailable,39,Unavailable,95,Unavailable,Unavailable,Unavailable,Unavailable
217165,Bryant University,1,44,2,1,2,Bryant University,RI,21,2,2,,,,11,,13,0,84,84,80,90,93,70,83,81,78,80,81,5,9506,6241,15,2,17,620,630,1250,30,,,50272,50272,Unavailable,3240,3222,3222,100,0,3225,3213,12,15,9,6,3240,3222,99,1,18,3,93,3236,Unavailable,,,3236,0,963,13,Unavailable,48,41,35,#VALUE!,13,52,Unavailable,100,Unavailable,Unavailable,Unavailable,Unavailable
239628,Ripon College,1,55,2,1,2,Ripon College,WI,32,1,2,,,,34,,6,1,63,62,56,7,15,46,68,60,54,59,60,5,1797,1508,5,14,19,560,560,1120,23,,,50400,50400,Unavailable,734,720,720,99,1,730,719,11,4,1,3,734,720,98,2,14,2,15,720,0,0,29,691,0,196,12,Unavailable,34,40,26,1,12,39,Unavailable,99,Unavailable,Unavailable,Unavailable,Unavailable
136774,Ringling College of Art and Design,1,12,2,1,2,Ringling College of Art and Design,FL,13,2,2,,,,21,,54,3,81,80,71,18,51,62,73,71,59,69,71,3,2685,1809,,,Unavailable,,,Unavailable,,,,50500,50500,Unavailable,1722,1698,1698,96,4,1653,1633,20,69,65,4,1722,1698,99,1,24,3,51,1719,0,1,459,1259,0,415,11,Unavailable,43,42,34,2,Unavailable,50,Unavailable,96,Unavailable,Unavailable,Unavailable,Unavailable
109651,Art Center College of Design,1,6,2,1,2,Art Center College of Design,CA,12,2,2,,,,25,,15,1,83,76,30,,135,92,80,83,39,75,83,3,1339,1004,,,Unavailable,,,Unavailable,,,,50606,50606,Unavailable,2079,1844,1844,84,16,1754,1604,150,325,240,85,2079,1844,89,11,235,7,135,2054,1,17,1275,762,,281,8,Unavailable,18,59,34,10,Unavailable,52,Unavailable,84,Unavailable,Unavailable,Unavailable,Unavailable
164368,Hult International Business School,1,25,2,1,2,Hult International Business School,MA,12,2,2,,,,8,,0,0,24,24,18,52,32,,66,66,63,66,66,3,2268,1210,,,Unavailable,,,Unavailable,,,,50717,50717,Unavailable,692,692,692,97,3,671,671,0,21,21,0,694,694,100,Unavailable,,5,32,694,Unavailable,,,694,,180,12,Unavailable,11,Unavailable,12,#VALUE!,Unavailable,16,Unavailable,97,Unavailable,Unavailable,Unavailable,Unavailable
215929,University of Scranton,1,42,2,1,2,University of Scranton,PA,13,2,2,,,,23,,17,0,79,79,76,39,58,73,84,81,76,80,81,5,9530,8039,31,4,35,620,610,1230,27,,,51534,51534,Unavailable,3666,3511,3511,98,2,3591,3486,105,75,25,50,3666,3511,96,4,155,2,58,3589,0,1,72,3516,14,1043,13,Unavailable,46,48,33,2,27,48,Unavailable,98,Unavailable,27,Unavailable,Unavailable
143048,School of the Art Institute of Chicago,1,17,2,1,2,School of the Art Institute of Chicago,IL,11,2,2,,,,19,,24,1,67,65,43,42,108,50,70,64,39,58,64,3,6633,5069,,,Unavailable,,,Unavailable,,,,51624,51624,Unavailable,2762,2529,2529,94,6,2604,2413,191,158,116,42,2762,2529,92,8,233,4,108,2762,1,20,397,2345,1,642,10,Unavailable,26,35,28,5,Unavailable,42,Unavailable,94,Unavailable,Unavailable,Unavailable,Unavailable
191533,Hartwick College,1,36,2,1,2,Hartwick College,NY,33,2,2,,,,35,,15,1,58,57,53,36,38,32,57,46,38,45,46,5,4278,2939,8,0,8,590,580,1170,,,,51762,51762,Unavailable,1110,1092,1092,98,2,1090,1080,10,20,12,8,1112,1093,98,2,19,3,38,1099,0,0,138,961,,340,10,Unavailable,32,34,25,1,Unavailable,36,Unavailable,98,Unavailable,Unavailable,Unavailable,Unavailable
123952,Southern California Institute of Architecture,1,6,2,1,2,Southern California Institute of Architecture,CA,11,1,2,,,,22,,0,0,75,75,0,7,14,100,67,70,0,63,70,5,606,501,3,3,6,,,Unavailable,,,,51964,51964,Unavailable,239,236,236,82,18,195,194,1,44,42,2,239,236,99,1,3,6,14,236,Unavailable,,,236,,28,9,Unavailable,0,61,34,#VALUE!,Unavailable,47,Unavailable,82,Unavailable,Unavailable,Unavailable,Unavailable
164216,Washington College,1,24,2,1,2,Washington College,MD,32,1,2,,,,21,,16,2,75,75,71,27,23,75,74,74,66,74,74,5,2539,1664,17,3,20,655,610,1265,28,,,52146,52146,Unavailable,916,893,893,98,2,896,883,13,20,10,10,916,893,97,3,23,3,23,890,0,0,0,890,,231,9,Unavailable,43,48,32,2,16,46,Unavailable,98,Unavailable,16,Unavailable,Unavailable
216852,Widener University,1,42,2,1,2,Widener University,PA,21,3,2,,,,25,,15,1,69,68,55,44,146,50,69,64,56,62,64,5,7167,6022,11,0,11,590,580,1170,,,,52598,52598,Unavailable,2811,2591,2591,90,10,2531,2461,70,280,130,150,2811,2591,92,8,220,5,146,2765,5,149,434,2182,3,533,11,Unavailable,33,38,30,8,Unavailable,44,Unavailable,90,Unavailable,Unavailable,Unavailable,Unavailable
122506,San Francisco Conservatory of Music,1,6,2,1,2,San Francisco Conservatory of Music,CA,11,1,2,,,,16,,3,1,74,71,62,11,3,50,56,52,46,51,52,3,439,228,,,Unavailable,,,Unavailable,,,,52800,52800,Unavailable,213,213,213,94,6,201,201,0,12,12,0,215,215,100,Unavailable,,1,3,215,Unavailable,,,215,,42,3,Unavailable,37,33,29,#VALUE!,Unavailable,45,Unavailable,94,Unavailable,Unavailable,Unavailable,Unavailable
167996,Stonehill College,1,25,2,1,2,Stonehill College,MA,21,2,2,,,,15,,5,0,85,85,80,3,55,76,82,81,75,80,81,3,7915,5743,,,Unavailable,,,Unavailable,,,,52800,52800,Unavailable,2515,2448,2448,99,1,2502,2441,61,13,7,6,2515,2448,97,3,67,2,55,2477,0,0,7,2470,0,725,12,Unavailable,48,46,35,1,Unavailable,52,Unavailable,99,Unavailable,Unavailable,Unavailable,Unavailable
163295,Maryland Institute College of Art,1,24,2,1,2,Maryland Institute College of Art,MD,11,2,2,,,,21,,34,3,75,74,67,,39,59,76,71,52,68,71,5,3127,2417,11,8,19,540,590,1130,28,29,24,53160,53160,Unavailable,1324,1242,1242,91,9,1210,1187,23,114,55,59,1324,1242,94,6,82,3,39,1319,0,0,92,1227,0,227,8,Unavailable,40,40,31,5,14,46,Unavailable,91,7,Unavailable,Unavailable,Unavailable
209612,Pacific University,1,41,2,1,2,Pacific University,OR,21,2,2,,,,28,,45,3,72,71,64,40,114,58,67,65,53,64,65,5,2817,2585,8,4,12,580,530,1110,23,20,23,53174,53174,Unavailable,1613,1473,1473,92,8,1478,1379,99,135,94,41,1613,1473,91,9,140,7,114,1556,2,32,268,1256,1,392,9,Unavailable,38,43,33,7,8,46,Unavailable,92,6,Unavailable,Unavailable,Unavailable
192110,The Juilliard School,1,36,2,1,2,The Juilliard School,NY,11,2,2,,,,16,,5,1,87,87,81,7,8,89,91,90,83,87,88,3,2020,181,,,Unavailable,,,Unavailable,,,,53300,53300,Unavailable,618,460,460,79,21,489,445,44,129,15,114,619,460,74,26,159,2,8,460,0,0,0,460,,107,4,Unavailable,49,53,36,16,Unavailable,53,Unavailable,79,Unavailable,Unavailable,Unavailable,Unavailable
192712,Manhattan School of Music,1,36,2,1,2,Manhattan School of Music,NY,11,2,2,,,,13,,2,0,73,72,64,19,15,69,85,78,72,77,78,3,1432,572,,,Unavailable,,,Unavailable,,,,53500,53500,Unavailable,543,535,535,97,3,525,518,7,18,17,1,543,535,99,1,8,3,15,535,0,0,35,500,,151,6,Unavailable,38,41,30,2,Unavailable,45,Unavailable,97,Unavailable,Unavailable,Unavailable,Unavailable
173647,Gustavus Adolphus College,1,27,2,1,2,Gustavus Adolphus College,MN,31,2,2,,,,22,,15,1,78,78,72,32,17,70,78,76,63,75,76,5,4450,2750,0,39,39,,,Unavailable,28,28,27,53570,53570,Unavailable,1952,1902,1902,99,1,1936,1893,43,16,9,7,1952,1902,97,3,50,1,17,1930,0,1,53,1876,,463,11,Unavailable,43,46,32,1,#VALUE!,47,Unavailable,99,Unavailable,#VALUE!,Unavailable,Unavailable
215105,University of the Arts,1,42,2,1,2,University of the Arts,PA,11,2,2,,,,34,,6,1,68,68,62,23,68,63,60,69,58,68,69,3,1367,1069,,,Unavailable,,,Unavailable,,,,54010,54010,Unavailable,1072,1044,1044,96,4,1026,1004,22,46,40,6,1072,1044,97,3,28,6,68,1064,0,1,735,328,0,181,7,Unavailable,37,49,31,3,Unavailable,43,Unavailable,96,Unavailable,Unavailable,Unavailable,Unavailable
209825,University of Portland,1,41,2,1,2,University of Portland,OR,11,2,2,,,,19,,45,1,81,81,74,12,91,75,81,80,69,79,80,5,9041,8624,13,5,18,650,610,1260,28,27,26,54400,54400,Unavailable,3136,3051,3051,98,2,3084,3005,79,52,46,6,3136,3051,97,3,85,3,91,3104,0,0,259,2845,1,812,9,Unavailable,44,47,34,1,14,50,Unavailable,98,11,Unavailable,Unavailable,Unavailable
131283,The Catholic University of America,1,11,2,1,2,The Catholic University of America,DC,11,3,2,,,,17,,49,2,74,74,66,138,68,76,84,81,75,80,81,3,5874,4925,,,Unavailable,,,Unavailable,,,,54630,54630,Unavailable,3139,2885,2885,93,7,2910,2816,94,229,69,160,3139,2885,92,8,254,2,68,3063,3,88,292,2683,2,763,11,Unavailable,40,47,31,6,Unavailable,45,Unavailable,93,Unavailable,Unavailable,Unavailable,Unavailable
166018,Hampshire College,1,25,2,1,2,Hampshire College,MA,41,1,2,,,,38,,3,0,63,62,53,28,72,62,54,57,51,57,57,3,2216,1559,,,Unavailable,,,Unavailable,,,,54892,54892,Unavailable,717,717,717,95,5,683,683,0,34,34,0,717,717,100,Unavailable,,10,72,716,Unavailable,,,716,,228,13,Unavailable,32,50,31,#VALUE!,Unavailable,42,Unavailable,95,Unavailable,Unavailable,Unavailable,Unavailable
193654,The New School,1,36,2,1,2,The New School,NY,11,3,2,,,,15,,48,1,70,70,56,45,345,62,77,71,52,68,71,3,9148,5719,,,Unavailable,,,Unavailable,,,,54995,54995,Unavailable,6840,6418,6418,93,7,6363,6121,242,477,297,180,6841,6418,94,6,423,5,345,6819,2,116,2812,3891,31,1391,9,Unavailable,34,39,31,5,Unavailable,44,Unavailable,93,Unavailable,Unavailable,Unavailable,Unavailable
168546,Albion College,1,26,2,1,2,Albion College,MI,32,2,2,,,,46,,6,0,66,64,53,22,35,47,70,57,46,56,57,3,5438,4522,,,Unavailable,,,Unavailable,,,,55226,55226,Unavailable,1332,1317,1317,99,1,1321,1310,11,11,7,4,1354,1339,99,1,15,3,35,1347,0,0,20,1327,,418,11,Unavailable,32,47,27,1,Unavailable,41,Unavailable,99,Unavailable,Unavailable,Unavailable,Unavailable
129242,Fairfield University,1,9,2,1,2,Fairfield University,CT,21,3,2,,,,7,,6,0,84,84,82,133,24,83,85,84,81,83,84,5,15463,6956,21,5,26,650,660,1310,30,,,55510,55510,Unavailable,4968,4903,4903,99,1,4919,4871,48,49,32,17,4968,4903,99,1,65,0,24,4938,0,8,1060,3870,4,1324,12,Unavailable,49,45,34,1,21,51,Unavailable,99,Unavailable,21,Unavailable,Unavailable
123554,Saint Mary's College of California,1,6,2,1,2,Saint Mary's College of California,CA,21,2,2,,,,24,,13,1,74,73,61,2,151,64,71,69,61,68,69,3,4308,3816,,,Unavailable,,,Unavailable,,,,55634,55634,Unavailable,2043,1943,1943,94,6,1926,1866,60,117,77,40,2044,1943,95,5,101,7,151,2024,2,36,43,1945,7,444,10,Unavailable,37,44,34,4,Unavailable,47,Unavailable,94,Unavailable,Unavailable,Unavailable,Unavailable
122436,University of San Diego,1,6,2,1,2,University of San Diego,CA,11,3,2,,,,20,,216,4,80,80,67,325,340,73,84,82,72,80,82,3,15953,7458,,,Unavailable,,,Unavailable,,,,55690,55690,Unavailable,5726,5596,5596,96,4,5501,5388,113,225,208,17,5726,5596,98,2,130,6,340,5619,0,0,0,5619,0,1233,14,Unavailable,40,47,36,2,Unavailable,50,Unavailable,96,Unavailable,Unavailable,Unavailable,Unavailable
111081,California Institute of the Arts,1,6,2,1,2,California Institute of the Arts,CA,21,2,2,,,,22,,10,1,72,72,61,4,57,72,58,64,43,62,64,3,2023,525,,,Unavailable,,,Unavailable,,,,56074,56074,Unavailable,918,908,908,89,11,820,812,8,98,96,2,918,908,99,1,10,6,57,881,Unavailable,,,881,0,189,7,Unavailable,37,47,33,#VALUE!,Unavailable,46,Unavailable,89,Unavailable,Unavailable,Unavailable,Unavailable
167057,The New England Conservatory of Music,1,25,2,1,2,The New England Conservatory of Music,MA,11,1,2,,,,8,,1,0,81,81,72,,16,100,72,78,64,76,78,3,959,410,,,Unavailable,,,Unavailable,,,,56780,56780,Unavailable,393,361,361,97,3,382,351,31,11,10,1,393,361,92,8,32,4,16,371,0,0,23,348,0,47,5,Unavailable,43,54,35,4,Unavailable,50,Unavailable,97,Unavailable,Unavailable,Unavailable,Unavailable
110370,California College of the Arts,1,6,2,1,2,California College of the Arts,CA,11,2,2,,,,25,,21,2,68,65,44,4,54,60,55,59,39,55,59,3,3661,2687,,,Unavailable,,,Unavailable,,,,57096,57096,Unavailable,1004,934,934,90,10,901,848,53,103,86,17,1012,934,92,8,78,5,54,1004,0,1,0,1003,1,190,7,Unavailable,26,43,29,6,Unavailable,43,Unavailable,90,Unavailable,Unavailable,Unavailable,Unavailable
117946,Loyola Marymount University,1,6,2,1,2,Loyola Marymount University,CA,11,4,2,,,,13,,66,1,79,79,72,41,417,77,80,80,71,79,80,3,23361,9413,,,Unavailable,,,Unavailable,,,,57602,57602,Unavailable,7336,7153,7153,98,2,7219,7060,159,117,93,24,7336,7153,98,2,183,6,417,7171,0,3,727,6441,1,1607,11,Unavailable,43,45,35,1,Unavailable,50,Unavailable,98,Unavailable,Unavailable,Unavailable,Unavailable
197221,Webb Institute,1,36,2,1,2,Webb Institute,NY,21,1,2,,,,9,,2,2,77,77,73,2,1,100,76,81,73,77,81,5,185,37,81,15,96,715,765,1480,,,,57830,57830,Unavailable,Unavailable,Unavailable,Unavailable,#VALUE!,Unavailable,105,105,0,,,,105,105,100,Unavailable,,1,1,105,Unavailable,,,105,,25,10,Unavailable,44,55,31,#VALUE!,Unavailable,47,Unavailable,Unavailable,Unavailable,Unavailable,Unavailable,Unavailable
168421,Worcester Polytechnic Institute,1,25,2,1,2,Worcester Polytechnic Institute,MA,12,3,2,,,,10,,41,1,88,87,81,13,79,81,88,88,83,88,88,3,11809,6908,,,Unavailable,,,Unavailable,,,,57960,57960,Unavailable,5453,5302,5302,99,1,5415,5271,144,38,31,7,5453,5302,97,3,151,1,79,5344,0,2,341,5001,,1354,13,Unavailable,49,46,36,1,Unavailable,53,Unavailable,99,Unavailable,Unavailable,Unavailable,Unavailable
238333,Beloit College,1,55,2,1,2,Beloit College,WI,13,1,2,,,,31,,6,1,74,73,67,,22,59,74,67,57,66,67,5,3914,2245,8,9,17,680,600,1280,29,28,26,58042,58042,Unavailable,946,916,916,97,3,920,904,16,26,12,14,948,916,97,3,32,2,22,898,0,1,1,896,,232,11,Unavailable,40,45,31,2,14,45,Unavailable,97,7,Unavailable,Unavailable,Unavailable
170532,Kalamazoo College,1,26,2,1,2,Kalamazoo College,MI,13,2,2,,,,24,,4,0,78,76,69,4,11,76,80,82,72,80,82,5,3656,2787,33,1,34,650,620,1270,,,,58185,58185,Unavailable,1196,1190,1190,100,0,1192,1187,5,4,3,1,1196,1190,99,1,6,1,11,1175,Unavailable,,,1175,2,370,10,Unavailable,41,50,31,#VALUE!,Unavailable,47,Unavailable,100,Unavailable,Unavailable,Unavailable,Unavailable
198385,Davidson College,1,37,2,1,2,Davidson College,NC,21,2,2,,,,17,,9,0,90,90,86,23,14,94,92,92,89,92,92,5,7347,1064,30,27,57,725,730,1455,32,,,59510,59510,Unavailable,1904,1904,1904,100,0,1903,1903,0,1,1,0,1904,1904,100,Unavailable,,1,14,1901,Unavailable,,,1901,,542,9,Unavailable,52,56,36,#VALUE!,51,54,Unavailable,100,Unavailable,51,Unavailable,Unavailable
139658,Emory University,1,13,2,1,2,Emory University,GA,11,4,2,,,,18,,35,0,91,90,83,1346,713,90,93,92,83,90,92,5,31929,3543,42,19,61,740,780,1520,33,,,59920,59920,Unavailable,7359,7263,7263,98,2,7247,7160,87,112,103,9,7359,7263,99,1,96,10,713,7275,1,65,2736,4474,0,1411,9,Unavailable,50,54,42,1,57,59,Unavailable,98,Unavailable,57,Unavailable,Unavailable
194824,Rensselaer Polytechnic Institute,1,36,2,1,2,Rensselaer Polytechnic Institute,NY,13,3,2,,,,19,,48,1,85,84,70,162,67,77,84,83,71,82,83,5,16283,9517,57,13,70,680,730,1410,32,,,60360,60360,Unavailable,5954,5889,5889,99,1,5912,5856,56,42,33,9,5954,5889,99,1,65,1,67,5909,Unavailable,,,5909,,2002,14,Unavailable,42,48,34,#VALUE!,62,51,Unavailable,99,Unavailable,62,Unavailable,Unavailable
193900,New York University,1,36,2,1,2,New York University,NY,11,5,2,,,,19,,173,1,88,87,78,1172,1141,87,89,88,76,86,89,5,113578,10693,27,12,39,750,780,1530,34,,,60438,60438,Unavailable,29760,28692,28692,97,3,28781,27987,794,979,705,274,29760,28692,96,4,1068,4,1141,29430,1,234,6008,23188,6,6092,8,Unavailable,47,53,37,3,37,54,Unavailable,97,Unavailable,37,Unavailable,Unavailable
110404,California Institute of Technology,1,6,2,1,2,California Institute of Technology,CA,12,2,2,,,,15,,5,0,95,93,86,28,5,93,93,93,79,90,93,3,13107,412,,,Unavailable,,,Unavailable,,,,60816,60816,Unavailable,1023,1023,1023,100,0,1020,1020,0,3,3,0,1023,1023,100,Unavailable,,0,5,1023,Unavailable,,,1023,,224,3,Unavailable,52,54,37,#VALUE!,Unavailable,57,Unavailable,100,Unavailable,Unavailable,Unavailable,Unavailable
209056,Lewis & Clark College,1,41,2,1,2,Lewis & Clark College,OR,11,2,2,,,,19,,14,1,75,74,67,67,42,64,73,71,62,69,71,5,6334,4721,10,4,14,680,630,1310,29,32,27,61916,61916,Unavailable,2194,2164,2164,99,1,2171,2154,17,23,10,13,2194,2164,99,1,30,2,42,2167,Unavailable,,,2167,3,623,12,Unavailable,40,42,31,#VALUE!,11,46,Unavailable,99,9,Unavailable,Unavailable,Unavailable
191515,Hamilton College,1,36,2,1,2,Hamilton College,NY,22,2,2,,,,18,,3,0,92,92,87,38,11,87,92,91,81,90,91,5,9643,1135,34,17,51,740,750,1490,33,,,62090,62090,Unavailable,2048,2044,2044,100,0,2043,2042,1,5,2,3,2048,2044,100,0,4,1,11,2045,Unavailable,,,2045,,478,9,Unavailable,52,53,37,#VALUE!,47,55,Unavailable,100,Unavailable,47,Unavailable,Unavailable
152080,University of Notre Dame,1,18,2,1,2,University of Notre Dame,IN,21,4,2,,,,13,,81,1,96,96,89,143,192,95,97,97,93,97,97,5,28353,3510,29,29,58,740,760,1500,34,,,62186,62186,Unavailable,8968,8953,8953,100,0,8955,8940,15,13,13,0,8968,8953,100,0,15,2,192,8923,0,0,289,8634,,2036,9,Unavailable,53,54,40,0,55,58,Unavailable,100,Unavailable,55,Unavailable,Unavailable
121257,Pitzer College,1,6,2,1,2,Pitzer College,CA,21,2,2,,,,10,,6,0,89,88,81,23,23,94,80,83,60,81,83,3,3464,577,,,Unavailable,,,Unavailable,,,,62392,62392,Unavailable,1192,1163,1163,99,1,1175,1153,22,17,10,7,1204,1175,98,2,29,2,23,1191,Unavailable,,,1191,,309,10,Unavailable,49,52,36,#VALUE!,Unavailable,54,Unavailable,99,Unavailable,Unavailable,Unavailable,Unavailable
233374,University of Richmond,1,51,2,1,2,University of Richmond,VA,12,2,2,,,,18,,12,0,90,89,84,133,79,88,87,88,82,87,88,5,15121,3525,20,16,36,720,750,1470,33,,,62600,62600,Unavailable,3054,2942,2942,97,3,2970,2928,42,84,14,70,3054,2942,96,4,112,3,79,3002,2,65,1135,1802,1,850,7,Unavailable,50,53,37,3,33,55,Unavailable,97,Unavailable,33,Unavailable,Unavailable
212009,Dickinson College,1,42,2,1,2,Dickinson College,PA,13,2,2,,,,14,,16,1,82,82,79,44,12,83,82,83,73,83,83,5,7185,3095,0,0,0,,,Unavailable,,,,62900,62900,Unavailable,2204,2174,2174,100,0,2195,2169,26,9,5,4,2204,2174,99,1,30,1,12,2157,Unavailable,,,2157,0,576,9,Unavailable,47,49,33,#VALUE!,Unavailable,49,Unavailable,100,Unavailable,Unavailable,Unavailable,Unavailable
195304,Sarah Lawrence College,1,36,2,1,2,Sarah Lawrence College,NY,21,2,2,,,,13,,9,1,77,76,67,33,35,63,75,70,59,69,70,5,4819,2840,10,8,18,710,635,1345,31,34,27,63128,63128,Unavailable,1521,1498,1498,99,1,1510,1491,19,11,7,4,1521,1498,98,2,23,2,35,1468,0,0,0,1468,0,384,10,Unavailable,40,38,32,1,15,47,Unavailable,99,9,Unavailable,Unavailable,Unavailable
167792,Bard College at Simon's Rock,1,25,2,1,3,Bard College at Simon's Rock,MA,42,1,2,,,,27,,2,1,,,,7,5,,53,54,,,,3,179,174,,,Unavailable,,,Unavailable,,,,63140,63140,Unavailable,310,234,234,97,3,301,231,70,9,3,6,312,234,75,25,78,2,5,237,0,0,25,212,,94,6,Unavailable,Unavailable,Unavailable,Unavailable,9,Unavailable,Unavailable,Unavailable,97,Unavailable,Unavailable,Unavailable,Unavailable
195216,St Lawrence University,1,36,2,1,2,St Lawrence University,NY,33,2,2,,,,21,,6,0,82,82,77,104,15,78,80,80,71,78,80,5,5367,3138,19,4,23,680,650,1330,31,,,63450,63450,Unavailable,2060,2042,2042,100,0,2051,2037,14,9,5,4,2060,2042,99,1,18,1,15,2040,0,0,0,2040,,533,11,Unavailable,46,50,33,0,19,49,Unavailable,100,Unavailable,19,Unavailable,Unavailable
160977,Bates College,1,23,2,1,2,Bates College,ME,13,2,2,,,,10,,7,0,92,92,88,54,8,94,91,91,85,89,91,5,8937,1164,14,8,22,720,730,1450,32,,,63478,63478,Unavailable,1753,1753,1753,100,0,1751,1751,0,2,2,0,1753,1753,100,Unavailable,,0,8,1753,Unavailable,,,1753,,518,10,Unavailable,53,52,37,#VALUE!,20,55,Unavailable,100,Unavailable,20,Unavailable,Unavailable
247649,Landmark College,1,50,2,1,2,Landmark College,VT,42,1,2,,,,18,,4,1,,,,48,74,,29,27,,,,5,488,213,,,Unavailable,,,Unavailable,,,,64290,64290,Unavailable,596,392,392,91,9,541,352,189,55,40,15,598,392,66,34,206,15,74,480,3,16,0,464,0,0,7,Unavailable,Unavailable,Unavailable,Unavailable,15,Unavailable,Unavailable,Unavailable,91,Unavailable,Unavailable,Unavailable,Unavailable
130590,Trinity College,1,9,2,1,2,Trinity College,CT,12,2,2,,,,15,,10,0,85,85,81,56,41,87,81,83,78,82,83,5,6396,2144,9,4,13,690,700,1390,31,32,28,64430,64430,Unavailable,2236,2181,2181,99,1,2211,2175,36,25,6,19,2237,2181,97,3,56,2,41,2193,0,0,0,2193,2,563,9,Unavailable,49,51,35,1,11,52,Unavailable,99,8,Unavailable,Unavailable,Unavailable
230959,Middlebury College,1,50,2,1,2,Middlebury College,VT,32,2,2,,,,17,,27,1,91,91,84,45,6,82,95,93,71,92,93,5,13297,1379,28,14,42,740,750,1490,34,,,64800,64800,Unavailable,2800,2778,2778,100,0,2790,2772,18,10,6,4,2800,2778,99,1,22,0,6,2785,0,0,0,2785,,639,9,Unavailable,50,50,37,0,39,55,Unavailable,100,Unavailable,39,Unavailable,Unavailable
168148,Tufts University,1,25,2,1,2,Tufts University,MA,21,4,2,,,,12,,24,0,94,94,89,83,71,91,94,93,86,92,93,5,34003,3444,36,18,54,740,770,1510,34,,,66358,66358,Unavailable,6877,6685,6685,99,1,6798,6661,137,79,24,55,6877,6685,97,3,192,1,71,6804,0,4,467,6333,0,1690,10,Unavailable,53,52,38,1,51,57,Unavailable,99,Unavailable,51,Unavailable,Unavailable
197133,Vassar College,1,36,2,1,2,Vassar College,NY,21,2,2,,,,21,,49,2,93,93,87,39,11,88,86,89,81,88,89,5,12145,2153,26,13,39,750,760,1510,34,,,66870,66870,Unavailable,2456,2434,2434,99,1,2425,2413,12,31,21,10,2456,2434,99,1,22,0,11,2430,Unavailable,,,2430,,679,8,Unavailable,52,55,37,#VALUE!,37,56,Unavailable,99,Unavailable,37,Unavailable,Unavailable
457527,Ambria College of Nursing,1,17,3,1,3,Ambria College of Nursing,IL,21,1,3,,,,32,,4,2,,,,5,67,,,,,,,,,,,,Unavailable,,,,,,,,,,194,8,8,16,84,32,2,30,162,6,156,195,8,4,96,187,34,67,195,0,0,18,177,0,0,5,Unavailable,Unavailable,Unavailable,Unavailable,62,Unavailable,Unavailable,Unavailable,16,Unavailable,Unavailable,Unavailable,Unavailable
475714,American Medical Academy,1,12,3,1,3,American Medical Academy,FL,21,1,3,,,,10,,27,9,,,,,48,,70,72,,,,,,,,,Unavailable,,,,,,,,,,303,229,229,61,39,184,148,36,119,81,38,303,229,76,24,74,16,48,303,0,1,0,302,5,42,6,Unavailable,Unavailable,Unavailable,Unavailable,23,Unavailable,Unavailable,Unavailable,61,Unavailable,Unavailable,Unavailable,Unavailable
461263,American Medical Sciences Center,1,6,3,1,3,American Medical Sciences Center,CA,12,1,3,,,,67,,0,0,,,,,17,,,100,,,,,,,,,Unavailable,,,,,,,,,,200,200,200,64,36,128,128,0,72,72,0,200,200,100,Unavailable,,9,17,200,Unavailable,,,200,,8,13,Unavailable,Unavailable,Unavailable,Unavailable,#VALUE!,Unavailable,Unavailable,Unavailable,64,Unavailable,Unavailable,Unavailable,Unavailable
457299,Angeles College,1,6,3,1,3,Angeles College,CA,11,1,3,,,,51,,8,2,50,50,50,,83,,97,97,100,100,100,,,,,,Unavailable,,,,,,,,,,484,474,474,19,81,92,92,0,392,382,10,484,474,98,2,10,17,83,484,0,0,231,253,0,2,25,Unavailable,30,Unavailable,30,33,Unavailable,37,Unavailable,19,Unavailable,Unavailable,Unavailable,Unavailable
444325,ATI College-Whittier,1,6,3,1,3,ATI College-Whittier,CA,21,1,3,,,,76,,0,0,,,,,12,,20,20,,,,,,,,,Unavailable,,,,,,,,,,141,115,115,48,52,68,60,8,73,55,18,141,115,82,18,26,9,12,141,11,16,114,11,,4,20,Unavailable,Unavailable,Unavailable,Unavailable,30,Unavailable,Unavailable,Unavailable,48,Unavailable,Unavailable,Unavailable,Unavailable
160995,Beal University,1,23,3,1,3,Beal University,ME,13,1,3,,,,65,,14,3,,,,6,91,,26,34,,,,,,,,,Unavailable,,,,,,,,,,512,512,512,21,79,105,105,0,407,407,0,512,512,100,Unavailable,,18,91,503,55,277,208,18,,4,15,Unavailable,Unavailable,Unavailable,Unavailable,#VALUE!,Unavailable,Unavailable,Unavailable,21,Unavailable,Unavailable,Unavailable,Unavailable
444088,Brookline College-Albuquerque,1,35,3,1,2,Brookline College-Albuquerque,NM,11,1,3,,,,52,,29,6,33,33,33,5,83,0,50,65,0,0,0,,,,,,Unavailable,,,,,,,,,,492,492,492,28,72,136,136,0,356,356,0,492,492,100,Unavailable,,17,83,492,0,0,468,24,,3,16,Unavailable,20,26,23,#VALUE!,Unavailable,27,Unavailable,28,Unavailable,Unavailable,Unavailable,Unavailable
104090,Brookline College-Phoenix,1,4,3,1,3,Brookline College-Phoenix,AZ,11,1,3,,,,58,,30,4,29,29,29,10,158,67,45,50,33,67,67,,,,,,Unavailable,,,,,,,,,,714,714,714,33,67,234,234,0,480,480,0,714,714,100,Unavailable,,22,158,714,30,211,426,77,,1,28,Unavailable,17,63,25,#VALUE!,Unavailable,26,Unavailable,33,Unavailable,Unavailable,Unavailable,Unavailable
404055,Brookline College-Tempe,1,4,3,1,3,Brookline College-Tempe,AZ,12,1,3,,,,58,,13,4,,,,3,81,,73,65,,,,,,,,,Unavailable,,,,,,,,,,294,294,294,40,60,119,119,0,175,175,0,294,294,100,Unavailable,,28,81,294,0,0,265,29,,0,49,Unavailable,Unavailable,Unavailable,Unavailable,#VALUE!,Unavailable,Unavailable,Unavailable,40,Unavailable,Unavailable,Unavailable,Unavailable
447713,California Career College,1,6,3,1,3,California Career College,CA,11,1,3,,,,34,,0,0,,,,5,42,,,100,,,,,,,,,Unavailable,,,,,,,,,,195,195,195,8,92,16,16,0,179,179,0,195,195,100,Unavailable,,22,42,195,26,51,0,144,,2,7,Unavailable,Unavailable,Unavailable,Unavailable,#VALUE!,Unavailable,Unavailable,Unavailable,8,Unavailable,Unavailable,Unavailable,Unavailable
433013,Career Networks Institute,1,6,3,1,3,Career Networks Institute,CA,11,1,3,,,,48,,35,4,,,,,100,,75,77,,,,,,,,,Unavailable,,,,,,,,,,971,971,971,30,70,295,295,0,676,676,0,971,971,100,Unavailable,,10,100,971,0,0,930,41,,8,30,Unavailable,Unavailable,Unavailable,Unavailable,#VALUE!,Unavailable,Unavailable,Unavailable,30,Unavailable,Unavailable,Unavailable,Unavailable
125532,Carrington College-Sacramento,1,6,3,1,3,Carrington College-Sacramento,CA,21,2,3,,,,57,,86,4,,,,21,288,,83,52,,,,,,,,,Unavailable,,,,,,,,,,2288,2288,2288,37,63,851,851,0,1437,1437,0,2288,2288,100,Unavailable,,13,288,2262,57,1286,368,608,,222,31,Unavailable,Unavailable,Unavailable,Unavailable,#VALUE!,Unavailable,Unavailable,Unavailable,37,Unavailable,Unavailable,Unavailable,Unavailable
111638,Casa Loma College-Los Angeles,1,6,2,1,3,Casa Loma College-Los Angeles,CA,11,1,2,,,,55,,12,2,,,,,32,,78,63,,,,3,184,67,,,Unavailable,,,,,,,,,,540,540,540,35,65,190,190,0,350,350,0,581,581,100,Unavailable,,6,32,581,2,10,571,0,,0,19,Unavailable,Unavailable,Unavailable,Unavailable,#VALUE!,Unavailable,Unavailable,Unavailable,35,Unavailable,Unavailable,Unavailable,Unavailable
439367,CBD College,1,6,2,1,3,CBD College,CA,11,2,2,,,,43,,47,3,,,,25,193,,30,69,,,,,,,,,Unavailable,,,,,,,,,,1407,1407,1407,26,74,365,365,0,1042,1042,0,1408,1408,100,Unavailable,,14,193,1408,41,584,704,120,,0,20,Unavailable,Unavailable,Unavailable,Unavailable,#VALUE!,Unavailable,Unavailable,Unavailable,26,Unavailable,Unavailable,Unavailable,Unavailable
126687,Concorde Career College-Aurora,1,8,3,1,3,Concorde Career College-Aurora,CO,11,1,3,,,,57,,61,31,,,,8,0,,36,69,,,,3,141,141,,,Unavailable,,,,,,,,,,196,196,196,65,35,127,127,0,69,69,0,196,196,100,Unavailable,,0,,196,0,0,196,0,,0,25,Unavailable,Unavailable,Unavailable,Unavailable,#VALUE!,Unavailable,Unavailable,Unavailable,65,Unavailable,Unavailable,Unavailable,Unavailable
155283,Concorde Career College-Kansas City,1,29,3,1,3,Concorde Career College-Kansas City,MO,11,1,3,,,,54,,41,17,,,,10,0,,9,57,,,,3,341,337,,,Unavailable,,,,,,,,,,240,240,240,42,58,100,100,0,140,140,0,240,240,100,Unavailable,,0,,240,5,12,228,0,0,0,26,Unavailable,Unavailable,Unavailable,Unavailable,#VALUE!,Unavailable,Unavailable,Unavailable,42,Unavailable,Unavailable,Unavailable,Unavailable
447014,Daytona College,1,12,3,1,3,Daytona College,FL,13,1,3,,,,58,,8,4,,,,11,56,,25,72,,,,,,,,,Unavailable,,,,,,,,,,199,199,199,35,65,70,70,0,129,129,0,199,199,100,Unavailable,,28,56,199,18,36,46,117,,0,10,Unavailable,Unavailable,Unavailable,Unavailable,#VALUE!,Unavailable,Unavailable,Unavailable,35,Unavailable,Unavailable,Unavailable,Unavailable
447421,Eagle Gate College-Layton,1,49,3,1,2,Eagle Gate College-Layton,UT,21,1,3,,,,59,,2,1,40,40,40,3,23,71,33,68,64,64,64,,,,,,Unavailable,,,,,,,,,,205,205,205,27,73,56,56,0,149,149,0,205,205,100,Unavailable,,11,23,205,0,0,205,0,,8,29,Unavailable,24,65,23,#VALUE!,Unavailable,28,Unavailable,27,Unavailable,Unavailable,Unavailable,Unavailable
496681,Florida Academy of Nursing,1,12,3,1,3,Florida Academy of Nursing,FL,21,1,3,,,,66,,0,0,,,,3,0,,,,,,,3,0,,,,Unavailable,,,,,,,,,,54,54,54,6,94,3,3,0,51,51,0,54,54,100,Unavailable,,0,,54,Unavailable,,,54,,0,11,Unavailable,Unavailable,Unavailable,Unavailable,#VALUE!,Unavailable,Unavailable,Unavailable,6,Unavailable,Unavailable,Unavailable,Unavailable
372073,Fremont University,1,6,3,1,3,Fremont University,CA,21,1,3,,,,62,,9,6,,,,4,60,,0,34,,,,,,,,,Unavailable,,,,,,,,,,152,152,152,15,85,23,23,0,129,129,0,153,153,100,Unavailable,,39,60,153,73,112,41,0,,0,17,Unavailable,Unavailable,Unavailable,Unavailable,#VALUE!,Unavailable,Unavailable,Unavailable,15,Unavailable,Unavailable,Unavailable,Unavailable
156471,Galen College of Nursing-Louisville,1,21,3,1,2,Galen College of Nursing-Louisville,KY,11,2,3,,,,26,,84,2,,,,12,1378,50,50,63,38,41,41,,,,,,Unavailable,,,,,,,,,,4085,1884,1884,13,87,550,371,179,3535,1513,2022,4184,1983,47,53,2201,33,1378,4184,63,2643,1541,0,14,46,12,Unavailable,Unavailable,38,Unavailable,69,Unavailable,Unavailable,Unavailable,13,Unavailable,Unavailable,Unavailable,Unavailable
499671,Galen Health Institutes-Las Vegas,1,32,3,1,3,Galen Health Institutes-Las Vegas,NV,21,-2,3,,,,,,,Unavailable,,,,,,,,,,,,,,,,,Unavailable,,,,,,,,,,Unavailable,Unavailable,Unavailable,Unavailable,Unavailable,,,,,,,,,Unavailable,Unavailable,,Unavailable,,,Unavailable,,,,,,,Unavailable,Unavailable,Unavailable,Unavailable,#VALUE!,Unavailable,Unavailable,Unavailable,Unavailable,Unavailable,Unavailable,Unavailable,Unavailable
115010,Glendale Career College,1,6,3,1,3,Glendale Career College,CA,12,1,3,,,,55,,17,2,,,,5,20,,46,59,,,,,,,,,Unavailable,,,,,,,,,,854,854,854,32,68,274,274,0,580,580,0,854,854,100,Unavailable,,2,20,854,0,0,854,0,,0,20,Unavailable,Unavailable,Unavailable,Unavailable,#VALUE!,Unavailable,Unavailable,Unavailable,32,Unavailable,Unavailable,Unavailable,Unavailable
459213,Gurnick Academy of Medical Arts,1,6,3,1,3,Gurnick Academy of Medical Arts,CA,11,2,3,,,,44,,66,2,,,,82,337,,67,70,100,100,100,,,,,,Unavailable,,,,,,,,,,2839,2839,2839,25,75,716,716,0,2123,2123,0,2844,2844,100,Unavailable,,12,337,2844,17,472,584,1788,,6,16,Unavailable,Unavailable,Unavailable,Unavailable,#VALUE!,Unavailable,Unavailable,Unavailable,25,Unavailable,Unavailable,Unavailable,Unavailable
499495,Gwinnett Institute,1,12,3,1,3,Gwinnett Institute,FL,21,1,3,,,,69,,3,1,,,,,0,,,,,,,,,,,,Unavailable,,,,,,,,,,324,324,324,23,77,74,74,0,250,250,0,324,324,100,Unavailable,,0,,324,2,6,0,318,,0,14,Unavailable,Unavailable,Unavailable,Unavailable,#VALUE!,Unavailable,Unavailable,Unavailable,23,Unavailable,Unavailable,Unavailable,Unavailable
225201,Hallmark University,1,48,2,1,2,Hallmark University,TX,11,1,2,,,,50,,305,39,58,57,57,8,171,52,70,68,58,58,58,5,113,111,0,0,0,,,,,,,,,,782,782,782,31,69,242,242,0,540,540,0,782,782,100,Unavailable,,22,171,781,3,23,339,419,,68,13,Unavailable,34,51,36,#VALUE!,Unavailable,44,Unavailable,31,Unavailable,Unavailable,Unavailable,Unavailable
457086,Homestead Schools,1,6,2,1,3,Homestead Schools,CA,12,1,2,,,,59,,0,0,,,,1,0,,67,94,,,,,,,,,Unavailable,,,,,,,,,,176,133,133,22,78,39,33,6,137,100,37,176,133,76,24,43,0,,176,0,0,2,174,0,0,15,Unavailable,Unavailable,Unavailable,Unavailable,38,Unavailable,Unavailable,Unavailable,22,Unavailable,Unavailable,Unavailable,Unavailable
483373,Integrity College of Health,1,6,3,1,3,Integrity College of Health,CA,12,1,3,,,,49,,0,0,,,,6,19,,100,60,,,,,,,,,Unavailable,,,,,,,,,,158,135,135,55,45,87,83,4,71,52,19,158,135,85,15,23,12,19,158,3,4,49,105,0,0,20,Unavailable,Unavailable,Unavailable,Unavailable,23,Unavailable,Unavailable,Unavailable,55,Unavailable,Unavailable,Unavailable,Unavailable
443571,InterCoast Colleges-West Covina,1,6,3,1,3,InterCoast Colleges-West Covina,CA,21,1,3,,,,58,,61,12,,,,1,0,,,81,,,,,,,,,Unavailable,,,,,,,,,,507,507,507,13,87,67,67,0,440,440,0,507,507,100,Unavailable,,0,,507,77,389,118,0,,0,15,Unavailable,Unavailable,Unavailable,Unavailable,#VALUE!,Unavailable,Unavailable,Unavailable,13,Unavailable,Unavailable,Unavailable,Unavailable
454786,Laurus College,1,6,3,1,3,Laurus College,CA,13,1,3,,,,67,,576,73,,,,24,0,20,31,38,50,50,50,,,,,,Unavailable,,,,,,,,,,794,407,407,4,96,33,17,16,761,390,371,794,407,51,49,387,0,,794,19,153,641,0,38,38,18,Unavailable,Unavailable,44,Unavailable,59,Unavailable,Unavailable,Unavailable,4,Unavailable,Unavailable,Unavailable,Unavailable
436429,Los Angeles Film School,1,6,3,1,2,Los Angeles Film School,CA,11,3,3,,,,65,,900,15,45,44,43,136,469,32,44,42,35,36,36,,,,,,Unavailable,,,,,,,,,,5833,5833,5833,30,70,1756,1756,0,4077,4077,0,5833,5833,100,Unavailable,,8,469,5833,73,4267,0,1566,,1108,31,Unavailable,26,49,22,#VALUE!,Unavailable,30,Unavailable,30,Unavailable,Unavailable,Unavailable,Unavailable
451103,Miami Regional University,1,12,3,1,2,Miami Regional University,FL,21,1,3,,,,31,,0,0,0,0,0,32,104,50,100,21,50,50,50,,,,,,Unavailable,,,,,,,,,,310,100,100,15,85,48,28,20,262,72,190,310,100,32,68,210,34,104,310,Unavailable,,,310,55,32,26,Unavailable,0,41,20,#VALUE!,Unavailable,13,Unavailable,15,Unavailable,Unavailable,Unavailable,Unavailable
443650,Miller-Motte College-Chattanooga,1,47,3,1,3,Miller-Motte College-Chattanooga,TN,12,2,3,,,,85,,65,2,,,,41,5,,64,56,,,,,,,,,Unavailable,,,,,,,,,,3667,3594,3594,18,82,656,642,14,3011,2952,59,3667,3594,98,2,73,0,5,3667,94,3431,92,144,0,3,49,Unavailable,Unavailable,Unavailable,Unavailable,62,Unavailable,Unavailable,Unavailable,18,Unavailable,Unavailable,Unavailable,Unavailable
198978,Miller-Motte College-Wilmington,1,37,3,1,3,Miller-Motte College-Wilmington,NC,12,1,3,,,,65,,20,13,20,19,19,2,0,6,12,19,5,5,5,,,,,,Unavailable,,,,,,,,,,152,146,146,19,81,29,28,1,123,118,5,152,146,96,4,6,0,,152,22,34,69,49,0,0,18,Unavailable,11,36,8,40,Unavailable,12,Unavailable,19,Unavailable,Unavailable,Unavailable,Unavailable
444787,Nightingale College,1,49,3,1,2,Nightingale College,UT,12,2,3,,,,43,,153,4,,,,142,991,13,0,45,8,17,17,,,,,,Unavailable,,,,,,,,,,4244,2787,2787,12,88,508,321,187,3736,2466,1270,4244,2787,66,34,1457,23,991,4244,100,4244,0,0,4,47,12,Unavailable,Unavailable,28,Unavailable,76,Unavailable,Unavailable,Unavailable,12,Unavailable,Unavailable,Unavailable,Unavailable
494746,North-West College-San Diego,1,6,3,1,3,North-West College-San Diego,CA,11,1,3,,,,49,,50,9,,,,2,0,,,,,,,,,,,,Unavailable,,,,,,,,,,551,551,551,25,75,138,138,0,413,413,0,551,551,100,Unavailable,,0,,551,0,0,521,30,,0,31,Unavailable,Unavailable,Unavailable,Unavailable,#VALUE!,Unavailable,Unavailable,Unavailable,25,Unavailable,Unavailable,Unavailable,Unavailable
422695,Pacific College,1,6,3,1,3,Pacific College,CA,12,1,3,,,,51,,5,2,,,,3,84,,13,76,,,,3,20,10,,,Unavailable,,,,,,,,,,285,285,285,14,86,40,40,0,245,245,0,285,285,100,Unavailable,,29,84,285,16,47,176,62,,0,7,Unavailable,Unavailable,Unavailable,Unavailable,#VALUE!,Unavailable,Unavailable,Unavailable,14,Unavailable,Unavailable,Unavailable,Unavailable
105534,Pima Medical Institute-Tucson,1,4,3,1,3,Pima Medical Institute-Tucson,AZ,11,2,3,,,,49,,88,3,,,,40,566,,74,73,,,,,,,,,Unavailable,,,,,,,,,,2319,2319,2319,28,72,639,639,0,1680,1680,0,2619,2619,100,Unavailable,,22,566,2619,68,1769,186,664,,0,35,Unavailable,Unavailable,Unavailable,Unavailable,#VALUE!,Unavailable,Unavailable,Unavailable,28,Unavailable,Unavailable,Unavailable,Unavailable
122685,San Joaquin Valley College-Visalia,1,6,3,1,3,San Joaquin Valley College-Visalia,CA,12,2,3,,,,52,,126,5,,,,23,268,,29,34,,,,,,,,,Unavailable,,,,,,,,,,2369,2369,2369,33,67,772,772,0,1597,1597,0,2369,2369,100,Unavailable,,12,268,2270,60,1363,142,765,,0,28,Unavailable,Unavailable,Unavailable,Unavailable,#VALUE!,Unavailable,Unavailable,Unavailable,33,Unavailable,Unavailable,Unavailable,Unavailable
442426,St Louis College of Health Careers-Fenton,1,29,3,1,3,St Louis College of Health Careers-Fenton,MO,21,1,3,,,,60,,4,1,,,,2,59,,64,74,,,,3,27,27,,,Unavailable,,,,,,,,,,389,272,272,14,86,56,35,21,333,237,96,401,277,69,31,124,15,59,401,23,94,295,12,0,0,12,Unavailable,Unavailable,Unavailable,Unavailable,51,Unavailable,Unavailable,Unavailable,14,Unavailable,Unavailable,Unavailable,Unavailable
446561,Stanbridge University,1,6,3,1,3,Stanbridge University,CA,11,2,3,,,,45,,55,2,96,96,96,59,92,75,74,77,82,82,82,3,2700,307,,,Unavailable,,,,,,,,,,2373,2373,2373,28,72,659,659,0,1714,1714,0,2373,2373,100,Unavailable,,4,92,2373,0,0,2373,0,,67,15,Unavailable,58,60,41,#VALUE!,Unavailable,59,Unavailable,28,Unavailable,Unavailable,Unavailable,Unavailable
208512,Sumner College,1,41,3,1,3,Sumner College,OR,11,1,3,,,,39,,12,2,,,,2,56,,0,79,,,,3,15,13,,,Unavailable,,,,,,,,,,514,514,514,27,73,137,137,0,377,377,0,514,514,100,Unavailable,,11,56,514,5,25,489,0,,0,13,Unavailable,Unavailable,Unavailable,Unavailable,#VALUE!,Unavailable,Unavailable,Unavailable,27,Unavailable,Unavailable,Unavailable,Unavailable
392257,The College of Health Care Professions-Northwest,1,48,3,1,3,The College of Health Care Professions-Northwest,TX,11,2,3,,,,66,,111,3,26,26,26,85,353,,24,46,,,,,,,,,Unavailable,,,,,,,,,,3794,3794,3794,40,60,1525,1525,0,2269,2269,0,3794,3794,100,Unavailable,,9,353,3794,42,1593,1111,1090,,0,25,Unavailable,16,Unavailable,16,#VALUE!,Unavailable,19,Unavailable,40,Unavailable,Unavailable,Unavailable,Unavailable
459204,Unitek College,1,6,3,1,3,Unitek College,CA,12,3,3,,,,50,,4,0,,,,57,823,,51,72,,,,,,,,,Unavailable,,,,,,,,,,5191,5191,5191,35,65,1826,1826,0,3365,3365,0,5191,5191,100,Unavailable,,17,823,4715,10,461,3212,1042,,14,23,Unavailable,Unavailable,Unavailable,Unavailable,#VALUE!,Unavailable,Unavailable,Unavailable,35,Unavailable,Unavailable,Unavailable,Unavailable
377661,Valley College-Martinsburg,1,54,3,1,3,Valley College-Martinsburg,WV,22,1,3,,,,72,,18,3,,,,17,153,,67,58,,,,,,,,,Unavailable,,,,,,,,,,651,651,651,27,73,173,173,0,478,478,0,651,651,100,Unavailable,,24,153,651,71,461,190,0,,0,24,Unavailable,Unavailable,Unavailable,Unavailable,#VALUE!,Unavailable,Unavailable,Unavailable,27,Unavailable,Unavailable,Unavailable,Unavailable
224660,Western Technical College,1,48,3,1,3,Western Technical College,TX,11,1,3,,,,47,,75,12,,,,,59,46,24,68,43,43,43,,,,,,Unavailable,,,,,,,,,,617,498,498,25,75,157,139,18,460,359,101,619,500,81,19,119,10,59,619,26,160,0,459,4,26,30,Unavailable,Unavailable,47,Unavailable,43,Unavailable,Unavailable,Unavailable,25,Unavailable,Unavailable,Unavailable,Unavailable
224679,Western Technical College,1,48,3,1,3,Western Technical College,TX,11,2,3,,,,16,,268,23,,,,1,34,90,60,71,68,68,68,,,,,,Unavailable,,,,,,,,,,1148,594,594,49,51,564,318,246,584,276,308,1148,594,52,48,554,3,34,1148,Unavailable,,,1148,9,12,30,Unavailable,Unavailable,53,Unavailable,#VALUE!,Unavailable,Unavailable,Unavailable,49,Unavailable,Unavailable,Unavailable,Unavailable
166683,Massachusetts Institute of Technology,1,25,2,1,2,Massachusetts Institute of Technology,MA,12,4,2,,,,19,,26,1,97,96,88,370,18,93,97,96,82,95,96,1,26904,1274,83,31,114,760,790,1550,35,35,35,59750,59750,Unavailable,4576,4543,4543,99,1,4536,4505,31,40,38,2,4576,4543,99,1,33,0,18,4571,Unavailable,,,4571,,1136,3,Unavailable,53,56,39,#VALUE!,111,58,79,99,79,111,109,82
139755,Georgia Institute of Technology-Main Campus,1,13,1,1,2,Georgia Institute of Technology-Main Campus,GA,11,5,1,0,56,44,14,15901,144,1,93,92,51,559,1113,85,94,92,57,90,92,1,52377,8622,77,35,112,700,750,1450,32,33,31,10258,31370,19547,19505,17171,17171,98,2,19168,16964,2204,337,207,130,19505,17171,88,12,2334,6,1113,18260,0,12,3644,14604,17,3624,18,20,31,50,40,4,101,58,67,98,67,101,99,72
131496,Georgetown University,1,11,2,1,2,Georgetown University,DC,11,5,2,,,,11,,68,1,96,95,90,47,184,92,95,94,87,93,94,1,25485,3334,75,33,108,740,760,1500,33,35,32,64896,64896,Unavailable,7955,7220,7220,95,5,7523,7097,426,432,123,309,7968,7220,91,9,748,2,184,7462,2,137,157,7168,3,1573,11,Unavailable,54,52,39,6,101,59,69,95,69,101,101,71
482936,Florida Polytechnic University,1,12,1,1,2,Florida Polytechnic University,FL,41,2,1,0,91,9,33,11923,23,1,56,56,39,23,70,46,59,53,38,49,53,1,2600,1449,88,45,133,640,640,1280,28,26,27,3152,3152,3152,1569,1463,1463,95,5,1496,1411,85,73,52,21,1569,1463,93,7,106,4,70,1556,0,0,506,1050,17,345,17,36,23,40,25,4,105,35,70,95,70,105,103,70
134130,University of Florida,1,12,1,1,2,University of Florida,FL,12,5,1,0,83,17,22,11521,282,1,91,91,72,833,1408,87,93,92,76,90,91,1,65375,15707,79,41,120,690,700,1390,31,32,28,4477,25694,8084,34924,31571,31571,97,3,33958,31100,2858,966,471,495,34924,31571,90,10,3353,4,1408,34102,2,797,20782,12523,18,6594,16,30,43,55,39,5,104,56,68,97,68,104,105,69
228787,The University of Texas at Dallas,1,48,1,1,2,The University of Texas at Dallas,TX,12,5,1,0,96,4,30,13464,280,1,73,72,52,115,1655,68,72,71,56,68,71,5,29366,19224,79,15,94,640,650,1290,29,27,29,14564,40064,15584,21327,18120,18120,93,7,19807,17329,2478,1520,791,729,21330,18121,85,15,3209,8,1655,21317,1,155,7140,14022,285,3933,27,36,31,49,33,8,76,47,63,93,63,76,74,64
133951,Florida International University,1,12,1,1,2,Florida International University,FL,21,5,1,0,92,8,46,10742,399,1,71,67,42,220,4266,74,74,74,59,70,74,1,25034,14729,91,9,100,590,560,1150,24,24,21,4721,16529,5666,44363,26027,26027,81,19,36103,22995,13108,8260,3032,5228,44363,26027,59,41,18336,11,4266,38761,26,10127,19249,9385,1445,2979,24,41,25,60,33,28,71,47,67,81,67,71,73,64
228723,Texas A & M University-College Station,1,48,1,1,2,Texas A & M University-College Station,TX,12,5,1,0,93,7,19,21610,995,2,84,83,59,109,2539,75,87,84,61,81,84,1,50832,32149,80,20,100,630,630,1260,28,27,26,9003,36428,10923,59933,52906,52906,98,2,58920,52226,6694,1013,680,333,59933,52906,88,12,7027,4,2539,59099,1,442,24742,33915,1108,11382,19,31,35,47,36,4,79,52,63,98,63,79,78,63
178411,Missouri University of Science and Technology,1,29,1,1,2,Missouri University of Science and Technology,MO,33,3,1,0,76,24,21,14414,105,2,65,63,22,40,279,51,71,64,27,57,64,5,8181,5978,10,82,92,610,650,1260,27,25,27,13008,30408,17184,5510,4954,4954,96,4,5287,4824,463,223,130,93,5510,4954,90,10,556,5,279,5467,0,9,1919,3539,10,1134,19,27,13,36,28,5,69,41,57,96,57,69,65,62
243780,Purdue University-Main Campus,1,18,1,1,2,Purdue University-Main Campus,IN,13,5,1,0,46,54,13,12421,318,1,84,83,60,570,1084,73,86,83,64,80,83,1,73083,36763,73,23,96,650,670,1320,31,31,30,9718,28520,19871,39864,37678,37678,97,3,38773,37297,1476,1091,381,710,39864,37678,95,5,2186,3,1084,39637,2,711,13005,25921,26,9359,14,17,36,43,35,3,80,51,59,97,59,80,79,61
484473,University of Florida-Online,2,12,1,1,2,University of Florida-Online,FL,12,3,1,0,87,13,23,10412,66,1,47,44,26,40,672,21,83,78,22,33,33,1,1440,927,74,41,115,670,650,1320,29,30,26,3358,15000,4871,5462,2507,2507,68,32,3735,2103,1632,1727,404,1323,5462,2507,46,54,2955,15,672,4577,100,4577,,,86,800,51,31,16,22,26,59,94,34,62,68,62,94,96,60
107044,Harding University,1,5,2,1,2,Harding University,AR,32,2,2,,,,21,,45,1,68,67,49,91,128,58,77,71,55,69,71,1,2202,2202,18,94,112,600,570,1170,24,24,23,24240,24240,Unavailable,3496,3134,3134,95,5,3312,3045,267,184,89,95,3496,3134,90,10,362,4,128,3323,4,129,570,2624,3,800,16,Unavailable,29,40,29,6,76,42,63,95,63,76,76,60
159391,Louisiana State University and Agricultural & Mechanical College,1,22,1,1,2,Louisiana State University and Agricultural & Mechanical College,LA,12,5,1,0,68,32,29,21808,587,2,67,66,43,192,1033,56,76,71,46,65,68,5,42558,31491,14,86,100,630,605,1235,26,26,25,8038,8038,8038,32574,27850,27850,95,5,30957,26793,4164,1617,1057,560,32574,27850,85,15,4724,4,1033,29207,6,1785,14268,13154,31,6903,20,29,26,43,29,8,73,42,62,95,62,73,73,60
232982,Old Dominion University,1,51,1,1,2,Old Dominion University,VA,12,5,1,0,87,7,37,16150,1777,10,51,49,25,150,1627,38,52,44,26,40,44,1,15216,13773,81,13,94,610,580,1190,24,24,23,7590,27465,8981,17735,13590,13590,75,25,13269,11666,1603,4466,1924,2542,17736,13590,77,23,4146,9,1627,17521,31,5518,6669,5334,61,3003,15,37,15,38,25,27,69,34,62,75,62,69,70,59
219347,South Dakota School of Mines and Technology,1,46,1,1,2,South Dakota School of Mines and Technology,SD,13,2,1,0,76,24,17,20243,79,4,56,52,24,1,64,41,65,58,27,52,58,5,1539,1312,26,78,104,610,620,1230,26,24,27,7800,12200,8856,2170,1737,1737,94,6,2031,1669,362,139,68,71,2170,1737,80,20,433,3,64,2042,1,12,263,1767,15,523,12,26,14,29,23,9,76,35,52,94,52,76,72,59
159647,Louisiana Tech University,1,22,1,1,2,Louisiana Tech University,LA,32,4,1,0,89,11,27,12593,164,2,60,58,39,127,198,45,65,58,41,53,57,5,9263,6722,4,86,90,580,610,1190,24,24,24,6401,13142,7143,10401,7857,7857,97,3,10120,7683,2437,281,174,107,10401,7857,76,24,2544,3,198,7819,1,107,1758,5954,8,1686,22,33,23,36,25,9,60,37,57,97,57,60,60,57
132903,University of Central Florida,1,12,1,1,2,University of Central Florida,FL,21,5,1,0,91,9,34,13110,967,2,78,75,46,145,6769,72,78,75,50,70,75,1,60627,23961,73,27,100,644,628,1272,27,27,25,4478,19810,5858,59470,41654,41654,86,14,51222,38867,12355,8248,2787,5461,59470,41654,70,30,17816,11,6769,59095,17,10009,30063,19023,598,6912,29,36,28,53,37,20,78,51,59,86,59,78,79,57
187967,New Mexico Institute of Mining and Technology,1,35,1,1,2,New Mexico Institute of Mining and Technology,NM,33,2,1,0,98,2,32,9133,6,0,58,55,31,25,51,52,59,56,32,52,56,1,1112,600,79,25,104,600,580,1180,24,22,23,7664,24918,8009,1227,1065,1065,87,13,1073,999,74,154,66,88,1227,1065,87,13,162,5,51,1122,1,11,160,951,2,298,10,37,19,42,25,9,75,37,59,87,59,75,75,57
197027,United States Merchant Marine Academy,1,36,1,1,2,United States Merchant Marine Academy,NY,21,1,1,0,100,0,7,5173,3,0,81,81,74,47,16,79,81,81,73,78,81,1,1392,452,75,44,119,620,610,1230,25,25,26,0,0,0,947,947,947,100,0,944,944,0,3,3,0,947,947,100,Unavailable,,2,16,947,Unavailable,,,947,,199,13,28,44,43,33,#VALUE!,88,49,58,100,58,88,89,57
137351,University of South Florida,1,12,1,1,2,University of South Florida,FL,11,5,1,0,78,22,31,11578,801,2,76,75,59,527,3409,73,77,75,63,72,75,1,65187,26699,75,25,100,620,610,1230,26,25,24,4559,15473,6960,37269,30184,30184,89,11,33068,28327,4741,4201,1857,2344,37269,30184,81,19,7085,9,3409,36299,12,4366,22979,8954,145,6655,22,32,35,52,36,14,76,49,58,89,58,76,75,57
221759,The University of Tennessee-Knoxville,1,47,1,1,2,The University of Tennessee-Knoxville,TN,12,5,1,0,62,38,21,20885,649,2,73,72,54,597,1559,63,80,73,56,71,73,1,50488,23221,28,78,106,630,630,1260,28,28,26,11332,29522,18244,28883,27851,27851,97,3,28017,27345,672,866,506,360,28883,27851,96,4,1032,5,1559,28763,2,456,15764,12543,18,6826,18,24,32,42,32,3,83,46,61,97,61,83,83,56
176080,Mississippi State University,1,28,1,1,2,Mississippi State University,MS,33,5,1,0,58,42,29,16480,393,2,61,60,36,641,1748,49,72,63,43,59,63,5,20877,15934,5,84,89,610,610,1220,25,24,24,9665,26430,16706,18230,16583,16583,92,8,16855,15894,961,1375,689,686,18230,16583,91,9,1647,10,1748,18092,10,1869,5564,10659,14,3352,16,26,22,39,30,9,62,40,56,92,56,62,60,56
433660,Florida Gulf Coast University,1,12,1,1,2,Florida Gulf Coast University,FL,21,4,1,0,78,22,29,10548,192,1,58,56,36,102,1145,51,59,56,42,53,56,1,16050,12318,81,45,126,570,550,1120,22,22,21,4191,22328,8181,14227,11503,11503,91,9,12921,10978,1943,1306,525,781,14227,11503,81,19,2724,8,1145,13809,10,1354,7951,4504,85,2722,21,31,22,40,27,12,84,38,58,91,58,84,85,56
186131,Princeton University,1,34,2,1,2,Princeton University,NJ,13,3,2,,,,19,,10,0,98,98,90,97,33,97,97,97,80,95,97,5,39644,1782,57,20,77,760,780,1540,34,35,34,59710,59710,Unavailable,5671,5598,5598,99,1,5588,5531,57,83,67,16,5671,5598,99,1,73,1,33,5579,Unavailable,,,5579,,1497,5,Unavailable,54,58,40,#VALUE!,74,59,54,99,54,74,74,56
219718,Bethel University,1,47,2,1,2,Bethel University,TN,32,2,2,,,,47,,85,3,35,35,26,21,277,0,90,35,0,0,0,5,3318,3224,25,100,125,475,500,975,20,19,20,16870,16870,Unavailable,2706,1554,1554,81,19,2197,1114,1083,509,440,69,2719,1567,58,42,1152,17,277,1671,31,526,400,745,30,296,17,Unavailable,16,24,24,30,71,28,53,81,53,71,68,56
181464,University of Nebraska-Lincoln,1,31,1,1,2,University of Nebraska-Lincoln,NE,11,5,1,0,74,26,22,18029,266,1,67,66,46,247,729,53,73,66,49,63,66,5,18354,14146,8,83,91,600,600,1200,24,24,24,8010,25650,12596,19338,18449,18449,97,3,18685,18023,662,653,426,227,19338,18449,95,5,889,4,729,18887,1,180,12799,5908,24,4615,16,27,28,38,29,3,61,42,55,97,55,61,61,55
172051,Saginaw Valley State University,1,26,1,1,2,Saginaw Valley State University,MI,22,3,1,0,96,4,34,15144,49,1,45,42,14,54,338,43,61,54,19,46,54,5,10222,7450,85,3,88,530,520,1050,21,20,21,12240,28752,12900,6184,5312,5312,89,11,5497,5020,477,687,292,395,6184,5312,86,14,872,6,338,6004,3,199,2431,3374,14,1323,15,38,8,39,20,10,58,29,56,89,56,58,58,55
221768,The University of Tennessee-Martin,1,47,1,1,2,The University of Tennessee-Martin,TN,33,3,1,0,91,9,46,11151,90,1,53,52,34,7,332,44,70,55,39,52,55,1,5199,4540,3,99,102,560,530,1090,21,21,20,8546,14586,9090,6234,4296,4296,91,9,5649,3998,1651,585,298,287,6234,4296,69,31,1938,7,332,4600,9,431,895,3274,6,1101,15,41,20,45,25,16,60,35,58,91,58,60,60,55
133650,Florida Agricultural and Mechanical University,1,12,1,1,2,Florida Agricultural and Mechanical University,FL,12,3,1,0,65,35,58,15491,138,2,58,55,28,117,661,50,55,52,27,47,52,1,22713,4797,83,45,128,560,530,1090,22,21,20,3152,14524,7132,7796,6784,6784,91,9,7109,6358,751,687,426,261,7796,6784,87,13,1012,9,661,7516,0,0,4608,2908,55,1484,14,39,17,54,27,7,84,38,58,91,58,84,84,55
130794,Yale University,1,9,2,1,2,Yale University,CT,12,4,2,,,,19,,35,1,97,97,88,220,17,93,97,96,66,94,96,5,51803,2332,56,26,82,760,780,1540,34,35,34,64700,64700,Unavailable,6818,6805,6805,99,1,6747,6739,8,71,66,5,6818,6805,100,0,13,0,17,6811,0,0,0,6811,,1554,6,Unavailable,53,56,39,0,78,58,53,99,53,78,78,55
228778,The University of Texas at Austin,1,48,1,1,2,The University of Texas at Austin,TX,11,5,1,0,89,11,25,18036,425,1,89,88,70,495,1995,81,90,88,73,85,88,5,66109,19253,63,20,83,680,690,1370,31,32,29,11678,42778,15099,42444,39787,39787,98,2,41658,39314,2344,786,473,313,42444,39787,94,6,2657,5,1995,42100,1,227,18785,23088,130,8979,18,32,42,53,38,3,71,55,54,98,54,71,71,54
157289,University of Louisville,1,21,1,1,2,University of Louisville,KY,11,5,1,0,78,22,33,18808,264,2,64,62,41,167,990,49,69,61,43,57,61,5,14821,11937,15,88,103,570,560,1130,23,23,22,12632,28978,16228,16194,11802,11802,85,15,13805,10737,3068,2389,1065,1324,16194,11802,73,27,4392,7,990,14187,17,2410,7418,4359,225,2704,14,33,25,41,29,19,67,41,56,85,56,67,67,54
134097,Florida State University,1,12,1,1,2,Florida State University,FL,12,5,1,0,85,15,24,14903,470,1,84,83,70,756,1897,80,84,83,73,82,83,1,74038,18793,66,32,98,660,650,1310,29,30,27,4640,19084,6807,32217,29011,29011,97,3,31203,28603,2600,1014,408,606,32217,29011,90,10,3206,6,1897,31812,5,1584,19467,10761,108,5917,17,31,42,52,37,6,80,53,54,97,54,80,81,54
155061,Fort Hays State University,1,20,1,1,2,Fort Hays State University,KS,33,4,1,0,78,22,23,13774,98,1,52,50,29,4,1655,37,57,48,33,44,48,5,2174,1995,5,91,96,550,530,1080,22,21,21,4437,15615,6896,10206,4569,4569,76,24,7765,3721,4044,2441,848,1593,10206,4569,45,55,5637,17,1655,9792,33,3278,1824,4690,28,760,14,29,17,30,30,36,59,38,53,76,53,59,57,53
178697,College of the Ozarks,1,29,2,1,2,College of the Ozarks,MO,32,2,2,,,,44,,6,0,63,63,45,25,14,62,60,61,41,60,61,1,2495,371,11,91,102,600,570,1170,22,22,21,20800,20800,Unavailable,1427,1403,1403,99,1,1411,1392,19,16,11,5,1427,1403,98,2,24,1,14,1415,0,0,0,1415,0,358,14,Unavailable,27,53,26,1,64,38,56,99,56,64,64,53
133669,Florida Atlantic University,1,12,1,1,2,Florida Atlantic University,FL,13,5,1,0,79,21,37,9839,296,1,57,55,37,244,2380,66,64,64,50,62,64,1,27612,20279,78,22,100,570,540,1110,23,22,21,2522,14374,5011,24614,17748,17748,86,14,21141,16720,4421,3473,1028,2445,24614,17748,72,28,6866,10,2380,23458,17,3914,13247,6297,1321,3050,23,35,22,52,28,19,68,38,56,86,56,68,69,53
217156,Brown University,1,44,2,1,2,Brown University,RI,12,4,2,,,,14,,53,1,97,96,86,230,83,93,97,96,80,94,96,5,51316,2686,54,22,76,760,780,1540,35,35,34,65656,65656,Unavailable,7741,7220,7220,98,2,7611,7132,479,130,88,42,7741,7220,93,7,521,1,83,7273,0,13,322,6938,,1713,6,Unavailable,52,54,39,3,73,59,51,98,51,73,73,53
133881,Florida Institute of Technology,1,12,2,1,2,Florida Institute of Technology,FL,13,3,2,,,,22,,138,4,67,66,53,51,159,61,68,65,48,63,65,1,15205,9507,70,29,99,610,600,1210,25,24,25,43420,43420,Unavailable,3457,3120,3120,94,6,3257,2959,298,200,161,39,3458,3120,90,10,338,5,159,3235,0,0,37,3198,3,771,13,Unavailable,32,42,29,5,73,42,53,94,53,73,73,53
106704,University of Central Arkansas,1,5,1,1,2,University of Central Arkansas,AR,13,3,1,0,87,9,39,16362,141,2,50,49,34,80,471,39,67,53,40,51,53,5,6589,5961,4,94,98,540,510,1050,22,22,20,7140,14280,7783,7884,6519,6519,92,8,7246,6223,1023,638,296,342,7884,6519,83,17,1365,6,471,7426,6,421,3075,3930,4,1799,14,37,20,39,23,10,60,33,57,92,57,60,60,52
221740,The University of Tennessee-Chattanooga,1,47,1,1,2,The University of Tennessee-Chattanooga,TN,12,4,1,0,89,11,33,13801,171,2,56,54,35,115,739,45,60,53,35,50,53,1,9096,7006,7,94,101,550,530,1080,22,22,20,8232,16296,9119,9982,8977,8977,91,9,9071,8519,552,911,458,453,9982,8977,90,10,1005,7,739,9878,7,700,7049,2129,17,2229,17,35,21,39,26,9,62,37,57,91,57,62,62,52
171128,Michigan Technological University,1,26,1,1,2,Michigan Technological University,MI,33,3,1,0,76,24,18,17928,62,1,71,69,34,52,173,59,75,69,34,65,69,5,12434,10935,68,21,89,610,610,1220,28,27,28,19429,42771,25031,5892,5615,5615,97,3,5716,5501,215,176,114,62,5892,5615,95,5,277,3,173,5829,0,10,499,5320,7,1381,13,26,20,39,29,3,68,44,52,97,52,68,68,52
211273,Bryn Mawr College,1,42,2,1,2,Bryn Mawr College,PA,21,2,2,,,,14,,5,0,87,87,81,31,7,90,83,86,75,84,86,5,3278,1018,61,24,85,710,680,1390,32,34,29,61190,61190,Unavailable,1349,1347,1347,99,1,1339,1339,0,10,8,2,1349,1347,100,0,2,1,7,1346,Unavailable,,,1346,,396,8,Unavailable,49,52,35,#VALUE!,74,52,54,99,54,74,77,52
219356,South Dakota State University,1,46,1,1,2,South Dakota State University,SD,33,4,1,0,71,29,18,18233,142,1,60,59,42,35,388,53,64,60,42,57,59,5,5884,5808,2,81,83,570,580,1150,22,21,23,7773,11283,8791,10176,7715,7715,94,6,9549,7465,2084,627,250,377,10177,7716,76,24,2461,4,388,8798,6,564,3460,4774,62,2071,17,25,25,36,26,12,51,38,47,94,47,51,49,52
225414,University of Houston-Clear Lake,1,48,1,1,2,University of Houston-Clear Lake,TX,12,3,1,0,99,1,44,10488,178,3,57,53,29,11,1009,48,52,51,26,44,51,5,2348,1768,75,7,82,560,550,1110,20,19,19,6600,20784,6742,6108,3208,3208,61,39,3738,2335,1403,2370,873,1497,6108,3208,53,47,2900,17,1009,6082,15,915,2526,2641,62,291,19,42,17,46,31,34,56,41,53,61,53,56,56,52
178615,Truman State University,1,29,1,1,2,Truman State University,MO,33,2,1,0,73,27,19,12798,16,0,73,72,59,32,63,57,75,68,57,67,68,5,3263,2609,6,74,80,610,625,1235,26,25,25,9132,17532,11400,3302,2589,2589,97,3,3189,2559,630,113,30,83,3302,2589,78,22,713,2,63,2666,0,9,1173,1484,1,697,12,26,35,38,30,8,58,45,51,97,51,58,56,51
166027,Harvard University,1,25,2,1,2,Harvard University,MA,12,5,2,,,,19,,92,1,98,97,86,1093,14,96,98,97,66,94,97,5,56937,1965,52,22,74,760,790,1550,35,35,35,54269,54269,Unavailable,9095,7316,7316,83,17,7590,7021,569,1505,295,1210,9095,7316,80,20,1779,0,14,7755,5,410,157,7188,,1644,7,Unavailable,52,58,39,14,72,59,49,83,49,72,71,51
155399,Kansas State University,1,20,1,1,2,Kansas State University,KS,13,4,1,0,75,25,20,18745,491,3,70,68,41,178,1210,59,76,70,47,67,70,5,13437,10663,6,84,90,580,560,1140,23,23,22,9964,26838,14183,15113,13553,13553,91,9,13739,12849,890,1374,704,670,15113,13553,90,10,1560,8,1210,14835,9,1337,6119,7379,69,2835,18,27,25,40,32,9,58,45,54,91,54,58,58,51
100858,Auburn University,1,1,1,1,2,Auburn University,AL,13,5,1,0,61,39,13,24524,711,3,82,81,55,191,1221,67,82,79,57,76,79,5,48178,24314,17,71,88,660,650,1310,28,28,26,10704,32112,19053,26874,24135,24135,97,3,26029,23673,2356,845,462,383,26874,24135,90,10,2739,5,1221,25732,2,548,10583,14601,21,5274,21,20,33,40,35,5,69,51,55,97,55,69,69,51
220978,Middle Tennessee State University,1,47,1,1,2,Middle Tennessee State University,TN,12,5,1,0,93,7,34,12700,624,4,55,54,35,23,1573,46,63,54,38,51,54,1,14763,10039,7,92,99,560,540,1100,22,22,20,7536,27072,8904,17668,13950,13950,86,14,15236,12679,2557,2432,1271,1161,17668,13950,79,21,3718,10,1573,16115,9,1453,7329,7333,41,2604,17,37,21,40,27,15,61,37,56,86,56,61,61,51
175430,Blue Mountain Christian University,1,28,2,1,2,Blue Mountain Christian University,MS,42,1,2,,,,43,,4,0,58,58,47,,87,44,55,51,44,50,51,1,191,191,6,92,98,490,520,1010,20,19,20,19120,19120,Unavailable,935,519,519,96,4,896,496,400,39,23,16,942,519,55,45,423,16,87,536,6,34,246,256,0,90,15,Unavailable,28,44,33,17,55,41,49,96,49,55,52,51
221971,Union University,1,47,2,1,2,Union University,TN,13,2,2,,,,28,,24,1,69,68,58,25,111,55,77,71,65,70,71,5,3012,1421,11,80,91,620,570,1190,26,25,23,19476,19476,Unavailable,1891,1493,1493,82,18,1544,1271,273,347,222,125,1891,1493,79,21,398,7,111,1637,9,140,329,1168,7,327,8,Unavailable,35,42,31,16,66,44,56,82,56,66,64,51
262129,New College of Florida,1,12,1,1,2,New College of Florida,FL,13,1,1,0,82,18,30,8368,2,0,67,66,58,2,103,61,63,62,55,62,62,1,2119,1568,74,38,112,580,550,1130,23,23,21,5227,27159,9175,710,694,694,95,5,676,661,15,34,33,1,710,694,98,2,16,15,103,707,0,0,12,695,,188,8,33,35,46,35,3,77,46,54,95,54,77,78,51
107512,Ouachita Baptist University,1,5,2,1,2,Ouachita Baptist University,AR,32,2,2,,,,25,,16,1,66,66,60,4,48,64,79,70,62,69,70,5,2138,1465,14,79,93,590,580,1170,25,25,23,31780,31780,Unavailable,1734,1586,1586,98,2,1705,1574,131,29,12,17,1734,1586,91,9,148,3,48,1612,2,35,270,1307,0,445,12,Unavailable,36,45,28,4,65,41,55,98,55,65,65,50
215062,University of Pennsylvania,1,42,2,1,2,University of Pennsylvania,PA,11,5,2,,,,17,,25,0,97,96,89,668,130,95,97,97,88,96,97,5,59465,3489,51,19,70,750,790,1540,35,35,35,58620,58620,Unavailable,11611,10610,10610,93,7,10818,10401,417,793,209,584,11611,10610,91,9,1001,1,130,10768,5,536,280,9952,,2415,8,Unavailable,53,56,39,7,68,59,48,93,48,68,66,50
211440,Carnegie Mellon University,1,42,2,1,2,Carnegie Mellon University,PA,11,4,2,,,,15,,30,0,94,93,79,69,58,89,93,93,79,91,93,5,33707,3843,51,17,68,750,790,1540,35,35,35,62260,62260,Unavailable,7289,7038,7038,99,1,7183,7023,160,106,15,91,7289,7038,97,3,251,1,58,7187,0,12,611,6564,0,1706,5,Unavailable,47,52,38,2,66,57,48,99,48,66,64,50
106458,Arkansas State University,1,5,1,1,2,Arkansas State University,AR,13,4,1,0,80,20,40,13002,137,2,54,52,38,108,826,43,65,55,41,50,53,5,8019,5587,3,86,89,550,550,1100,22,23,21,7176,13248,8390,8760,5310,5310,80,20,6986,5064,1922,1774,246,1528,8760,5310,61,39,3450,10,826,7994,25,1998,3141,2855,75,1195,15,36,23,42,27,27,55,37,55,80,55,55,57,50
107983,Southern Arkansas University Main Campus,1,5,1,1,2,Southern Arkansas University Main Campus,AR,33,3,1,0,69,31,51,14164,20,1,39,38,27,36,199,36,55,46,30,39,41,1,2936,1955,7,100,107,530,520,1050,20,20,18,7200,12780,8930,3224,2706,2706,92,8,2976,2521,455,248,185,63,3224,2706,84,16,518,7,199,2865,13,374,1680,811,4,703,16,38,16,44,19,12,60,26,56,92,56,60,60,50
219082,Dakota State University,1,46,1,1,2,Dakota State University,SD,32,2,1,0,73,27,23,19115,67,2,46,45,28,16,242,40,66,49,35,47,48,5,988,967,11,78,89,590,600,1190,22,21,23,7616,10718,8454,2950,1533,1533,81,19,2388,1333,1055,562,200,362,2950,1533,52,48,1417,12,242,1969,34,671,602,696,8,352,19,27,17,32,25,32,56,33,46,81,46,56,54,50
180416,Montana Technological University,1,30,1,1,2,Montana Technological University,MT,33,2,1,0,77,23,22,15866,22,2,59,57,36,34,71,41,68,58,36,53,58,5,1623,1459,11,78,89,580,590,1170,22,21,23,6113,22706,9929,1435,1340,1340,87,13,1253,1199,54,182,141,41,1435,1340,93,7,95,5,71,1428,0,4,388,1036,2,307,13,28,22,32,26,7,56,37,46,87,46,56,53,50
228468,Southwestern Adventist University,1,48,2,1,2,Southwestern Adventist University,TX,31,1,2,,,,46,,14,2,45,42,26,,47,39,45,41,26,36,39,5,1468,815,78,24,102,525,510,1035,19,20,17,23928,23928,Unavailable,813,592,592,85,15,691,512,179,122,80,42,813,592,73,27,221,8,47,574,8,46,104,424,2,125,12,Unavailable,16,43,22,17,63,30,51,85,51,63,65,50
157401,Murray State University,1,21,1,1,2,Murray State University,KY,32,3,1,0,61,39,36,9738,135,2,58,56,37,13,485,51,70,60,48,60,63,5,11038,9511,20,81,101,540,530,1070,22,22,22,8436,18180,12236,7878,6088,6088,91,9,7189,5710,1479,689,378,311,7878,6088,77,23,1790,7,485,6646,12,825,2582,3239,5,1358,16,30,22,44,27,14,63,38,50,91,50,63,63,50
220215,Freed-Hardeman University,1,47,2,1,2,Freed-Hardeman University,TN,32,2,2,,,,31,,14,1,65,65,58,10,38,57,76,68,59,67,68,5,1077,976,11,89,100,505,505,1010,22,22,20,25000,25000,Unavailable,1878,1236,1236,98,2,1846,1214,632,32,22,10,1878,1236,66,34,642,3,38,1244,9,117,316,811,0,330,13,Unavailable,35,44,28,14,61,40,54,98,54,61,61,49
227757,Rice University,1,48,2,1,2,Rice University,TX,11,3,2,,,,16,,36,1,93,92,87,299,41,92,96,96,89,95,96,5,31059,2447,50,22,72,760,790,1550,35,35,35,57210,57210,Unavailable,4574,4483,4483,100,0,4557,4472,85,17,11,6,4574,4483,98,2,91,1,41,4562,0,0,63,4499,,1196,6,Unavailable,52,54,37,1,70,56,48,100,48,70,69,49
198419,Duke University,1,37,2,1,2,Duke University,NC,11,4,2,,,,13,,26,0,96,96,89,173,56,96,95,96,88,95,96,5,46365,3145,50,31,81,760,790,1550,34,35,34,63450,63450,Unavailable,6374,6321,6321,100,0,6354,6305,49,20,16,4,6488,6435,99,1,53,1,56,6417,0,1,29,6387,,1745,6,Unavailable,53,55,39,0,78,58,48,100,48,78,78,49
230728,Utah State University,1,49,1,1,2,Utah State University,UT,13,5,1,0,71,29,31,15825,370,1,57,55,29,107,1088,48,63,57,30,45,55,5,19331,18097,12,77,89,600,580,1180,24,23,23,7387,23305,12003,25048,16721,16721,88,12,22144,15367,6777,2904,1354,1550,25048,16721,67,33,8327,5,1088,20342,13,2624,10422,7296,333,3218,19,30,17,40,25,18,60,36,49,88,49,60,58,49
106397,University of Arkansas,1,5,1,1,2,University of Arkansas,AR,13,5,1,0,40,60,17,17475,299,1,71,70,52,294,1319,58,75,70,55,68,70,5,28186,20202,28,77,105,570,560,1130,24,24,23,7666,26690,19080,27472,24842,24842,93,7,25617,24180,1437,1855,662,1193,27472,24842,90,10,2630,5,1319,27312,6,1658,6926,18728,33,7058,20,17,31,38,31,7,71,45,51,93,51,71,71,49
181215,University of Nebraska at Kearney,1,31,1,1,2,University of Nebraska at Kearney,NE,32,3,1,0,84,16,34,16249,47,1,58,57,32,32,326,55,66,60,38,57,60,5,7253,6222,4,88,92,530,530,1060,21,21,20,6480,14130,7704,4224,3691,3691,88,12,3706,3411,295,518,280,238,4224,3691,87,13,533,8,326,4130,18,763,1722,1645,17,846,13,35,19,45,28,14,54,38,51,88,51,54,54,49
227526,Prairie View A & M University,1,48,1,1,2,Prairie View A & M University,TX,42,3,1,0,89,11,62,14065,143,2,45,42,15,79,591,41,54,43,19,37,43,1,8777,6609,85,24,109,480,460,940,18,17,17,7387,22590,9059,8521,7862,7862,93,7,7924,7454,470,597,408,189,8527,7862,92,8,665,7,591,8527,4,326,4503,3698,33,1526,16,47,9,52,21,6,62,30,51,93,51,62,62,49
170976,University of Michigan-Ann Arbor,1,26,1,1,2,University of Michigan-Ann Arbor,MI,12,5,1,0,52,48,18,19005,198,1,94,94,81,958,1414,89,94,93,82,92,93,5,87632,15722,52,18,70,720,750,1470,33,35,32,17977,59775,38040,33730,32345,32345,98,2,33181,31932,1249,549,413,136,33730,32345,96,4,1385,4,1414,33488,0,16,3413,30059,26,7024,11,20,49,54,40,2,64,58,47,98,47,64,64,49
147767,Northwestern University,1,17,2,1,2,Northwestern University,IL,13,5,2,,,,19,,67,1,96,95,86,139,237,96,96,96,88,95,96,5,51769,3703,50,29,79,750,780,1530,34,35,34,64887,64887,Unavailable,9155,8792,8792,97,3,8878,8716,162,277,76,201,9157,8794,96,4,363,3,237,8960,0,0,0,8960,,2035,6,Unavailable,52,58,40,2,75,59,47,97,47,75,75,49
115409,Harvey Mudd College,1,6,2,1,2,Harvey Mudd College,CA,21,1,2,,,,14,,3,0,94,94,88,32,7,97,94,94,78,92,94,5,4792,626,50,17,67,750,780,1530,35,35,35,65954,65954,Unavailable,949,911,911,100,0,945,908,37,4,3,1,949,911,96,4,38,1,7,915,Unavailable,,,915,,237,8,Unavailable,53,56,38,#VALUE!,64,57,47,100,47,64,63,49
237950,West Virginia University Institute of Technology,1,54,1,1,2,West Virginia University Institute of Technology,WV,13,2,1,0,81,19,35,11015,25,2,29,28,18,,52,27,48,36,25,35,36,5,1005,613,77,33,110,520,505,1025,21,21,19,8064,20160,10362,1448,944,944,94,6,1366,886,480,82,58,24,1448,944,65,35,504,5,52,1009,4,42,459,508,1,297,12,34,11,31,14,14,69,19,50,94,50,69,69,49
160038,Northwestern State University of Louisiana,1,22,1,1,2,Northwestern State University of Louisiana,LA,33,3,1,0,98,2,47,13156,158,2,46,44,28,60,426,40,51,45,32,42,44,5,3194,2994,3,92,95,545,545,1090,21,21,19,5180,15968,5396,7898,4528,4528,78,22,6145,3851,2294,1753,677,1076,7898,4528,57,43,3370,7,426,5840,40,2347,2600,893,30,879,16,43,17,44,22,34,56,31,54,78,54,56,56,49
159416,Louisiana State University-Shreveport,1,22,1,1,2,Louisiana State University-Shreveport,LA,12,3,1,0,100,0,44,7554,85,3,40,38,23,,334,22,46,33,19,29,33,5,949,785,2,92,94,580,480,1060,22,22,19,5656,5656,5656,2548,1599,1599,73,27,1855,1255,600,693,344,349,2548,1599,63,37,949,16,334,2150,34,733,874,543,18,288,27,43,14,33,25,32,58,30,56,73,56,58,58,49
494685,Urshan College,1,29,2,1,2,Urshan College,MO,21,1,2,,,,40,,0,0,38,31,25,,112,,55,55,32,37,47,1,124,104,72,97,169,515,500,1015,20,20,18,7656,7656,Unavailable,514,443,443,83,17,425,391,34,89,52,37,514,443,86,14,71,22,112,512,30,154,205,153,3,42,21,Unavailable,15,Unavailable,26,20,100,32,54,83,54,100,100,49
139959,University of Georgia,1,13,1,1,2,University of Georgia,GA,12,5,1,0,74,26,17,16303,285,1,88,87,68,878,1865,83,88,87,71,85,87,1,43419,16151,61,38,99,640,630,1270,29,33,30,9790,28830,14740,31514,29799,29799,98,2,30940,29490,1450,574,309,265,31514,29799,95,5,1715,6,1865,31310,0,104,5895,25311,23,6250,17,25,41,50,38,2,79,55,49,98,49,79,84,48
220701,The University of Tennessee Southern,1,47,1,1,2,The University of Tennessee Southern,TN,32,1,1,0,100,0,38,15642,12,1,32,32,24,2,115,26,47,36,27,33,34,1,613,507,6,91,97,530,530,1060,21,22,19,9270,9270,9270,946,773,773,91,9,857,713,144,89,60,29,946,773,82,18,173,14,115,827,4,34,422,371,2,207,13,40,14,32,21,10,57,25,56,91,56,57,60,48
159966,Nicholls State University,1,22,1,1,2,Nicholls State University,LA,13,3,1,0,97,3,39,11029,54,1,50,49,26,20,208,42,63,54,30,49,53,1,3320,3188,2,86,88,540,475,1015,21,21,20,4922,6015,4955,5612,4282,4282,90,10,5025,3920,1105,587,362,225,5612,4282,76,24,1330,4,208,4772,13,604,1971,2197,5,959,17,40,16,41,22,15,51,32,50,90,50,51,52,48
106467,Arkansas Tech University,1,5,1,1,3,Arkansas Tech University,AR,33,3,1,0,94,6,48,11443,99,1,44,43,29,40,283,35,61,49,32,41,43,5,4904,4722,2,90,92,530,500,1030,20,21,19,5995,11989,6355,8808,4940,4940,87,13,7644,4368,3276,1164,572,592,8808,4940,56,44,3868,5,283,5993,17,999,2849,2145,6,1103,18,43,17,42,20,23,51,28,53,87,53,51,54,48
234076,University of Virginia-Main Campus,1,51,1,1,2,University of Virginia-Main Campus,VA,22,5,1,0,63,37,14,17831,275,2,94,94,89,170,783,93,95,95,92,95,95,5,56528,9533,50,16,66,730,760,1490,33,35,32,18823,55450,32375,17612,16829,16829,97,3,17003,16674,329,609,155,454,17612,16829,96,4,783,5,783,17315,2,332,3020,13963,0,4018,15,21,53,54,40,3,61,58,46,97,46,61,61,48
228769,The University of Texas at Arlington,1,48,1,1,2,The University of Texas at Arlington,TX,11,5,1,0,94,6,40,14956,799,3,54,51,28,192,3938,54,60,57,35,51,57,5,23126,18799,69,12,81,560,550,1110,23,21,21,9206,27138,10282,31112,20324,20324,71,29,21940,17369,4571,9172,2955,6217,31112,20324,65,35,10788,13,3938,30834,22,6759,9648,14427,548,4310,23,40,17,47,28,29,56,38,48,71,48,56,55,47
173452,Martin Luther College,1,27,2,1,2,Martin Luther College,MN,32,1,2,,,,25,,4,1,75,75,54,20,25,77,67,71,46,67,71,5,218,180,12,71,83,605,590,1195,24,22,24,17770,17770,Unavailable,743,602,602,80,20,598,590,8,145,12,133,743,602,81,19,141,3,25,718,14,101,9,608,0,142,10,Unavailable,32,51,32,18,56,46,43,80,43,56,52,47
207041,East Central University,1,40,1,1,2,East Central University,OK,33,2,1,0,88,12,42,9355,26,1,32,31,20,23,260,31,27,33,19,31,33,5,1161,761,3,100,103,480,520,1000,19,19,17,6300,15810,7441,2460,2068,2068,77,23,1899,1680,219,561,388,173,2460,2068,84,16,392,12,260,2157,23,498,1064,595,15,465,16,39,12,37,20,21,55,24,53,77,53,55,55,47
220710,Maryville College,1,47,2,1,2,Maryville College,TN,21,2,2,,,,39,,21,2,56,56,46,18,46,38,64,47,39,47,47,5,2809,1845,8,77,85,545,550,1095,24,23,22,37618,37618,Unavailable,1142,1023,1023,96,4,1101,987,114,41,36,5,1142,1023,90,10,119,4,46,1028,0,0,310,718,1,278,12,Unavailable,28,39,25,5,57,35,49,96,49,57,55,47
220075,East Tennessee State University,1,47,1,1,2,East Tennessee State University,TN,13,4,1,0,83,17,38,16033,181,2,53,51,35,12,926,38,65,50,34,46,50,5,9903,8622,7,80,87,540,510,1050,22,22,21,7706,11034,8272,10632,8620,8620,86,14,9159,7834,1325,1473,786,687,10633,8620,81,19,2013,9,926,9807,12,1189,6005,2613,49,2007,18,36,21,38,26,15,53,36,49,86,49,53,54,47
159717,McNeese State University,1,22,1,1,2,McNeese State University,LA,13,3,1,0,93,7,36,11393,52,1,43,41,23,16,285,36,65,52,34,47,51,1,3294,2225,9,88,97,500,480,980,21,21,19,5147,6647,5252,5560,4526,4526,87,13,4841,4088,753,719,438,281,5560,4526,81,19,1034,6,285,4846,15,712,2693,1441,49,1005,18,38,14,36,20,15,57,28,51,87,51,57,57,46
159993,University of Louisiana at Monroe,1,22,1,1,2,University of Louisiana at Monroe,LA,13,3,1,0,81,19,43,11160,66,1,55,53,35,19,332,41,58,51,29,43,48,1,4878,3637,10,88,98,560,650,1210,21,22,19,5788,17888,8087,6550,4001,4001,90,10,5897,3787,2110,653,214,439,6550,4001,61,39,2549,7,332,4891,16,795,1780,2316,26,988,16,37,21,42,25,21,59,36,54,90,54,59,61,46
243744,Stanford University,1,6,2,1,2,Stanford University,CA,21,4,2,,,,20,,39,0,97,96,77,103,56,89,94,93,58,86,93,5,53733,2099,47,22,69,760,790,1550,35,35,35,61731,61731,Unavailable,8054,7841,7841,98,2,7921,7708,213,133,133,0,8054,7841,97,3,213,1,56,7841,0,0,0,7841,,1733,6,Unavailable,46,55,39,1,67,58,45,98,45,67,66,46
136172,University of North Florida,1,12,1,1,2,University of North Florida,FL,11,4,1,0,92,8,31,10628,531,4,64,62,45,56,1247,63,69,68,49,60,63,1,21568,13430,70,30,100,570,530,1100,23,22,20,3996,16799,5020,14264,10712,10712,92,8,13099,10268,2831,1165,444,721,14264,10712,75,25,3552,9,1247,13915,11,1486,8783,3646,97,3008,19,35,27,47,30,14,67,42,50,92,50,67,68,46
101587,University of West Alabama,1,1,1,1,2,University of West Alabama,AL,43,3,1,0,93,7,54,14781,43,2,39,37,26,1,542,33,42,38,20,34,37,5,2041,1778,4,98,102,520,385,905,19,20,17,9100,18200,9737,2672,2118,2118,56,44,1508,1156,352,1164,962,202,2673,2119,79,21,554,20,542,2666,53,1419,398,849,7,293,17,45,16,44,27,40,54,32,54,56,54,54,57,46
102094,University of South Alabama,1,1,1,1,2,University of South Alabama,AL,12,4,1,0,93,7,38,13613,197,2,50,47,28,205,779,45,60,53,33,47,52,5,12593,8247,6,83,89,560,540,1100,22,22,20,8976,17952,9604,8914,7499,7499,88,12,7805,6865,940,1109,634,475,8914,7499,84,16,1415,9,779,8540,5,458,4080,4002,14,1596,18,38,17,42,24,11,55,34,51,88,51,55,55,46
238032,West Virginia University,1,54,1,1,2,West Virginia University,WV,13,5,1,0,42,58,21,13691,371,2,64,63,44,43,688,49,67,61,43,57,60,5,19857,17129,67,30,97,570,550,1120,23,22,22,9648,27360,19921,18615,17126,17126,96,4,17852,16684,1168,763,442,321,18615,17126,92,8,1489,4,688,17705,4,690,9463,7552,10,4560,17,19,26,35,28,5,66,40,48,96,48,66,66,46
156620,Eastern Kentucky University,1,21,1,1,2,Eastern Kentucky University,KY,32,4,1,0,92,8,42,10852,282,2,53,52,34,314,1008,46,61,50,40,52,55,5,17082,13340,3,87,90,530,525,1055,21,21,19,9830,20520,10685,Unavailable,Unavailable,Unavailable,Unavailable,#VALUE!,,,,12726,9960,2766,12726,9960,78,22,2766,9,1008,11674,25,2926,5612,3136,110,2041,15,40,20,44,26,#VALUE!,53,35,51,Unavailable,51,53,53,46
178396,University of Missouri-Columbia,1,29,1,1,2,University of Missouri-Columbia,MO,12,5,1,0,70,30,21,20006,281,1,73,73,52,466,1164,67,79,76,56,73,76,5,21669,16690,10,66,76,620,610,1230,26,25,25,13008,33216,19070,23613,22090,22090,97,3,22823,21694,1129,790,396,394,23613,22090,94,6,1523,5,1164,23118,5,1125,11527,10466,53,4928,17,26,31,44,32,5,55,46,46,97,46,55,54,46
144050,University of Chicago,1,17,2,1,2,University of Chicago,IL,11,4,2,,,,15,,99,1,96,96,91,1146,124,92,95,95,86,93,95,5,38631,1849,46,30,76,760,790,1550,35,35,34,63801,63801,Unavailable,7643,7617,7617,99,1,7559,7533,26,84,84,0,7643,7617,100,0,26,2,124,7540,Unavailable,,,7540,,1728,5,Unavailable,55,54,39,#VALUE!,74,58,44,99,44,74,73,45
207403,Oklahoma Baptist University,1,40,2,1,2,Oklahoma Baptist University,OK,32,2,2,,,,31,,16,1,54,54,43,,55,41,61,50,41,49,50,5,3730,2077,17,71,88,550,550,1100,24,22,23,30340,30340,Unavailable,1392,1264,1264,94,6,1302,1185,117,90,79,11,1409,1272,90,10,137,4,55,1292,1,14,124,1154,2,366,15,Unavailable,26,36,24,6,59,34,43,94,43,59,55,45
169798,Eastern Michigan University,1,26,1,1,2,Eastern Michigan University,MI,21,4,1,0,100,0,38,17388,156,1,51,48,23,42,814,37,56,45,23,40,45,5,20351,16555,71,6,77,530,510,1040,22,22,21,15200,15200,15200,11129,8054,8054,81,19,9020,7347,1673,2109,707,1402,11129,8054,72,28,3075,8,814,10751,14,1471,5064,4216,39,1978,15,40,14,38,24,20,50,34,47,81,47,50,51,45
220181,Fisk University,1,47,2,1,2,Fisk University,TN,11,2,2,,,,48,,0,0,45,45,38,,0,50,26,44,39,40,44,5,7982,4622,52,25,77,635,695,1330,22,22,20,22320,22320,Unavailable,950,925,925,97,3,917,894,23,33,31,2,950,925,97,3,25,0,,950,0,0,10,940,5,298,11,Unavailable,23,49,18,2,59,27,41,97,41,59,57,45
152530,Taylor University,1,18,2,1,2,Taylor University,IN,42,2,2,,,,16,,18,1,77,77,73,6,40,70,81,77,69,76,77,5,2076,1580,60,33,93,600,600,1200,27,26,25,38140,38140,Unavailable,2372,1863,1863,99,1,2357,1856,501,15,7,8,2372,1863,79,21,509,2,40,1890,0,7,265,1618,0,515,14,Unavailable,44,43,32,7,70,47,45,99,45,70,69,45
179566,Missouri State University-Springfield,1,29,1,1,2,Missouri State University-Springfield,MO,12,5,1,0,81,17,29,17104,177,1,61,59,38,250,1263,47,65,57,42,54,57,5,11901,10836,6,77,83,560,550,1110,22,22,21,7812,16716,9326,19259,11613,11613,91,9,17511,10624,6887,1748,989,759,19259,11613,60,40,7646,9,1263,13407,13,1798,7089,4520,144,2188,21,32,23,38,29,20,51,40,47,91,47,51,51,45
106245,University of Arkansas at Little Rock,1,5,1,1,2,University of Arkansas at Little Rock,AR,12,3,1,0,89,11,50,11225,139,2,40,37,24,53,853,37,53,41,25,37,39,1,3661,2114,6,85,91,510,530,1040,20,21,19,6600,19050,7970,5789,2917,2917,66,34,3815,2175,1640,1974,742,1232,5789,2917,50,50,2872,18,853,4740,43,2029,1942,769,22,473,11,42,14,44,26,41,51,31,50,66,50,51,53,45
221731,Tennessee Wesleyan University,1,47,2,1,2,Tennessee Wesleyan University,TN,32,2,2,,,,39,,14,2,52,52,44,23,138,34,56,44,35,41,44,5,988,587,6,85,91,550,510,1060,20,20,19,28014,28014,Unavailable,854,764,764,87,13,742,688,54,112,76,36,857,766,89,11,91,17,138,832,10,81,264,487,0,196,12,Unavailable,26,37,31,11,51,38,47,87,47,51,51,45
159382,Louisiana State University-Alexandria,1,22,1,1,2,Louisiana State University-Alexandria,LA,41,3,1,0,86,14,42,8081,81,2,28,27,19,8,1074,29,90,36,33,40,40,1,706,654,5,95,100,500,510,1010,20,20,17,4950,5150,4978,5328,2755,2755,56,44,3000,1723,1277,2328,1032,1296,5330,2757,52,48,2573,24,1074,4414,59,2613,926,875,30,258,14,38,11,36,25,50,56,27,53,56,53,56,56,45
441982,Franklin W Olin College of Engineering,1,25,2,1,2,Franklin W Olin College of Engineering,MA,21,1,2,,,,15,,0,0,97,97,78,18,0,82,93,92,73,91,92,5,928,201,46,22,68,750,780,1530,35,35,35,59972,59972,Unavailable,Unavailable,Unavailable,Unavailable,#VALUE!,Unavailable,399,371,28,,,,402,373,93,7,29,0,,373,Unavailable,,,373,,75,9,Unavailable,47,49,39,#VALUE!,65,58,43,Unavailable,43,65,65,45
237525,Marshall University,1,54,1,1,2,Marshall University,WV,13,4,1,0,78,22,43,9734,110,1,55,53,34,57,537,39,60,49,34,45,49,5,6499,6269,73,56,129,530,490,1020,21,21,19,7372,18724,9869,8235,6576,6576,89,11,7308,5981,1327,927,595,332,8235,6576,80,20,1659,8,537,7149,8,561,3368,3220,26,1512,15,37,20,41,26,13,79,36,48,89,48,79,81,45
186380,Rutgers University-New Brunswick,1,34,1,1,2,Rutgers University-New Brunswick,NJ,13,5,1,0,85,15,27,19052,319,1,85,84,68,492,2139,81,88,85,71,83,85,5,43347,28326,51,5,56,680,700,1380,31,31,29,13674,32436,16488,36588,35082,35082,95,5,34813,33933,880,1775,1149,626,36588,35082,96,4,1506,6,2139,36357,1,517,18526,17314,11,7526,15,32,41,54,37,4,48,53,43,95,43,48,48,45
219471,University of South Dakota,1,46,1,1,2,University of South Dakota,SD,32,3,1,0,85,15,24,18466,90,1,61,60,43,47,285,51,69,61,48,59,61,5,5349,5293,2,73,75,610,585,1195,22,22,22,7773,11283,8300,7095,4577,4577,93,7,6585,4403,2182,510,174,336,7095,4577,65,35,2518,5,285,5239,8,438,2331,2470,43,1229,14,31,26,38,27,16,46,39,45,93,45,46,46,45
204194,Mount Vernon Nazarene University,1,39,2,1,2,Mount Vernon Nazarene University,OH,32,2,2,,,,33,,24,1,61,59,46,12,73,54,63,64,55,62,64,5,1134,956,12,73,85,560,555,1115,22,21,22,25309,25309,Unavailable,1631,1385,1385,84,16,1371,1128,243,260,257,3,1631,1385,85,15,246,5,73,1346,24,327,72,947,1,288,12,Unavailable,28,44,27,18,53,39,43,84,43,53,51,45
220613,Lee University,1,47,2,1,2,Lee University,TN,13,2,2,,,,31,,28,1,59,58,46,11,163,53,69,61,49,60,61,5,2150,1552,20,76,96,580,540,1120,23,24,21,21960,21960,Unavailable,3237,2432,2432,82,18,2652,2304,348,585,128,457,3253,2432,75,25,821,6,163,2712,14,367,319,2026,1,517,12,Unavailable,28,42,27,19,63,38,51,82,51,63,65,44
102049,Samford University,1,1,2,1,2,Samford University,AL,21,3,2,,,,11,,58,2,79,79,68,,83,64,81,80,72,80,80,5,4541,3734,27,66,93,600,560,1160,25,26,24,37144,37144,Unavailable,3832,3778,3778,99,1,3786,3749,37,46,29,17,3832,3778,99,1,54,2,83,3828,0,5,363,3460,2,972,14,Unavailable,41,38,33,1,65,48,48,99,48,65,68,44
157447,Northern Kentucky University,1,21,1,1,2,Northern Kentucky University,KY,21,4,1,0,66,34,29,8151,33,0,52,50,31,7,674,38,58,48,35,46,49,5,6417,6162,5,79,84,515,510,1025,22,22,20,10512,21096,14111,9927,7011,7011,84,16,8294,6267,2027,1633,744,889,9927,7011,71,29,2916,8,674,8065,32,2618,4780,667,56,1515,18,28,19,34,25,25,51,35,48,84,48,51,51,44
171146,University of Michigan-Flint,1,26,1,1,2,University of Michigan-Flint,MI,13,3,1,0,94,6,40,12344,78,2,40,36,12,77,653,38,54,45,20,38,45,5,8870,6105,65,3,68,560,540,1100,24,23,22,12942,25854,13717,4751,2961,2961,68,32,3238,2260,978,1513,701,812,4751,2961,62,38,1790,16,653,4157,31,1304,2175,678,37,484,14,40,7,39,24,33,47,30,46,68,46,47,47,44
151102,Purdue University Fort Wayne,1,18,1,1,2,Purdue University Fort Wayne,IN,11,3,1,0,89,11,35,12619,10,0,39,37,22,12,299,27,39,32,21,29,32,5,6466,5539,66,8,74,540,530,1070,23,22,23,8049,21015,9475,8110,4607,4607,90,10,7307,4230,3077,803,377,426,8110,4607,57,43,3503,5,299,5450,11,574,2519,2357,38,1172,13,36,13,31,18,20,49,26,45,90,45,49,49,44
150145,Bethel University,1,18,2,1,2,Bethel University,IN,13,2,2,,,,36,,12,1,64,63,54,30,131,43,66,57,51,56,57,5,833,822,66,10,76,540,530,1070,21,21,20,32740,32740,Unavailable,1107,991,991,87,13,968,924,44,139,67,72,1107,991,90,10,116,12,131,1069,15,162,276,631,1,247,12,Unavailable,32,40,33,13,50,43,45,87,45,50,50,44
150941,Huntington University,1,18,2,1,2,Huntington University,IN,32,2,2,,,,32,,17,1,69,69,59,18,63,51,84,68,61,68,68,5,1570,1117,59,10,69,530,590,1120,23,24,26,29030,29030,Unavailable,1286,898,898,94,6,1215,857,358,71,41,30,1286,898,70,30,388,6,63,1016,3,35,108,873,20,252,10,Unavailable,35,42,31,12,48,44,39,94,39,48,46,44
100706,University of Alabama in Huntsville,1,1,1,1,2,University of Alabama in Huntsville,AL,12,3,1,0,84,16,23,19847,288,4,63,61,35,19,603,49,70,62,41,57,62,5,6074,4510,6,58,64,650,680,1330,28,28,27,10120,23012,12183,6851,5644,5644,85,15,5816,5150,666,1035,494,541,6851,5644,82,18,1207,9,603,6650,5,353,3554,2743,18,1154,17,30,21,36,30,13,50,41,45,85,45,50,50,44
188030,New Mexico State University-Main Campus,1,35,1,1,2,New Mexico State University-Main Campus,NM,22,4,1,0,73,27,42,8353,196,2,53,50,26,50,662,47,59,52,32,48,52,5,15201,11511,71,22,93,500,490,990,20,19,18,6283,23407,10906,12113,9865,9865,80,20,9749,8643,1106,2364,1222,1142,12113,9865,81,19,2248,6,662,11561,15,1761,6271,3529,33,2292,15,35,16,45,23,18,56,34,44,80,44,56,56,43
175342,Alcorn State University,1,28,1,1,2,Alcorn State University,MS,43,2,1,0,100,0,80,13155,20,1,43,42,33,34,179,41,60,46,35,44,45,1,7511,1852,8,92,100,470,450,920,20,20,17,7869,7869,7869,2432,1966,1966,90,10,2177,1811,366,255,155,100,2432,1966,81,19,466,8,179,2290,8,180,1591,519,39,459,16,57,20,61,21,12,56,29,51,90,51,56,56,43
155317,University of Kansas,1,20,1,1,2,University of Kansas,KS,13,5,1,0,59,41,20,18322,337,2,67,66,50,665,1170,56,75,69,54,66,69,5,19226,16958,11,68,79,590,570,1160,24,23,23,10596,28308,17858,20696,18262,18262,93,7,19261,17591,1670,1435,671,764,20696,18262,88,12,2434,6,1170,19857,5,991,9499,9367,86,4370,17,23,30,38,30,8,53,43,43,93,43,53,52,43
133553,Embry-Riddle Aeronautical University-Daytona Beach,1,12,2,1,2,Embry-Riddle Aeronautical University-Daytona Beach,FL,13,4,2,,,,20,,579,6,65,62,34,448,235,61,71,67,39,63,68,5,10286,6818,56,27,83,620,620,1240,27,25,26,40680,40680,Unavailable,10274,7187,7187,95,5,9766,6776,2990,508,411,97,10274,7187,70,30,3087,3,235,7535,1,40,903,6592,13,1812,18,Unavailable,20,41,27,11,64,40,43,95,43,64,62,43
171137,University of Michigan-Dearborn,1,26,1,1,2,University of Michigan-Dearborn,MI,12,3,1,0,92,8,45,12798,42,1,60,56,27,106,562,49,62,57,30,50,56,5,12373,7254,62,3,65,560,560,1120,26,26,27,14544,30960,15857,6071,4815,4815,86,14,5250,4445,805,821,370,451,6071,4815,79,21,1256,10,562,5882,6,339,3535,2008,29,976,16,41,16,47,28,13,46,40,43,86,43,46,46,43
206695,Youngstown State University,1,39,1,1,2,Youngstown State University,OH,13,4,1,0,75,25,35,11740,94,1,50,47,23,27,359,43,64,53,33,48,53,5,5799,4658,17,78,95,540,540,1080,20,20,20,9611,9971,9701,8436,6603,6603,90,10,7558,6151,1407,878,452,426,8436,6603,78,22,1833,5,359,7340,7,494,3884,2962,38,1523,18,33,14,39,22,13,55,32,43,90,43,55,55,43
157818,Transylvania University,1,21,2,1,2,Transylvania University,KY,11,2,2,,,,24,,12,1,73,73,70,5,15,64,77,70,65,70,70,5,1986,1688,4,60,64,630,580,1210,27,28,26,43160,43160,Unavailable,1014,999,999,100,0,1010,995,15,4,4,0,1022,999,98,2,23,1,15,1014,0,0,0,1014,0,278,10,Unavailable,42,44,30,1,48,44,47,100,47,48,50,43
107877,Williams Baptist University,1,5,2,1,2,Williams Baptist University,AR,42,1,2,,,,48,,3,1,33,32,26,7,39,29,45,36,26,34,35,5,1014,597,5,91,96,485,485,970,19,19,17,18860,18860,Unavailable,491,484,484,97,3,476,473,3,15,11,4,491,484,99,1,7,8,39,490,0,0,210,280,0,143,12,Unavailable,16,39,18,2,51,23,48,97,48,51,51,43
490805,Purdue University Northwest,1,18,1,1,2,Purdue University Northwest,IN,21,3,1,0,83,17,37,9637,68,1,42,40,21,14,418,41,46,44,28,40,44,5,6394,4516,67,5,72,520,510,1030,21,20,21,7259,14144,8429,7902,4668,4668,86,14,6787,4208,2579,1115,460,655,7902,4668,59,41,3234,7,418,5786,9,515,2201,3070,57,1235,17,36,13,39,20,21,46,28,44,86,44,46,46,43
237367,Fairmont State University,1,54,1,1,2,Fairmont State University,WV,32,2,1,0,87,13,38,10993,34,1,45,45,28,6,216,37,56,48,32,42,45,1,1979,1964,75,37,112,510,455,965,20,20,19,6468,16174,7730,3059,2338,2338,87,13,2666,2120,546,393,218,175,3060,2338,76,24,722,8,216,2690,8,228,1478,984,20,665,12,37,17,38,23,15,66,30,48,87,48,66,68,43
229027,The University of Texas at San Antonio,1,48,1,1,2,The University of Texas at San Antonio,TX,11,5,1,0,98,2,43,10831,1550,5,53,51,29,74,2901,51,52,51,32,46,51,5,22497,19900,63,8,71,560,540,1100,22,21,21,6239,19177,6498,30310,22625,22625,85,15,25764,20416,5348,4546,2209,2337,30310,22625,75,25,7685,10,2901,29675,13,3926,18499,7250,1075,4616,25,42,17,47,26,18,48,36,44,85,44,48,49,43
176789,Calvary University,1,29,2,1,2,Calvary University,MO,11,1,2,,,,36,,3,2,37,37,11,3,18,47,43,53,35,47,47,5,110,78,33,85,118,560,520,1080,18,17,18,12210,12210,Unavailable,198,113,113,81,19,160,109,51,38,4,34,198,113,57,43,85,11,18,170,41,69,59,42,4,26,8,Unavailable,7,42,21,33,65,26,40,81,40,65,63,43
142285,University of Idaho,1,16,1,1,2,University of Idaho,ID,32,4,1,0,58,39,31,14377,143,2,61,59,38,147,490,57,66,61,41,58,61,5,12222,9666,64,6,70,547,529,1076,25,24,24,6540,27508,14718,9269,6873,6873,92,8,8541,6463,2078,728,410,318,9269,6873,74,26,2396,7,490,7363,7,503,3492,3368,40,1906,17,27,23,44,28,13,47,39,44,92,44,47,48,42
145637,University of Illinois Urbana-Champaign,1,17,1,1,2,University of Illinois Urbana-Champaign,IL,13,5,1,0,71,29,25,14297,125,0,86,85,71,615,1462,77,88,85,73,83,85,5,67398,29446,47,18,65,690,720,1410,32,33,30,14768,35900,20896,35564,34468,34468,99,1,35129,34178,951,435,290,145,35564,34468,97,3,1096,4,1462,34623,1,282,21381,12960,11,7943,20,28,43,51,37,2,57,53,41,99,41,57,57,42
150400,DePauw University,1,18,2,1,2,DePauw University,IN,32,2,2,,,,16,,7,0,83,83,79,2,13,73,81,80,73,78,80,5,7197,3891,52,6,58,630,650,1280,29,28,28,56030,56030,Unavailable,1817,1792,1792,100,0,1814,1789,25,3,3,0,1819,1792,99,1,27,1,13,1804,0,0,76,1728,,535,10,Unavailable,47,45,34,1,46,50,41,100,41,46,46,42
156125,Wichita State University,1,20,1,1,2,Wichita State University,KS,11,4,1,0,75,25,35,14184,302,2,51,48,25,15,1295,46,56,51,31,48,51,5,8637,8200,5,76,81,550,540,1090,22,21,20,7247,17165,9727,12856,8564,8564,78,22,9989,7366,2623,2867,1198,1669,12856,8564,67,33,4292,12,1295,10493,17,1778,5088,3627,85,1762,20,33,15,41,27,24,50,36,44,78,44,50,48,42
207388,Oklahoma State University-Main Campus,1,40,1,1,2,Oklahoma State University-Main Campus,OK,32,5,1,0,65,35,27,18291,431,2,67,66,45,239,1556,52,74,66,49,63,66,5,19612,13910,23,69,92,570,560,1130,23,22,22,5417,20937,10849,21354,18930,18930,91,9,19486,17882,1604,1868,1048,820,21354,18930,89,11,2424,7,1556,20814,9,1907,9967,8940,295,4327,18,27,27,40,31,10,60,43,42,91,42,60,59,42
213996,Messiah University,1,42,2,1,2,Messiah University,PA,21,2,2,,,,21,,37,1,77,77,73,36,69,73,83,78,74,78,78,5,2375,1864,56,6,62,610,600,1210,26,24,25,39700,39700,Unavailable,2586,2254,2254,98,2,2541,2230,311,45,24,21,2586,2254,87,13,332,3,69,2318,1,15,503,1800,0,587,12,Unavailable,44,47,33,5,47,47,43,98,43,47,47,42
200800,University of Akron Main Campus,1,39,1,1,2,University of Akron Main Campus,OH,12,4,1,0,92,8,32,15292,151,1,51,49,22,185,429,38,63,48,29,49,53,5,14982,10624,20,72,92,540,540,1080,21,21,21,10399,14839,10754,11452,8444,8444,89,11,10226,7943,2283,1226,501,725,11452,8444,74,26,3008,4,429,10011,8,810,5859,3342,44,2064,16,36,13,35,22,15,56,32,42,89,42,56,56,42
176017,University of Mississippi,1,28,1,1,2,University of Mississippi,MS,33,5,1,0,36,64,23,14946,319,2,70,68,52,185,1244,55,76,68,55,66,68,5,27837,27218,24,63,87,560,540,1100,25,25,24,9252,26820,20496,19094,18032,18032,96,4,18292,17584,708,802,448,354,19094,18032,94,6,1062,7,1244,18995,6,1069,12159,5767,36,4426,17,18,31,39,31,5,60,45,44,96,44,60,61,42
153250,Dordt University,1,19,2,1,2,Dordt University,IA,33,2,2,,,,20,,13,1,76,75,71,11,38,62,68,65,63,67,67,5,1595,1135,21,63,84,560,570,1130,24,24,24,35360,35360,Unavailable,1692,1528,1528,99,1,1668,1515,153,24,13,11,1695,1531,90,10,164,2,38,1547,0,7,303,1237,4,438,14,Unavailable,43,41,31,4,57,47,42,99,42,57,57,42
209922,Reed College,1,41,2,1,2,Reed College,OR,11,2,2,,,,13,,9,1,75,73,61,28,16,65,78,76,62,73,76,5,10045,2728,48,23,71,710,700,1410,32,34,29,66710,66710,Unavailable,1439,1404,1404,99,1,1423,1392,31,16,12,4,1439,1404,98,2,35,1,16,1407,0,0,134,1273,,394,9,Unavailable,37,39,30,1,63,45,43,99,43,63,64,42
182670,Dartmouth College,1,33,2,1,2,Dartmouth College,NH,33,3,2,,,,15,,40,1,95,94,86,296,30,92,97,96,84,95,96,5,28841,1797,43,23,66,760,780,1540,34,35,34,63684,63684,Unavailable,4447,4419,4419,99,1,4418,4391,27,29,28,1,4447,4419,99,1,28,1,30,4367,Unavailable,,,4367,,1124,7,Unavailable,52,54,38,#VALUE!,63,57,41,99,41,63,63,42
196079,Binghamton University,1,36,1,1,2,Binghamton University,NY,22,4,1,0,86,14,27,18860,0,0,85,84,75,134,801,79,86,84,77,83,84,5,49513,18683,47,9,56,700,710,1410,32,33,30,7070,26160,9743,14329,14009,14009,98,2,14084,13835,249,245,174,71,14409,14088,98,2,321,6,801,14401,1,75,1076,13250,4,3102,18,32,45,53,37,2,49,53,41,98,41,49,49,42
201645,Case Western Reserve University,1,39,2,1,2,Case Western Reserve University,OH,11,4,2,,,,17,,33,1,85,84,67,238,66,87,86,87,72,85,87,5,39033,11193,43,23,66,720,770,1490,34,34,33,64100,64100,Unavailable,6186,6093,6093,99,1,6110,6055,55,76,38,38,6186,6093,98,2,93,1,66,6108,0,0,47,6061,,1551,9,Unavailable,40,52,34,1,62,51,39,99,39,62,60,41
169910,Ferris State University,1,26,1,1,2,Ferris State University,MI,33,3,1,0,100,0,36,13154,128,1,56,55,36,42,826,43,59,48,31,50,54,5,9548,7694,66,1,67,500,500,1000,20,19,19,14140,14140,14140,8940,6542,6542,85,15,7608,6086,1522,1332,456,876,8940,6542,73,27,2398,10,826,8087,16,1264,3024,3799,19,648,15,39,22,40,28,19,42,38,41,85,41,42,42,41
169983,Kettering University,1,26,2,1,2,Kettering University,MI,13,2,2,,,,17,,17,1,74,70,10,22,22,59,71,71,16,62,71,5,1951,1543,53,7,60,590,620,1210,27,25,27,45380,45380,Unavailable,1290,1233,1233,97,3,1246,1196,50,44,37,7,1290,1233,96,4,57,2,22,1279,0,0,24,1255,0,294,11,Unavailable,6,38,29,3,45,45,39,97,39,45,44,41
175616,Delta State University,1,28,1,1,2,Delta State University,MS,33,2,1,0,100,0,50,13457,34,2,45,44,24,85,329,41,57,47,31,44,47,1,1242,1238,11,82,93,550,550,1100,21,21,18,8435,8435,8435,1964,1407,1407,84,16,1641,1247,394,323,160,163,1964,1407,72,28,557,20,329,1613,14,222,915,476,5,212,11,45,14,46,30,19,55,35,48,84,48,55,55,41
201371,Bluffton University,1,39,2,1,2,Bluffton University,OH,42,1,2,,,,38,,9,1,53,53,49,12,52,43,53,50,47,50,50,5,2873,1757,63,7,70,500,520,1020,19,19,20,35498,35498,Unavailable,596,584,584,97,3,580,571,9,16,13,3,602,584,97,3,18,9,52,595,1,6,9,580,,162,10,Unavailable,29,41,26,2,44,35,39,97,39,44,43,41
138354,University of West Florida,1,12,1,1,2,University of West Florida,FL,41,4,1,0,86,14,34,8908,13,0,54,52,35,47,1237,58,65,62,47,58,62,1,9831,5591,49,67,116,580,540,1120,23,23,22,3735,16004,5453,9042,6466,6466,72,28,6520,5368,1152,2522,1098,1424,9661,6570,68,32,3091,14,1237,9042,29,2636,4501,1905,160,1011,22,35,21,46,29,30,77,38,43,72,43,77,78,41
190372,The Cooper Union for the Advancement of Science and Art,1,36,2,1,2,The Cooper Union for the Advancement of Science and Art,NY,11,1,2,,,,28,,0,0,86,83,64,61,19,77,82,80,55,76,80,5,1790,341,43,9,52,720,760,1480,33,34,34,44550,44550,Unavailable,891,891,891,99,1,879,879,0,12,12,0,901,899,100,0,2,2,19,891,Unavailable,,,891,,195,9,Unavailable,38,53,34,#VALUE!,48,52,39,99,39,48,47,41
179946,Westminster College,1,29,2,1,2,Westminster College,MO,32,1,2,,,,40,,10,2,54,52,46,30,34,53,59,57,48,56,57,5,2279,1768,8,70,78,530,490,1020,21,20,21,31156,31156,Unavailable,593,586,586,96,4,570,566,4,23,20,3,593,586,99,1,7,6,34,592,2,13,89,490,,161,10,Unavailable,28,47,24,3,46,35,39,96,39,46,44,41
187985,University of New Mexico-Main Campus,1,35,1,1,2,University of New Mexico-Main Campus,NM,11,5,1,0,78,22,37,7528,20,0,57,53,34,276,1235,46,58,53,36,48,52,5,12907,12320,64,15,79,520,510,1030,22,21,21,6803,25139,10837,16905,13651,13651,80,20,13487,12021,1466,3418,1630,1788,16905,13651,81,19,3254,7,1235,16686,14,2270,7665,6751,115,3390,15,34,20,42,26,18,50,37,42,80,42,50,50,41
176479,William Carey University,1,28,2,1,2,William Carey University,MS,13,3,2,,,,46,,54,2,61,60,38,65,386,34,45,41,32,40,41,1,571,331,4,86,90,580,540,1120,22,23,17,13500,13500,Unavailable,3113,1780,1780,77,23,2388,1197,1191,725,583,142,3113,1780,57,43,1333,21,386,1818,31,565,905,348,1,173,13,Unavailable,23,40,37,31,55,45,55,77,55,55,58,41
169248,Central Michigan University,1,26,1,1,2,Central Michigan University,MI,32,4,1,0,100,0,31,15826,124,1,63,62,34,22,937,51,72,62,39,58,62,5,18102,16474,60,6,66,550,540,1090,24,24,23,13862,13862,13862,10055,8607,8607,86,14,8673,8040,633,1382,567,815,10055,8607,86,14,1448,9,937,9916,14,1417,3741,4758,35,1984,16,37,20,41,30,14,45,42,41,86,41,45,45,41
231624,William & Mary,1,51,1,1,2,William & Mary,VA,23,3,1,0,59,41,12,20422,240,3,92,91,86,147,167,88,92,91,86,90,91,5,17548,5741,45,17,62,730,720,1450,33,35,31,18253,42053,28011,6963,6887,6887,99,1,6885,6833,52,78,54,24,6963,6887,99,1,76,2,167,6949,0,0,78,6871,0,1640,13,20,52,50,38,1,56,56,41,99,41,56,58,41
207971,University of Tulsa,1,40,2,1,2,University of Tulsa,OK,11,2,2,,,,26,,41,2,74,73,58,89,116,66,77,73,62,72,73,5,6631,3845,26,54,80,665,670,1335,28,29,27,46932,46932,Unavailable,2485,2288,2288,95,5,2355,2204,151,130,84,46,2485,2288,92,8,197,5,116,2447,1,20,37,2390,66,585,9,Unavailable,35,46,32,5,64,46,44,95,44,64,65,41
162928,Johns Hopkins University,1,24,2,1,2,Johns Hopkins University,MD,11,5,2,,,,21,,31,1,95,95,87,964,55,94,95,95,87,93,95,5,38926,2943,41,14,55,760,790,1550,35,35,35,62840,62840,Unavailable,6089,5607,5607,95,5,5782,5582,200,307,25,282,6089,5607,92,8,482,1,55,5617,0,3,494,5120,,1402,6,Unavailable,52,58,39,4,53,57,39,95,39,53,53,40
190044,Clarkson University,1,36,2,1,2,Clarkson University,NY,33,2,2,,,,21,,21,1,76,76,63,4,60,66,74,74,64,72,74,5,7347,5669,49,8,57,640,660,1300,29,28,28,56642,56642,Unavailable,2513,2478,2478,99,1,2494,2464,30,19,14,5,2513,2478,99,1,35,2,60,2449,0,0,289,2160,,595,12,Unavailable,38,44,32,1,46,47,39,99,39,46,45,40
168342,Williams College,1,25,2,1,2,Williams College,MA,31,2,2,,,,17,,13,1,95,94,85,56,13,98,97,97,74,95,97,5,11465,1145,42,18,60,760,770,1530,34,35,33,64540,64540,Unavailable,2110,2070,2070,99,1,2089,2049,40,21,21,0,2112,2070,98,2,42,1,13,2060,Unavailable,,,2060,,577,6,Unavailable,51,58,38,#VALUE!,57,57,40,99,40,57,57,40
151801,Indiana Wesleyan University-Marion,1,18,2,1,2,Indiana Wesleyan University-Marion,IN,32,2,2,,,,27,,14,1,72,71,62,113,55,55,74,66,58,65,66,5,3035,2495,61,14,75,540,530,1070,21,22,21,31168,31168,Unavailable,2079,1893,1893,99,1,2051,1874,177,28,19,9,2079,1893,91,9,186,3,55,1927,0,1,315,1611,0,580,12,Unavailable,37,41,30,3,49,44,41,99,41,49,50,40
237330,Concord University,1,54,1,1,2,Concord University,WV,41,2,1,0,64,36,50,10630,15,1,43,42,29,1,136,38,46,42,32,40,42,5,2376,2130,70,30,100,490,460,950,20,20,18,9100,20000,13024,1472,1339,1339,86,14,1265,1180,85,207,159,48,1472,1339,91,9,133,10,136,1394,17,235,780,379,5,365,15,36,17,44,23,13,58,30,43,86,43,58,60,40
178624,Northwest Missouri State University,1,29,1,1,2,Northwest Missouri State University,MO,33,3,1,0,65,35,31,15497,57,1,52,51,34,66,313,46,67,58,43,55,57,5,6834,5871,2,76,78,560,550,1110,21,20,19,6442,12884,8697,5598,4186,4186,91,9,5100,3977,1123,498,209,289,5599,4186,75,25,1413,7,313,4550,14,643,1372,2535,19,1076,19,29,20,39,25,15,46,34,42,91,42,46,44,40
221892,Trevecca Nazarene University,1,47,2,1,2,Trevecca Nazarene University,TN,11,2,2,,,,33,,27,1,50,49,39,,70,43,64,55,46,53,54,5,1958,1371,19,76,95,550,540,1090,21,21,19,28590,28590,Unavailable,1822,1325,1325,82,18,1496,1292,204,326,33,293,1825,1328,73,27,497,4,70,1697,20,341,613,743,13,365,22,Unavailable,23,38,22,21,57,32,44,82,44,57,57,40
219806,Carson-Newman University,1,47,2,1,2,Carson-Newman University,TN,23,2,2,,,,42,,25,1,56,56,49,,100,33,60,46,42,46,47,5,2991,2042,10,72,82,520,520,1040,22,21,20,32900,32900,Unavailable,1669,1348,1348,95,5,1589,1282,307,80,66,14,1669,1348,81,19,321,7,100,1374,2,28,630,716,2,299,12,Unavailable,29,38,27,8,51,37,42,95,42,51,49,40
219000,Augustana University,1,46,2,1,2,Augustana University,SD,12,2,2,,,,17,,17,1,71,71,57,5,80,67,81,76,60,74,76,5,3330,1973,6,60,66,570,590,1160,24,23,24,38150,38150,Unavailable,1870,1787,1787,97,3,1819,1751,68,51,36,15,1871,1787,96,4,84,4,80,1818,0,0,152,1666,0,552,11,Unavailable,34,42,31,2,44,44,38,97,38,44,43,40
168218,Wellesley College,1,25,2,1,2,Wellesley College,MA,21,2,2,,,,21,,6,0,93,92,84,19,16,86,93,91,80,90,91,5,8184,1138,42,17,59,750,760,1510,34,35,32,64000,64000,Unavailable,2418,2335,2335,99,1,2401,2320,81,17,15,2,2418,2335,97,3,83,1,16,2318,0,0,0,2318,,586,7,Unavailable,50,54,37,1,56,56,39,99,39,56,56,40
207324,Oklahoma Christian University,1,40,2,1,2,Oklahoma Christian University,OK,11,2,2,,,,32,,29,1,57,56,42,24,137,40,63,55,44,54,55,5,1367,1327,25,65,90,550,560,1110,22,21,22,24550,24550,Unavailable,1900,1607,1607,77,23,1459,1312,147,441,295,146,2012,1719,85,15,293,7,137,1897,23,444,319,1134,3,348,15,Unavailable,25,36,27,21,57,37,38,77,38,57,55,40
201441,Bowling Green State University-Main Campus,1,39,1,1,2,Bowling Green State University-Main Campus,OH,31,4,1,0,89,11,26,20987,165,1,62,61,46,229,489,48,72,63,49,60,62,5,18629,15016,18,68,86,560,550,1110,22,21,21,11010,18998,11889,14014,11613,11613,94,6,13171,11327,1844,843,286,557,14014,11613,83,17,2401,4,489,12255,4,528,3904,7823,16,2911,17,33,28,37,27,9,54,39,40,94,40,54,52,40
159939,University of New Orleans,1,22,1,1,2,University of New Orleans,LA,11,3,1,0,92,6,48,11190,95,2,42,39,20,34,305,37,49,43,25,38,43,5,7253,4843,5,79,84,590,560,1150,20,20,18,6090,10926,6380,5476,3829,3829,83,17,4571,3359,1212,905,470,435,5476,3829,70,30,1647,7,305,4479,7,307,3078,1094,183,829,18,42,12,43,20,18,47,28,44,83,44,47,48,40
207157,Randall University,1,40,2,1,2,Randall University,OK,21,1,2,,,,43,,0,0,18,17,6,1,49,18,24,21,5,17,17,5,183,82,18,79,97,460,430,890,20,17,18,12060,12060,Unavailable,281,240,240,79,21,221,198,23,60,42,18,281,240,85,15,41,19,49,262,26,68,148,46,3,35,9,Unavailable,4,31,18,21,54,18,37,79,37,54,48,40
220631,Lincoln Memorial University,1,47,2,1,2,Lincoln Memorial University,TN,32,3,2,,,,39,,28,2,57,57,43,17,174,39,68,54,39,47,50,5,4007,2375,10,71,81,545,565,1110,21,21,20,25680,25680,Unavailable,1605,1268,1268,83,17,1339,1134,205,266,134,132,1605,1268,79,21,337,12,174,1487,4,61,957,469,10,287,9,Unavailable,26,39,30,14,48,39,41,83,41,48,48,39
203775,Malone University,1,39,2,1,2,Malone University,OH,13,2,2,,,,35,,11,1,60,60,52,5,40,40,69,51,41,50,51,5,1335,1009,11,71,82,560,520,1080,21,20,20,34800,34800,Unavailable,987,736,736,94,6,931,717,214,56,19,37,987,736,75,25,251,5,40,777,6,48,484,245,2,209,12,Unavailable,31,38,27,12,49,38,39,94,39,49,47,39
163286,University of Maryland-College Park,1,24,1,1,2,University of Maryland-College Park,MD,21,5,1,0,71,29,19,15833,401,1,88,88,72,190,1903,83,90,89,76,87,88,5,59377,26625,42,8,50,710,750,1460,33,34,32,9889,38690,18241,30608,28498,28498,95,5,29136,27638,1498,1472,860,612,30608,28498,93,7,2110,6,1903,30246,1,222,9427,20597,38,5782,18,25,43,51,39,4,46,55,37,95,37,46,45,39
153658,University of Iowa,1,19,1,1,2,University of Iowa,IA,13,5,1,0,55,45,18,20121,267,1,75,74,56,740,1124,60,78,73,57,71,73,5,25682,21746,19,59,78,610,610,1220,25,24,24,9016,30979,18899,22130,20622,20622,95,5,21017,20125,892,1113,497,616,22130,20622,93,7,1508,5,1124,21691,3,632,13096,7963,21,5157,15,21,34,39,33,5,55,47,39,95,39,55,54,39
177214,Drury University,1,29,2,1,2,Drury University,MO,12,2,2,,,,27,,15,1,61,60,42,32,80,60,71,66,43,64,66,5,2621,1543,7,59,66,580,560,1140,25,24,24,33900,33900,Unavailable,1368,1350,1350,97,3,1322,1309,13,46,41,5,1368,1350,99,1,18,6,80,1367,0,1,333,1033,0,402,13,Unavailable,25,44,28,2,46,39,39,97,39,46,44,39
172699,Western Michigan University,1,26,1,1,2,Western Michigan University,MI,13,4,1,0,79,21,26,20183,197,2,59,56,28,226,988,48,66,58,29,51,58,5,20100,17020,58,6,64,560,540,1100,24,24,23,15198,18998,15996,13026,11036,11036,91,9,11798,10428,1370,1228,608,620,13026,11036,85,15,1990,8,988,12704,6,748,7326,4630,40,2576,16,30,17,37,27,10,44,39,41,91,41,44,45,39
170082,Grand Valley State University,1,26,1,1,2,Grand Valley State University,MI,31,5,1,0,91,9,26,17995,231,1,69,67,41,27,1222,59,74,69,45,64,69,5,24297,23008,59,5,64,540,530,1070,24,24,24,14978,21154,15534,19243,17230,17230,93,7,17872,16486,1386,1371,744,627,19243,17230,90,10,2013,6,1222,19073,3,651,8390,10032,32,3843,15,33,25,43,31,7,43,44,40,93,40,43,43,39
152318,Rose-Hulman Institute of Technology,1,18,2,1,2,Rose-Hulman Institute of Technology,IN,13,2,2,,,,12,,21,1,87,87,75,5,14,84,83,82,68,80,82,5,5384,3920,44,20,64,670,710,1380,31,30,32,52998,52998,Unavailable,2235,2213,2213,100,0,2224,2204,20,11,9,2,2235,2213,99,1,22,1,14,2224,0,2,204,2018,,598,11,Unavailable,45,48,35,1,55,52,37,100,37,55,54,39
216287,Swarthmore College,1,42,2,1,2,Swarthmore College,PA,21,2,2,,,,20,,5,0,95,94,87,114,15,90,95,94,76,93,94,5,14287,992,40,14,54,750,780,1530,34,35,33,61992,61992,Unavailable,1644,1641,1641,99,1,1635,1634,1,9,7,2,1644,1641,100,0,3,1,15,1627,Unavailable,,,1627,,433,8,Unavailable,52,55,38,#VALUE!,51,57,38,99,38,51,51,39
190150,Columbia University in the City of New York,1,36,2,1,2,Columbia University in the City of New York,NY,11,5,2,,,,23,,228,3,96,95,86,128,682,93,96,95,80,92,95,5,57613,2439,40,21,61,760,780,1540,35,35,34,64526,64526,Unavailable,9111,8428,8428,86,14,7830,7548,282,1281,880,401,9111,8428,93,7,683,8,682,8899,0,1,33,8865,46,1490,6,Unavailable,52,58,43,8,59,61,38,86,38,59,58,39
192040,Jewish Theological Seminary of America,1,36,2,1,2,Jewish Theological Seminary of America,NY,11,1,2,,,,5,,0,0,87,87,74,14,5,0,88,87,84,84,87,5,142,64,41,23,64,740,760,1500,34,35,32,62676,62676,Unavailable,Unavailable,Unavailable,Unavailable,#VALUE!,Unavailable,169,166,3,,,,172,169,98,2,3,3,5,172,Unavailable,,,172,,40,8,Unavailable,44,3,37,#VALUE!,60,53,38,Unavailable,38,60,60,39
102377,Tuskegee University,1,1,2,1,2,Tuskegee University,AL,32,2,2,,,,48,,76,3,58,57,27,15,46,69,16,57,31,50,57,5,11742,3690,8,70,78,570,555,1125,22,21,20,19594,19594,Unavailable,2400,2282,2282,97,3,2331,2237,94,69,45,24,2400,2282,95,5,118,2,46,2367,1,27,0,2340,,533,12,Unavailable,16,59,24,3,48,36,41,97,41,48,47,39
225511,University of Houston,1,48,1,1,2,University of Houston,TX,11,5,1,0,93,7,42,13738,509,1,65,62,38,29,4442,62,68,65,45,60,65,5,30327,21087,51,7,58,620,610,1230,25,25,24,8685,21165,9559,37946,27798,27798,88,12,33559,25866,7693,4387,1932,2455,37946,27798,73,27,10148,12,4442,37175,10,3856,23900,9419,453,5102,21,40,23,52,32,16,44,44,40,88,40,44,44,39
152673,Wabash College,1,18,2,1,2,Wabash College,IN,32,1,2,,,,23,,2,0,84,83,79,3,6,77,76,77,71,76,77,5,1897,1191,51,12,63,590,610,1200,26,25,26,48200,48200,Unavailable,845,840,840,100,0,844,840,4,1,0,1,845,840,99,1,5,1,6,845,0,1,0,844,,257,9,Unavailable,47,50,34,0,47,51,38,100,38,47,46,39
163976,St. John's College,1,24,2,1,2,St. John's College,MD,21,1,2,,,,22,,6,1,77,75,71,,3,60,84,67,50,64,67,5,1059,469,47,18,65,710,660,1370,31,34,27,37842,37842,Unavailable,485,484,484,96,4,468,467,1,17,17,0,488,487,100,0,1,1,3,488,Unavailable,,,488,,130,8,Unavailable,43,41,30,#VALUE!,56,46,42,96,42,56,59,39
245652,St. John's College,1,35,2,1,2,St. John's College,NM,41,1,2,,,,24,,10,3,72,72,64,,10,40,68,60,39,57,60,5,463,229,47,28,75,700,660,1360,30,31,27,37842,37842,Unavailable,369,355,355,93,7,344,334,10,25,21,4,369,355,96,4,14,3,10,369,Unavailable,,,369,,88,7,Unavailable,38,32,30,#VALUE!,63,44,41,93,41,63,65,39
220862,University of Memphis,1,47,1,1,2,University of Memphis,TN,11,5,1,0,88,12,47,13656,312,2,57,54,32,553,1053,41,60,49,31,45,49,5,15640,14605,3,77,80,540,530,1070,20,20,18,8520,12960,9053,16771,11311,11311,82,18,13771,9924,3847,3000,1387,1613,16771,11311,67,33,5460,8,1053,13645,22,3000,6103,4542,92,2320,17,41,19,44,26,24,45,37,43,82,43,45,45,39
107558,University of the Ozarks,1,5,2,1,2,University of the Ozarks,AR,33,1,2,,,,37,,5,1,49,49,41,10,43,45,62,52,41,48,52,5,1916,1114,26,77,103,550,530,1080,21,21,18,24950,24950,Unavailable,752,737,737,98,2,738,728,10,14,9,5,763,748,98,2,15,6,43,753,1,6,57,690,0,225,13,Unavailable,25,41,23,2,62,32,45,98,45,62,63,39
106713,Central Baptist College,1,5,2,1,2,Central Baptist College,AR,13,1,2,,,,49,,26,5,42,42,38,5,56,32,51,35,32,40,43,1,302,140,9,76,85,510,530,1040,19,20,18,18150,18150,Unavailable,550,449,449,87,13,478,395,83,72,54,18,550,449,82,18,101,12,56,477,9,43,202,232,0,103,12,Unavailable,23,41,24,13,46,30,42,87,42,46,48,38
212911,Haverford College,1,42,2,1,2,Haverford College,PA,21,2,2,,,,14,,4,0,90,90,84,41,11,84,91,89,82,88,89,5,6391,825,40,14,54,730,760,1490,34,35,32,67522,67522,Unavailable,1424,1419,1419,100,0,1421,1418,3,3,1,2,1424,1419,100,0,5,1,11,1421,Unavailable,,,1421,,362,8,Unavailable,50,49,36,#VALUE!,50,54,37,100,37,50,50,38
215798,Saint Vincent College,1,42,2,1,2,Saint Vincent College,PA,21,2,2,,,,27,,20,2,73,73,67,21,33,60,80,72,64,70,72,5,2374,1403,55,8,63,560,550,1110,24,23,22,39978,39978,Unavailable,1280,1252,1252,98,2,1253,1230,23,27,22,5,1280,1252,98,2,28,3,33,1264,0,0,283,981,0,342,10,Unavailable,40,44,31,2,43,45,39,98,39,43,44,38
482149,Augusta University,1,13,1,1,2,Augusta University,GA,12,3,1,0,93,7,41,13486,296,5,52,50,29,146,469,41,56,49,27,44,49,1,5892,5262,56,20,76,570,540,1110,22,21,20,6892,22270,7968,5684,4552,4552,88,12,5001,4169,832,683,383,300,5684,4552,80,20,1132,9,469,5282,5,272,3568,1442,15,1029,16,40,17,41,25,12,51,35,40,88,40,51,52,38
206507,Wilmington College,1,39,2,1,2,Wilmington College,OH,32,1,2,,,,38,,12,1,53,53,49,2,36,48,70,55,49,54,55,5,1877,1588,5,71,76,460,460,920,20,18,19,29837,29837,Unavailable,924,889,889,95,5,880,866,14,44,23,21,924,889,96,4,35,4,36,924,5,48,258,618,,317,12,Unavailable,29,43,24,5,42,33,36,95,36,42,38,37
239071,Maranatha Baptist University,1,55,2,1,2,Maranatha Baptist University,WI,31,1,2,,,,44,,15,2,51,50,42,18,19,66,57,66,47,59,62,1,206,146,20,64,84,580,530,1110,23,25,21,18900,18900,Unavailable,730,445,445,89,11,648,425,223,82,20,62,759,445,59,41,314,3,19,566,20,115,83,368,9,111,10,Unavailable,25,55,22,23,55,32,44,89,44,55,59,37
126775,Colorado School of Mines,1,8,1,1,2,Colorado School of Mines,CO,21,3,1,0,50,50,13,29785,127,2,84,83,67,94,140,71,83,79,66,78,79,5,9821,5864,42,18,60,690,710,1400,31,32,31,18390,41580,29985,5839,5582,5582,97,3,5643,5445,198,196,137,59,5839,5582,96,4,257,2,140,5801,0,2,226,5573,2,1509,17,18,40,42,35,3,52,51,36,97,36,52,52,37
157076,Kentucky Wesleyan College,1,21,2,1,2,Kentucky Wesleyan College,KY,13,1,2,,,,43,,11,1,46,46,33,3,75,40,70,53,39,49,49,5,2009,1346,15,67,82,490,520,1010,20,20,20,31900,31900,Unavailable,834,776,776,90,10,750,702,48,84,74,10,834,776,93,7,58,9,75,794,14,108,195,491,0,222,13,Unavailable,20,42,24,10,47,31,37,90,37,47,46,37
228796,The University of Texas at El Paso,1,48,1,1,2,The University of Texas at El Paso,TX,11,5,1,0,97,3,61,10333,913,4,52,45,18,27,1536,44,52,46,21,38,46,5,11171,11160,62,2,64,500,480,980,20,19,19,7704,23472,8177,20609,14588,14588,82,18,16862,12925,3937,3747,1663,2084,20609,14588,71,29,6021,7,1536,20547,6,1313,8932,10302,811,2971,20,49,11,53,22,18,39,34,39,82,39,39,40,37
142461,Northwest Nazarene University,1,16,2,1,2,Northwest Nazarene University,ID,22,2,2,,,,30,,43,4,63,62,44,31,104,42,85,60,48,60,63,5,3571,2248,55,42,97,540,540,1080,28,23,19,40095,40095,Unavailable,1156,1014,1014,87,13,1004,946,58,152,68,84,1156,1014,88,12,142,9,104,1138,8,91,0,1047,4,235,14,Unavailable,26,36,30,11,70,41,37,87,37,70,64,37
195003,Rochester Institute of Technology,1,36,2,1,2,Rochester Institute of Technology,NY,21,4,2,,,,28,,164,1,73,71,25,87,292,69,73,71,28,65,73,5,24269,17328,43,10,53,680,690,1370,31,32,29,55784,55784,Unavailable,14076,12909,12909,97,3,13681,12623,1058,395,286,109,14076,12909,92,8,1167,2,292,13225,1,76,4174,8975,1,3086,13,Unavailable,15,49,30,4,45,45,37,97,37,45,45,37
186867,Stevens Institute of Technology,1,34,2,1,2,Stevens Institute of Technology,NJ,21,3,2,,,,21,,23,1,87,87,63,95,32,87,91,90,69,88,90,5,14170,6156,40,8,48,700,740,1440,33,34,31,58680,58680,Unavailable,4092,4069,4069,99,1,4071,4049,22,21,20,1,4092,4069,99,1,23,1,32,4084,0,0,1256,2828,,1009,10,Unavailable,38,54,35,0,43,53,35,99,35,43,43,37
157757,Spalding University,1,21,2,1,2,Spalding University,KY,11,2,2,,,,43,,11,1,43,42,30,4,89,49,78,57,46,55,57,5,807,796,15,74,89,505,480,985,19,19,18,27450,27450,Unavailable,734,513,513,78,22,575,418,157,159,95,64,734,513,70,30,221,15,89,597,23,136,271,190,0,132,11,Unavailable,18,46,26,25,48,32,39,78,39,48,49,37
181002,Creighton University,1,31,2,1,2,Creighton University,NE,11,3,2,,,,5,,76,2,79,78,70,2,157,63,85,81,73,80,80,5,7248,5241,13,51,64,660,660,1320,27,27,26,45000,45000,Unavailable,4236,4146,4146,96,4,4073,4030,43,163,116,47,4262,4172,98,2,90,4,157,4231,1,43,1401,2787,,1023,10,Unavailable,42,34,33,2,49,49,38,96,38,49,49,37
185828,New Jersey Institute of Technology,1,34,1,1,2,New Jersey Institute of Technology,NJ,11,4,1,0,88,12,42,16736,109,1,78,74,38,44,676,72,77,73,49,68,73,5,13993,9362,43,4,47,650,685,1335,29,28,28,15616,32528,17645,9523,7913,7913,88,12,8422,7207,1215,1101,706,395,9523,7913,83,17,1610,8,676,8762,0,35,1654,7073,110,1465,16,39,23,57,34,10,39,50,35,88,35,39,38,37
237792,Shepherd University,1,54,1,1,2,Shepherd University,WV,41,2,1,0,66,34,33,12651,43,1,44,44,33,18,231,41,57,49,33,45,49,5,1793,1715,60,8,68,520,490,1010,22,22,20,6288,15774,9513,2906,2164,2164,81,19,2363,1977,386,543,187,356,2906,2164,74,26,742,10,231,2375,4,94,1494,787,9,544,16,30,20,37,23,16,43,30,39,81,39,43,44,37
157085,University of Kentucky,1,21,1,1,2,University of Kentucky,KY,11,5,1,0,66,34,22,19838,379,2,69,68,51,248,891,54,78,70,54,67,70,5,28233,26083,9,55,64,590,580,1170,25,24,24,11849,32043,18715,23930,21818,21818,94,6,22605,21243,1362,1325,575,750,23930,21818,91,9,2112,4,891,23189,4,923,10022,12244,87,5972,17,25,31,38,30,6,45,43,37,94,37,45,43,37
145725,Illinois Institute of Technology,1,17,2,1,2,Illinois Institute of Technology,IL,11,3,2,,,,31,,19,1,73,71,37,33,148,66,76,72,35,67,72,5,8912,4939,45,11,56,640,650,1290,28,30,27,49607,49607,Unavailable,3316,2662,2662,91,9,3001,2532,469,315,130,185,3316,2662,80,20,654,5,148,2812,2,50,871,1891,17,604,17,Unavailable,22,49,32,10,45,46,36,91,36,45,45,37
207263,Northeastern State University,1,40,1,1,2,Northeastern State University,OK,33,3,1,0,91,9,45,11153,64,1,42,39,20,29,727,32,44,37,21,34,37,5,1386,1375,5,73,78,530,520,1050,20,21,18,6623,15743,7444,5006,3543,3543,69,31,3457,2832,625,1549,711,838,5006,3543,71,29,1463,16,727,4636,36,1679,2201,756,21,686,17,41,12,39,25,32,44,31,43,69,43,44,46,37
178341,Missouri Southern State University,1,29,1,1,2,Missouri Southern State University,MO,13,2,1,0,97,3,44,11264,66,2,38,36,22,44,378,26,54,38,23,33,35,5,2302,2243,3,69,72,570,530,1100,21,21,19,8400,16800,8652,3930,2594,2594,81,19,3178,2194,984,752,400,352,3930,2594,66,34,1336,12,378,3101,20,630,1507,964,41,494,16,42,13,35,22,24,42,28,40,81,40,42,42,36
173142,Bethany Lutheran College,1,27,2,1,2,Bethany Lutheran College,MN,13,1,2,,,,27,,5,1,63,63,53,13,35,62,54,60,43,58,60,5,881,449,11,57,68,520,590,1110,23,22,23,29280,29280,Unavailable,850,670,670,97,3,825,656,169,25,14,11,850,670,79,21,180,5,35,682,0,1,230,451,0,176,12,Unavailable,32,45,28,8,44,40,35,97,35,44,42,36
150066,Anderson University,1,18,2,1,2,Anderson University,IN,13,2,2,,,,36,,14,1,63,63,54,11,43,40,59,49,42,48,49,5,5661,3024,56,11,67,535,520,1055,20,19,20,34590,34590,Unavailable,1095,1017,1017,93,7,1020,983,37,75,34,41,1095,1017,93,7,78,4,43,1070,4,39,443,588,3,323,10,Unavailable,32,38,28,6,43,39,37,93,37,43,43,36
148584,University of St Francis,1,17,2,1,2,University of St Francis,IL,21,2,2,,,,38,,5,0,65,65,40,17,206,58,72,65,47,62,65,5,1888,1207,56,9,65,520,520,1040,23,21,21,37000,37000,Unavailable,1306,1109,1109,81,19,1057,994,63,249,115,134,1306,1109,85,15,197,16,206,1292,13,174,785,333,2,214,13,Unavailable,24,48,36,16,42,45,36,81,36,42,42,36
137962,Trinity College of Florida,1,12,2,1,2,Trinity College of Florida,FL,21,1,2,,,,62,,6,3,31,31,31,5,30,0,0,0,0,0,0,1,81,78,66,38,104,440,440,880,17,18,16,15200,15200,Unavailable,189,153,153,72,28,137,119,18,52,34,18,189,153,81,19,36,16,30,187,20,38,62,87,,20,12,Unavailable,19,31,22,23,54,25,36,72,36,54,55,36
164465,Amherst College,1,25,2,1,2,Amherst College,MA,13,2,2,,,,22,,13,1,94,92,87,34,19,94,94,93,73,92,93,5,12727,1250,38,17,55,740,760,1500,33,35,31,66650,66650,Unavailable,1910,1910,1910,99,1,1889,1889,0,21,21,0,1910,1910,100,Unavailable,,1,19,1907,Unavailable,,,1907,,467,7,Unavailable,52,58,37,#VALUE!,51,57,35,99,35,51,52,36
190415,Cornell University,1,36,2,1,2,Cornell University,NY,13,5,2,,,,18,,109,1,95,94,88,214,634,93,96,95,87,94,95,5,65635,5358,37,12,49,740,780,1520,34,35,34,65204,65204,Unavailable,15940,15788,15788,100,0,15865,15721,144,75,67,8,16051,15899,99,1,152,4,634,15935,0,1,1154,14780,,3483,9,Unavailable,53,56,40,0,46,59,34,100,34,46,46,36
233921,Virginia Polytechnic Institute and State University,1,51,1,1,2,Virginia Polytechnic Institute and State University,VA,13,5,1,0,64,36,15,22205,725,2,88,87,68,16,1102,79,88,86,69,84,86,5,47208,26923,43,7,50,660,670,1330,30,29,28,12698,33310,20118,30502,29624,29624,98,2,30019,29270,749,483,354,129,30504,29626,97,3,878,4,1102,30435,1,156,16915,13364,8,7093,17,22,41,47,37,2,42,54,35,98,35,42,41,36
230038,Brigham Young University,1,49,2,1,2,Brigham Young University,UT,12,5,2,,,,32,,278,1,82,77,25,137,1185,75,85,82,28,54,82,5,11006,7615,12,46,58,680,680,1360,30,31,28,6496,6496,Unavailable,32221,29261,29261,93,7,29840,27729,2111,2381,1532,849,32221,29261,91,9,2960,4,1185,32221,2,713,11525,19983,139,3122,21,Unavailable,15,54,33,6,49,51,40,93,40,49,50,36
486901,Milligan University,1,47,2,1,2,Milligan University,TN,22,2,2,,,,24,,16,2,70,70,62,,58,48,65,60,53,60,60,5,1164,818,18,56,74,600,610,1210,24,23,23,37700,37700,Unavailable,834,766,766,96,4,801,747,54,33,19,14,834,766,92,8,68,7,58,783,1,9,412,362,,175,9,Unavailable,37,36,32,4,51,45,36,96,36,51,49,36
215284,University of Pittsburgh-Johnstown,1,42,1,1,2,University of Pittsburgh-Johnstown,PA,23,2,1,0,86,14,29,17909,28,1,49,49,36,,95,47,55,53,38,52,54,5,3246,3113,50,6,56,570,570,1140,28,25,24,13660,25534,15322,1940,1893,1893,97,3,1876,1843,33,64,50,14,1940,1893,98,2,47,5,95,1934,0,0,3,1931,0,509,14,33,22,38,23,2,40,31,36,97,36,40,40,36
203845,Marietta College,1,39,2,1,2,Marietta College,OH,31,2,2,,,,28,,11,1,52,51,43,10,27,57,58,58,48,58,58,5,2516,1978,18,61,79,580,570,1150,21,20,21,37752,37752,Unavailable,1085,1019,1019,97,3,1057,1009,48,28,10,18,1085,1019,94,6,66,3,27,1035,0,1,89,945,1,320,9,Unavailable,26,43,22,3,49,32,34,97,34,49,47,36
221661,Southern Adventist University,1,47,2,1,2,Southern Adventist University,TN,21,2,2,,,,33,,17,1,59,57,32,3,130,53,57,51,38,55,62,5,2731,1819,42,64,106,570,540,1110,22,22,20,24350,24350,Unavailable,2827,2399,2399,93,7,2637,2319,318,190,80,110,2827,2399,85,15,428,5,130,2673,2,60,959,1654,7,518,16,Unavailable,19,43,26,8,68,37,39,93,39,68,69,36
179326,Southwest Baptist University,1,29,2,1,2,Southwest Baptist University,MO,32,2,2,,,,44,,23,1,51,50,39,6,111,56,61,51,51,62,64,5,1057,1054,9,64,73,530,510,1040,21,21,20,27290,27290,Unavailable,1612,1086,1086,83,17,1344,965,379,268,121,147,1622,1096,68,32,526,8,111,1339,7,97,633,609,14,265,10,Unavailable,23,50,25,19,43,34,37,83,37,43,43,36
204264,Muskingum University,1,39,2,1,2,Muskingum University,OH,42,2,2,,,,42,,20,1,52,51,40,23,90,44,63,53,41,51,53,5,2623,2142,10,71,81,500,490,990,19,18,18,30650,30650,Unavailable,1519,1279,1279,90,10,1366,1222,144,153,57,96,1524,1279,84,16,245,6,90,1407,10,138,206,1063,0,412,13,Unavailable,24,43,24,12,44,34,36,90,36,44,42,36
182281,University of Nevada-Las Vegas,1,32,1,1,2,University of Nevada-Las Vegas,NV,12,5,1,0,85,15,42,11388,771,3,53,47,19,162,1964,46,55,50,25,43,50,5,12232,11774,11,67,78,560,540,1100,21,21,19,8354,25307,10897,25794,19791,19791,82,18,21182,17369,3813,4612,2422,2190,25794,19791,77,23,6003,8,1964,24131,10,2526,14942,6663,90,4222,18,38,11,44,24,17,47,35,39,82,39,47,47,35
220473,Johnson University,1,47,2,1,2,Johnson University,TN,41,1,2,,,,38,,8,1,67,62,58,9,57,50,69,62,56,63,63,1,610,328,22,67,89,500,510,1010,21,21,19,18428,18428,Unavailable,708,626,626,88,12,626,594,32,82,32,50,708,626,88,12,82,8,57,703,15,104,153,446,8,155,11,Unavailable,35,44,30,13,53,43,39,88,39,53,53,35
161004,Bowdoin College,1,23,2,1,2,Bowdoin College,ME,31,2,2,,,,16,,16,1,94,94,89,,10,95,96,96,82,95,96,5,10966,879,37,22,59,750,760,1510,34,35,32,64304,64304,Unavailable,1850,1845,1845,99,1,1839,1837,2,11,8,3,1850,1845,100,0,5,1,10,1846,Unavailable,,,1846,,506,9,Unavailable,53,56,38,#VALUE!,56,57,35,99,35,56,56,35
158477,Centenary College of Louisiana,1,22,2,1,2,Centenary College of Louisiana,LA,12,1,2,,,,39,,9,1,59,57,52,,33,59,57,59,48,55,59,5,1834,998,17,55,72,560,550,1110,24,24,23,40000,40000,Unavailable,620,617,617,99,1,611,610,1,9,7,2,620,617,100,0,3,5,33,615,0,0,6,609,0,173,9,Unavailable,31,49,26,1,48,38,37,99,37,48,49,35
153302,Emmaus Bible College,1,19,2,1,3,Emmaus Bible College,IA,13,1,2,,,,43,,1,1,60,60,52,,14,38,82,82,33,37,41,5,87,85,10,60,70,510,530,1040,22,23,21,20000,20000,Unavailable,195,164,164,90,10,176,158,18,19,6,13,197,165,84,16,32,8,14,183,6,11,13,159,0,37,8,Unavailable,31,41,29,11,43,39,38,90,38,43,45,35
169716,University of Detroit Mercy,1,26,2,1,2,University of Detroit Mercy,MI,11,3,2,,,,34,,14,0,68,67,52,91,176,62,71,68,53,66,68,5,5750,4608,50,10,60,560,560,1120,25,23,25,32300,32300,Unavailable,3352,2129,2129,94,6,3162,1996,1166,190,133,57,3352,2129,64,36,1223,8,176,2289,0,0,1314,975,17,491,12,Unavailable,31,48,31,13,42,44,35,94,35,42,41,35
207306,Northwestern Oklahoma State University,1,40,1,1,2,Northwestern Oklahoma State University,OK,33,2,1,0,70,30,47,12067,14,1,31,30,21,5,197,37,36,35,24,34,35,1,1293,859,15,74,89,490,500,990,19,18,17,5448,11142,7156,1724,1298,1298,85,15,1460,1152,308,264,146,118,1724,1298,75,25,426,13,197,1468,17,253,671,544,4,333,16,36,13,42,20,19,48,24,37,85,37,48,46,35
443410,DigiPen Institute of Technology,1,53,3,1,2,DigiPen Institute of Technology,WA,13,2,3,,,,23,,49,5,58,57,44,27,110,53,51,52,42,50,52,5,838,570,45,10,55,650,620,1270,31,28,28,37200,37200,Unavailable,1042,952,952,84,16,878,825,53,164,127,37,1042,952,91,9,90,11,110,1032,1,6,386,640,3,183,11,Unavailable,26,38,29,9,44,39,37,84,37,44,44,35
215293,University of Pittsburgh-Pittsburgh Campus,1,42,1,1,2,University of Pittsburgh-Pittsburgh Campus,PA,11,5,1,0,54,46,17,24338,252,1,85,84,69,65,889,77,87,84,71,83,84,5,58416,29034,41,12,53,680,680,1360,31,31,28,20154,38520,28602,25157,19618,19618,98,2,24610,19360,5250,547,258,289,25171,19618,78,22,5553,4,889,20189,0,88,4190,15911,4,4383,13,20,41,47,36,8,45,53,35,98,35,45,45,35
150668,Goshen College,1,18,2,1,2,Goshen College,IN,13,1,2,,,,38,,3,0,66,65,55,3,102,45,75,60,48,59,60,5,1175,1045,54,8,62,510,515,1025,25,24,25,37760,37760,Unavailable,773,668,668,85,15,659,636,23,114,32,82,773,668,86,14,105,13,102,761,1,5,168,588,1,165,9,Unavailable,33,42,34,10,40,45,34,85,34,40,40,35
174792,Saint Johns University,1,27,2,1,2,Saint Johns University,MN,41,2,2,,,,18,,5,0,79,79,73,20,39,70,80,76,66,75,76,5,1597,1445,5,50,55,620,600,1220,25,22,25,52700,52700,Unavailable,1481,1452,1452,100,0,1474,1448,26,7,4,3,1481,1452,98,2,29,3,39,1468,0,0,6,1462,,383,12,Unavailable,44,44,33,1,39,48,31,100,31,39,34,35
161086,Colby College,1,23,2,1,2,Colby College,ME,33,2,2,,,,13,,4,0,87,87,81,73,11,91,90,90,82,89,90,5,17786,1215,36,18,54,740,770,1510,33,35,31,63790,63790,Unavailable,2284,2282,2282,100,0,2282,2280,2,2,2,0,2284,2282,100,0,2,0,11,2282,Unavailable,,,2282,,673,9,Unavailable,49,52,35,#VALUE!,50,52,33,100,33,50,51,35
156408,Centre College,1,21,2,1,2,Centre College,KY,32,2,2,,,,21,,5,0,87,86,85,17,4,76,88,85,81,85,85,5,3226,1753,9,46,55,645,675,1320,29,30,27,50250,50250,Unavailable,1356,1347,1347,100,0,1352,1344,8,4,3,1,1356,1347,99,1,9,0,4,1346,Unavailable,,,1346,,400,10,Unavailable,51,49,35,#VALUE!,44,52,38,100,38,44,46,35
101189,Faulkner University,1,1,2,1,2,Faulkner University,AL,12,2,2,,,,49,,60,3,17,17,12,32,277,30,51,38,20,33,37,5,1786,1181,12,73,85,510,480,990,19,19,17,21930,21930,Unavailable,1793,1228,1228,59,41,1059,770,289,734,458,276,1793,1228,68,32,565,18,277,1555,45,702,295,558,19,206,13,Unavailable,7,40,17,39,46,17,39,59,39,46,46,34
160621,Southern University and A & M College,1,22,1,1,2,Southern University and A & M College,LA,12,3,1,0,97,3,70,18937,73,1,35,32,10,22,216,25,44,28,10,23,28,1,12221,6095,20,77,97,460,430,890,17,16,16,4973,4973,4973,6571,5336,5336,92,8,6024,5026,998,547,310,237,6571,5336,81,19,1235,4,243,5971,6,346,3106,2519,55,1623,21,52,6,48,15,11,47,22,34,92,34,47,46,34
222178,Abilene Christian University,1,48,2,1,2,Abilene Christian University,TX,12,3,2,,,,22,,90,3,61,60,47,36,103,46,70,60,46,55,60,5,10510,6714,47,28,75,590,580,1170,25,24,24,42100,42100,Unavailable,3188,3051,3051,98,2,3123,3008,115,65,43,22,3188,3051,96,4,137,3,103,3129,0,5,753,2371,,894,13,Unavailable,28,34,26,2,54,38,35,98,35,54,53,34
207847,Southeastern Oklahoma State University,1,40,1,1,2,Southeastern Oklahoma State University,OK,32,3,1,0,73,27,42,8064,74,2,34,30,16,50,363,29,39,33,21,31,33,5,1221,981,12,68,80,530,520,1050,21,20,18,6600,15810,9087,3207,2207,2207,64,36,2068,1654,414,1139,553,586,3207,2207,69,31,1000,12,363,3031,41,1236,1223,572,53,355,22,35,10,36,19,36,48,25,38,64,38,48,46,34
153603,Iowa State University,1,19,1,1,2,Iowa State University,IA,13,5,1,0,52,48,19,17354,335,1,77,76,51,92,1314,68,79,75,54,73,75,5,22995,20496,10,51,61,620,620,1240,24,23,24,8982,26168,17231,25332,24111,24111,97,3,24462,23502,960,870,609,261,25332,24111,95,5,1221,5,1314,25033,1,288,15336,9409,43,5676,18,21,31,44,34,3,42,48,33,97,33,42,40,34
445692,Neumont College of Computer Science,1,49,3,1,2,Neumont College of Computer Science,UT,12,1,3,,,,57,,33,6,54,54,49,20,13,54,44,57,48,51,51,5,1125,1004,28,51,79,485,485,970,24,21,24,25500,25500,Unavailable,523,480,480,95,5,495,459,36,28,21,7,530,486,92,8,44,2,13,530,0,0,2,528,2,197,25,Unavailable,29,56,23,5,51,33,30,95,30,51,47,34
155973,Tabor College,1,20,2,1,2,Tabor College,KS,43,1,2,,,,41,,1,0,47,47,42,3,51,22,31,33,32,33,33,5,585,378,5,61,66,530,500,1030,20,20,20,35050,35050,Unavailable,581,528,528,99,1,576,525,51,5,3,2,581,528,91,9,53,10,51,530,0,2,2,526,,151,15,Unavailable,25,32,25,3,37,32,34,99,34,37,37,34
153108,Central College,1,19,2,1,2,Central College,IA,32,2,2,,,,22,,13,1,66,66,60,11,32,56,77,69,59,69,69,5,1978,1562,8,58,66,540,540,1080,22,21,21,20988,20988,Unavailable,1093,1041,1041,99,1,1080,1033,47,13,8,5,1095,1041,95,5,54,3,32,1062,0,0,2,1060,,351,12,Unavailable,36,39,28,2,41,41,34,99,34,41,39,34
141334,University of West Georgia,1,13,1,1,2,University of West Georgia,GA,32,4,1,0,94,6,46,14962,150,2,44,42,22,146,497,41,46,43,25,39,43,1,8399,4147,53,29,82,530,510,1040,20,19,18,4371,15424,5034,8413,5868,5868,86,14,7215,5311,1904,1198,557,641,8413,5868,70,30,2545,7,497,7485,23,1717,4024,1744,68,1351,16,42,13,44,21,22,51,29,35,86,35,51,50,34
169080,Calvin University,1,26,2,1,2,Calvin University,MI,12,2,2,,,,15,,26,1,78,77,66,20,117,65,81,77,65,75,77,5,4719,3365,45,14,59,600,600,1200,25,25,25,38370,38370,Unavailable,3053,2739,2739,93,7,2849,2673,176,204,66,138,3053,2739,90,10,314,4,117,2921,2,50,48,2823,0,617,14,Unavailable,40,40,33,6,43,48,34,93,34,43,43,34
187648,Eastern New Mexico University-Main Campus,1,35,1,1,2,Eastern New Mexico University-Main Campus,NM,33,3,1,0,80,20,42,6683,78,2,37,34,21,25,524,30,45,40,23,31,34,5,2085,1145,56,20,76,480,480,960,18,17,17,4194,6174,4590,4067,2240,2240,64,36,2608,1640,968,1459,600,859,4072,2240,55,45,1832,16,524,3186,55,1737,1038,411,12,407,17,37,13,36,23,44,44,29,34,64,34,44,43,34
151306,University of Southern Indiana,1,18,1,1,2,University of Southern Indiana,IN,22,3,1,0,88,12,30,14066,66,1,51,50,34,176,366,42,59,52,38,49,52,5,4392,4157,48,9,57,560,560,1120,24,23,24,8751,21188,10243,7428,4794,4794,92,8,6844,4536,2308,584,258,326,7428,4794,65,35,2634,7,366,5344,9,495,2901,1948,17,1222,14,34,20,36,24,17,40,33,34,92,34,40,39,34
155520,MidAmerica Nazarene University,1,20,2,1,2,MidAmerica Nazarene University,KS,21,2,2,,,,34,,9,1,45,44,32,35,156,36,66,46,37,46,46,5,1085,797,9,67,76,480,505,985,19,19,18,35120,35120,Unavailable,1185,923,923,85,15,1007,799,208,178,124,54,1185,923,78,22,262,16,156,977,6,57,176,744,,233,10,Unavailable,19,35,27,14,41,33,35,85,35,41,41,34
219976,Lipscomb University,1,47,2,1,2,Lipscomb University,TN,11,3,2,,,,23,,109,3,72,71,64,66,181,58,75,69,61,68,69,5,4244,2828,14,48,62,620,620,1240,26,26,25,35848,35848,Unavailable,3269,2886,2886,92,8,3009,2728,281,260,158,102,3270,2886,88,12,384,6,181,3021,4,127,1585,1309,3,696,13,Unavailable,38,41,32,8,46,46,35,92,35,46,46,33
139393,Covenant College,1,13,2,1,2,Covenant College,GA,21,1,2,,,,19,,16,2,72,72,65,4,17,68,74,72,62,70,71,5,751,614,35,48,83,640,620,1260,26,27,25,39270,39270,Unavailable,908,847,847,99,1,897,839,58,11,8,3,908,847,93,7,61,2,17,858,0,0,0,858,2,237,12,Unavailable,39,44,30,3,62,44,36,99,36,62,64,33
216278,Susquehanna University,1,42,2,1,2,Susquehanna University,PA,32,2,2,,,,25,,9,0,74,74,69,13,41,62,74,74,67,73,74,5,5974,4702,45,6,51,620,590,1210,25,25,24,56600,56600,Unavailable,2234,2106,2106,98,2,2192,2091,101,42,15,27,2241,2113,94,6,128,2,41,2120,0,0,12,2108,0,578,13,Unavailable,41,44,31,2,38,45,35,98,35,38,39,33
228431,Stephen F Austin State University,1,48,1,1,2,Stephen F Austin State University,TX,33,4,1,0,100,0,41,15498,107,1,54,53,35,94,681,44,58,52,38,50,52,5,12591,11112,50,14,64,540,530,1070,21,21,20,7842,17922,7842,9575,7788,7788,89,11,8558,7191,1367,1017,597,420,9575,7788,81,19,1787,8,681,8746,13,1178,5207,2361,21,1766,15,41,21,43,26,14,42,36,34,89,34,42,42,33
133809,Florida College,1,12,2,1,3,Florida College,FL,21,1,2,,,,24,,4,1,29,28,22,59,44,31,57,51,46,48,48,1,307,204,49,54,103,580,540,1120,19,18,17,17920,17920,Unavailable,657,580,580,98,2,644,571,73,13,9,4,657,580,88,12,77,7,44,589,0,0,42,547,0,167,13,Unavailable,13,28,16,4,63,20,36,98,36,63,63,33
201104,Ashland University,1,39,2,1,2,Ashland University,OH,31,2,2,,,,36,,52,2,68,68,56,160,135,52,66,61,49,59,61,5,3633,2927,2,54,56,510,570,1080,22,21,22,25200,25200,Unavailable,3122,1980,1980,76,24,2371,1753,618,751,227,524,3123,1980,63,37,1143,6,135,2250,7,147,1407,696,42,486,15,Unavailable,34,44,31,23,34,43,32,76,32,34,33,33
146339,Judson University,1,17,2,1,2,Judson University,IL,12,2,2,,,,40,,5,1,68,67,57,34,108,52,58,53,43,52,53,5,873,551,55,20,75,480,480,960,20,19,20,29850,29850,Unavailable,793,744,744,87,13,688,671,17,105,73,32,793,744,94,6,49,14,108,780,10,80,370,330,0,160,11,Unavailable,34,46,35,10,44,46,33,87,33,44,44,33
196097,Stony Brook University,1,36,1,1,2,Stony Brook University,NY,21,5,1,0,83,17,39,18601,93,1,79,78,64,208,1286,80,77,78,66,76,78,5,50341,24670,36,3,39,680,730,1410,31,32,30,7070,26860,10434,17549,16493,16493,94,6,16583,15876,707,966,617,349,17549,16493,94,6,1056,7,1286,17420,1,236,9555,7629,5,3342,19,36,38,60,36,4,34,50,31,94,31,34,33,33
151351,Indiana University-Bloomington,1,18,1,1,2,Indiana University-Bloomington,IN,13,5,1,0,52,48,17,16282,199,1,82,81,69,217,639,73,84,81,71,80,81,5,54279,43624,41,16,57,640,640,1280,30,30,28,10312,39004,24084,36833,35871,35871,99,1,36364,35609,755,469,262,207,36833,35871,97,3,962,2,639,36571,0,166,16154,20251,27,9706,18,20,41,45,33,1,46,50,33,99,33,46,46,33
100663,University of Alabama at Birmingham,1,1,1,1,2,University of Alabama at Birmingham,AL,12,5,1,0,87,13,34,17413,269,2,65,62,42,491,1060,53,72,63,43,59,62,5,10919,9655,5,49,54,640,620,1260,26,26,24,8832,21864,10526,12382,9841,9841,83,17,10331,9194,1137,2051,647,1404,12382,9841,79,21,2541,9,1060,12118,18,2207,7039,2872,45,2161,18,35,25,44,30,18,39,42,35,83,35,39,39,33
178402,University of Missouri-Kansas City,1,29,1,1,2,University of Missouri-Kansas City,MO,11,4,1,0,69,31,39,14201,166,2,56,55,29,170,930,46,63,56,35,51,55,5,5802,4351,2,49,51,710,730,1440,25,24,24,11190,29190,16770,10149,5800,5800,90,10,9100,5201,3899,1049,599,450,10149,5800,57,43,4349,14,930,6618,1,64,2707,3847,26,1091,14,33,17,43,30,17,36,39,33,90,33,36,34,33
173300,Concordia College at Moorhead,1,27,2,1,2,Concordia College at Moorhead,MN,22,2,2,,,,20,,28,2,75,74,71,17,28,63,79,72,62,70,72,5,4434,2796,1,49,50,636,626,1262,24,24,24,29400,29400,Unavailable,1789,1691,1691,97,3,1730,1672,58,59,19,40,1799,1701,95,5,98,2,28,1721,0,2,284,1435,,444,12,Unavailable,43,42,31,3,33,46,33,97,33,33,33,33
201654,Cedarville University,1,39,2,1,2,Cedarville University,OH,42,3,2,,,,18,,83,2,74,73,64,17,95,63,78,74,65,73,74,5,5382,3381,36,47,83,640,600,1240,26,26,25,35878,35878,Unavailable,4916,3789,3789,99,1,4884,3769,1115,32,20,12,4916,3789,77,23,1127,2,95,3815,0,16,1372,2427,2,1137,15,Unavailable,38,41,31,7,62,45,34,99,34,62,63,33
217633,Anderson University,1,45,2,1,2,Anderson University,SC,13,2,2,,,,23,,49,1,64,63,56,11,155,62,79,71,62,68,68,5,4732,2499,45,36,81,610,580,1190,24,24,24,32710,32710,Unavailable,3413,2993,2993,95,5,3235,2876,359,178,117,61,3413,2993,88,12,420,5,155,3080,5,161,1572,1347,2,796,15,Unavailable,34,43,28,7,57,40,34,95,34,57,58,33
136215,Nova Southeastern University,1,12,2,1,2,Nova Southeastern University,FL,21,5,2,,,,37,,112,2,61,61,51,348,498,59,71,64,58,63,64,5,17621,12805,45,15,60,600,580,1180,24,24,23,35880,35880,Unavailable,7218,6711,6711,92,8,6663,6319,344,555,392,163,7219,6711,93,7,508,7,498,7171,4,286,4313,2572,18,1959,17,Unavailable,31,48,29,6,43,39,34,92,34,43,44,33
187134,The College of New Jersey,1,34,1,1,2,The College of New Jersey,NJ,21,3,1,0,95,5,21,22379,40,1,88,87,76,110,301,78,89,85,76,84,85,5,11668,7251,42,4,46,620,620,1240,28,,26,14706,20589,15000,7073,6903,6903,98,2,6936,6804,132,137,99,38,7073,6903,98,2,170,4,301,6831,0,5,276,6550,3,1568,13,32,46,50,37,2,36,55,Unavailable,98,Unavailable,36,Unavailable,33
106412,University of Arkansas at Pine Bluff,1,5,1,1,2,University of Arkansas at Pine Bluff,AR,32,2,1,0,60,40,68,11649,20,1,42,41,26,29,104,40,48,40,24,36,40,1,3792,2182,11,78,89,485,480,965,16,20,15,6060,14070,9264,1905,1674,1674,90,10,1723,1556,167,182,118,64,1905,1674,88,12,231,5,104,1899,5,92,1321,486,71,502,13,42,16,54,20,9,41,27,43,90,43,41,50,33
100751,The University of Alabama,1,1,1,1,2,The University of Alabama,AL,12,5,1,0,37,63,19,21761,810,2,73,72,53,264,1151,59,78,74,56,71,74,5,58418,44295,18,45,63,640,640,1280,27,27,26,11100,32400,24519,33435,30003,30003,94,6,31424,29322,2102,2011,681,1330,33435,30003,90,10,3432,4,1151,32323,7,2378,10494,19451,56,7974,19,17,32,39,31,8,48,45,34,94,34,48,48,33
224147,Texas A & M University-Corpus Christi,1,48,1,1,2,Texas A & M University-Corpus Christi,TX,11,4,1,0,95,5,40,14991,248,3,38,36,18,45,577,33,35,34,20,30,34,5,10675,9551,49,9,58,550,530,1080,22,20,20,4913,15587,5447,7822,6013,6013,87,13,6777,5592,1185,1045,421,624,7822,6013,77,23,1809,7,577,7804,8,660,3161,3983,83,1901,18,40,11,37,19,15,39,26,34,87,34,39,39,32
179955,William Jewell College,1,29,2,1,2,William Jewell College,MO,21,1,2,,,,28,,12,1,65,65,61,7,48,48,73,62,53,61,62,5,2132,731,4,58,62,510,510,1020,22,21,20,18600,18600,Unavailable,868,841,841,97,3,843,817,26,25,24,1,868,841,97,3,27,6,48,868,0,1,277,590,,243,10,Unavailable,37,38,29,2,38,41,34,97,34,38,36,32
176947,Central Methodist University-College of Liberal Arts and Sciences,1,29,2,1,2,Central Methodist University-College of Liberal Arts and Sciences,MO,42,2,2,,,,37,,16,2,50,47,38,6,118,51,55,53,44,54,54,5,1149,1010,4,58,62,520,565,1085,21,21,20,26360,26360,Unavailable,1017,1012,1012,97,3,987,985,2,30,27,3,1017,1012,100,0,5,12,118,1015,0,0,274,741,2,292,11,Unavailable,23,44,26,1,37,35,34,97,34,37,36,32
201548,Capital University,1,39,2,1,2,Capital University,OH,21,2,2,,,,32,,17,1,62,62,54,43,88,53,74,66,59,65,66,5,4365,3194,15,58,73,570,540,1110,22,21,20,41298,41298,Unavailable,1747,1678,1678,93,7,1632,1600,32,115,78,37,1747,1678,96,4,69,5,88,1709,2,30,695,984,0,518,10,Unavailable,32,43,28,4,46,39,34,93,34,46,45,32
217882,Clemson University,1,45,1,1,2,Clemson University,SC,22,5,1,0,54,46,15,24408,443,2,86,85,65,418,1513,78,91,88,68,86,88,5,60122,22879,39,21,60,660,660,1320,30,30,28,14038,37982,25052,22875,22144,22144,98,2,22331,21772,559,544,372,172,22875,22144,97,3,731,7,1513,22778,1,172,8591,14015,13,4575,16,20,39,47,38,2,50,54,32,98,32,50,50,32
124292,Thomas Aquinas College,1,6,2,1,2,Thomas Aquinas College,CA,42,1,2,,,,20,,5,1,87,86,77,1,15,81,85,82,80,82,82,1,263,207,42,15,57,640,610,1250,29,30,27,28700,28700,Unavailable,539,539,539,98,2,528,528,0,11,11,0,539,539,100,Unavailable,,3,15,539,Unavailable,,,539,,139,10,Unavailable,46,51,36,#VALUE!,45,53,34,98,34,45,46,32
107141,John Brown University,1,5,2,1,2,John Brown University,AR,32,2,2,,,,28,,22,1,72,70,61,27,87,59,69,67,60,66,67,5,1545,1045,10,48,58,635,595,1230,25,25,24,29488,29488,Unavailable,1882,1327,1327,93,7,1746,1257,489,136,70,66,1882,1327,71,29,555,6,87,1415,9,132,398,885,2,304,16,Unavailable,37,44,32,15,41,46,33,93,33,41,41,32
196866,Union College,1,36,2,1,2,Union College,NY,13,2,2,,,,13,,5,0,85,85,80,7,20,88,85,85,75,84,85,5,9295,4070,36,13,49,690,710,1400,32,33,29,66105,66105,Unavailable,2081,2065,2065,98,2,2048,2040,8,33,25,8,2082,2066,99,1,16,1,20,2070,Unavailable,,,2070,,575,10,Unavailable,48,51,35,#VALUE!,43,51,31,98,31,43,43,32
228325,Southwestern Assemblies of God University,1,48,2,1,2,Southwestern Assemblies of God University,TX,21,2,2,,,,51,,31,2,52,52,40,26,155,40,38,36,30,40,42,1,615,518,51,38,89,510,500,1010,19,18,18,17650,17650,Unavailable,1413,1234,1234,84,16,1182,1092,90,231,142,89,1413,1234,87,13,179,11,155,1366,24,326,485,555,1,144,15,Unavailable,24,46,28,17,52,36,33,84,33,52,52,32
139931,Georgia Southern University,1,13,1,1,2,Georgia Southern University,GA,32,5,1,0,92,8,37,16957,693,3,57,54,31,248,1275,47,57,52,34,49,53,5,14410,12916,49,24,73,540,520,1060,20,20,18,4371,15425,5255,22295,18163,18163,89,11,19889,16931,2958,2406,1232,1174,22295,18163,81,19,4132,6,1275,21029,10,2106,12260,6663,126,4227,24,38,19,42,25,13,46,37,33,89,33,46,46,32
127556,Colorado Mesa University,1,8,1,1,2,Colorado Mesa University,CO,13,3,1,0,83,17,31,15076,185,2,48,45,28,4,402,41,48,42,28,43,47,5,10631,8653,49,10,59,540,520,1060,22,21,21,8592,23192,11074,8711,6517,6517,85,15,7370,5778,1592,1341,739,602,8711,6517,75,25,2194,5,402,7604,7,545,3002,4057,40,1128,18,33,17,36,21,16,39,31,33,85,33,39,39,32
212054,Drexel University,1,42,2,1,2,Drexel University,PA,11,5,2,,,,25,,177,1,79,78,31,220,605,75,80,77,31,73,77,5,40204,31171,38,6,44,660,670,1330,30,31,27,58293,58293,Unavailable,13589,12505,12505,93,7,12598,12123,475,991,382,609,13589,12505,92,8,1084,4,605,13509,4,519,2159,10831,24,2914,9,Unavailable,19,50,34,6,37,49,31,93,31,37,37,32
228529,Tarleton State University,1,48,1,1,2,Tarleton State University,TX,33,4,1,0,99,1,37,15363,320,2,51,49,30,21,1227,47,55,51,35,47,51,5,8746,8239,48,18,66,530,530,1060,21,20,20,4416,14496,4517,13688,9222,9222,85,15,11633,8488,3145,2055,734,1321,13688,9222,67,33,4466,10,1227,12263,21,2608,5838,3817,201,2245,18,40,18,42,26,22,42,35,32,85,32,42,42,32
168786,Aquinas College,1,26,2,1,2,Aquinas College,MI,12,2,2,,,,24,,2,0,61,60,40,25,61,55,69,63,43,60,62,5,2291,1628,48,5,53,550,530,1080,23,22,22,37720,37720,Unavailable,1209,1135,1135,95,5,1146,1106,40,63,29,34,1209,1135,94,6,74,5,61,1201,1,13,370,818,0,307,11,Unavailable,24,40,27,4,36,39,33,95,33,36,36,32
145691,Illinois College,1,17,2,1,2,Illinois College,IL,32,1,2,,,,36,,9,1,64,64,62,19,57,57,63,61,55,61,61,5,3660,2733,47,14,61,530,540,1070,22,22,21,36870,36870,Unavailable,956,911,911,94,6,894,880,14,62,31,31,956,911,95,5,45,6,57,925,5,49,2,874,,233,11,Unavailable,37,47,29,6,40,41,31,94,31,40,40,32
170301,Hope College,1,26,2,1,2,Hope College,MI,13,2,2,,,,17,,19,1,82,81,73,45,60,76,85,82,69,81,82,5,5206,3949,43,14,57,610,590,1200,29,29,27,37240,37240,Unavailable,3368,3204,3204,98,2,3295,3147,148,73,57,16,3368,3204,95,5,164,2,60,3274,0,3,359,2912,,954,11,Unavailable,44,47,33,2,44,50,33,98,33,44,44,32
206604,Wright State University-Main Campus,1,39,1,1,2,Wright State University-Main Campus,OH,21,3,1,0,94,6,36,15400,251,4,45,44,27,23,658,33,58,46,29,42,46,5,8894,8463,6,60,66,520,520,1040,21,20,19,10564,19982,11129,7012,5297,5297,84,16,5908,4728,1180,1104,569,535,7012,5297,76,24,1715,10,658,6330,6,402,3860,2068,45,1234,15,38,16,35,24,16,39,31,33,84,33,39,37,32
204635,Ohio Northern University,1,39,2,1,2,Ohio Northern University,OH,31,2,2,,,,20,,28,1,73,72,59,6,53,59,79,74,59,69,70,5,4537,3328,10,42,52,640,650,1290,27,25,27,36500,36500,Unavailable,2592,2348,2348,98,2,2551,2314,237,41,34,7,2592,2348,91,9,244,2,53,2386,0,0,183,2203,0,666,13,Unavailable,35,40,30,3,40,45,29,98,29,40,37,32
232265,Hampton University,1,51,2,1,2,Hampton University,VA,21,2,2,,,,38,,77,2,58,57,40,96,125,48,63,56,36,52,56,5,12119,5850,47,17,64,543,535,1078,19,22,19,26198,26198,Unavailable,3255,3132,3132,95,5,3106,3047,59,149,85,64,3255,3132,96,4,123,4,125,3254,4,139,8,3107,2,841,15,Unavailable,24,43,25,4,41,36,32,95,32,41,42,31
485698,American College of the Building Arts,1,45,2,1,2,American College of the Building Arts,SC,12,1,2,,,,20,,14,10,46,46,46,4,0,,64,64,55,55,55,5,58,36,44,22,66,560,570,1130,23,22,23,19872,19872,Unavailable,140,139,139,69,31,96,96,0,44,43,1,140,139,99,1,1,0,,140,Unavailable,,,140,,23,8,Unavailable,28,Unavailable,18,#VALUE!,45,28,31,69,31,45,44,31
189097,Barnard College,1,36,2,1,2,Barnard College,NY,11,2,2,,,,17,,5,0,93,93,85,121,147,95,92,93,77,93,93,5,11803,940,33,17,50,750,760,1510,33,35,31,64078,64078,Unavailable,3350,3180,3180,100,0,3341,3173,168,9,7,2,3353,3183,95,5,170,5,147,3219,0,0,0,3219,8,698,10,Unavailable,51,56,40,2,47,58,31,100,31,47,47,31
174747,College of Saint Benedict,1,27,2,1,2,College of Saint Benedict,MN,22,2,2,,,,19,,7,0,77,77,74,23,21,74,87,83,79,83,83,5,1852,1692,4,47,51,580,550,1130,24,23,24,52700,52700,Unavailable,1410,1388,1388,99,1,1399,1384,15,11,4,7,1410,1388,98,2,22,2,21,1392,0,0,6,1386,,324,11,Unavailable,44,47,32,1,34,47,30,99,30,34,33,31
131450,Gallaudet University,1,11,2,1,2,Gallaudet University,DC,11,2,2,,,,55,,5,1,63,58,21,,65,39,59,47,17,40,47,1,425,259,27,75,102,405,415,820,15,12,15,18292,18292,Unavailable,919,823,823,76,24,697,634,63,222,189,33,919,823,90,10,96,7,65,879,5,45,355,479,,161,6,Unavailable,13,47,28,14,45,41,25,76,25,45,39,31
227881,Sam Houston State University,1,48,1,1,2,Sam Houston State University,TX,32,5,1,0,99,1,40,14556,391,2,59,57,36,65,1845,54,58,55,35,51,55,5,17582,15014,48,7,55,530,520,1050,21,23,19,5856,15648,5954,18179,14533,14533,86,14,15585,13268,2317,2594,1265,1329,18179,14533,80,20,3646,10,1845,18138,18,3218,9065,5855,172,3221,20,41,22,47,29,17,36,39,32,86,32,36,36,31
123961,University of Southern California,1,6,2,1,2,University of Southern California,CA,11,5,2,,,,22,,199,1,93,92,79,90,1335,92,92,92,77,90,92,5,80808,8094,32,14,46,730,780,1510,33,35,33,66640,66640,Unavailable,21023,20502,20502,39,61,8283,8214,69,12740,12288,452,21023,20502,98,2,521,6,1335,20817,0,19,1358,19440,2,3403,9,Unavailable,47,57,41,25,43,58,29,39,29,43,43,31
228459,Texas State University,1,48,1,1,2,Texas State University,TX,13,5,1,0,97,3,36,15307,1173,3,60,57,33,55,2682,50,62,56,37,52,56,5,37183,33273,47,7,54,553,531,1084,23,22,21,8606,20366,8959,34547,29092,29092,92,8,31641,27628,4013,2906,1464,1442,34547,29092,84,16,5455,8,2682,34547,6,2129,18568,13850,297,7307,21,39,20,43,27,10,36,39,32,92,32,36,37,31
204501,Oberlin College,1,39,2,1,2,Oberlin College,OH,31,2,2,,,,9,,9,0,83,82,72,117,18,71,81,79,63,77,79,5,11039,3641,35,19,54,730,710,1440,32,35,30,63700,63700,Unavailable,2963,2941,2941,100,0,2954,2937,17,9,4,5,2966,2942,99,1,24,1,18,2950,Unavailable,,,2950,,882,9,Unavailable,43,40,33,#VALUE!,48,50,32,100,32,48,50,31
129020,University of Connecticut,1,9,1,1,2,University of Connecticut,CT,31,5,1,0,58,39,24,22324,143,1,84,83,72,67,621,79,84,84,76,83,84,1,46645,25164,37,4,41,660,670,1330,31,33,29,16332,39000,25173,19388,18838,18838,98,2,18978,18539,439,410,299,111,19388,18838,97,3,550,3,621,19147,0,64,5898,13185,8,4021,16,24,43,52,35,2,34,52,31,98,31,34,34,31
172644,Wayne State University,1,26,1,1,2,Wayne State University,MI,11,5,1,0,96,4,44,16021,121,1,60,56,29,261,1601,53,62,57,33,51,57,5,15190,12461,44,4,48,580,560,1140,25,25,23,13660,31354,14368,16109,12484,12484,85,15,13659,11512,2147,2450,972,1478,16117,12486,77,23,3631,10,1601,15676,8,1252,9830,4594,118,2459,13,42,17,49,29,15,34,40,32,85,32,34,35,31
160658,University of Louisiana at Lafayette,1,22,1,1,2,University of Louisiana at Lafayette,LA,12,4,1,0,98,2,42,13443,191,1,53,50,23,47,602,42,60,52,27,47,52,5,10679,9486,1,46,47,600,590,1190,25,26,24,5407,19135,5682,13179,11029,11029,89,11,11772,10340,1432,1407,689,718,13179,11029,84,16,2150,5,602,12269,8,1042,4266,6961,25,2860,18,41,14,42,23,12,33,34,33,89,33,33,34,31
149231,Southern Illinois University-Edwardsville,1,17,1,1,2,Southern Illinois University-Edwardsville,IL,21,4,1,0,100,0,32,15182,231,3,52,49,30,200,910,44,65,55,33,49,53,5,8937,8688,49,19,68,530,500,1030,23,22,22,8846,8846,8846,8975,7530,7530,88,12,7858,7056,802,1117,474,643,8975,7530,84,16,1445,10,910,8836,8,728,3012,5096,38,1825,15,38,18,38,26,12,44,35,32,88,32,44,44,31
200253,Minot State University,1,38,1,1,2,Minot State University,ND,13,2,1,0,100,0,28,12349,103,4,49,46,27,29,253,41,53,48,28,42,48,5,745,538,8,58,66,520,520,1040,21,20,19,7168,7168,7168,2473,1721,1721,79,21,1944,1482,462,529,239,290,2474,1721,70,30,753,12,253,2072,18,367,961,744,19,359,11,36,16,35,26,23,39,34,32,79,32,39,37,31
152381,Saint Mary-of-the-Woods College,1,18,2,1,2,Saint Mary-of-the-Woods College,IN,41,2,2,,,,51,,18,2,62,60,50,19,105,49,67,52,48,52,53,5,1182,900,51,2,53,490,480,970,15,15,17,31990,31990,Unavailable,898,795,795,72,28,647,629,18,251,166,85,898,795,89,11,103,12,105,896,30,270,230,396,1,199,9,Unavailable,30,50,31,24,32,42,31,72,31,32,32,31
229018,The University of Texas Permian Basin,1,48,1,1,2,The University of Texas Permian Basin,TX,12,3,1,0,94,6,41,10143,72,2,44,42,25,14,605,41,48,43,28,41,43,5,1718,1451,47,5,52,520,520,1040,17,16,17,6577,18817,7311,4654,3203,3203,68,32,3184,2300,884,1470,903,567,4654,3203,69,31,1451,15,605,4122,33,1369,2036,717,39,634,20,40,15,41,26,32,33,32,31,68,31,33,33,31
217688,Charleston Southern University,1,45,2,1,2,Charleston Southern University,SC,12,2,2,,,,35,,190,7,51,49,38,52,238,40,60,49,41,47,49,5,6072,4620,47,33,80,540,520,1060,20,20,18,30380,30380,Unavailable,2911,2568,2568,88,12,2564,2327,237,347,241,106,2914,2568,88,12,346,9,238,2716,9,255,1226,1235,4,720,13,Unavailable,23,38,25,11,49,34,32,88,32,49,50,31
228343,Southwestern University,1,48,2,1,2,Southwestern University,TX,13,2,2,,,,23,,32,2,74,74,68,26,58,64,72,69,61,69,69,5,6585,2573,40,14,54,640,610,1250,28,26,26,50558,50558,Unavailable,1457,1443,1443,97,3,1419,1409,10,38,34,4,1457,1443,99,1,14,4,58,1454,Unavailable,,,1454,0,436,11,Unavailable,41,44,32,#VALUE!,42,46,32,97,32,42,42,31
107080,Hendrix College,1,5,2,1,2,Hendrix College,AR,13,2,2,,,,24,,14,1,73,73,70,12,21,61,76,69,62,69,69,5,2616,1386,9,42,51,640,630,1270,29,30,26,36300,36300,Unavailable,1098,1089,1089,99,1,1092,1085,7,6,4,2,1098,1089,99,1,9,2,21,1094,Unavailable,,,1094,,363,11,Unavailable,42,43,30,#VALUE!,41,45,35,99,35,41,42,30
171100,Michigan State University,1,26,1,1,2,Michigan State University,MI,13,5,1,0,74,26,20,24630,273,1,83,82,59,698,1546,73,84,82,65,80,83,5,58879,49414,39,7,46,630,620,1250,28,30,27,16930,43700,23890,40483,37492,37492,98,2,39742,37097,2645,741,395,346,40483,37492,93,7,2991,4,1546,40243,1,458,23028,16757,116,9560,17,27,35,47,35,3,36,51,31,98,31,36,37,30
201821,The Christ College of Nursing and Health Sciences,1,39,2,1,2,The Christ College of Nursing and Health Sciences,OH,11,1,2,,,,34,,13,2,53,47,41,8,118,47,40,60,52,57,59,5,562,282,8,64,72,420,490,910,18,18,17,17325,17325,Unavailable,765,525,525,67,33,509,386,123,256,139,117,765,525,69,31,240,15,118,762,11,87,230,445,1,87,12,Unavailable,25,41,28,26,37,38,32,67,32,37,36,30
167835,Smith College,1,25,2,1,2,Smith College,MA,13,2,2,,,,18,,8,0,91,91,85,103,38,92,89,90,75,89,90,5,9869,1947,33,15,48,750,730,1480,33,35,30,61260,61260,Unavailable,2506,2497,2497,98,2,2454,2453,1,52,44,8,2506,2497,100,0,9,2,38,2501,Unavailable,,,2501,,619,8,Unavailable,51,55,37,#VALUE!,44,55,31,98,31,44,46,30
217059,York College of Pennsylvania,1,42,2,1,2,York College of Pennsylvania,PA,22,2,2,,,,26,,57,2,66,65,50,22,206,47,70,60,43,58,60,5,4933,4647,43,3,46,570,560,1130,25,23,26,22120,22120,Unavailable,3308,2939,2939,94,6,3108,2855,253,200,84,116,3308,2939,89,11,369,6,206,3187,3,84,1252,1851,4,744,13,Unavailable,30,37,30,7,32,42,31,94,31,32,33,30
215743,Saint Francis University,1,42,2,1,2,Saint Francis University,PA,42,2,2,,,,26,,18,1,74,74,66,16,17,62,77,73,66,71,72,5,2259,1737,43,13,56,580,560,1140,24,23,23,41020,41020,Unavailable,2429,1393,1393,94,6,2274,1345,929,155,48,107,2429,1393,57,43,1036,1,17,1525,12,186,985,354,,327,14,Unavailable,40,44,30,19,39,45,31,94,31,39,39,30
102368,Troy University,1,1,1,1,2,Troy University,AL,33,4,1,0,90,10,44,12504,559,5,52,51,30,451,1033,37,56,47,28,42,46,5,7947,7360,6,57,63,540,510,1050,21,21,19,9792,19584,10771,10468,7053,7053,66,34,6935,5633,1302,3533,1420,2113,10468,7053,67,33,3415,10,1033,10089,42,4258,2109,3722,226,1381,15,40,18,41,27,36,37,35,33,66,33,37,37,30
226152,Texas A & M International University,1,48,1,1,2,Texas A & M International University,TX,11,3,1,0,97,3,68,3833,42,1,52,49,26,35,529,48,53,49,28,44,49,1,8309,3819,48,10,58,520,500,1020,17,16,17,3818,13634,4112,7004,5395,5395,87,13,6095,4951,1144,909,444,465,7004,5395,77,23,1609,8,529,6502,8,545,3617,2340,29,1199,21,51,16,58,24,15,35,34,31,87,31,35,36,30
153320,Faith Baptist Bible College and Theological Seminary,1,19,2,1,2,Faith Baptist Bible College and Theological Seminary,IA,21,1,2,,,,45,,3,1,55,53,45,2,19,48,58,61,36,46,48,1,308,153,13,60,73,560,520,1080,21,21,18,18740,18740,Unavailable,518,336,336,95,5,490,324,166,28,12,16,518,336,65,35,182,5,19,371,7,26,108,237,0,60,15,Unavailable,27,47,24,15,44,35,35,95,35,44,44,30
219709,Belmont University,1,47,2,1,2,Belmont University,TN,11,3,2,,,,19,,227,3,69,68,57,46,321,62,75,72,61,70,72,5,8950,8624,20,43,63,640,610,1250,27,28,25,39400,39400,Unavailable,7330,7042,7042,96,4,7018,6838,180,312,204,108,7330,7042,96,4,288,4,321,7306,1,53,3087,4166,7,1910,12,Unavailable,34,41,30,3,48,43,33,96,33,48,49,30
100654,Alabama A & M University,1,1,1,1,2,Alabama A & M University,AL,12,3,1,0,52,48,64,14064,221,4,30,28,11,18,280,29,27,29,15,25,29,5,15628,10349,24,67,91,480,460,940,17,15,16,8610,17220,12743,5807,5218,5218,93,7,5394,4976,418,413,242,171,5845,5221,89,11,624,5,280,5726,5,263,2404,3059,10,1547,19,39,7,47,14,7,46,20,28,93,28,46,42,30
203517,Kent State University at Kent,1,39,1,1,2,Kent State University at Kent,OH,21,5,1,0,80,20,29,20333,235,1,69,67,51,133,792,56,76,65,49,62,65,5,22365,19379,18,51,69,560,550,1110,21,21,21,11595,20708,13418,20484,16705,16705,92,8,18837,16041,2796,1647,664,983,20485,16706,82,18,3779,4,792,19134,8,1500,10817,6817,51,4229,21,32,31,43,29,11,42,43,30,92,30,42,42,30
198109,Cabarrus College of Health Sciences,1,37,2,1,3,Cabarrus College of Health Sciences,NC,12,1,2,,,,28,,3,0,,,,18,200,0,67,45,0,0,0,1,63,31,38,63,101,520,500,1020,19,19,17,15520,15520,Unavailable,661,277,277,49,51,325,136,189,336,141,195,661,277,42,58,384,33,200,602,20,122,370,110,0,0,8,Unavailable,Unavailable,14,Unavailable,44,57,Unavailable,33,49,33,57,58,30
213543,Lehigh University,1,42,2,1,2,Lehigh University,PA,13,3,2,,,,18,,21,0,88,87,78,84,47,83,90,89,81,89,89,5,18415,5389,33,10,43,710,720,1430,32,34,30,61180,61180,Unavailable,5811,5736,5736,100,0,5797,5725,72,14,11,3,5811,5736,99,1,75,1,47,5803,0,5,326,5472,,1508,10,Unavailable,47,51,35,1,38,53,29,100,29,38,39,30
224244,Dallas Christian College,1,48,2,1,2,Dallas Christian College,TX,21,1,2,,,,52,,6,2,19,19,9,9,52,21,67,24,16,25,25,5,313,263,47,35,82,500,500,1000,20,19,19,19200,19200,Unavailable,277,243,243,79,21,218,206,12,59,37,22,278,243,87,13,35,19,52,272,14,37,66,169,1,75,13,Unavailable,5,37,19,16,49,19,29,79,29,49,48,29
229814,West Texas A & M University,1,48,1,1,2,West Texas A & M University,TX,31,3,1,0,84,12,40,17182,137,2,47,46,29,5,891,48,43,47,14,43,47,5,4784,4657,45,31,76,540,520,1060,21,20,19,6372,8267,6599,6781,5406,5406,79,21,5360,4751,609,1421,655,766,6786,5411,80,20,1375,13,891,6771,22,1501,2607,2663,24,1254,18,37,17,44,26,21,48,33,30,79,30,48,48,29
221519,The University of the South,1,47,2,1,2,The University of the South,TN,42,2,2,,,,15,,9,1,80,80,75,45,22,85,85,82,74,81,82,5,5018,2554,17,39,56,660,645,1305,29,33,27,53418,53418,Unavailable,1615,1588,1588,100,0,1612,1586,26,3,2,1,1615,1588,98,2,27,1,22,1598,Unavailable,,,1598,,416,9,Unavailable,45,50,33,#VALUE!,45,49,36,100,36,45,50,29
207500,University of Oklahoma-Norman Campus,1,40,1,1,2,University of Oklahoma-Norman Campus,OK,22,5,1,0,53,46,24,19900,580,3,77,76,50,151,1018,65,79,75,56,72,75,5,22337,17097,26,42,68,620,600,1220,26,25,25,5070,22140,12922,22023,19262,19262,93,7,20446,18380,2066,1577,882,695,22025,19262,87,13,2763,5,1018,21496,4,860,9663,10973,550,4102,17,23,30,45,33,8,50,48,29,93,29,50,49,29
174233,University of Minnesota-Duluth,1,27,1,1,2,University of Minnesota-Duluth,MN,13,3,1,0,84,16,21,19542,85,1,66,65,45,18,319,58,68,64,46,62,64,5,9502,7768,2,42,44,625,610,1235,25,24,25,12766,18210,13637,8524,7249,7249,97,3,8276,7093,1183,248,156,92,8525,7249,85,15,1276,4,319,7475,1,112,3020,4343,21,1956,16,29,27,40,29,6,31,41,28,97,28,31,30,29
154712,Benedictine College,1,20,2,1,2,Benedictine College,KS,32,2,2,,,,17,,47,2,64,63,44,23,60,80,59,65,57,65,65,5,3575,2733,20,42,62,630,600,1230,26,25,25,34000,34000,Unavailable,2391,2214,2214,99,1,2361,2201,160,30,13,17,2391,2214,93,7,177,3,60,2236,0,0,0,2236,0,593,15,Unavailable,26,49,27,3,46,39,29,99,29,46,45,29
165015,Brandeis University,1,25,2,1,2,Brandeis University,MA,13,3,2,,,,14,,12,0,88,88,82,200,58,81,86,86,78,85,86,5,11282,3984,31,11,42,720,750,1470,33,34,31,64348,64348,Unavailable,3675,3661,3661,100,0,3661,3652,9,14,9,5,3675,3661,100,0,14,2,58,3663,0,0,1788,1875,,986,11,Unavailable,49,48,36,0,39,53,28,100,28,39,38,29
227216,University of North Texas,1,48,1,1,2,University of North Texas,TX,12,5,1,0,94,6,36,14675,925,3,62,60,40,350,3720,57,61,60,43,56,60,5,36807,26671,43,10,53,560,540,1100,23,22,21,8319,18399,8924,33858,27922,27922,87,13,29379,25469,3910,4479,2453,2026,33858,27922,82,18,5936,11,3720,33680,9,3073,21799,8808,421,6203,23,38,24,47,31,13,36,42,30,87,30,36,36,29
160904,Xavier University of Louisiana,1,22,2,1,2,Xavier University of Louisiana,LA,11,2,2,,,,52,,32,1,50,48,37,7,74,41,63,50,36,45,48,5,9608,7156,26,52,78,530,520,1050,21,21,20,24836,24836,Unavailable,2591,2452,2452,98,2,2549,2424,125,42,28,14,2591,2452,95,5,139,3,74,2534,1,13,1290,1231,3,835,11,Unavailable,22,47,21,2,47,31,30,98,30,47,48,29
231174,University of Vermont,1,50,1,1,2,University of Vermont,VT,13,4,1,0,16,84,13,22062,63,1,78,77,70,376,365,67,82,79,70,77,79,5,28236,16947,35,11,46,680,660,1340,31,33,28,16280,41280,37280,12168,11410,11410,96,4,11711,11296,415,457,114,343,12168,11410,94,6,758,3,365,11614,0,54,2902,8658,13,2991,17,9,42,40,33,4,39,48,30,96,30,39,40,29
166124,College of the Holy Cross,1,25,2,1,2,College of the Holy Cross,MA,12,2,2,,,,15,,14,0,93,93,90,50,18,89,88,90,88,89,90,5,8670,1829,35,19,54,680,660,1340,30,31,28,60050,60050,Unavailable,3035,3015,3015,100,0,3029,3015,14,6,0,6,3035,3015,99,1,20,1,18,3015,Unavailable,,,3015,,902,9,Unavailable,54,52,38,#VALUE!,45,56,30,100,30,45,46,29
168740,Andrews University,1,26,2,1,2,Andrews University,MI,31,2,2,,,,23,,12,1,74,73,41,31,91,60,69,66,50,62,66,5,1286,1124,39,33,72,610,590,1200,23,24,22,32400,32400,Unavailable,1289,1143,1143,89,11,1143,1079,64,146,64,82,1312,1157,88,12,155,7,91,1262,7,85,278,899,13,227,10,Unavailable,25,42,34,10,50,47,30,89,30,50,52,29
222831,Angelo State University,1,48,1,1,2,Angelo State University,TX,13,4,1,0,97,3,45,12518,201,2,46,45,31,47,410,36,48,41,29,38,41,5,4660,3692,46,31,77,520,500,1020,21,20,20,4495,14575,4797,9623,5059,5059,93,7,8905,4626,4279,718,433,285,9623,5059,53,47,4564,7,410,5515,14,766,2745,2004,21,1215,18,42,19,41,22,21,47,31,30,93,30,47,47,29
143084,Augustana College,1,17,2,1,2,Augustana College,IL,13,2,2,,,,22,,11,0,79,79,76,3,68,73,82,79,73,79,79,5,7424,5022,41,10,51,560,560,1120,24,23,23,49674,49674,Unavailable,2446,2424,2424,98,2,2392,2377,15,54,47,7,2446,2424,99,1,22,3,68,2418,0,0,0,2418,,593,11,Unavailable,46,48,33,1,35,49,29,98,29,35,35,29
226091,Lamar University,1,48,1,1,2,Lamar University,TX,12,4,1,0,96,4,45,10999,189,2,41,39,17,150,869,28,46,37,18,32,37,5,7246,6212,45,6,51,520,510,1030,22,21,19,6228,16020,6620,7998,6007,6007,68,32,5421,4578,843,2577,1429,1148,7998,6007,75,25,1991,11,869,7945,33,2615,3640,1690,106,1369,18,42,10,37,22,30,33,29,29,68,29,33,33,29
179867,Washington University in St Louis,1,29,2,1,2,Washington University in St Louis,MO,21,4,2,,,,17,,35,0,93,93,87,169,196,93,95,94,87,93,94,5,32240,3855,29,28,57,750,790,1540,34,35,34,61750,61750,Unavailable,8267,7576,7576,92,8,7610,7495,115,657,81,576,8267,7576,92,8,691,2,196,7897,2,183,180,7534,5,1807,7,Unavailable,52,55,39,6,54,57,27,92,27,54,54,29
204200,Mount St. Joseph University,1,39,2,1,2,Mount St. Joseph University,OH,21,2,2,,,,37,,14,1,53,53,42,11,62,41,70,55,45,52,55,5,2169,1226,14,54,68,500,480,980,21,21,19,35450,35450,Unavailable,1446,1062,1062,95,5,1373,1014,359,73,48,25,1446,1062,73,27,384,6,62,1100,1,8,602,490,0,296,9,Unavailable,25,39,25,10,40,34,32,95,32,40,40,29
100830,Auburn University at Montgomery,1,1,1,1,2,Auburn University at Montgomery,AL,12,3,1,0,91,9,46,15458,124,4,40,36,13,35,254,31,40,36,14,29,36,5,2213,2050,3,57,60,540,560,1100,21,21,18,8568,19224,9527,3407,2422,2422,80,20,2709,2066,643,698,356,342,3407,2422,71,29,985,9,254,2693,14,373,1371,949,22,383,15,41,8,39,20,21,35,28,33,80,33,35,35,29
153384,Grinnell College,1,19,2,1,2,Grinnell College,IA,33,2,2,,,,17,,3,0,87,87,82,55,7,85,88,87,74,86,87,5,9988,1266,30,21,51,730,760,1490,33,34,30,64342,64342,Unavailable,1710,1707,1707,100,0,1707,1704,3,3,3,0,1775,1707,96,4,68,0,7,1705,Unavailable,,,1705,,435,9,Unavailable,49,51,35,#VALUE!,47,52,27,100,27,47,47,29
173258,Carleton College,1,27,2,1,2,Carleton College,MN,32,2,2,,,,14,,10,0,92,91,87,58,13,89,92,91,83,90,91,5,6464,1440,30,27,57,740,760,1500,33,35,31,65043,65043,Unavailable,2057,2043,2043,100,0,2053,2041,12,4,2,2,2069,2049,99,1,20,1,13,2019,Unavailable,,,2019,,532,8,Unavailable,52,52,37,#VALUE!,53,55,28,100,28,53,54,29
212674,Gettysburg College,1,42,2,1,2,Gettysburg College,PA,31,2,2,,,,21,,16,1,82,82,79,34,14,89,82,83,74,82,83,5,7123,3384,34,7,41,680,670,1350,29,32,27,64230,64230,Unavailable,2216,2210,2210,100,0,2211,2207,4,5,3,2,2216,2210,100,0,6,1,14,2209,0,0,0,2209,,644,10,Unavailable,47,55,33,0,34,49,29,100,29,34,35,28
135726,University of Miami,1,12,2,1,2,University of Miami,FL,21,4,2,,,,16,,131,1,84,84,73,213,545,79,85,84,73,83,84,5,48286,8940,32,21,53,690,710,1400,32,33,29,58104,58104,Unavailable,12883,12405,12405,97,3,12445,12210,235,438,195,243,12883,12405,96,4,478,4,545,12570,1,135,3078,9357,1,2369,11,Unavailable,44,48,36,3,47,52,28,97,28,47,47,28
199120,University of North Carolina at Chapel Hill,1,37,1,1,2,University of North Carolina at Chapel Hill,NC,13,5,1,0,83,17,20,11140,217,1,92,92,85,534,974,90,93,92,86,91,92,5,57902,10850,29,34,63,720,750,1470,32,33,30,7019,37360,12177,20681,19840,19840,98,2,20246,19529,717,435,311,124,20681,19840,96,4,841,5,974,20556,0,32,4540,15984,10,4424,15,29,51,55,40,2,57,57,31,98,31,57,57,28
204796,Ohio State University-Main Campus,1,39,1,1,2,Ohio State University-Main Campus,OH,11,5,1,0,67,33,20,19575,667,1,89,88,67,510,3282,81,90,88,71,86,88,5,70028,35588,14,35,49,680,720,1400,31,31,29,11826,37332,20243,45726,41983,41983,94,6,43160,40696,2464,2566,1287,1279,45728,41983,92,8,3745,7,3282,44617,3,1262,30318,13037,31,8025,18,25,40,51,40,6,42,56,30,94,30,42,42,28
164580,Babson College,1,25,2,1,2,Babson College,MA,21,2,2,,,,15,,6,0,94,94,90,43,43,97,91,92,88,92,92,5,7995,1578,30,6,36,690,750,1440,31,33,31,56032,56032,Unavailable,2752,2720,2720,100,0,2743,2713,30,9,7,2,2752,2720,99,1,32,2,43,2696,0,3,151,2542,,656,16,Unavailable,54,56,39,1,32,57,26,100,26,32,31,28
152336,University of Saint Francis-Fort Wayne,1,18,2,1,2,University of Saint Francis-Fort Wayne,IN,11,2,2,,,,43,,15,1,57,56,51,30,183,52,72,61,50,59,60,5,1560,1522,44,9,53,520,510,1030,21,21,21,34190,34190,Unavailable,1601,1450,1450,85,15,1362,1306,56,239,144,95,1601,1450,91,9,151,11,183,1599,3,46,1090,463,4,303,11,Unavailable,31,48,29,10,34,39,29,85,29,34,34,28
219833,Christian Brothers University,1,47,2,1,2,Christian Brothers University,TN,11,2,2,,,,37,,10,1,61,59,55,35,78,47,62,56,41,52,56,5,1105,977,8,56,64,605,610,1215,20,21,18,37300,37300,Unavailable,1204,921,921,91,9,1097,842,255,107,79,28,1204,921,76,24,283,8,78,953,3,25,453,475,0,175,9,Unavailable,33,42,29,11,37,40,33,91,33,37,39,28
226231,LeTourneau University,1,48,2,1,2,LeTourneau University,TX,13,2,2,,,,29,,62,2,65,64,54,5,87,54,67,61,52,60,61,5,3518,1431,35,23,58,630,640,1270,26,26,26,34680,34680,Unavailable,3227,1373,1373,93,7,2994,1279,1715,233,94,139,3227,1373,43,57,1854,6,87,1510,16,245,461,804,14,298,11,Unavailable,32,42,29,25,44,41,28,93,28,44,44,28
174844,St Olaf College,1,27,2,1,2,St Olaf College,MN,32,2,2,,,,20,,6,0,85,85,81,74,32,79,86,84,79,83,84,5,5956,3106,12,36,48,680,670,1350,30,32,28,56970,56970,Unavailable,3072,3044,3044,100,0,3057,3035,22,15,9,6,3074,3044,99,1,30,1,32,3049,0,0,7,3042,,867,12,Unavailable,49,50,35,0,40,51,32,100,32,40,42,28
225432,University of Houston-Downtown,1,48,1,1,2,University of Houston-Downtown,TX,11,4,1,0,98,2,52,14269,234,2,34,30,10,2,2200,36,30,34,15,28,34,5,6953,6302,43,4,47,520,520,1040,20,19,18,6080,16016,6279,12880,6277,6277,58,42,7486,4588,2898,5394,1689,3705,12880,6277,49,51,6603,17,2200,12812,34,4325,4913,3574,163,1209,18,45,6,44,22,42,30,27,28,58,28,30,30,28
121345,Pomona College,1,6,2,1,2,Pomona College,CA,21,2,2,,,,19,,6,0,93,93,86,57,19,94,93,93,71,93,93,5,12121,819,29,15,44,750,770,1520,34,35,32,61906,61906,Unavailable,1664,1646,1646,99,1,1651,1636,15,13,10,3,1664,1646,99,1,18,1,19,1638,Unavailable,,,1638,0,412,7,Unavailable,52,57,38,#VALUE!,42,56,27,99,27,42,42,28
112260,Claremont McKenna College,1,6,2,1,2,Claremont McKenna College,CA,21,2,2,,,,19,,1,0,93,93,80,35,21,97,94,95,82,94,95,5,5799,645,29,16,45,740,770,1510,34,35,32,63800,63800,Unavailable,1381,1377,1377,100,0,1375,1372,3,6,5,1,1381,1377,100,0,4,2,21,1379,Unavailable,,,1379,,322,8,Unavailable,48,58,38,#VALUE!,42,56,27,100,27,42,42,28
157863,Union College,1,21,2,1,2,Union College,KY,33,2,2,,,,51,,7,1,38,37,28,2,88,38,29,36,24,34,36,5,834,459,16,59,75,500,520,1020,17,16,17,28737,28737,Unavailable,737,702,702,88,12,649,634,15,88,68,20,737,702,95,5,35,12,88,736,13,93,329,314,0,200,14,Unavailable,17,45,22,10,38,28,26,88,26,38,36,28
229267,Trinity University,1,48,2,1,2,Trinity University,TX,11,2,2,,,,17,,32,1,80,80,69,44,24,85,81,82,73,81,82,5,11425,3217,32,16,48,700,690,1390,32,33,29,50712,50712,Unavailable,2531,2482,2482,99,1,2512,2474,38,19,8,11,2531,2482,98,2,49,1,24,2518,Unavailable,,,2518,,655,9,Unavailable,41,51,33,#VALUE!,42,48,28,99,28,42,43,28
132408,Baptist University of Florida,1,12,2,1,2,Baptist University of Florida,FL,42,1,2,,,,55,,2,1,34,29,29,,49,58,100,69,45,50,53,1,156,100,45,48,93,550,490,1040,20,20,17,12600,12600,Unavailable,319,162,162,71,29,226,118,108,93,44,49,331,174,53,47,157,20,49,248,46,115,88,45,0,19,8,Unavailable,17,57,23,40,56,28,31,71,31,56,58,28
150163,Butler University,1,18,2,1,2,Butler University,IN,11,3,2,,,,14,,40,1,82,82,75,72,91,69,83,80,72,78,79,5,9431,8098,35,20,55,630,630,1260,28,28,27,44990,44990,Unavailable,4518,4323,4323,99,1,4459,4277,182,59,46,13,4519,4323,96,4,196,2,91,4383,1,35,496,3852,1,1199,11,Unavailable,45,42,34,2,43,50,28,99,28,43,43,28
213385,Lafayette College,1,42,2,1,2,Lafayette College,PA,21,2,2,,,,10,,8,0,88,88,85,24,19,86,88,88,80,87,88,5,9874,3107,31,14,45,700,710,1410,32,34,30,61482,61482,Unavailable,2764,2734,2734,100,0,2757,2730,27,7,4,3,2764,2734,99,1,30,1,19,2746,0,0,0,2746,,757,10,Unavailable,51,48,36,0,40,53,27,100,27,40,40,28
482680,University of North Georgia,1,13,1,1,2,University of North Georgia,GA,32,4,1,0,97,3,30,11687,425,2,48,46,27,209,801,53,37,37,35,49,52,5,11633,8394,40,18,58,580,550,1130,23,22,22,4230,14986,4553,17242,11673,11673,91,9,15675,11037,4638,1567,636,931,17242,11673,68,32,5569,5,801,15542,11,1753,6412,7377,121,2878,18,36,16,42,21,17,40,31,29,91,29,40,40,28
486840,Kennesaw State University,1,13,1,1,2,Kennesaw State University,GA,21,5,1,0,97,3,36,17566,754,2,53,49,17,506,2594,47,50,48,21,41,48,5,23138,16008,40,21,61,570,550,1120,22,21,21,4450,15704,4788,40509,30203,30203,88,12,35517,27964,7553,4992,2239,2753,40509,30203,75,25,10306,7,2594,39503,16,6430,20623,12450,353,6664,23,39,10,42,24,17,41,34,29,88,29,41,41,28
228802,The University of Texas at Tyler,1,48,1,1,2,The University of Texas at Tyler,TX,12,3,1,0,99,1,40,14043,156,2,43,42,27,191,970,52,45,47,36,45,47,5,5521,5054,40,19,59,560,550,1110,22,23,22,7020,22320,7173,7287,5073,5073,79,21,5788,4445,1343,1499,628,871,7287,5073,70,30,2214,14,970,7009,15,1082,3779,2148,143,975,17,41,16,46,25,22,39,31,28,79,28,39,40,28
148654,University of Illinois Springfield,1,17,1,1,2,University of Illinois Springfield,IL,12,2,1,0,84,16,37,9241,44,2,52,52,38,34,448,49,69,61,43,59,61,5,2495,2105,40,11,51,540,550,1090,25,23,25,9865,16853,10983,2342,1653,1653,67,33,1573,1367,206,769,286,483,2342,1653,71,29,689,20,448,2292,42,968,900,424,2,243,14,36,23,43,33,35,35,39,27,67,27,35,34,28
179043,Rockhurst University,1,29,2,1,2,Rockhurst University,MO,11,2,2,,,,28,,26,1,74,74,68,29,180,67,80,76,69,75,76,5,2627,1814,3,41,44,600,585,1185,25,24,24,41900,41900,Unavailable,2430,1633,1633,91,9,2210,1483,727,220,150,70,2430,1633,67,33,797,11,180,1702,8,132,801,769,1,284,12,Unavailable,41,48,36,16,31,49,27,91,27,31,30,27
237215,Bluefield State University,1,54,1,1,2,Bluefield State University,WV,32,2,1,18,47,35,41,14500,15,1,40,31,17,1,133,36,41,35,21,32,35,5,720,628,45,20,65,490,485,975,20,18,19,9240,16560,11802,1249,925,925,81,19,1016,782,234,233,143,90,1249,925,74,26,324,11,133,1231,26,315,695,221,8,197,17,33,10,39,19,23,39,28,28,81,28,39,38,27
214777,Pennsylvania State University-Main Campus,1,42,1,1,2,Pennsylvania State University-Main Campus,PA,13,5,1,0,51,49,13,27450,655,2,87,85,69,759,372,78,87,86,70,84,86,5,85956,46605,33,6,39,650,660,1310,29,30,28,19672,39626,29449,42223,41011,41011,98,2,41475,40628,847,748,383,365,42223,41011,97,3,1212,1,372,41862,0,81,18800,22981,36,9193,15,18,41,46,35,2,32,53,27,98,27,32,32,27
192448,Long Island University,1,36,2,1,2,Long Island University,NY,21,4,2,,,,37,,71,1,50,46,33,70,585,44,63,55,44,52,53,5,12398,11130,35,5,40,630,620,1250,28,27,26,39458,39458,Unavailable,11734,5057,5057,93,7,10874,4488,6386,860,569,291,11753,5057,43,57,6696,11,585,5478,0,0,0,5478,4,1096,13,Unavailable,20,41,25,20,31,34,28,93,28,31,31,27
176628,Avila University,1,29,2,1,2,Avila University,MO,11,2,2,,,,51,,18,2,40,39,29,33,173,39,38,43,26,41,43,5,2862,1704,7,61,68,440,440,880,17,19,16,38762,38762,Unavailable,1194,1086,1086,82,18,985,962,23,209,124,85,1196,1086,91,9,110,15,173,1192,14,166,549,477,0,183,13,Unavailable,17,45,24,14,33,30,32,82,32,33,36,27
210739,DeSales University,1,42,2,1,2,DeSales University,PA,21,2,2,,,,23,,26,1,70,69,63,48,108,61,76,71,62,71,71,5,3636,2857,37,3,40,605,585,1190,27,25,24,43000,43000,Unavailable,2146,1846,1846,86,14,1839,1772,67,307,74,233,2149,1847,86,14,302,5,108,2113,12,258,437,1418,4,505,11,Unavailable,38,42,31,14,30,44,28,86,28,30,30,27
139311,Clayton  State University,1,13,1,1,2,Clayton  State University,GA,21,3,1,0,94,6,60,9397,146,3,38,36,14,49,583,35,35,35,15,29,35,5,1782,1258,46,18,64,500,470,970,18,17,16,4064,14786,4707,5301,2905,2905,69,31,3641,2142,1499,1660,763,897,5301,2905,55,45,2396,13,583,4390,31,1379,2044,967,68,474,17,48,8,48,22,36,37,28,29,69,29,37,37,27
181853,York University,1,31,2,1,2,York University,NE,33,1,2,,,,44,,15,3,34,34,26,3,47,19,72,37,22,31,37,5,506,241,36,54,90,460,480,940,19,19,18,21100,21100,Unavailable,419,384,384,90,10,378,365,13,41,19,22,443,408,92,8,35,11,47,443,4,17,140,286,,108,11,Unavailable,16,32,20,7,50,25,29,90,29,50,49,27
175272,Winona State University,1,27,1,1,2,Winona State University,MN,32,3,1,0,67,33,24,18919,43,1,63,62,44,122,412,51,65,61,45,58,60,5,6159,4220,2,44,46,540,550,1090,22,21,22,8388,15120,10610,5264,4484,4484,90,10,4751,4318,433,513,166,347,5267,4485,85,15,782,8,412,5088,8,411,1969,2708,16,1157,15,26,26,38,30,11,28,41,26,90,26,28,27,27
156745,Georgetown College,1,21,2,1,2,Georgetown College,KY,31,2,2,,,,35,,8,1,57,56,52,7,42,39,54,48,42,47,48,1,1815,1341,3,44,47,580,550,1130,23,23,22,41020,41020,Unavailable,1200,1174,1174,99,1,1188,1165,23,12,9,3,1200,1174,98,2,26,4,42,1180,0,0,295,885,0,356,15,Unavailable,31,37,25,1,30,36,28,99,28,30,30,27
237969,West Virginia Wesleyan College,1,54,2,1,2,West Virginia Wesleyan College,WV,33,1,2,,,,37,,3,0,55,54,43,14,64,36,60,49,39,48,49,5,1413,1343,43,25,68,520,500,1020,21,21,20,32166,32166,Unavailable,938,906,906,97,3,910,897,13,28,9,19,938,906,97,3,32,7,64,909,0,2,281,626,0,275,13,Unavailable,26,37,26,2,42,36,28,97,28,42,43,27
154095,University of Northern Iowa,1,19,1,1,2,University of Northern Iowa,IA,13,3,1,0,91,9,24,15931,74,1,70,69,44,159,821,59,74,69,45,65,69,5,4913,4638,1,46,47,550,580,1130,22,21,21,8396,19940,9435,7720,6985,6985,91,9,7001,6624,377,719,361,358,7734,6985,90,10,749,11,821,7599,8,620,2916,4063,11,1422,17,32,26,42,34,9,29,46,27,91,27,29,28,27
213251,Juniata College,1,42,2,1,2,Juniata College,PA,32,2,2,,,,28,,7,1,76,76,73,16,31,67,75,69,64,69,69,5,2917,2090,37,5,42,600,580,1180,25,24,24,55322,55322,Unavailable,1212,1199,1199,99,1,1199,1188,11,13,11,2,1212,1199,99,1,13,3,31,1175,0,1,115,1059,0,296,10,Unavailable,44,48,32,1,31,47,28,99,28,31,31,27
196088,University at Buffalo,1,36,1,1,2,University at Buffalo,NY,21,5,1,0,89,11,33,20511,118,1,75,74,60,175,1332,69,78,73,59,71,73,5,38210,26481,33,3,36,640,650,1290,30,29,28,7070,26860,9247,20463,18926,18926,95,5,19392,18253,1139,1071,673,398,20463,18926,92,8,1537,7,1332,20284,2,392,9012,10880,28,4187,11,35,36,51,34,5,29,48,26,95,26,29,29,27
150604,Franklin College,1,18,2,1,2,Franklin College,IN,21,1,2,,,,40,,7,1,61,61,57,14,37,53,79,63,61,63,63,5,2264,1598,39,5,44,560,550,1110,24,22,25,36600,36600,Unavailable,911,865,865,96,4,877,849,28,34,16,18,911,865,95,5,46,4,37,872,0,0,0,872,1,245,12,Unavailable,34,47,27,3,30,38,27,96,27,30,30,27
104586,Embry-Riddle Aeronautical University-Prescott,1,4,2,1,2,Embry-Riddle Aeronautical University-Prescott,AZ,13,2,2,,,,17,,188,6,71,70,40,165,104,61,76,70,47,66,70,5,3886,2922,34,27,61,630,630,1260,26,25,26,40680,40680,Unavailable,3250,3086,3086,93,7,3030,2909,121,220,177,43,3250,3086,95,5,164,3,104,3245,0,16,340,2889,0,754,17,Unavailable,24,39,30,4,46,44,27,93,27,46,46,27
212577,Franklin and Marshall College,1,42,2,1,2,Franklin and Marshall College,PA,13,2,2,,,,17,,4,0,83,83,78,46,9,88,85,86,80,85,86,5,9231,2938,31,9,40,700,690,1390,31,33,28,68180,68180,Unavailable,1910,1902,1902,100,0,1906,1898,8,4,4,0,1911,1902,100,0,9,0,9,1904,Unavailable,,,1904,,487,9,Unavailable,47,53,33,#VALUE!,35,50,27,100,27,35,35,27
232186,George Mason University,1,51,1,1,2,George Mason University,VA,21,5,1,0,79,21,30,18900,1018,4,73,70,49,285,2657,67,72,69,48,64,69,5,22579,20057,35,3,38,630,610,1240,28,27,26,10095,34259,15169,27666,22115,22115,83,17,23044,19949,3095,4622,2166,2456,27666,22115,80,20,5551,10,2657,27083,14,3735,16757,6591,136,4007,16,32,29,49,34,17,29,48,28,83,28,29,30,27
156286,Bellarmine University,1,21,2,1,2,Bellarmine University,KY,11,2,2,,,,26,,42,2,66,65,58,25,141,57,74,68,59,67,68,5,3462,3240,8,40,48,580,565,1145,25,25,24,45190,45190,Unavailable,2351,2224,2224,94,6,2202,2116,86,149,108,41,2351,2224,95,5,127,6,141,2286,1,33,445,1808,0,546,13,Unavailable,35,42,30,5,34,42,28,94,28,34,34,27
131469,George Washington University,1,11,2,1,2,George Washington University,DC,11,5,2,,,,16,,256,2,84,84,77,627,590,83,85,85,79,85,85,5,27094,11798,30,12,42,720,710,1430,32,34,30,64508,64508,Unavailable,11352,10386,10386,93,7,10510,10022,488,842,364,478,11387,10386,91,9,1001,5,590,10848,3,342,250,10256,11,2924,12,Unavailable,46,50,37,7,37,53,27,93,27,37,38,27
118888,Northeastern University Oakland,1,6,2,1,2,Northeastern University Oakland,CA,11,1,2,,,,,,,Unavailable,,,,25,3,,,,,,,5,17177,2841,28,6,34,710,760,1470,33,34,29,62000,62000,Unavailable,542,542,542,98,2,532,532,0,10,10,0,542,542,100,Unavailable,,1,3,542,0,0,498,44,,0,14,Unavailable,Unavailable,Unavailable,Unavailable,#VALUE!,31,Unavailable,25,98,25,31,31,27
164988,Boston University,1,25,2,1,2,Boston University,MA,11,5,2,,,,19,,97,1,90,89,84,174,930,90,90,90,83,88,90,5,80495,8733,28,10,38,710,760,1470,33,35,31,63798,63798,Unavailable,18656,17899,17899,97,3,18108,17798,310,548,101,447,18656,17899,96,4,757,5,930,17850,0,20,118,17712,1,3625,10,Unavailable,50,55,39,2,35,56,25,97,25,35,35,27
164924,Boston College,1,25,2,1,2,Boston College,MA,13,4,2,,,,13,,43,0,91,91,88,120,134,89,91,91,88,91,91,5,36069,5645,28,16,44,730,760,1490,34,35,32,66410,66410,Unavailable,10083,9856,9856,98,2,9877,9783,94,206,73,133,10083,9856,98,2,227,1,134,9865,1,98,957,8810,,2333,13,Unavailable,53,51,37,2,41,55,26,98,26,41,41,27
130697,Wesleyan University,1,9,2,1,2,Wesleyan University,CT,13,2,2,,,,15,,20,1,91,91,86,54,37,90,92,92,81,91,92,5,14500,2479,28,14,42,750,760,1510,34,35,32,66716,66716,Unavailable,3066,2969,2969,98,2,3016,2948,68,50,21,29,3066,2969,97,3,97,1,37,2973,0,0,1,2972,,743,7,Unavailable,52,53,37,2,40,55,26,98,26,40,40,27
155089,Friends University,1,20,2,1,2,Friends University,KS,11,2,2,,,,43,,22,2,41,40,29,18,107,56,60,61,52,60,61,5,1134,631,15,53,68,495,500,995,19,18,18,32108,32108,Unavailable,1456,964,964,91,9,1318,896,422,138,68,70,1460,964,66,34,496,11,107,1015,10,103,524,388,5,260,14,Unavailable,17,50,22,17,37,29,27,91,27,37,36,27
174066,University of Minnesota-Twin Cities,1,27,1,1,2,University of Minnesota-Twin Cities,MN,11,5,1,0,68,32,22,16730,293,1,85,84,72,358,1708,76,88,85,74,83,85,5,39863,30705,8,34,42,680,720,1400,29,28,28,14496,34410,20868,39555,29123,29123,95,5,37455,28299,9156,2100,824,1276,39556,29124,74,26,10432,6,1708,30469,1,380,15007,15082,32,6705,16,26,43,49,37,10,34,53,26,95,26,34,33,26
214175,Muhlenberg College,1,42,2,1,2,Muhlenberg College,PA,12,2,2,,,,21,,15,1,82,82,77,13,39,85,79,80,70,79,80,5,4348,2783,33,11,44,670,640,1310,30,30,26,59505,59505,Unavailable,1788,1747,1747,97,3,1731,1709,22,57,38,19,1788,1747,98,2,41,2,39,1777,0,3,28,1746,,420,8,Unavailable,46,53,34,2,36,50,28,97,28,36,37,26
240338,Wisconsin Lutheran College,1,55,2,1,2,Wisconsin Lutheran College,WI,11,2,2,,,,26,,10,1,61,61,50,22,38,51,68,63,52,63,63,5,1847,1460,5,38,43,600,570,1170,25,24,25,34520,34520,Unavailable,1021,984,984,97,3,995,977,18,26,7,19,1021,984,96,4,37,4,38,1009,1,15,55,939,0,309,11,Unavailable,30,39,27,3,30,38,25,97,25,30,29,26
151111,Indiana University-Indianapolis,1,18,1,1,2,Indiana University-Indianapolis,IN,11,5,1,0,92,8,37,11592,329,2,59,57,38,123,1144,48,59,54,39,51,54,5,15715,12791,37,5,42,570,570,1140,24,24,24,9241,32509,11102,17037,14314,14314,84,16,14365,12850,1515,2672,1464,1208,17037,14314,84,16,2723,7,1144,16582,8,1392,9204,5986,118,3358,14,38,23,43,27,14,30,38,26,84,26,30,30,26
173902,Macalester College,1,27,2,1,2,Macalester College,MN,11,2,2,,,,17,,18,1,90,90,85,74,10,93,91,90,82,89,90,5,8099,2285,30,28,58,710,700,1410,32,33,29,64678,64678,Unavailable,2142,2110,2110,100,0,2137,2107,30,5,3,2,2142,2110,99,1,32,0,10,2131,Unavailable,,,2131,,552,10,Unavailable,51,55,36,#VALUE!,51,54,27,100,27,51,52,26
179159,Saint Louis University,1,29,2,1,2,Saint Louis University,MO,11,4,2,,,,22,,169,2,80,80,73,15,505,67,83,80,73,79,80,5,15377,12527,16,35,51,670,670,1340,28,29,27,52260,52260,Unavailable,10518,6744,6744,93,7,9802,6502,3300,716,242,474,10519,6744,64,36,3775,7,505,7324,8,621,905,5798,7,1650,8,Unavailable,44,45,36,16,41,51,28,93,28,41,42,26
180461,Montana State University,1,30,1,1,2,Montana State University,MT,13,4,1,0,38,62,17,18511,380,3,56,54,31,90,562,41,64,57,36,54,57,5,21975,19081,25,41,66,590,570,1160,23,22,23,6056,29047,20310,14872,12829,12829,92,8,13708,12064,1644,1164,765,399,14872,12829,86,14,2043,4,562,14472,4,555,2199,11718,443,3125,18,16,19,29,24,8,44,35,25,92,25,44,43,26
100937,Birmingham-Southern College,1,1,2,1,2,Birmingham-Southern College,AL,12,1,2,,,,23,,13,2,71,70,65,9,29,48,71,64,56,63,64,5,3987,2071,9,41,50,610,620,1230,24,24,23,21500,21500,Unavailable,713,706,706,99,1,706,701,5,7,5,2,713,706,99,1,7,4,29,713,0,0,0,713,,244,9,Unavailable,39,36,30,1,34,44,27,99,27,34,34,26
180595,Rocky Mountain College,1,30,2,1,2,Rocky Mountain College,MT,12,1,2,,,,32,,28,4,53,52,41,,50,39,56,47,32,44,46,5,1471,1072,8,47,55,580,530,1110,21,21,20,32282,32282,Unavailable,794,773,773,94,6,746,733,13,48,40,8,794,773,97,3,21,6,50,790,0,0,284,506,1,260,12,Unavailable,25,36,25,3,33,34,27,94,27,33,33,26
239512,Northland College,1,55,2,1,2,Northland College,WI,33,1,2,,,,32,,7,1,57,56,50,16,29,33,57,43,37,43,43,5,894,642,16,47,63,600,560,1160,23,23,20,40910,40910,Unavailable,484,450,450,98,2,472,442,30,12,8,4,485,450,93,7,35,6,29,457,0,0,50,407,0,122,8,Unavailable,30,33,26,3,42,37,30,98,30,42,42,26
163268,University of Maryland-Baltimore County,1,24,1,1,2,University of Maryland-Baltimore County,MD,21,4,1,0,91,9,30,17704,179,2,72,70,45,8,776,67,73,71,48,65,70,5,13150,9762,32,4,36,650,650,1300,27,26,26,9238,26594,10800,10490,9073,9073,90,10,9409,8595,814,1081,478,603,10490,9073,86,14,1417,7,776,10434,1,155,6682,3597,14,2130,18,35,27,49,32,9,29,46,26,90,26,29,29,26
201885,University of Cincinnati-Main Campus,1,39,1,1,2,University of Cincinnati-Main Campus,OH,11,5,1,0,90,10,19,21511,421,1,74,72,38,61,1110,60,78,72,39,67,71,5,33165,29077,11,36,47,620,630,1250,27,25,26,11228,26562,12761,31184,26296,26296,91,9,28427,25334,3093,2757,962,1795,31184,26296,84,16,4888,4,1110,29094,11,3199,16250,9645,65,6270,19,30,23,40,31,12,36,46,25,91,25,36,34,26
167358,Northeastern University,1,25,2,1,2,Northeastern University,MA,11,5,2,,,,12,,110,1,91,91,0,456,947,89,90,90,0,88,90,5,96631,5459,27,8,35,730,770,1500,34,35,33,62000,62000,Unavailable,15891,15857,15857,99,1,15774,15756,18,117,101,16,15891,15857,100,0,34,6,947,15719,0,43,4313,11363,,2503,16,Unavailable,0,51,40,0,33,57,25,99,25,33,32,26
237057,Whitman College,1,53,2,1,2,Whitman College,WA,13,2,2,,,,15,,5,0,90,89,78,4,26,72,84,81,68,79,81,5,6185,3092,31,11,42,690,670,1360,30,31,29,61070,61070,Unavailable,1538,1497,1497,98,2,1513,1482,31,25,15,10,1544,1497,97,3,47,2,26,1523,Unavailable,,,1523,,336,10,Unavailable,47,44,37,#VALUE!,36,55,27,98,27,36,36,26
120865,Pacific Union College,1,6,2,1,2,Pacific Union College,CA,41,1,2,,,,37,,18,2,43,40,25,27,117,41,58,51,39,50,52,5,1323,562,41,9,50,575,505,1080,23,22,20,34191,34191,Unavailable,897,705,705,71,29,639,550,89,258,155,103,910,717,79,21,193,13,117,910,7,67,0,843,,72,11,Unavailable,15,39,24,20,33,31,29,71,29,33,35,26
155812,University of Saint Mary,1,20,2,1,2,University of Saint Mary,KS,31,2,2,,,,42,,26,3,47,47,33,13,137,47,57,44,36,43,44,5,1201,1079,8,49,57,510,515,1025,20,20,19,32750,32750,Unavailable,1014,806,806,88,12,890,748,142,124,58,66,1015,806,79,21,209,15,137,889,3,30,376,483,1,196,12,Unavailable,20,45,28,12,32,34,27,88,27,32,32,26
226471,University of Mary Hardin-Baylor,1,48,2,1,2,University of Mary Hardin-Baylor,TX,22,2,2,,,,38,,184,6,54,53,39,14,153,44,64,53,38,51,53,5,11407,10850,39,15,54,560,530,1090,22,22,22,30600,30600,Unavailable,3024,2814,2814,91,9,2751,2605,146,273,209,64,3024,2814,93,7,210,5,153,2959,3,95,1217,1647,0,744,17,Unavailable,23,41,24,7,36,34,27,91,27,36,36,26
229063,Texas Southern University,1,48,1,1,2,Texas Southern University,TX,11,3,1,0,75,25,71,15021,119,2,26,23,8,31,464,18,30,20,6,15,20,5,7867,7344,48,18,66,470,430,900,17,16,16,6941,18701,9881,6619,5729,5729,86,14,5688,5121,567,931,608,323,6619,5729,87,13,890,7,464,6619,6,370,3606,2643,233,2139,16,47,5,45,13,11,36,18,28,86,28,36,36,26
128106,Colorado State University Pueblo,1,8,1,1,2,Colorado State University Pueblo,CO,12,3,1,0,84,16,44,14188,153,3,42,39,21,35,330,30,46,38,22,34,38,5,1834,1831,42,5,47,500,490,990,22,21,21,6870,14711,8125,4816,2565,2565,83,17,3997,2117,1880,819,448,371,4816,2565,53,47,2251,11,330,3028,13,395,1418,1215,71,583,16,39,13,37,22,25,29,30,26,83,26,29,29,26
234207,Washington and Lee University,1,51,2,1,2,Washington and Lee University,VA,32,2,2,,,,11,,21,1,94,94,91,2,4,93,95,95,92,94,95,5,6820,1184,27,25,52,730,760,1490,34,35,32,63315,63315,Unavailable,1898,1887,1887,99,1,1887,1887,0,11,0,11,1898,1887,99,1,11,0,4,1884,Unavailable,,,1884,,476,8,Unavailable,55,52,38,#VALUE!,49,56,25,99,25,49,49,26
214591,Pennsylvania State University-Penn State Erie-Behrend College,1,42,1,1,2,Pennsylvania State University-Penn State Erie-Behrend College,PA,22,2,1,0,74,26,27,20964,59,2,47,47,32,20,91,44,39,46,32,43,46,5,4827,4620,34,3,37,610,600,1210,26,24,26,15388,26112,18176,3226,3063,3063,96,4,3087,2975,112,139,88,51,3226,3063,95,5,163,3,91,3172,0,10,775,2387,0,819,12,29,19,36,21,3,28,29,26,96,26,28,28,26
218973,Wofford College,1,45,2,1,2,Wofford College,SC,13,2,2,,,,15,,12,1,80,80,75,13,30,83,81,81,77,81,81,5,4183,2451,32,21,53,647,634,1281,28,29,8,51750,51750,Unavailable,1873,1867,1867,100,0,1867,1863,4,6,4,2,1873,1867,100,0,6,2,30,1873,Unavailable,,,1873,0,507,12,Unavailable,45,49,33,#VALUE!,42,49,26,100,26,42,43,25
218663,University of South Carolina-Columbia,1,45,1,1,2,University of South Carolina-Columbia,SC,12,5,1,0,91,9,19,26068,515,2,78,78,67,256,1393,70,81,78,69,76,78,5,46682,28706,32,17,49,640,630,1270,29,29,27,12288,34543,14291,28470,27430,27430,97,3,27665,26985,680,805,445,360,28470,27430,96,4,1040,5,1393,28113,2,621,18468,9024,7,6567,18,30,40,45,34,3,39,49,26,97,26,39,39,25
151333,Indiana University-Kokomo,1,18,1,1,2,Indiana University-Kokomo,IN,13,2,1,0,95,5,38,6459,45,2,46,43,26,5,170,40,45,45,31,41,44,5,1953,1654,38,2,40,530,530,1060,22,20,22,7492,21356,8185,2674,1923,1923,82,18,2190,1687,503,484,236,248,2674,1923,72,28,751,7,170,2308,20,462,1060,786,20,477,14,39,16,39,22,22,26,31,25,82,25,26,26,25
168227,Wentworth Institute of Technology,1,25,2,1,2,Wentworth Institute of Technology,MA,11,2,2,,,,24,,57,1,72,72,57,39,87,66,70,69,55,67,69,5,6453,5509,33,3,36,610,610,1220,27,27,28,40410,40410,Unavailable,3810,3464,3464,96,4,3661,3386,275,149,78,71,3813,3464,91,9,349,2,87,3641,1,54,225,3362,2,830,16,Unavailable,34,45,30,5,27,44,25,96,25,27,27,25
203580,Lake Erie College,1,39,2,1,2,Lake Erie College,OH,21,1,2,,,,32,,7,1,45,45,36,15,102,34,59,42,32,41,42,5,1193,765,3,43,46,520,520,1040,22,20,21,34596,34596,Unavailable,744,678,678,92,8,681,629,52,63,49,14,744,678,91,9,66,15,102,678,6,44,393,241,0,223,12,Unavailable,22,33,27,8,28,33,24,92,24,28,26,25
160755,Tulane University of Louisiana,1,22,2,1,2,Tulane University of Louisiana,LA,11,4,2,,,,10,,50,1,86,86,77,51,122,75,91,89,82,88,89,5,27936,4077,14,31,45,720,730,1450,32,34,29,61306,61306,Unavailable,8072,7458,7458,96,4,7715,7394,321,357,64,293,8077,7458,92,8,619,2,122,7759,4,305,2470,4984,,1843,8,Unavailable,46,43,35,5,40,52,29,96,29,40,42,25
139940,Georgia State University,1,13,1,1,2,Georgia State University,GA,11,5,1,0,90,10,51,16390,471,2,59,56,34,737,1334,53,56,54,34,49,54,5,30230,18826,35,13,48,590,570,1160,22,22,21,7158,22389,8681,27588,20926,20926,85,15,23361,19054,4307,4227,1872,2355,27588,20926,76,24,6662,5,1334,27109,13,3601,16274,7234,214,5262,25,43,20,52,25,17,33,37,26,85,26,33,34,25
181330,Midland University,1,31,2,1,2,Midland University,NE,32,2,2,,,,32,,16,1,45,45,39,48,98,34,51,43,35,42,43,5,1436,961,7,47,54,490,505,995,20,20,19,39370,39370,Unavailable,1333,1179,1179,95,5,1260,1113,147,73,66,7,1333,1179,88,12,154,8,98,1191,0,2,85,1104,,324,13,Unavailable,23,33,23,6,30,30,26,95,26,30,30,25
140447,Mercer University,1,13,2,1,2,Mercer University,GA,12,3,2,,,,35,,134,3,74,74,63,67,462,65,87,73,64,73,73,5,11058,7349,32,17,49,640,620,1260,28,28,26,33080,33080,Unavailable,4807,4177,4177,77,23,3695,3515,180,1112,662,450,4807,4177,87,13,630,10,462,4620,17,779,435,3406,30,897,13,Unavailable,38,50,36,18,38,48,26,77,26,38,39,25
191649,Hofstra University,1,36,2,1,2,Hofstra University,NY,21,4,2,,,,25,,41,1,70,70,60,81,214,58,70,67,57,66,67,5,22890,16157,31,5,36,650,640,1290,28,29,26,54335,54335,Unavailable,6223,6001,6001,98,2,6095,5932,163,128,69,59,6224,6001,96,4,223,3,214,6155,0,8,594,5553,6,1699,13,Unavailable,36,42,30,2,29,43,25,98,25,29,29,25
223232,Baylor University,1,48,2,1,2,Baylor University,TX,12,5,2,,,,13,,449,3,82,82,68,154,314,72,84,80,70,79,80,5,39735,20262,31,19,50,650,640,1290,29,30,27,54844,54844,Unavailable,15155,14821,14821,98,2,14842,14561,281,313,260,53,15155,14821,98,2,334,2,314,15007,2,232,5199,9576,10,3285,15,Unavailable,41,43,34,2,40,50,25,98,25,40,41,25
195030,University of Rochester,1,36,2,1,2,University of Rochester,NY,12,4,2,,,,17,,53,1,86,86,76,237,98,77,87,84,77,84,84,5,21680,7773,26,10,36,720,760,1480,33,34,32,63150,63150,Unavailable,6763,6350,6350,94,6,6338,6208,130,425,142,283,6764,6350,94,6,414,2,98,6488,2,118,187,6183,,1620,9,Unavailable,46,47,35,5,33,52,23,94,23,33,33,25
161299,Maine Maritime Academy,1,23,1,1,2,Maine Maritime Academy,ME,42,1,1,0,53,47,25,21433,42,5,73,72,54,13,23,54,60,61,46,59,62,5,1145,703,34,8,42,590,580,1170,26,23,26,11474,26954,18750,888,861,861,95,5,844,818,26,44,43,1,889,861,97,3,28,3,23,888,0,0,219,669,0,217,10,23,32,40,30,3,31,45,25,95,25,31,30,25
206048,Tiffin University,1,39,2,1,2,Tiffin University,OH,32,2,2,,,,42,,26,1,46,45,36,2,174,32,59,43,36,42,43,5,4785,3817,21,52,73,510,500,1010,18,17,17,30900,30900,Unavailable,2664,1712,1712,75,25,2006,1467,539,658,245,413,2669,1713,64,36,956,9,174,1938,26,511,482,945,151,496,20,Unavailable,22,37,23,29,39,31,25,75,25,39,38,25
221999,Vanderbilt University,1,47,2,1,2,Vanderbilt University,TN,11,4,2,,,,19,,28,0,94,93,89,197,280,88,94,93,87,92,93,5,45313,2844,25,26,51,760,780,1540,35,35,34,61618,61618,Unavailable,7152,7087,7087,100,0,7137,7075,62,15,12,3,7152,7087,99,1,65,4,280,7143,0,0,175,6968,2,1616,7,Unavailable,53,54,40,0,49,58,25,100,25,49,49,25
224004,Concordia University Texas,1,48,2,1,2,Concordia University Texas,TX,11,2,2,,,,40,,80,6,38,37,26,15,170,32,50,41,27,38,41,5,2170,1976,40,11,51,490,490,980,19,19,17,35750,35750,Unavailable,1391,1192,1192,68,32,950,890,60,441,302,139,1391,1192,86,14,199,12,170,1388,18,250,403,735,2,182,16,Unavailable,16,36,22,22,30,28,25,68,25,30,30,25
219602,Austin Peay State University,1,47,1,1,2,Austin Peay State University,TN,12,3,1,0,89,11,52,14679,933,11,41,40,23,60,736,35,56,45,27,39,43,5,5559,5334,2,49,51,525,520,1045,20,20,18,7008,12552,7618,8587,5463,5463,76,24,6539,4412,2127,2048,1051,997,8587,5463,64,36,3124,10,736,7365,20,1490,3138,2737,98,709,15,43,14,44,22,27,29,29,27,76,27,29,29,25
234030,Virginia Commonwealth University,1,51,1,1,2,Virginia Commonwealth University,VA,12,5,1,0,91,9,30,22852,597,3,70,68,48,385,1417,60,70,65,47,62,65,5,19052,17729,35,4,39,600,560,1160,26,26,25,12850,34744,14820,21205,18595,18595,91,9,19274,17588,1686,1931,1007,924,21205,18595,88,12,2610,7,1417,20797,6,1212,13976,5609,47,4119,17,35,29,45,31,9,28,45,26,91,26,28,29,25
142522,Brigham Young University-Idaho,1,16,2,1,2,Brigham Young University-Idaho,ID,32,5,2,,,,25,,167,0,56,46,15,64,3872,51,56,55,21,38,51,5,10303,9989,32,40,72,550,540,1090,23,22,22,4656,4656,Unavailable,42996,16673,16673,55,45,23551,13783,9768,19445,2890,16555,42996,16673,39,61,26323,9,3872,42090,53,22366,11477,8247,588,2680,20,Unavailable,9,38,24,52,47,37,24,55,24,47,46,24
150455,Earlham College,1,18,2,1,2,Earlham College,IN,32,1,2,,,,26,,2,0,73,73,64,10,23,64,77,68,61,66,68,5,1765,1310,32,22,54,640,610,1250,26,27,25,50970,50970,Unavailable,634,627,627,99,1,626,620,6,8,7,1,635,628,99,1,7,4,23,612,0,0,5,607,,173,7,Unavailable,38,45,31,1,41,45,26,99,26,41,42,24
163912,St. Mary's College of Maryland,1,24,1,1,2,St. Mary's College of Maryland,MD,41,2,1,0,88,12,20,20679,48,3,73,73,64,5,72,48,72,68,58,67,68,5,3109,2344,33,4,37,630,590,1220,28,27,22,12116,28192,14045,1575,1545,1545,98,2,1545,1524,21,30,21,9,1577,1545,98,2,32,5,72,1566,0,0,130,1436,2,408,10,30,38,34,32,1,28,46,26,98,26,28,29,24
174491,University of Northwestern-St Paul,1,27,2,1,2,University of Northwestern-St Paul,MN,21,2,2,,,,31,,32,1,67,67,58,82,96,62,71,68,60,66,67,5,1194,1097,4,35,39,605,580,1185,26,25,25,35970,35970,Unavailable,3173,1847,1847,97,3,3063,1810,1253,110,37,73,3173,1847,58,42,1326,6,96,1495,7,110,223,1162,2,391,15,Unavailable,35,47,31,16,28,43,24,97,24,28,27,24
463056,University of Connecticut-Hartford Campus,1,9,1,1,2,University of Connecticut-Hartford Campus,CT,12,2,1,0,97,3,47,10972,13,1,67,65,42,,56,64,64,65,44,62,65,1,2804,2424,36,1,37,540,540,1080,22,22,22,16332,39000,17012,1494,1405,1405,95,5,1421,1362,59,73,43,30,1494,1405,94,6,89,4,56,1473,1,10,299,1164,10,605,24,43,25,56,28,4,25,42,24,95,24,25,25,24
138275,Warner University,1,12,2,1,2,Warner University,FL,41,1,2,,,,55,,7,1,31,31,25,2,127,26,46,35,27,30,30,5,1628,778,43,22,65,480,450,930,17,16,16,27200,27200,Unavailable,795,720,720,90,10,713,661,52,82,59,23,798,723,91,9,75,17,127,753,13,95,485,173,1,239,13,Unavailable,15,41,23,11,35,25,26,90,26,35,36,24
240444,University of Wisconsin-Madison,1,55,1,1,2,University of Wisconsin-Madison,WI,11,5,1,0,44,56,16,14216,289,1,90,89,69,567,1129,84,91,89,73,87,89,5,63505,27529,14,30,44,700,750,1450,30,31,29,9644,39042,26107,36797,34278,34278,97,3,35538,33839,1699,1259,439,820,36797,34278,93,7,2519,3,1129,35665,1,314,9344,26007,23,8605,18,17,41,50,37,4,38,55,26,97,26,38,38,24
225502,University of Houston-Victoria,1,48,1,1,2,University of Houston-Victoria,TX,13,2,1,0,92,8,46,9912,37,1,25,22,8,6,444,32,4,27,12,24,27,5,1881,1443,36,5,41,555,535,1090,20,20,22,5111,14903,5894,2706,1179,1179,53,47,1443,849,594,1263,330,933,2707,1180,44,56,1527,17,444,2630,51,1332,1012,286,25,173,14,41,5,39,19,51,27,22,25,53,25,27,28,24
145813,Illinois State University,1,17,1,1,2,Illinois State University,IL,22,5,1,0,99,1,30,20871,161,1,68,67,48,625,1814,53,72,66,51,64,66,5,20884,18589,35,10,45,560,550,1110,24,24,23,11000,20358,11094,18450,17416,17416,96,4,17685,16947,738,765,469,296,18450,17416,94,6,1034,10,1814,18414,2,340,6795,11279,9,3974,19,37,29,42,33,4,31,45,25,96,25,31,31,24
123165,Scripps College,1,6,2,1,2,Scripps College,CA,21,2,2,,,,12,,3,0,83,82,77,35,14,85,87,87,68,84,87,5,3082,1046,26,17,43,740,740,1480,33,35,30,63216,63216,Unavailable,1082,1075,1075,100,0,1079,1073,6,3,2,1,1082,1075,99,1,7,1,14,1077,Unavailable,,,1077,,260,11,Unavailable,46,49,34,#VALUE!,40,50,24,100,24,40,41,24
199847,Wake Forest University,1,37,2,1,2,Wake Forest University,NC,11,3,2,,,,9,,29,1,91,90,86,110,40,87,92,91,87,90,91,5,17479,3768,26,22,48,720,740,1460,33,35,31,63608,63608,Unavailable,5471,5413,5413,100,0,5460,5405,55,11,8,3,5471,5413,99,1,58,1,40,5471,0,8,144,5319,0,1370,9,Unavailable,52,48,36,0,44,55,23,100,23,44,45,24
184782,Rowan University,1,34,1,1,2,Rowan University,NJ,21,4,1,0,93,7,32,22237,201,1,71,69,46,20,1803,62,73,68,51,65,68,5,17923,13948,32,2,34,610,600,1210,28,27,27,11250,21114,11940,14869,13010,13010,89,11,13206,12167,1039,1663,843,820,14869,13010,87,13,1859,12,1803,14647,10,1394,7499,5754,11,2573,16,36,28,47,35,11,26,48,24,89,24,26,26,24
204857,Ohio University-Main Campus,1,39,1,1,2,Ohio University-Main Campus,OH,32,5,1,0,88,12,21,20550,197,1,68,67,51,224,988,55,73,66,53,64,66,5,25648,21739,12,36,48,600,590,1190,25,24,24,13746,24114,14990,19019,15718,15718,85,15,16072,15079,993,2947,639,2308,19100,15718,82,18,3382,5,988,18456,18,3312,8621,6523,35,4461,18,30,31,38,30,17,34,43,24,85,24,34,33,24
157100,Kentucky Christian University,1,21,2,1,2,Kentucky Christian University,KY,32,1,2,,,,48,,4,1,36,36,32,14,42,27,41,34,29,33,34,5,747,466,4,48,52,490,480,970,20,21,18,24400,24400,Unavailable,502,429,429,95,5,477,414,63,25,15,10,503,429,85,15,74,10,42,438,1,5,21,412,0,106,12,Unavailable,19,38,20,7,29,25,28,95,28,29,30,24
229115,Texas Tech University,1,48,1,1,2,Texas Tech University,TX,11,5,1,0,97,3,26,16773,554,2,64,63,38,134,2321,58,73,67,44,61,64,5,34020,24116,33,11,44,590,580,1170,25,23,24,8935,21534,9313,32635,29578,29578,93,7,30511,28292,2219,2124,1286,838,32635,29578,91,9,3057,7,2321,32446,7,2391,20517,9538,122,6689,21,35,23,42,29,8,32,41,24,93,24,32,31,24
207722,University of Science and Arts of Oklahoma,1,40,1,1,2,University of Science and Arts of Oklahoma,OK,32,1,1,0,89,11,48,8685,11,1,39,39,22,3,119,38,35,36,27,35,36,5,1465,817,9,43,52,550,540,1090,23,23,20,6630,17820,7861,893,826,826,89,11,796,763,33,97,63,34,914,845,92,8,69,13,119,896,3,28,370,498,,214,13,41,13,43,24,8,34,29,27,89,27,34,34,24
166629,University of Massachusetts-Amherst,1,25,1,1,2,University of Massachusetts-Amherst,MA,13,5,1,0,66,34,21,22954,170,1,85,84,77,419,1278,78,85,83,76,82,83,5,50424,29129,27,4,31,690,700,1390,31,32,29,16591,38527,24049,23934,22537,22537,95,5,22800,22120,680,1134,417,717,23936,22537,94,6,1399,5,1278,23694,3,817,1878,20999,8,5555,18,25,46,50,37,5,27,53,23,95,23,27,27,24
173160,Bethel University,1,27,2,1,2,Bethel University,MN,21,2,2,,,,24,,25,1,75,74,67,23,120,68,81,75,64,74,75,5,1642,1494,3,34,37,580,570,1150,26,25,25,42760,42760,Unavailable,2629,1940,1940,90,10,2376,1895,481,253,45,208,2629,1940,74,26,689,6,120,2012,18,353,553,1106,5,440,12,Unavailable,40,46,33,17,27,47,24,90,24,27,26,24
145372,Greenville University,1,17,2,1,2,Greenville University,IL,32,2,2,,,,39,,8,1,49,48,45,5,78,45,59,51,46,51,51,5,1273,1214,38,18,56,511,497,1008,21,20,21,29998,29998,Unavailable,905,839,839,90,10,811,789,22,94,50,44,905,839,93,7,66,9,78,873,10,91,404,378,2,228,12,Unavailable,27,42,25,9,34,33,24,90,24,34,34,24
218229,Lander University,1,45,1,1,2,Lander University,SC,32,2,1,0,87,13,42,14657,54,1,55,53,36,75,264,46,58,49,35,45,49,5,5184,3521,36,18,54,540,520,1060,20,20,18,10700,20300,11948,3669,3220,3220,94,6,3434,3095,339,235,125,110,3669,3220,88,12,449,8,264,3384,10,339,1647,1398,4,838,17,39,22,44,26,9,34,36,24,94,24,34,34,23
126580,University of Colorado Colorado Springs,1,8,1,1,2,University of Colorado Colorado Springs,CO,11,4,1,0,79,21,27,16816,1018,11,46,44,23,217,925,37,50,45,28,42,45,5,13103,12653,34,7,41,580,550,1130,24,23,24,8738,22255,11577,9398,7157,7157,78,22,7335,5898,1437,2063,1259,804,9398,7157,76,24,2241,10,925,8870,10,847,4487,3536,117,1554,15,31,14,32,24,19,29,32,25,78,25,29,29,23
211291,Bucknell University,1,42,2,1,2,Bucknell University,PA,32,2,2,,,,11,,22,1,88,88,83,38,32,79,86,86,82,86,86,5,11010,3524,27,10,37,680,690,1370,32,34,29,64418,64418,Unavailable,3834,3815,3815,100,0,3816,3804,12,18,11,7,3846,3815,99,1,31,1,32,3818,Unavailable,,,3818,,1034,9,Unavailable,50,45,36,#VALUE!,32,53,23,100,23,32,32,23
177986,Logan University,1,29,2,1,2,Logan University,MO,21,2,2,,,,43,,12,4,,,,37,76,0,0,0,0,0,0,5,20,18,38,38,76,485,490,975,19,19,22,9000,9000,Unavailable,272,140,140,47,53,127,85,42,145,55,90,272,140,51,49,132,29,76,258,100,258,0,0,7,8,9,Unavailable,Unavailable,22,Unavailable,66,43,Unavailable,23,47,23,43,43,23
166513,University of Massachusetts-Lowell,1,25,1,1,2,University of Massachusetts-Lowell,MA,21,4,1,0,87,13,28,17624,170,1,71,69,47,67,1082,66,71,70,48,67,70,5,12628,10764,30,3,33,630,620,1250,27,27,27,15850,34676,18297,12127,9450,9450,82,18,9887,8661,1226,2240,789,1451,12128,9450,78,22,2678,9,1082,11632,17,2028,1384,8220,39,1884,17,33,28,47,33,19,26,46,24,82,24,26,26,23
215770,Saint Joseph's University,1,42,2,1,2,Saint Joseph's University,PA,11,3,2,,,,19,,30,1,82,82,75,86,208,74,78,80,75,79,80,5,8751,7560,30,3,33,630,620,1250,28,29,27,51140,51140,Unavailable,4828,4594,4594,98,2,4724,4561,163,104,33,71,4828,4594,95,5,234,4,208,4742,1,46,822,3874,1,1095,10,Unavailable,45,47,35,3,26,51,24,98,24,26,26,23
204909,Ohio Wesleyan University,1,39,2,1,2,Ohio Wesleyan University,OH,21,2,2,,,,25,,11,1,64,64,59,33,19,53,71,62,55,60,62,5,5708,2892,13,31,44,610,610,1220,29,28,27,51710,51710,Unavailable,1452,1441,1441,99,1,1442,1433,9,10,8,2,1452,1441,99,1,11,1,19,1450,0,0,0,1450,,451,11,Unavailable,35,39,26,1,35,39,24,99,24,35,34,23
239017,Lawrence University,1,55,2,1,2,Lawrence University,WI,13,2,2,,,,21,,10,1,81,80,69,40,28,73,82,76,59,74,76,5,3489,2199,25,31,56,650,660,1310,30,31,27,55149,55149,Unavailable,1410,1389,1389,99,1,1402,1382,20,8,7,1,1410,1389,99,1,21,2,28,1394,Unavailable,,,1394,0,364,7,Unavailable,41,47,33,#VALUE!,46,49,27,99,27,46,47,23
152390,Saint Mary's College,1,18,2,1,2,Saint Mary's College,IN,21,2,2,,,,24,,12,1,75,74,69,14,17,74,73,77,71,76,77,5,2377,1928,32,18,50,620,580,1200,27,29,25,50350,50350,Unavailable,1424,1393,1393,99,1,1414,1385,29,10,8,2,1424,1393,98,2,31,1,17,1399,0,0,32,1367,,397,8,Unavailable,41,49,30,1,38,45,25,99,25,38,39,23
236328,University of Puget Sound,1,53,2,1,2,University of Puget Sound,WA,12,2,2,,,,17,,31,2,74,74,67,45,42,56,73,68,60,67,68,5,5548,4232,29,14,43,670,640,1310,30,29,26,59340,59340,Unavailable,1632,1618,1618,98,2,1597,1585,12,35,33,2,1632,1618,99,1,14,3,42,1631,0,0,0,1631,0,404,10,Unavailable,40,37,31,1,35,45,24,98,24,35,36,23
216597,Villanova University,1,42,2,1,2,Villanova University,PA,21,4,2,,,,12,,62,1,91,91,88,11,90,90,93,92,90,92,92,5,23127,5810,25,11,36,720,740,1460,33,34,31,63806,63806,Unavailable,7063,6783,6783,96,4,6803,6671,132,260,112,148,7063,6783,96,4,280,1,90,7005,1,57,1081,5867,14,1762,10,Unavailable,53,51,37,3,33,55,23,96,23,33,33,23
132602,Bethune-Cookman University,1,12,2,1,2,Bethune-Cookman University,FL,13,2,2,,,,77,,43,2,34,32,15,21,112,28,17,28,14,24,28,5,6844,6834,42,20,62,475,440,915,16,15,15,13844,13844,Unavailable,2396,2322,2322,96,4,2300,2245,55,96,77,19,2414,2336,97,3,78,5,112,2414,0,0,2414,0,11,953,14,Unavailable,9,53,16,3,33,22,25,96,25,33,33,23
218070,Furman University,1,45,2,1,2,Furman University,SC,21,2,2,,,,11,,22,1,82,81,75,37,0,74,83,81,74,81,81,5,8406,4419,28,25,53,690,660,1350,30,32,28,57902,57902,Unavailable,2327,2296,2296,100,0,2317,2290,27,10,6,4,2327,2296,99,1,31,0,,2322,0,0,7,2315,,647,9,Unavailable,45,43,32,1,44,49,24,100,24,44,46,23
498562,Commonwealth University of Pennsylvania,1,42,1,1,2,Commonwealth University of Pennsylvania,PA,32,4,1,0,87,13,33,18004,122,1,58,58,42,,363,42,64,53,41,52,54,5,7733,7327,34,2,36,550,540,1090,23,22,20,7716,19290,9221,9967,8919,8919,94,6,9388,8632,756,579,287,292,9967,8919,89,11,1048,4,363,9309,4,387,5611,3311,26,2087,19,35,25,38,26,7,24,36,23,94,23,24,25,23
147828,Olivet Nazarene University,1,17,2,1,2,Olivet Nazarene University,IL,23,2,2,,,,36,,27,1,64,64,55,10,164,53,67,60,52,59,60,5,4426,2961,34,16,50,540,540,1080,23,24,22,36950,36950,Unavailable,2554,2412,2412,94,6,2397,2324,73,157,88,69,2569,2415,94,6,154,7,164,2485,4,105,672,1708,1,681,14,Unavailable,33,45,30,6,33,41,23,94,23,33,34,23
459949,Texas A&M University-San Antonio,1,48,1,1,2,Texas A&M University-San Antonio,TX,11,3,1,0,99,1,52,13263,262,4,,,,12,723,28,34,29,12,24,29,5,7773,7151,39,6,45,480,470,950,18,16,18,4969,18764,5107,6706,3980,3980,67,33,4507,3139,1368,2199,841,1358,6706,3980,59,41,2726,12,723,6224,17,1054,3050,2120,48,980,19,46,Unavailable,40,Unavailable,30,26,Unavailable,23,67,23,26,26,23
224323,University of Dallas,1,48,2,1,2,University of Dallas,TX,11,2,2,,,,26,,23,2,73,72,68,33,24,58,86,68,62,67,68,5,4179,2265,30,13,43,645,610,1255,29,30,25,47300,47300,Unavailable,1427,1376,1376,98,2,1401,1361,40,26,15,11,1427,1376,96,4,51,2,24,1403,0,0,76,1327,1,403,11,Unavailable,41,42,30,2,34,44,24,98,24,34,35,23
232681,University of Mary Washington,1,51,1,1,2,University of Mary Washington,VA,22,2,1,0,86,14,21,21615,173,5,69,68,59,26,277,58,71,67,58,66,67,5,4606,3973,31,5,36,650,590,1240,26,26,25,8938,25858,11307,3611,3041,3041,88,12,3166,2876,290,445,165,280,3611,3041,84,16,570,8,277,3504,4,141,958,2405,17,732,13,30,35,40,32,11,28,45,25,88,25,28,29,23
150136,Ball State University,1,18,1,1,2,Ball State University,IN,13,5,1,0,91,9,36,13017,133,1,69,68,54,134,542,54,71,63,51,61,63,5,28668,20525,32,3,35,590,570,1160,27,26,25,8688,26696,10309,14874,12906,12906,94,6,14039,12488,1551,835,418,417,14874,12906,87,13,1968,4,542,13770,7,1022,6568,6180,16,3407,15,37,32,45,30,8,25,43,24,94,24,25,26,23
213400,Lancaster Bible College,1,42,2,1,2,Lancaster Bible College,PA,21,2,2,,,,37,,31,2,59,57,47,,450,56,85,71,65,71,71,5,395,376,32,4,36,600,570,1170,21,22,22,29990,29990,Unavailable,1778,928,928,59,41,1057,728,329,721,200,521,1778,928,52,48,850,30,450,1511,35,536,234,741,12,167,18,Unavailable,28,47,41,41,26,47,24,59,24,26,26,23
202523,Denison University,1,39,2,1,2,Denison University,OH,23,2,2,,,,13,,9,0,82,81,77,2,23,82,81,80,73,79,80,5,14580,2468,26,25,51,680,700,1380,31,33,28,64000,64000,Unavailable,2403,2391,2391,100,0,2396,2388,8,7,3,4,2405,2391,99,1,14,1,23,2398,Unavailable,,,2398,,683,9,Unavailable,46,48,33,#VALUE!,44,50,23,100,23,44,45,23
206525,Wittenberg University,1,39,2,1,2,Wittenberg University,OH,13,2,2,,,,30,,10,1,65,64,57,16,77,38,67,54,47,53,54,5,2956,2691,7,34,41,600,570,1170,23,23,24,43656,43656,Unavailable,1288,1261,1261,99,1,1272,1254,18,16,7,9,1288,1261,98,2,27,6,77,1269,0,0,45,1224,0,405,12,Unavailable,34,34,29,1,27,41,22,99,22,27,27,23
224545,Texas A&M University-Texarkana,1,48,1,1,2,Texas A&M University-Texarkana,TX,13,2,1,0,91,9,51,13320,51,3,26,24,19,11,306,27,37,31,17,25,28,5,1802,1445,19,48,67,500,470,970,19,19,17,6090,19107,7262,1760,1321,1321,70,30,1238,1048,190,522,273,249,1760,1321,75,25,439,18,306,1748,28,483,960,305,4,285,13,43,11,39,20,28,37,23,25,70,25,37,37,23
225399,Houston Christian University,1,48,2,1,2,Houston Christian University,TX,11,2,2,,,,54,,74,3,45,44,31,29,239,45,54,50,37,49,50,5,9021,7681,34,7,41,550,530,1080,23,21,23,35500,35500,Unavailable,2787,2191,2191,86,14,2383,2121,262,404,70,334,2787,2191,79,21,596,9,239,2777,15,409,652,1716,48,684,18,Unavailable,19,50,23,17,27,30,23,86,23,27,27,23
101480,Jacksonville State University,1,1,1,1,2,Jacksonville State University,AL,23,3,1,0,100,0,51,14511,105,1,52,50,26,59,476,40,62,51,32,46,51,5,12008,9152,6,45,51,540,550,1090,20,21,18,10290,20580,10290,8378,6497,6497,89,11,7482,5996,1486,896,501,395,8378,6497,78,22,1881,7,476,7030,10,698,4443,1889,30,1911,19,45,16,46,24,14,29,34,26,89,26,29,30,23
122931,Santa Clara University,1,6,2,1,2,Santa Clara University,CA,12,3,2,,,,11,,25,0,91,91,85,141,215,94,88,88,83,87,88,5,18843,8261,25,12,37,700,720,1420,31,,29,58587,58587,Unavailable,6249,6118,6118,99,1,6178,6068,110,71,50,21,6249,6118,98,2,131,3,215,6235,0,0,94,6141,3,1638,10,Unavailable,51,53,38,1,33,56,Unavailable,99,Unavailable,33,Unavailable,23
149222,Southern Illinois University-Carbondale,1,17,1,1,2,Southern Illinois University-Carbondale,IL,32,4,1,0,81,19,37,16131,246,3,46,45,32,451,1188,42,70,56,40,51,54,5,10401,9407,36,11,47,520,500,1020,24,23,22,9638,9638,9638,8195,6868,6868,81,19,6636,6152,484,1559,716,843,8195,6868,84,16,1327,15,1188,8116,16,1294,2828,3994,30,1402,11,35,19,40,27,17,30,33,23,81,23,30,30,23
214731,Pennsylvania State University-Penn State Brandywine,1,42,1,1,2,Pennsylvania State University-Penn State Brandywine,PA,21,2,1,0,73,27,35,21739,20,2,27,26,14,5,48,20,19,21,12,20,21,5,2461,2346,30,2,32,610,600,1210,25,25,21,14624,24562,17307,1223,1127,1127,96,4,1168,1103,65,55,24,31,1223,1127,92,8,96,4,48,1218,1,7,528,683,13,380,14,32,8,28,13,4,24,18,23,96,23,24,24,23
183044,University of New Hampshire-Main Campus,1,33,1,1,2,University of New Hampshire-Main Campus,NH,31,4,1,0,37,63,18,24762,173,2,78,78,70,240,421,71,80,76,69,76,77,5,20887,18144,30,2,32,620,600,1220,29,29,26,15520,35290,27975,11376,11098,11098,98,2,11169,10941,228,207,157,50,11376,11098,98,2,278,4,421,11230,0,14,2269,8947,0,2904,16,16,42,45,33,1,24,48,23,98,23,24,25,23
212197,Elizabethtown College,1,42,2,1,2,Elizabethtown College,PA,21,2,2,,,,20,,14,1,76,75,70,22,48,67,82,77,73,76,77,5,3551,2726,31,3,34,600,580,1180,27,27,24,36166,36166,Unavailable,1857,1719,1719,94,6,1741,1695,46,116,24,92,1857,1719,93,7,138,3,48,1815,5,90,291,1434,1,461,12,Unavailable,42,44,32,6,25,47,23,94,23,25,26,22
153269,Drake University,1,19,2,1,2,Drake University,IA,12,2,2,,,,21,,32,1,78,77,70,70,110,68,79,77,68,77,77,5,7741,4964,8,31,39,640,640,1280,27,27,26,49466,49466,Unavailable,2702,2607,2607,97,3,2612,2543,69,90,64,26,2702,2607,96,4,95,4,110,2669,0,9,867,1793,2,709,10,Unavailable,42,45,33,2,30,48,23,97,23,30,30,22
240107,Viterbo University,1,55,2,1,2,Viterbo University,WI,13,2,2,,,,23,,19,1,65,65,48,15,176,61,71,65,50,63,65,5,1399,1025,4,35,39,555,575,1130,24,24,23,31600,31600,Unavailable,1442,1200,1200,79,21,1139,1053,86,303,147,156,1443,1200,83,17,243,13,176,1392,18,249,524,619,0,235,12,Unavailable,29,42,34,19,26,44,23,79,23,26,26,22
233295,Randolph-Macon College,1,51,2,1,2,Randolph-Macon College,VA,21,2,2,,,,20,,27,2,72,72,66,23,47,71,77,75,68,74,75,5,2620,2185,32,4,36,580,555,1135,26,28,24,46278,46278,Unavailable,1500,1460,1460,99,1,1489,1451,38,11,9,2,1500,1460,97,3,40,3,47,1489,0,0,0,1489,1,414,10,Unavailable,40,46,31,1,26,44,23,99,23,26,26,22
145600,University of Illinois Chicago,1,17,1,1,2,University of Illinois Chicago,IL,11,5,1,0,89,11,50,11499,200,1,64,62,36,58,2041,57,65,60,40,56,60,5,25420,19955,29,4,33,620,610,1230,28,28,26,12656,28345,14382,22107,19961,19961,91,9,20211,18848,1363,1896,1113,783,22107,19961,90,10,2146,9,2041,21814,3,758,13814,7242,65,4175,17,42,22,54,30,7,25,42,22,91,22,25,26,22
237136,Appalachian Bible College,1,54,2,1,2,Appalachian Bible College,WV,23,1,2,,,,55,,2,1,71,71,71,2,9,64,58,76,58,70,70,1,70,69,34,34,68,595,520,1115,19,21,17,16280,16280,Unavailable,210,158,158,76,24,159,136,23,51,22,29,215,159,74,26,56,5,9,168,1,2,52,114,1,20,8,Unavailable,43,60,32,18,42,45,25,76,25,42,45,22
178420,University of Missouri-St Louis,1,29,1,1,2,University of Missouri-St Louis,MO,21,4,1,0,77,23,41,11577,130,1,60,58,37,23,979,54,62,57,36,53,57,5,4627,2645,8,36,44,560,570,1130,23,22,22,14400,35820,19327,12137,4198,4198,85,15,10298,3309,6989,1839,889,950,12137,4198,35,65,7939,19,979,5108,28,1409,2729,970,28,413,13,36,22,48,35,34,29,44,22,85,22,29,28,22
120883,University of the Pacific,1,6,2,1,2,University of the Pacific,CA,11,3,2,,,,35,,27,1,70,66,44,,199,64,70,68,45,60,66,5,5763,5467,27,5,32,650,650,1300,28,28,26,54506,54506,Unavailable,3292,3188,3188,94,6,3105,3018,87,187,170,17,3297,3188,97,3,109,6,199,3247,Unavailable,,,3247,8,839,14,Unavailable,26,50,30,#VALUE!,26,44,22,94,22,26,26,22
127060,University of Denver,1,8,2,1,2,University of Denver,CO,11,4,2,,,,15,,140,2,77,76,67,110,206,74,79,78,69,77,78,5,19214,13679,27,16,43,670,650,1320,30,31,28,58032,58032,Unavailable,6405,5755,5755,91,9,5847,5641,206,558,114,444,6415,5755,90,10,660,3,206,6059,3,157,394,5508,18,1620,10,Unavailable,40,45,32,7,36,48,23,91,23,36,36,22
141264,Valdosta State University,1,13,1,1,2,Valdosta State University,GA,13,4,1,0,80,20,53,11532,135,2,43,41,21,60,675,36,50,42,24,38,42,1,4689,3915,35,17,52,530,500,1030,20,20,18,4371,15426,6582,7230,5427,5427,83,17,5970,4817,1153,1260,610,650,7230,5427,75,25,1803,10,675,6858,26,1817,2766,2275,39,1039,17,41,13,45,22,22,32,30,23,83,23,32,33,22
197984,Belmont Abbey College,1,37,2,1,2,Belmont Abbey College,NC,22,2,2,,,,27,,28,2,46,46,39,13,110,36,56,46,40,45,46,5,2972,2686,33,31,64,545,530,1075,21,20,20,19500,19500,Unavailable,1549,1404,1404,94,6,1452,1343,109,97,61,36,1549,1404,91,9,145,8,110,1454,4,52,362,1040,1,393,12,Unavailable,23,32,23,6,40,31,22,94,22,40,40,22
199193,North Carolina State University at Raleigh,1,37,1,1,2,North Carolina State University at Raleigh,NC,11,5,1,0,83,17,20,14860,425,2,86,85,64,960,1457,80,87,85,68,82,85,5,40049,15958,21,28,49,680,700,1380,30,29,28,6535,29407,10423,27323,24925,24925,95,5,26088,24340,1748,1235,585,650,27323,24925,91,9,2398,6,1457,26389,2,478,11987,13924,16,5520,15,29,38,50,37,5,41,54,23,95,23,41,40,22
149781,Wheaton College,1,17,2,1,2,Wheaton College,IL,21,2,2,,,,20,,31,1,88,88,82,76,40,83,89,87,82,86,87,5,1866,1679,26,19,45,680,670,1350,30,32,28,43670,43670,Unavailable,2119,2043,2043,99,1,2103,2033,70,16,10,6,2119,2043,96,4,76,2,40,2087,0,0,3,2084,1,503,10,Unavailable,49,52,36,1,38,54,22,99,22,38,39,22
131159,American University,1,11,2,1,2,American University,DC,11,4,2,,,,13,,125,2,79,79,73,58,148,78,76,78,72,78,78,5,17786,8427,26,16,42,710,670,1380,31,33,27,55724,55724,Unavailable,7817,7533,7533,99,1,7708,7474,234,109,59,50,7817,7533,96,4,284,2,148,7593,0,18,1555,6020,7,1751,10,Unavailable,44,46,33,2,36,48,23,99,23,36,38,22
206589,The College of Wooster,1,39,2,1,2,The College of Wooster,OH,32,2,2,,,,20,,9,0,77,77,70,18,21,64,77,74,71,73,74,5,7031,3819,26,24,50,690,670,1360,30,31,28,59050,59050,Unavailable,1876,1870,1870,100,0,1872,1866,6,4,4,0,1876,1870,100,0,6,1,21,1876,0,0,0,1876,,578,10,Unavailable,42,42,31,0,42,47,22,100,22,42,43,22
205957,Franciscan University of Steubenville,1,39,2,1,2,Franciscan University of Steubenville,OH,13,2,2,,,,22,,59,2,72,72,63,43,149,74,79,77,68,74,75,5,2265,1636,30,26,56,610,580,1190,26,26,24,32070,32070,Unavailable,2973,2571,2571,94,6,2790,2500,290,183,71,112,2978,2571,86,14,407,5,149,2775,10,277,1047,1451,24,635,19,Unavailable,38,48,32,10,41,45,23,94,23,41,42,22
214704,Pennsylvania State University-Penn State Berks,1,42,1,1,2,Pennsylvania State University-Penn State Berks,PA,21,2,1,0,64,36,29,22450,60,3,28,27,17,4,92,23,23,24,16,22,23,5,5844,5676,29,4,33,610,600,1210,27,28,25,15388,26112,19249,1940,1737,1737,93,7,1799,1659,140,141,78,63,1940,1737,90,10,203,5,92,1887,0,5,888,994,11,604,13,28,10,26,14,6,25,19,22,93,22,25,25,22
204024,Miami University-Oxford,1,39,1,1,2,Miami University-Oxford,OH,31,4,1,0,62,38,11,27928,129,1,83,83,73,120,330,77,83,82,73,81,82,5,34498,28319,10,29,39,650,640,1290,28,27,27,14052,35116,22056,16478,16006,16006,99,1,16287,15876,411,191,130,61,16478,16006,97,3,472,2,330,16361,0,57,5338,10966,7,4027,15,20,44,44,34,1,31,51,22,99,22,31,30,22
144740,DePaul University,1,17,2,1,2,DePaul University,IL,11,5,2,,,,31,,237,2,71,70,58,259,1094,64,73,70,56,68,70,5,32176,23660,29,11,40,630,600,1230,28,29,26,43379,43379,Unavailable,14374,13355,13355,90,10,12981,12587,394,1393,768,625,14374,13355,93,7,1019,8,1094,14283,7,1015,6857,6411,7,2961,17,Unavailable,35,48,33,8,31,46,23,90,23,31,32,22
202480,University of Dayton,1,39,2,1,2,University of Dayton,OH,12,4,2,,,,16,,68,1,80,80,64,106,157,77,81,82,66,80,82,5,22747,14023,10,29,39,640,650,1290,28,28,27,47600,47600,Unavailable,8176,7902,7902,98,2,8051,7836,215,125,66,59,8176,7902,97,3,274,2,157,8099,0,4,1426,6669,5,1991,15,Unavailable,38,47,33,2,31,49,23,98,23,31,31,22
195809,St. John's University-New York,1,36,2,1,2,St. John's University-New York,NY,11,4,2,,,,37,,84,1,70,68,52,255,320,64,73,68,55,62,68,5,25223,20094,29,2,31,610,600,1210,27,26,25,48301,48301,Unavailable,15698,9577,9577,99,1,15551,9473,6078,147,104,43,15699,9578,61,39,6121,3,320,9742,2,191,5894,3657,35,2852,16,Unavailable,31,51,29,13,23,43,22,99,22,23,24,22
184348,Drew University,1,34,2,1,2,Drew University,NJ,21,2,2,,,,29,,2,0,74,74,68,8,66,75,65,72,67,72,72,5,4604,3197,28,5,33,620,620,1240,27,29,25,44260,44260,Unavailable,1624,1568,1568,96,4,1563,1528,35,61,40,21,1624,1568,97,3,56,4,66,1510,0,0,57,1453,,309,11,Unavailable,41,52,32,3,25,46,22,96,22,25,26,22
139861,Georgia College & State University,1,13,1,1,2,Georgia College & State University,GA,32,3,1,0,99,1,17,19769,24,0,62,62,49,85,180,64,63,62,50,61,62,1,6214,5454,31,22,53,590,560,1150,23,23,23,7508,26688,7700,5681,5241,5241,99,1,5628,5213,415,53,28,25,5681,5241,92,8,440,3,180,5599,0,3,584,5012,5,1359,16,32,29,41,27,3,36,38,23,99,23,36,37,22
218441,North Greenville University,1,45,2,1,2,North Greenville University,SC,41,2,2,,,,36,,26,1,58,57,47,21,154,44,68,55,46,53,55,5,3243,2036,31,25,56,580,560,1140,25,24,23,24500,24500,Unavailable,1944,1640,1640,90,10,1747,1491,256,197,149,48,1944,1640,84,16,304,9,154,1719,14,242,664,813,7,487,13,Unavailable,28,40,28,13,39,38,22,90,22,39,39,22
140818,Piedmont University,1,13,2,1,2,Piedmont University,GA,32,2,2,,,,43,,19,2,49,48,40,6,113,36,48,41,29,39,40,5,2066,1918,33,15,48,560,525,1085,20,20,21,30200,30200,Unavailable,1261,1171,1171,85,15,1072,1043,29,189,128,61,1261,1171,93,7,90,9,113,1235,6,73,383,779,0,301,12,Unavailable,24,40,25,10,31,33,23,85,23,31,31,22
155511,McPherson College,1,20,2,1,2,McPherson College,KS,33,1,2,,,,34,,12,2,54,53,43,14,50,42,60,52,44,52,52,5,1209,1013,24,41,65,510,520,1030,21,19,19,34072,34072,Unavailable,783,777,777,98,2,771,767,4,12,10,2,788,781,99,1,7,6,50,786,0,0,4,782,,249,13,Unavailable,26,38,25,1,39,35,22,98,22,39,37,22
191630,Hobart William Smith Colleges,1,36,2,1,2,Hobart William Smith Colleges,NY,32,2,2,,,,24,,5,0,73,73,68,22,27,71,75,73,66,71,73,5,5560,3185,27,7,34,650,640,1290,28,28,27,61858,61858,Unavailable,1618,1597,1597,99,1,1609,1591,18,9,6,3,1618,1597,99,1,21,2,27,1606,Unavailable,,,1606,,437,10,Unavailable,41,48,30,#VALUE!,27,44,22,99,22,27,27,22
179894,Webster University,1,29,2,1,2,Webster University,MO,21,3,2,,,,28,,117,5,58,57,45,45,249,49,71,61,50,60,61,5,5341,3097,9,37,46,585,540,1125,23,24,21,30530,30530,Unavailable,2204,1820,1820,79,21,1748,1638,110,456,182,274,2204,1820,83,17,384,11,249,2180,14,298,901,981,5,405,15,Unavailable,27,39,30,18,30,39,25,79,25,30,31,22
224226,Dallas Baptist University,1,48,2,1,2,Dallas Baptist University,TX,11,2,2,,,,27,,102,4,61,61,46,39,269,49,67,60,46,56,60,5,8018,7303,32,16,48,554,535,1089,23,24,24,36510,36510,Unavailable,2849,2158,2158,88,12,2498,2031,467,351,127,224,2850,2159,76,24,691,11,269,2526,11,279,1821,426,8,679,16,Unavailable,28,38,31,16,32,41,22,88,22,32,33,21
157809,Thomas More University,1,21,2,1,2,Thomas More University,KY,21,2,2,,,,29,,13,1,52,51,35,32,41,30,52,40,29,38,40,5,3030,2940,4,35,39,540,510,1050,23,23,22,37650,37650,Unavailable,1822,1235,1235,96,4,1744,1210,534,78,25,53,1823,1236,68,32,587,3,41,1305,6,77,561,667,3,382,14,Unavailable,21,30,22,13,25,32,22,96,22,25,25,21
199139,University of North Carolina at Charlotte,1,37,1,1,2,University of North Carolina at Charlotte,NC,11,5,1,0,89,11,34,13768,595,2,68,66,43,175,2348,64,69,68,50,65,68,5,22699,18208,21,32,53,610,610,1220,24,22,24,3812,18474,5425,23981,20823,20823,91,9,21703,19506,2197,2278,1317,961,23981,20823,87,13,3158,10,2348,23567,4,1053,11316,11198,96,4061,21,36,26,49,32,9,37,45,20,91,20,37,36,21
181446,Nebraska Wesleyan University,1,31,2,1,2,Nebraska Wesleyan University,NE,11,2,2,,,,30,,21,1,66,66,59,9,82,60,76,69,58,67,69,5,2295,1922,3,32,35,550,560,1110,25,24,24,40648,40648,Unavailable,1531,1486,1486,96,4,1464,1449,15,67,37,30,1531,1486,97,3,45,5,82,1514,1,10,307,1197,,358,13,Unavailable,35,45,30,3,24,42,21,96,21,24,23,21
173665,Hamline University,1,27,2,1,2,Hamline University,MN,11,2,2,,,,40,,23,1,62,62,55,45,122,53,59,58,48,56,58,5,3185,2861,3,32,35,650,620,1270,24,23,24,47134,47134,Unavailable,1710,1634,1634,95,5,1624,1573,51,86,61,25,1710,1634,96,4,76,7,122,1685,3,53,397,1235,0,477,13,Unavailable,33,47,29,4,24,40,20,95,20,24,23,21
179548,Stephens College,1,29,2,1,2,Stephens College,MO,12,1,2,,,,42,,6,2,53,53,52,29,27,43,,47,1,16,47,5,414,379,7,45,52,610,590,1200,21,22,17,25800,25800,Unavailable,353,334,334,89,11,314,306,8,39,28,11,354,335,95,5,19,8,27,353,4,14,0,339,,76,7,Unavailable,31,43,26,7,32,35,28,89,28,32,33,21
164739,Bentley University,1,25,2,1,2,Bentley University,MA,13,3,2,,,,15,,15,0,89,88,83,21,65,86,88,88,79,88,88,5,10482,5077,25,4,29,650,680,1330,31,31,29,58150,58150,Unavailable,4350,4303,4303,100,0,4329,4284,45,21,19,2,4350,4303,99,1,47,2,65,4288,0,0,153,4135,,1141,12,Unavailable,50,51,36,1,24,54,20,100,20,24,24,21
195526,Skidmore College,1,36,2,1,2,Skidmore College,NY,23,2,2,,,,14,,8,0,84,84,81,31,24,79,83,82,75,81,82,5,12144,2784,25,9,34,690,680,1370,32,34,28,63730,63730,Unavailable,2776,2739,2739,99,1,2758,2732,26,18,7,11,2776,2739,99,1,37,1,24,2760,Unavailable,,,2760,3,780,8,Unavailable,49,47,34,#VALUE!,29,51,22,99,22,29,30,21
436836,University of Connecticut-Stamford,1,9,1,1,2,University of Connecticut-Stamford,CT,12,2,1,0,88,11,52,13150,23,1,60,58,36,,119,52,57,57,33,52,57,1,7121,5710,32,2,34,550,530,1080,21,19,19,16332,39000,18825,2240,2061,2061,94,6,2105,1946,159,135,115,20,2240,2061,92,8,179,5,119,2177,1,30,743,1404,11,645,19,43,22,52,26,5,23,38,22,94,22,23,23,21
233426,Roanoke College,1,51,2,1,2,Roanoke College,VA,22,2,2,,,,25,,49,3,70,70,66,5,72,58,68,66,57,65,66,5,6829,5468,29,7,36,600,580,1180,26,30,23,34820,34820,Unavailable,1824,1768,1768,97,3,1774,1738,36,50,30,20,1824,1768,97,3,56,4,72,1801,0,0,0,1801,,502,11,Unavailable,40,42,30,2,26,44,22,97,22,26,28,21
143358,Bradley University,1,17,2,1,2,Bradley University,IL,12,3,2,,,,29,,25,1,76,74,57,101,133,64,76,72,57,71,72,5,10138,7772,28,9,37,600,600,1200,29,29,27,39248,39248,Unavailable,3883,3763,3763,98,2,3807,3720,87,76,43,33,3883,3763,97,3,120,3,133,3865,0,6,1448,2411,0,1036,11,Unavailable,34,47,32,2,28,47,21,98,21,28,28,21
147341,Monmouth College,1,17,2,1,2,Monmouth College,IL,32,1,2,,,,31,,1,0,57,55,50,4,28,49,69,60,50,57,57,5,1614,1398,30,4,34,560,560,1120,24,22,22,43320,43320,Unavailable,727,725,725,99,1,721,719,2,6,6,0,727,725,100,0,2,4,28,725,0,0,3,722,1,230,10,Unavailable,30,40,24,0,24,36,21,99,21,24,23,21
174914,University of St Thomas,1,27,2,1,2,University of St Thomas,MN,11,3,2,,,,20,,60,1,79,78,69,26,186,69,80,75,69,76,77,5,8813,7486,3,29,32,670,680,1350,27,26,26,50788,50788,Unavailable,6044,5888,5888,97,3,5889,5786,103,155,102,53,6044,5888,97,3,156,3,186,6014,0,11,1704,4299,4,1455,13,Unavailable,41,45,33,2,24,49,21,97,21,24,23,21
216366,Thomas Jefferson University,1,42,2,1,2,Thomas Jefferson University,PA,11,3,2,,,,34,,31,1,72,71,57,13,657,59,74,68,54,67,68,5,6084,5241,27,2,29,630,620,1250,30,28,27,44400,44400,Unavailable,3731,3367,3367,81,19,3033,2941,92,698,426,272,3731,3367,90,10,364,18,657,3708,10,353,1463,1892,1,755,13,Unavailable,34,47,39,13,23,50,21,81,21,23,23,21
213020,Indiana University of Pennsylvania-Main Campus,1,42,1,1,2,Indiana University of Pennsylvania-Main Campus,PA,32,3,1,0,96,4,38,17665,72,1,58,57,41,,300,41,63,52,37,50,53,5,9422,8593,32,2,34,530,520,1050,21,20,19,7716,11200,7855,7432,6484,6484,91,9,6760,6290,470,672,194,478,7432,6484,87,13,948,4,300,6893,3,188,3537,3168,9,1643,22,39,25,40,25,8,22,37,21,91,21,22,22,21
120254,Occidental College,1,6,2,1,2,Occidental College,CA,11,2,2,,,,16,,23,1,83,83,79,35,41,92,83,85,72,83,85,5,6573,2622,23,13,36,730,720,1450,33,35,31,62850,62850,Unavailable,1854,1826,1826,100,0,1845,1817,28,9,9,0,1854,1826,98,2,28,2,41,1844,0,0,0,1844,,531,9,Unavailable,47,54,35,1,33,51,21,100,21,33,34,21
201195,Baldwin Wallace University,1,39,2,1,2,Baldwin Wallace University,OH,21,2,2,,,,29,,16,1,67,67,54,70,136,59,77,69,59,67,69,5,4384,3369,27,31,58,590,570,1160,24,23,24,37686,37686,Unavailable,2809,2707,2707,95,5,2677,2622,55,132,85,47,2809,2707,96,4,102,5,136,2775,1,17,579,2179,1,642,9,Unavailable,32,44,30,3,40,42,20,95,20,40,40,21
215266,University of Pittsburgh-Bradford,1,42,1,1,2,University of Pittsburgh-Bradford,PA,33,2,1,0,60,40,47,17015,7,1,39,38,29,,50,45,48,43,39,46,47,5,4985,4527,29,4,33,580,570,1150,27,27,27,13660,25534,18410,1003,951,951,96,4,963,930,33,40,21,19,1003,951,95,5,52,5,50,980,0,2,229,749,1,240,12,34,17,46,18,3,24,25,21,96,21,24,24,21
213826,Marywood University,1,42,2,1,2,Marywood University,PA,13,2,2,,,,30,,16,1,71,70,56,16,90,60,78,73,54,69,73,5,3136,2625,29,2,31,580,570,1150,24,22,22,37700,37700,Unavailable,1868,1751,1751,93,7,1744,1674,70,124,77,47,1874,1751,93,7,123,5,90,1821,0,6,783,1032,2,443,11,Unavailable,34,45,31,5,22,45,21,93,21,22,22,21
213668,Lycoming College,1,42,2,1,2,Lycoming College,PA,13,2,2,,,,41,,7,1,67,67,54,,21,56,60,60,48,59,60,5,3225,2189,29,2,31,595,570,1165,25,28,21,46720,46720,Unavailable,1063,1049,1049,99,1,1051,1042,9,12,7,5,1063,1049,99,1,14,2,21,1049,0,0,0,1049,0,295,11,Unavailable,32,49,28,1,23,41,22,99,22,23,23,21
214801,Pennsylvania State University-Penn State Abington,1,42,1,1,2,Pennsylvania State University-Penn State Abington,PA,21,2,1,0,67,33,39,17561,51,2,26,24,14,4,191,32,10,22,15,20,22,5,6575,6051,28,1,29,590,590,1180,23,23,24,14684,24832,18033,3095,2861,2861,93,7,2877,2731,146,218,130,88,3095,2861,92,8,234,6,191,3074,1,39,1619,1416,15,864,14,32,8,36,13,5,21,18,21,93,21,21,21,21
166638,University of Massachusetts-Boston,1,25,1,1,2,University of Massachusetts-Boston,MA,11,4,1,0,77,23,44,17554,489,4,52,49,27,98,1249,48,54,51,31,47,51,5,20918,17353,28,2,30,590,590,1180,27,28,26,14905,36581,19890,12227,9959,9959,84,16,10261,8939,1322,1966,1020,946,12373,10097,82,18,2276,11,1249,11848,5,538,2780,8530,84,2357,15,37,16,46,26,13,22,35,21,84,21,22,22,21
130226,Quinnipiac University,1,9,2,1,2,Quinnipiac University,CT,21,3,2,,,,16,,119,2,80,80,77,67,212,67,80,77,73,77,77,5,21323,16418,28,3,31,610,590,1200,28,27,27,50400,50400,Unavailable,6248,6070,6070,97,3,6058,5958,100,190,112,78,6248,6070,97,3,178,3,212,6208,2,130,2667,3411,1,1604,11,Unavailable,46,42,34,3,23,49,21,97,21,23,24,21
237358,Davis & Elkins College,1,54,2,1,2,Davis & Elkins College,WV,33,1,2,,,,41,,6,1,49,49,38,32,63,34,34,37,30,35,36,5,929,541,34,12,46,500,485,985,5,2,5,30360,30360,Unavailable,683,672,672,92,8,631,626,5,52,46,6,683,672,98,2,11,9,63,681,1,6,0,675,1,179,11,Unavailable,23,38,25,4,23,33,21,92,21,23,22,21
214713,Pennsylvania State University-Penn State Harrisburg,1,42,1,1,2,Pennsylvania State University-Penn State Harrisburg,PA,21,2,1,0,45,55,26,22406,122,3,30,29,17,11,257,37,19,29,19,28,29,5,10296,9924,27,2,29,600,610,1210,28,27,27,15388,26112,21286,4164,3956,3956,93,7,3873,3736,137,291,220,71,4164,3956,95,5,208,6,257,4154,0,10,1112,3032,6,1180,15,22,10,32,15,4,22,20,20,93,20,22,22,21
235316,Gonzaga University,1,53,2,1,2,Gonzaga University,WA,12,3,2,,,,13,,87,2,85,85,75,,162,84,88,87,78,86,87,5,9530,7239,25,9,34,660,655,1315,28,28,27,52540,52540,Unavailable,5163,5081,5081,98,2,5078,5015,63,85,66,19,5163,5081,98,2,82,3,162,5098,0,0,382,4716,1,1215,12,Unavailable,45,49,36,1,28,52,21,98,21,28,28,20
159009,Grambling State University,1,22,1,1,2,Grambling State University,LA,32,3,1,0,93,7,72,19092,54,1,32,29,12,3,158,30,54,32,9,32,32,5,24521,5806,14,46,60,500,470,970,17,16,16,5140,5140,5140,4277,3703,3703,88,12,3779,3365,414,498,338,160,4279,3703,87,13,576,4,158,4144,14,595,3145,404,42,819,25,52,7,51,14,13,30,21,20,88,20,30,29,20
211556,Chatham University,1,42,2,1,2,Chatham University,PA,11,2,2,,,,26,,14,1,64,63,56,82,84,63,68,66,60,65,66,5,4169,2923,28,9,37,610,580,1190,26,26,24,42250,42250,Unavailable,1507,1219,1219,86,14,1291,1179,112,216,40,176,1507,1219,81,19,288,7,84,1252,4,51,636,565,1,305,10,Unavailable,34,45,29,13,27,41,21,86,21,27,28,20
151379,Indiana University-Southeast,1,18,1,1,2,Indiana University-Southeast,IN,21,2,1,0,94,6,35,8829,68,2,42,39,22,9,237,28,42,33,26,31,33,5,2062,1714,30,10,40,550,540,1090,22,23,19,7492,21356,8324,3285,2287,2287,78,22,2578,2026,552,707,261,446,3286,2287,70,30,999,8,237,3088,25,785,1646,657,39,566,13,38,13,32,20,25,27,28,21,78,21,27,27,20
214670,Pennsylvania State University-Penn State Lehigh Valley,1,42,1,1,2,Pennsylvania State University-Penn State Lehigh Valley,PA,21,1,1,0,93,7,35,19070,19,2,17,16,9,8,78,19,16,17,13,15,17,5,1848,1741,27,4,31,620,600,1220,23,23,21,14624,24562,15320,954,832,832,91,9,865,786,79,89,46,43,954,832,87,13,122,9,78,902,2,20,568,314,4,261,15,37,5,27,12,8,23,14,21,91,21,23,23,20
239105,Marquette University,1,55,2,1,2,Marquette University,WI,11,4,2,,,,19,,53,1,82,81,64,10,155,73,83,80,66,79,80,5,15636,13672,14,27,41,640,640,1280,28,28,27,47690,47690,Unavailable,7652,7183,7183,99,1,7547,7142,405,105,41,64,7652,7183,94,6,469,2,155,7238,0,10,1093,6135,6,1977,13,Unavailable,38,46,34,2,32,50,21,99,21,32,32,20
214148,Moore College of Art and Design,1,42,2,1,2,Moore College of Art and Design,PA,11,1,2,,,,41,,2,1,57,57,51,11,34,53,83,63,53,61,63,5,1322,800,24,5,29,630,675,1305,27,28,25,48256,48256,Unavailable,390,383,383,92,8,360,357,3,30,26,4,390,383,98,2,7,9,34,390,0,0,179,211,,113,8,Unavailable,31,47,28,4,23,38,19,92,19,23,23,20
138558,Abraham Baldwin Agricultural College,1,13,1,1,2,Abraham Baldwin Agricultural College,GA,32,2,1,0,88,12,39,6923,92,2,35,34,19,56,160,25,38,29,16,26,28,5,2618,2020,33,14,47,510,490,1000,18,17,17,2563,9469,3392,3768,2473,2473,92,8,3457,2385,1072,311,88,223,3768,2473,66,34,1295,5,160,3218,7,213,1188,1817,18,559,23,38,11,32,17,16,28,23,21,92,21,28,28,20
216524,Ursinus College,1,42,2,1,2,Ursinus College,PA,21,2,2,,,,20,,10,1,73,72,67,20,27,76,78,77,69,75,77,5,3443,3008,26,6,32,660,620,1280,31,31,26,59196,59196,Unavailable,1490,1473,1473,99,1,1476,1462,14,14,11,3,1492,1473,99,1,19,2,27,1477,Unavailable,,,1477,,381,9,Unavailable,40,48,30,#VALUE!,26,45,21,99,21,26,27,20
191241,Fordham University,1,36,2,1,2,Fordham University,NY,11,4,2,,,,21,,134,1,84,83,78,17,317,72,82,80,76,80,80,5,43663,24573,23,9,32,700,700,1400,32,34,28,60335,60335,Unavailable,10307,9863,9863,96,4,9939,9716,223,368,147,221,10307,9863,96,4,444,3,317,10239,1,80,459,9700,13,2579,14,Unavailable,47,47,35,3,28,52,20,96,20,28,29,20
196413,Syracuse University,1,36,2,1,2,Syracuse University,NY,12,5,2,,,,17,,229,1,83,82,72,47,324,79,81,81,71,80,81,5,42089,17545,24,9,33,670,670,1340,30,31,28,61310,61310,Unavailable,15739,15081,15081,97,3,15207,14916,291,532,165,367,15739,15081,96,4,658,2,324,15245,2,326,1710,13209,14,4085,15,Unavailable,43,48,34,3,28,51,20,97,20,28,28,20
195720,St. John Fisher University,1,36,2,1,2,St. John Fisher University,NY,21,2,2,,,,28,,23,1,73,73,65,38,111,69,82,74,64,73,74,5,4600,3119,27,3,30,600,595,1195,28,27,26,38566,38566,Unavailable,2590,2525,2525,97,3,2501,2464,37,89,61,28,2590,2525,97,3,65,4,111,2579,1,20,941,1618,,643,12,Unavailable,39,49,32,2,22,46,20,97,20,22,23,20
188641,Alfred University,1,36,2,1,2,Alfred University,NY,42,2,2,,,,40,,10,1,60,60,46,29,88,46,70,56,43,55,56,5,7761,3751,27,5,32,600,590,1190,27,26,26,38270,38270,Unavailable,1422,1381,1381,96,4,1362,1344,18,60,37,23,1422,1381,97,3,41,6,88,1401,0,3,102,1296,,369,10,Unavailable,28,43,28,3,24,39,20,96,20,24,24,20
152600,Valparaiso University,1,18,2,1,2,Valparaiso University,IN,23,2,2,,,,26,,12,1,75,74,65,9,104,60,74,67,58,66,67,5,6133,5656,27,6,33,610,590,1200,29,28,27,45136,45136,Unavailable,2254,2203,2203,96,4,2170,2146,24,84,57,27,2255,2204,98,2,51,5,104,2229,0,7,665,1557,1,603,11,Unavailable,39,43,32,2,25,47,21,96,21,25,25,20
218645,University of South Carolina Aiken,1,45,1,1,2,University of South Carolina Aiken,SC,21,2,1,0,98,2,41,11697,110,4,45,43,24,29,329,34,44,40,25,36,40,5,2905,2316,30,15,45,540,530,1070,20,18,18,10398,20856,10607,3109,2441,2441,82,18,2555,2160,395,554,281,273,3109,2441,79,21,668,12,329,2805,20,564,1338,903,4,548,15,41,14,38,24,20,28,32,20,82,20,28,28,20
217961,Converse University,1,45,2,1,2,Converse University,SC,13,2,2,,,,41,,14,2,58,57,52,,66,41,53,47,42,47,47,5,2628,1682,30,16,46,580,530,1110,23,23,21,22746,22746,Unavailable,839,809,809,94,6,792,777,15,47,32,15,852,821,96,4,31,8,66,845,0,0,455,390,,225,12,Unavailable,31,41,27,3,31,38,22,94,22,31,32,20
150677,Grace College and Theological Seminary,1,18,2,1,2,Grace College and Theological Seminary,IN,32,2,2,,,,33,,0,0,72,72,69,83,60,63,74,70,68,70,70,5,4111,3321,30,8,38,550,530,1080,22,23,21,27992,27992,Unavailable,1816,1532,1532,95,5,1730,1455,275,86,77,9,1817,1533,84,16,284,4,60,1511,7,112,516,883,,418,23,Unavailable,41,48,31,9,25,45,21,95,21,25,26,20
174783,Saint Cloud State University,1,27,1,1,2,Saint Cloud State University,MN,13,4,1,0,73,27,32,14648,99,1,48,46,24,170,643,39,54,47,27,41,46,5,5026,4772,2,34,36,520,580,1100,21,20,21,8811,8811,8811,8373,4401,4401,87,13,7256,3858,3398,1117,543,574,8430,4402,52,48,4028,12,643,5181,15,766,3155,1260,27,736,17,31,14,36,26,24,21,34,19,87,19,21,20,20
141981,University of Hawaii-West Oahu,1,15,1,1,2,University of Hawaii-West Oahu,HI,21,2,1,0,98,2,35,11881,244,9,40,37,13,29,512,47,46,47,23,42,47,5,750,717,7,42,49,580,540,1120,17,17,17,7344,20304,7603,2863,1436,1436,61,39,1742,1009,733,1121,427,694,2863,1436,50,50,1427,20,512,2510,52,1299,1050,161,26,187,16,39,8,41,27,46,25,32,20,61,20,25,25,20
203960,Mercy College of Ohio,1,39,2,1,3,Mercy College of Ohio,OH,11,2,2,,,,37,,13,1,58,58,4,29,187,45,44,45,4,17,38,5,283,121,15,42,57,510,480,990,17,17,17,16200,16200,Unavailable,999,263,263,37,63,373,162,211,626,101,525,999,263,26,74,736,19,187,982,42,414,259,309,0,21,7,Unavailable,2,41,35,60,29,42,20,37,20,29,29,20
140252,Life University,1,13,2,1,2,Life University,GA,13,2,2,,,,39,,32,4,45,41,24,35,139,26,39,32,20,29,32,5,404,379,31,12,43,500,510,1010,17,16,16,13545,13545,Unavailable,871,746,746,84,16,734,668,66,137,78,59,873,748,86,14,125,16,139,869,12,104,651,114,5,163,16,Unavailable,14,33,26,14,25,33,19,84,19,25,25,20
196112,SUNY Polytechnic Institute,1,36,1,1,2,SUNY Polytechnic Institute,NY,22,2,1,0,96,4,39,14646,17,1,66,65,58,4,249,52,66,59,48,57,59,5,4936,3872,25,2,27,620,630,1250,25,23,27,7070,18720,7536,1904,1627,1627,84,16,1600,1454,146,304,173,131,1904,1627,85,15,277,14,249,1773,16,290,715,768,2,379,14,40,35,46,34,16,21,45,19,84,19,21,21,20
190099,Colgate University,1,36,2,1,2,Colgate University,NY,42,2,2,,,,13,,13,0,90,90,87,46,28,87,90,91,84,89,91,5,21130,2526,21,18,39,730,750,1480,33,35,31,66622,66622,Unavailable,3131,3112,3112,100,0,3124,3107,17,7,5,2,3131,3112,99,1,19,1,28,3122,Unavailable,,,3122,,811,9,Unavailable,52,50,37,#VALUE!,36,54,19,100,19,36,37,20
128391,Western Colorado University,1,8,1,1,2,Western Colorado University,CO,33,2,1,0,71,29,25,17709,30,1,50,48,29,14,122,44,53,51,32,46,51,5,3283,3200,29,10,39,560,540,1100,25,23,24,7128,19728,10782,3560,1542,1542,93,7,3309,1481,1828,251,61,190,3569,1542,43,57,2027,7,122,1653,5,82,351,1220,3,436,18,28,17,35,24,21,27,33,20,93,20,27,27,20
186876,Stockton University,1,34,1,1,2,Stockton University,NJ,41,3,1,0,96,4,42,19752,111,1,77,76,60,89,728,67,75,72,56,69,72,5,9338,8233,27,1,28,590,580,1170,24,24,24,12996,20884,13312,7812,7455,7455,89,11,6940,6738,202,872,717,155,7812,7455,95,5,357,9,728,7770,2,171,3721,3878,2,1559,17,41,36,55,36,6,20,50,20,89,20,20,21,20
214689,Pennsylvania State University-Penn State Altoona,1,42,1,1,2,Pennsylvania State University-Penn State Altoona,PA,13,2,1,0,60,40,26,22506,58,2,14,14,9,6,96,20,14,18,14,17,18,5,7134,6942,27,3,30,580,580,1160,24,23,24,15388,26112,19678,2421,2358,2358,96,4,2318,2271,47,103,87,16,2421,2358,97,3,63,4,96,2412,0,2,318,2092,8,885,12,25,5,23,8,3,22,10,20,96,20,22,21,20
131520,Howard University,1,11,2,1,2,Howard University,DC,11,4,2,,,,43,,185,2,65,64,53,68,183,63,79,69,60,67,69,5,30342,10587,27,10,37,620,580,1200,25,25,24,32878,32878,Unavailable,10190,9361,9361,98,2,10014,9256,758,176,105,71,10190,9361,92,8,829,2,183,9604,1,76,7293,2235,4,2489,11,Unavailable,32,53,27,3,27,40,21,98,21,27,28,20
197708,Yeshiva University,1,36,2,1,2,Yeshiva University,NY,11,3,2,,,,14,,0,0,82,80,71,203,52,85,84,84,79,84,85,5,1713,1092,22,19,41,700,710,1410,31,33,28,46000,46000,Unavailable,3091,2922,2922,100,0,3079,2912,167,12,10,2,3091,2922,95,5,169,2,52,2942,0,2,452,2488,0,572,7,Unavailable,43,50,33,2,36,50,19,100,19,36,37,20
226383,Lubbock Christian University,1,48,2,1,2,Lubbock Christian University,TX,11,2,2,,,,36,,20,2,44,43,32,,131,32,60,49,30,46,49,5,1764,1291,30,24,54,540,520,1060,22,21,23,26678,26678,Unavailable,1320,1137,1137,90,10,1194,1054,140,126,83,43,1320,1137,86,14,183,11,131,1210,6,75,421,714,3,276,12,Unavailable,19,34,24,10,35,31,20,90,20,35,34,20
110097,Biola University,1,6,2,1,2,Biola University,CA,21,3,2,,,,26,,65,2,71,70,55,4,246,63,72,69,55,67,69,5,4003,2405,26,8,34,640,600,1240,28,27,26,46704,46704,Unavailable,3395,3126,3126,92,8,3134,3011,123,261,115,146,3395,3126,92,8,269,7,246,3390,7,228,1218,1944,5,685,14,Unavailable,33,45,32,7,26,46,21,92,21,26,27,20
186584,Seton Hall University,1,34,2,1,2,Seton Hall University,NJ,21,3,2,,,,31,,42,1,72,72,66,73,177,64,74,71,65,70,71,5,23748,18738,24,4,28,650,650,1300,29,31,27,48670,48670,Unavailable,6061,5916,5916,98,2,5927,5816,111,134,100,34,6061,5916,98,2,145,3,177,5924,0,11,1187,4726,1,1511,14,Unavailable,40,48,31,2,23,44,20,98,20,23,23,20
145646,Illinois Wesleyan University,1,17,2,1,2,Illinois Wesleyan University,IL,13,2,2,,,,23,,6,0,82,81,76,37,50,74,82,83,78,82,83,5,6128,2768,26,12,38,620,600,1220,27,27,26,55500,55500,Unavailable,1576,1572,1572,99,1,1566,1563,3,10,9,1,1576,1572,100,0,4,3,50,1570,0,0,45,1525,,382,11,Unavailable,46,49,34,0,29,50,20,99,20,29,29,20
206084,University of Toledo,1,39,1,1,2,University of Toledo,OH,11,4,1,0,83,17,29,17927,180,2,58,56,32,67,655,42,69,56,35,53,58,5,11184,10606,10,28,38,590,590,1180,25,24,25,9753,19113,11344,11447,9289,9289,90,10,10278,8708,1570,1169,581,588,11447,9289,81,19,2158,6,655,10244,11,1092,5093,4059,50,1994,18,32,19,36,26,13,27,37,19,90,19,27,26,19
153834,Luther College,1,19,2,1,2,Luther College,IA,33,2,2,,,,19,,3,0,73,73,66,22,25,67,81,75,63,73,75,5,2447,1793,11,28,39,610,600,1210,26,24,25,49650,49650,Unavailable,1463,1442,1442,100,0,1456,1437,19,7,5,2,1463,1442,99,1,21,2,25,1454,0,0,1,1453,0,400,10,Unavailable,40,43,30,1,29,44,19,100,19,29,27,19
153162,Cornell College,1,19,2,1,2,Cornell College,IA,31,2,2,,,,29,,12,1,64,64,60,30,41,71,73,72,67,71,72,5,3087,2490,9,28,37,630,605,1235,26,27,25,49970,49970,Unavailable,1082,1075,1075,100,0,1078,1071,7,4,4,0,1082,1075,99,1,7,4,41,1074,Unavailable,,,1074,,329,12,Unavailable,36,50,28,#VALUE!,27,40,21,100,21,27,28,19
212106,Duquesne University,1,42,2,1,2,Duquesne University,PA,11,3,2,,,,18,,72,1,78,77,67,39,197,58,80,76,67,74,75,5,14112,11128,25,5,30,630,620,1250,27,28,26,47146,47146,Unavailable,5226,5153,5153,98,2,5100,5046,54,126,107,19,5226,5153,99,1,73,4,197,5216,0,17,1968,3231,2,1330,12,Unavailable,40,38,33,1,23,48,20,98,20,23,24,19
191968,Ithaca College,1,36,2,1,2,Ithaca College,NY,23,2,2,,,,19,,35,1,77,77,72,1,83,67,75,74,68,74,74,5,12007,8398,25,6,31,650,620,1270,29,30,27,50070,50070,Unavailable,4368,4285,4285,99,1,4345,4275,70,23,10,13,4368,4285,98,2,83,2,83,4350,0,4,657,3689,2,1309,10,Unavailable,43,43,32,1,25,47,20,99,20,25,25,19
141565,University of Hawaii at Hilo,1,15,1,1,2,University of Hawaii at Hilo,HI,33,2,1,0,66,34,43,12936,63,3,45,43,27,41,310,39,43,42,25,37,42,5,2562,2300,23,41,64,535,500,1035,19,18,17,7344,20304,11750,2424,1824,1824,81,19,1960,1613,347,464,211,253,2424,1824,75,25,600,14,310,2260,14,321,1464,475,37,354,12,34,16,41,25,19,37,32,21,81,21,37,36,19
146612,Lewis University,1,17,2,1,2,Lewis University,IL,21,3,2,,,,33,,110,3,61,60,44,32,527,54,67,63,48,60,62,5,5291,3848,28,5,33,550,550,1100,25,23,24,37592,37592,Unavailable,3948,3154,3154,85,15,3338,2850,488,610,304,306,3948,3154,80,20,794,14,527,3665,16,576,2000,1089,2,599,14,Unavailable,26,44,33,17,23,42,19,85,19,23,22,19
151360,Indiana University-Northwest,1,18,1,1,2,Indiana University-Northwest,IN,21,2,1,0,96,4,45,5553,23,1,40,38,22,5,211,28,42,37,22,33,36,5,2820,2163,29,2,31,530,530,1060,23,24,23,7492,21356,8047,2787,1930,1930,76,24,2112,1612,500,675,318,357,2787,1930,69,31,857,8,211,2582,24,625,1347,610,29,374,14,42,13,37,20,26,20,27,19,76,19,20,21,19
225247,Hardin-Simmons University,1,48,2,1,2,Hardin-Simmons University,TX,12,2,2,,,,39,,45,4,52,52,40,14,66,34,58,50,39,48,50,5,2452,2367,29,21,50,545,530,1075,20,19,19,30694,30694,Unavailable,1283,1227,1227,94,6,1211,1179,32,72,48,24,1283,1227,96,4,56,5,66,1275,3,40,759,476,1,349,15,Unavailable,24,37,24,4,31,33,20,94,20,31,31,19
172334,Spring Arbor University,1,26,2,1,2,Spring Arbor University,MI,41,2,2,,,,29,,10,1,65,64,46,,106,52,73,60,43,58,59,5,3145,1174,29,4,33,530,530,1060,23,20,23,31940,31940,Unavailable,1091,887,887,82,18,891,784,107,200,103,97,1091,887,81,19,204,11,106,990,19,188,208,594,1,227,11,Unavailable,28,41,32,19,22,43,19,82,19,22,21,19
130943,University of Delaware,1,10,1,1,2,University of Delaware,DE,21,5,1,0,32,68,16,17716,198,1,84,84,73,59,581,69,81,79,72,79,81,5,37690,24541,24,3,27,650,640,1290,29,30,27,14040,37680,30115,19772,18084,18084,98,2,19350,17909,1441,422,175,247,19772,18084,91,9,1688,3,581,18812,1,103,7632,11077,9,4620,15,14,44,43,35,4,22,52,20,98,20,22,22,19
134079,Florida Southern College,1,12,2,1,2,Florida Southern College,FL,12,2,2,,,,26,,78,3,68,68,64,82,102,62,70,69,64,69,69,5,10874,6423,25,21,46,630,610,1240,27,27,25,41500,41500,Unavailable,2331,2249,2249,95,5,2220,2205,15,111,44,67,2626,2527,96,4,99,4,102,2607,3,84,944,1579,2,752,10,Unavailable,38,44,30,4,35,42,20,95,20,35,35,19
146719,Loyola University Chicago,1,17,2,1,2,Loyola University Chicago,IL,11,4,2,,,,23,,129,1,72,72,65,,355,68,83,77,69,74,76,5,40468,32937,25,12,37,640,610,1250,29,30,26,50270,50270,Unavailable,12487,11166,11166,95,5,11905,10804,1101,582,362,220,12487,11166,89,11,1321,3,355,11576,2,260,1485,9831,2,2862,13,Unavailable,39,46,31,6,29,44,20,95,20,29,30,19
158802,Dillard University,1,22,2,1,2,Dillard University,LA,11,2,2,,,,68,,16,1,54,52,40,48,64,42,0,45,35,44,45,5,8065,3267,9,38,47,555,530,1085,21,21,18,19194,19194,Unavailable,1117,1071,1071,94,6,1053,1022,31,64,49,15,1117,1071,96,4,46,6,64,1111,2,24,686,401,2,329,11,Unavailable,24,55,24,4,28,35,22,94,22,28,28,19
194091,New York Institute of Technology,1,36,2,1,2,New York Institute of Technology,NY,41,3,2,,,,46,,44,1,56,56,38,6,136,49,64,56,41,53,56,5,11249,8783,23,4,27,620,660,1280,29,29,27,41960,41960,Unavailable,3355,3055,3055,93,7,3123,2888,235,232,167,65,3355,3055,91,9,300,4,136,3320,1,36,1381,1903,41,834,13,Unavailable,23,48,25,6,22,35,18,93,18,22,21,19
186371,Rutgers University-Camden,1,34,1,1,2,Rutgers University-Camden,NJ,13,3,1,0,90,9,45,18735,118,3,73,71,43,92,512,66,65,66,47,62,66,5,11951,9292,27,2,29,560,560,1120,21,21,18,13674,32436,15363,3922,3321,3321,76,24,2981,2749,232,941,572,369,3922,3321,85,15,601,13,512,3819,16,617,1710,1492,4,524,12,41,26,56,36,19,20,49,19,76,19,20,20,19
216931,Wilkes University,1,42,2,1,2,Wilkes University,PA,13,3,2,,,,31,,15,1,62,61,50,200,117,53,64,60,49,58,60,5,6414,5866,27,2,29,575,560,1135,22,22,22,40308,40308,Unavailable,1956,1809,1809,93,7,1812,1713,99,144,96,48,1956,1809,92,8,147,6,117,1893,2,41,1075,777,14,464,13,Unavailable,30,42,28,6,20,40,19,93,19,20,21,19
236595,Seattle University,1,53,2,1,2,Seattle University,WA,11,3,2,,,,22,,123,3,75,75,65,13,284,70,75,73,66,73,73,5,8976,6826,24,6,30,630,630,1260,27,28,26,53235,53235,Unavailable,4119,3989,3989,95,5,3897,3793,104,222,196,26,4137,3989,96,4,148,7,284,4117,0,15,642,3460,17,987,10,Unavailable,39,46,34,3,23,48,19,95,19,23,24,19
141167,Thomas University,1,13,2,1,2,Thomas University,GA,32,2,2,,,,52,,29,3,45,36,25,30,291,22,33,28,26,29,29,1,526,227,29,16,45,510,520,1030,20,18,20,11400,11400,Unavailable,882,605,605,59,41,521,430,91,361,175,186,882,605,69,31,277,36,291,813,29,232,581,0,2,99,11,Unavailable,15,37,36,34,28,41,18,59,18,28,26,19
234085,Virginia Military Institute,1,51,1,1,2,Virginia Military Institute,VA,32,2,1,0,54,41,16,17229,77,5,74,74,64,5,20,68,84,82,72,81,82,5,1171,957,26,9,35,590,580,1170,25,25,23,10076,40778,22664,1560,1560,1560,99,1,1550,1550,0,10,10,0,1560,1560,100,Unavailable,,1,20,1560,Unavailable,,,1560,,347,10,20,38,42,30,#VALUE!,25,45,19,99,19,25,25,19
183239,Saint Anselm College,1,33,2,1,2,Saint Anselm College,NH,22,2,2,,,,11,,11,1,77,77,73,27,41,82,84,83,78,82,83,5,4165,3262,26,1,27,600,580,1180,26,24,27,45360,45360,Unavailable,2052,2018,2018,100,0,2046,2014,32,6,4,2,2052,2018,98,2,34,2,41,2032,0,1,169,1862,0,528,11,Unavailable,44,47,32,1,20,47,20,100,20,20,20,19
162654,Goucher College,1,24,2,1,2,Goucher College,MD,13,2,2,,,,32,,6,1,59,59,52,5,39,66,57,60,52,59,60,5,3520,2566,26,8,34,625,580,1205,27,27,26,51000,51000,Unavailable,964,932,932,98,2,942,914,28,22,18,4,964,932,97,3,32,4,39,948,0,1,13,934,,269,8,Unavailable,31,49,26,2,26,37,20,98,20,26,26,19
127565,Metropolitan State University of Denver,1,8,1,1,2,Metropolitan State University of Denver,CO,11,4,1,0,96,4,37,13727,230,1,34,30,11,74,1867,28,32,30,13,24,30,5,12403,12296,30,3,33,510,500,1010,20,21,19,8868,27591,9617,16430,9322,9322,71,29,11607,7273,4334,4823,2049,2774,16430,9322,57,43,7108,13,1867,14932,25,3673,7084,4175,479,1421,14,39,7,33,20,32,21,25,19,71,19,21,21,19
233718,Sweet Briar College,1,51,2,1,2,Sweet Briar College,VA,41,1,2,,,,32,,10,2,42,42,42,20,8,57,33,48,47,48,48,5,1136,815,25,9,34,630,600,1230,25,23,20,23730,23730,Unavailable,464,461,461,99,1,459,456,3,5,5,0,464,461,99,1,3,2,8,463,0,0,43,420,,154,9,Unavailable,25,45,18,1,25,26,20,99,20,25,25,19
238458,Carroll University,1,55,2,1,2,Carroll University,WI,13,2,2,,,,22,,29,1,68,67,57,33,134,60,78,70,59,68,70,5,5972,3488,6,28,34,570,590,1160,25,24,24,36400,36400,Unavailable,2622,2454,2454,95,5,2490,2374,116,132,80,52,2623,2454,94,6,169,5,134,2525,0,11,739,1775,6,668,13,Unavailable,34,41,30,4,24,43,19,95,19,24,23,19
230807,Westminster University,1,49,2,1,2,Westminster University,UT,12,2,2,,,,26,,8,1,64,63,52,24,73,63,70,69,58,64,69,5,2634,1813,4,28,32,680,565,1245,26,27,24,40896,40896,Unavailable,895,854,854,90,10,802,779,23,93,75,18,895,854,95,5,41,8,73,882,1,8,98,776,0,187,8,Unavailable,31,45,30,6,23,42,21,90,21,23,24,19
157058,Kentucky State University,1,21,1,1,2,Kentucky State University,KY,32,2,1,0,23,77,68,9672,10,1,38,38,21,5,72,26,25,27,15,22,28,5,2001,1852,10,42,52,460,450,910,16,15,16,8088,12134,11203,1542,1206,1206,93,7,1427,1137,290,115,69,46,1546,1208,78,22,338,5,72,1317,7,93,931,293,19,227,14,33,13,47,18,12,24,25,18,93,18,24,23,19
137953,Trinity Baptist College,1,12,2,1,2,Trinity Baptist College,FL,11,1,2,,,,50,,15,4,21,20,9,,52,39,44,44,23,33,33,5,192,120,31,34,65,480,480,960,20,18,17,13100,13100,Unavailable,385,293,293,80,20,309,259,50,76,34,42,385,293,76,24,92,14,52,363,24,88,119,156,4,88,12,Unavailable,5,45,17,22,37,18,19,80,19,37,36,19
228981,Texas Lutheran University,1,48,2,1,2,Texas Lutheran University,TX,31,2,2,,,,38,,53,4,55,54,35,5,103,35,84,55,34,51,55,5,1554,1473,27,5,32,570,550,1120,23,22,20,34300,34300,Unavailable,1290,1227,1227,89,11,1142,1095,47,148,132,16,1290,1227,95,5,63,8,103,1260,0,4,492,764,,344,10,Unavailable,21,37,27,6,22,36,19,89,19,22,22,19
136330,Palm Beach Atlantic University,1,12,2,1,2,Palm Beach Atlantic University,FL,12,2,2,,,,32,,47,2,61,61,50,21,203,52,65,59,49,58,59,5,7657,6763,28,15,43,560,530,1090,22,23,20,36990,36990,Unavailable,3094,2316,2316,94,6,2903,2182,721,191,134,57,3094,2316,75,25,778,8,203,2427,5,125,1030,1272,11,696,13,Unavailable,30,42,29,12,28,40,20,94,20,28,29,19
232308,Hollins University,1,51,2,1,2,Hollins University,VA,22,1,2,,,,33,,9,1,59,59,58,10,13,64,75,70,61,66,68,5,2992,2120,25,12,37,650,590,1240,27,26,24,41350,41350,Unavailable,673,672,672,97,3,653,653,0,20,19,1,673,672,100,0,1,2,13,673,0,0,21,652,,210,8,Unavailable,35,49,25,1,28,36,20,97,20,28,29,18
233611,Southern Virginia University,1,51,2,1,2,Southern Virginia University,VA,32,1,2,,,,43,,15,2,45,44,28,17,81,33,39,38,21,30,38,5,1101,1097,6,33,39,590,560,1150,21,21,20,19790,19790,Unavailable,967,931,931,94,6,906,883,23,61,48,13,967,931,96,4,36,8,81,967,Unavailable,,,967,2,228,17,Unavailable,17,38,23,#VALUE!,24,30,19,94,19,24,24,18
133492,Eckerd College,1,12,2,1,2,Eckerd College,FL,11,2,2,,,,16,,43,2,69,68,63,,65,66,71,68,58,66,68,5,4664,3670,24,18,42,650,610,1260,26,25,25,49668,49668,Unavailable,1986,1927,1927,99,1,1971,1914,57,15,13,2,1986,1927,97,3,59,3,65,1984,Unavailable,,,1984,1,543,11,Unavailable,38,41,29,#VALUE!,32,43,20,99,20,32,32,18
179265,University of Health Sciences and Pharmacy in St. Louis,1,29,2,1,2,University of Health Sciences and Pharmacy in St. Louis,MO,11,1,2,,,,29,,5,2,77,77,70,8,20,65,87,75,65,70,70,5,1158,870,26,25,51,590,560,1150,23,22,23,31320,31320,Unavailable,275,271,271,97,3,267,265,2,8,6,2,275,271,99,1,4,7,20,274,0,0,66,208,,106,9,Unavailable,42,47,35,2,35,49,19,97,19,35,34,18
217402,Providence College,1,44,2,1,2,Providence College,RI,12,2,2,,,,13,,35,1,89,89,85,48,68,82,88,88,86,88,88,5,12469,6075,22,7,29,670,660,1330,30,32,29,59830,59830,Unavailable,4191,4081,4081,98,2,4101,4073,28,90,8,82,4191,4081,97,3,110,2,68,4170,1,38,48,4084,2,1154,11,Unavailable,51,48,37,2,24,54,18,98,18,24,25,18
147660,North Central College,1,17,2,1,2,North Central College,IL,12,2,2,,,,25,,17,1,65,64,57,4,273,67,75,71,64,70,71,5,5241,3056,25,7,32,570,580,1150,25,24,24,44114,44114,Unavailable,2397,2326,2326,96,4,2294,2238,56,103,88,15,2397,2326,97,3,71,12,273,2360,0,1,305,2054,2,481,12,Unavailable,34,46,33,3,23,44,18,96,18,23,22,18
239716,Saint Norbert College,1,55,2,1,2,Saint Norbert College,WI,22,2,2,,,,17,,9,0,78,78,75,2,26,68,76,74,67,74,74,5,3338,3076,5,26,31,580,565,1145,26,25,25,43532,43532,Unavailable,2088,1746,1746,99,1,2076,1738,338,12,8,4,2089,1746,84,16,343,1,26,1749,0,0,82,1667,0,476,12,Unavailable,45,43,32,5,22,47,18,99,18,22,22,18
126678,Colorado College,1,8,2,1,2,Colorado College,CO,11,2,2,,,,14,,11,1,86,86,82,76,30,78,88,86,77,86,86,5,7532,1509,20,17,37,730,720,1450,32,34,30,67458,67458,Unavailable,2145,2104,2104,100,0,2141,2103,38,4,1,3,2145,2104,98,2,41,1,30,2139,Unavailable,,,2139,,534,9,Unavailable,49,46,35,#VALUE!,33,52,18,100,18,33,34,18
203535,Kenyon College,1,39,2,1,2,Kenyon College,OH,41,2,2,,,,10,,8,0,87,87,83,25,15,83,88,87,67,86,87,5,8218,2524,20,17,37,720,720,1440,32,35,28,69030,69030,Unavailable,2144,1715,1715,100,0,2141,1715,426,3,0,3,2184,1752,80,20,432,1,15,1753,Unavailable,,,1753,,531,9,Unavailable,50,47,35,#VALUE!,33,53,18,100,18,33,35,18
214698,Pennsylvania State University-Penn State Beaver,1,42,1,1,2,Pennsylvania State University-Penn State Beaver,PA,21,1,1,0,62,38,35,19329,14,3,18,18,12,1,25,27,17,21,17,20,21,5,1603,1478,24,5,29,600,600,1200,23,21,25,13824,23316,17431,504,474,474,95,5,481,459,22,23,15,8,504,474,94,6,30,5,25,491,1,3,253,235,,168,11,30,7,31,10,4,21,13,18,95,18,21,21,18
217518,Roger Williams University,1,44,2,1,2,Roger Williams University,RI,21,2,2,,,,17,,43,1,71,70,66,62,298,61,67,67,62,66,67,5,8238,7231,24,2,26,620,600,1220,28,26,26,42336,42336,Unavailable,4048,3678,3678,92,8,3736,3605,131,312,73,239,4050,3678,91,9,372,8,298,3957,6,228,308,3421,10,1057,12,Unavailable,40,39,33,8,20,46,19,92,19,20,20,18
238476,Carthage College,1,55,2,1,2,Carthage College,WI,13,2,2,,,,26,,3,0,69,68,61,4,83,43,70,61,52,60,61,5,8044,6769,16,28,44,550,550,1100,22,23,23,36500,36500,Unavailable,2642,2600,2600,98,2,2586,2560,26,56,40,16,2642,2600,98,2,42,3,83,2628,0,0,13,2615,2,730,13,Unavailable,37,35,29,1,28,43,18,98,18,28,29,18
151342,Indiana University-South Bend,1,18,1,1,2,Indiana University-South Bend,IN,12,2,1,0,94,6,42,8090,66,2,42,38,18,9,309,32,42,36,20,32,36,5,2777,2388,27,1,28,540,530,1070,22,22,21,7492,21356,8324,3918,2994,2994,80,20,3118,2607,511,800,387,413,3918,2994,76,24,924,8,309,3807,15,565,1988,1254,75,651,14,40,11,37,20,20,19,28,18,80,18,19,19,18
218724,Coastal Carolina University,1,45,1,1,2,Coastal Carolina University,SC,13,4,1,0,33,67,28,14453,199,2,52,51,37,51,681,45,55,51,40,49,51,5,18223,14613,26,9,35,570,550,1120,23,22,21,11460,29448,23512,10306,9533,9533,97,3,9947,9312,635,359,221,138,10306,9533,92,8,773,7,681,9909,2,243,3680,5986,9,2652,16,19,22,37,25,4,24,34,19,97,19,24,24,18
101435,Huntingdon College,1,1,2,1,2,Huntingdon College,AL,12,1,2,,,,39,,33,4,45,44,33,9,37,41,52,47,39,46,47,5,2581,1828,3,32,35,560,570,1130,23,22,20,27150,27150,Unavailable,866,849,849,99,1,860,847,13,6,2,4,866,849,98,2,17,4,37,865,0,0,389,476,0,258,14,Unavailable,20,40,20,1,23,29,20,99,20,23,22,18
195164,St Bonaventure University,1,36,2,1,2,St Bonaventure University,NY,33,2,2,,,,23,,18,1,71,71,68,16,61,62,76,70,66,69,70,5,4299,3505,24,4,28,580,590,1170,26,25,26,38950,38950,Unavailable,1914,1875,1875,99,1,1893,1863,30,21,12,9,1914,1875,98,2,39,3,61,1892,0,2,417,1473,0,571,12,Unavailable,41,43,30,1,20,44,17,99,17,20,20,18
227368,The University of Texas Rio Grande Valley,1,48,1,1,2,The University of Texas Rio Grande Valley,TX,12,5,1,0,100,0,64,6978,249,1,56,51,25,40,1321,47,55,49,29,44,49,5,13542,11486,28,26,54,520,500,1020,19,18,18,7637,17707,7637,27040,20098,20098,86,14,23167,18156,5011,3873,1942,1931,27040,20098,74,26,6942,5,1321,27026,11,2984,15190,8852,1174,4595,19,51,15,56,23,17,32,36,18,86,18,32,31,18
149505,Trinity Christian College,1,17,2,1,2,Trinity Christian College,IL,21,1,2,,,,35,,5,1,66,66,53,5,121,47,100,64,51,61,64,5,652,578,25,9,34,560,560,1120,26,26,25,19800,19800,Unavailable,827,757,757,91,9,754,706,48,73,51,22,827,757,92,8,70,15,121,796,0,0,15,781,1,125,10,Unavailable,32,41,36,6,24,46,18,91,18,24,24,18
166939,Mount Holyoke College,1,25,2,1,2,Mount Holyoke College,MA,21,2,2,,,,20,,11,0,85,85,82,61,37,81,86,85,74,84,85,5,5030,1926,20,2,22,720,700,1420,32,35,29,63904,63904,Unavailable,2209,2191,2191,98,2,2157,2154,3,52,37,15,2209,2191,99,1,18,2,37,2198,Unavailable,,,2198,,544,9,Unavailable,49,51,35,#VALUE!,20,52,18,98,18,20,20,18
134945,Jacksonville University,1,12,2,1,2,Jacksonville University,FL,11,2,2,,,,30,,222,8,48,48,40,53,207,49,68,57,45,56,57,5,8879,5087,24,13,37,610,580,1190,26,24,24,45050,45050,Unavailable,2662,2454,2454,86,14,2297,2229,68,365,225,140,2662,2454,92,8,208,8,207,2649,5,127,787,1735,5,700,13,Unavailable,24,40,24,9,27,32,18,86,18,27,27,17
137546,Stetson University,1,12,2,1,2,Stetson University,FL,13,2,2,,,,36,,43,2,64,63,58,40,105,56,68,63,57,62,63,5,7824,6762,24,11,35,610,580,1190,26,26,24,54820,54820,Unavailable,2338,2260,2260,97,3,2264,2215,49,74,45,29,2338,2260,97,3,78,5,105,2292,0,1,139,2152,0,665,10,Unavailable,35,46,28,2,26,40,18,97,18,26,26,17
206622,Xavier University,1,39,2,1,2,Xavier University,OH,11,3,2,,,,15,,72,2,76,75,68,69,136,59,75,71,63,69,70,5,16750,14694,20,26,46,600,590,1190,26,25,24,47896,47896,Unavailable,4706,4538,4538,95,5,4460,4372,88,246,166,80,4748,4578,96,4,170,3,136,4723,2,79,1740,2904,2,1189,11,Unavailable,41,37,32,4,34,47,18,95,18,34,33,17
198695,High Point University,1,37,2,1,2,High Point University,NC,12,3,2,,,,11,,74,1,70,70,65,76,71,68,69,70,66,69,69,5,15625,12004,23,16,39,610,600,1210,27,25,25,38748,38748,Unavailable,5006,4949,4949,99,1,4962,4935,27,44,14,30,5006,4949,99,1,57,1,71,4970,0,0,175,4795,,1499,17,Unavailable,39,40,29,1,29,43,18,99,18,29,29,17
188429,Adelphi University,1,36,2,1,2,Adelphi University,NY,21,3,2,,,,30,,32,1,72,71,62,67,250,63,72,69,59,68,69,5,17111,13263,23,3,26,610,600,1210,28,29,26,45450,45450,Unavailable,5122,4891,4891,96,4,4892,4724,168,230,167,63,5124,4891,95,5,233,5,250,5077,1,63,1699,3315,4,1127,12,Unavailable,37,47,31,4,20,45,18,96,18,20,20,17
221351,Rhodes College,1,47,2,1,2,Rhodes College,TN,11,2,2,,,,15,,17,1,86,85,82,15,10,80,83,82,77,81,82,5,6025,2993,8,22,30,690,710,1400,30,34,28,54082,54082,Unavailable,1936,1891,1891,98,2,1902,1888,14,34,3,31,1936,1891,98,2,45,1,10,1931,Unavailable,,,1931,0,478,11,Unavailable,49,48,34,#VALUE!,25,52,21,98,21,25,28,17
215275,University of Pittsburgh-Greensburg,1,42,1,1,2,University of Pittsburgh-Greensburg,PA,21,2,1,0,80,20,38,17196,28,2,35,34,25,,107,36,39,40,30,36,40,5,2936,2875,24,3,27,600,570,1170,24,23,22,13660,25534,16035,1326,1270,1270,96,4,1268,1227,41,58,43,15,1326,1270,96,4,56,8,107,1322,0,3,484,835,0,409,15,35,15,37,18,3,20,24,18,96,18,20,20,17
141060,Spelman College,1,13,2,1,2,Spelman College,GA,11,2,2,,,,29,,64,2,77,76,66,27,11,67,84,76,68,74,76,5,10610,3617,24,19,43,610,570,1180,24,25,21,26915,26915,Unavailable,3628,2532,2532,75,25,2706,2514,192,922,18,904,3633,2532,70,30,1101,0,11,3633,29,1048,508,2077,0,577,11,Unavailable,40,48,31,28,30,46,18,75,18,30,31,17
146427,Knox College,1,17,2,1,2,Knox College,IL,32,2,2,,,,30,,7,1,76,75,65,33,21,58,73,68,52,66,68,5,4136,2942,22,10,32,630,620,1250,26,25,25,54768,54768,Unavailable,1001,996,996,98,2,984,982,2,17,14,3,1001,996,100,0,5,2,21,997,0,0,0,997,0,249,10,Unavailable,39,44,31,1,24,46,17,98,17,24,24,17
221838,Tennessee State University,1,47,1,1,2,Tennessee State University,TN,11,3,1,0,38,62,54,9231,60,1,31,31,19,38,218,33,34,33,21,31,34,5,12890,11940,3,36,39,500,485,985,19,18,17,7320,21036,15824,6765,5888,5888,92,8,6256,5658,598,509,230,279,6765,5888,87,13,877,3,218,6498,3,221,3505,2772,20,3441,13,31,11,44,14,8,21,20,18,92,18,21,20,17
147244,Millikin University,1,17,2,1,2,Millikin University,IL,13,2,2,,,,37,,7,0,56,55,44,13,94,33,89,59,49,58,59,5,4009,2167,26,6,32,520,520,1040,21,20,16,42778,42778,Unavailable,1570,1437,1437,93,7,1464,1370,94,106,67,39,1570,1437,92,8,133,6,94,1458,2,23,511,924,0,362,10,Unavailable,26,35,26,6,20,36,17,93,17,20,20,17
128771,Central Connecticut State University,1,9,1,1,2,Central Connecticut State University,CT,21,3,1,0,91,9,36,17207,137,2,58,55,29,126,798,42,55,49,28,43,49,5,8282,6255,25,1,26,550,540,1090,23,20,22,6664,19940,7859,7903,6375,6375,83,17,6596,5828,768,1307,547,760,7917,6375,81,19,1542,10,798,7670,1,76,1197,6397,22,1234,14,37,17,39,28,13,18,39,17,83,17,18,18,17
216038,Slippery Rock University of Pennsylvania,1,42,1,1,2,Slippery Rock University of Pennsylvania,PA,32,3,1,0,88,12,28,18407,97,1,69,68,54,,519,56,73,66,53,64,66,1,6119,4566,25,4,29,540,540,1080,22,21,23,7716,11574,8179,6803,6345,6345,95,5,6457,6172,285,346,173,173,6803,6345,93,7,458,8,519,6728,3,228,2521,3979,1,1459,20,33,32,42,32,5,19,44,17,95,17,19,19,17
168281,Wheaton College (Massachusetts),1,25,2,1,2,Wheaton College (Massachusetts),MA,21,2,2,,,,20,,5,0,73,73,65,8,26,84,67,76,69,75,76,5,4702,3354,21,3,24,670,640,1310,31,34,27,61600,61600,Unavailable,1777,1746,1746,99,1,1755,1737,18,22,9,13,1778,1746,98,2,32,1,26,1744,0,0,0,1744,,494,12,Unavailable,39,52,30,1,20,44,18,99,18,20,20,17
462354,John Paul the Great Catholic University,1,6,2,1,2,John Paul the Great Catholic University,CA,21,1,2,,,,38,,10,3,62,62,62,3,23,61,60,65,65,65,65,5,280,222,24,9,33,606,560,1166,25,24,18,28500,28500,Unavailable,298,281,281,91,9,271,259,12,27,22,5,298,281,94,6,17,8,23,297,Unavailable,,,297,1,73,14,Unavailable,37,50,29,#VALUE!,24,40,18,91,18,24,24,17
217776,Southern Wesleyan University,1,45,2,1,2,Southern Wesleyan University,SC,22,2,2,,,,32,,16,2,52,52,45,14,84,42,68,52,43,53,53,5,472,472,24,21,45,565,555,1120,21,18,20,26520,26520,Unavailable,887,627,627,79,21,701,588,113,186,39,147,887,627,71,29,260,11,84,771,25,195,269,307,4,122,12,Unavailable,27,37,27,25,29,36,17,79,17,29,27,17
117140,University of La Verne,1,6,2,1,2,University of La Verne,CA,21,3,2,,,,48,,147,4,71,69,60,31,283,63,60,65,55,63,65,5,10813,5242,24,4,28,560,555,1115,22,21,21,48300,48300,Unavailable,3352,2891,2891,76,24,2551,2462,89,801,429,372,3352,2891,86,14,461,8,283,3341,18,611,1519,1211,8,651,11,Unavailable,36,56,33,19,19,46,17,76,17,19,19,17
225627,University of the Incarnate Word,1,48,2,1,2,University of the Incarnate Word,TX,11,3,2,,,,45,,457,10,59,58,38,20,321,48,60,52,36,49,53,5,11162,10421,26,6,32,530,510,1040,20,20,19,33700,33700,Unavailable,4726,4070,4070,79,21,3751,3539,212,975,531,444,4726,4070,86,14,656,7,321,4545,14,614,1780,2151,21,956,12,Unavailable,23,47,27,16,20,38,17,79,17,20,21,17
136950,Rollins College,1,12,2,1,2,Rollins College,FL,21,2,2,,,,22,,44,2,71,71,63,23,104,73,79,77,70,76,77,5,9796,3973,21,20,41,660,630,1290,28,29,26,58300,58300,Unavailable,2595,2535,2535,94,6,2433,2409,24,162,126,36,2595,2535,98,2,60,4,104,2582,Unavailable,,,2582,0,632,13,Unavailable,38,48,31,#VALUE!,32,44,17,94,17,32,33,17
230047,Brigham Young University-Hawaii,1,15,2,1,2,Brigham Young University-Hawaii,HI,31,2,2,,,,30,,19,1,51,49,30,8,127,36,55,54,27,38,48,1,1270,481,8,27,35,540,515,1055,22,22,22,6438,6438,Unavailable,2836,2695,2695,67,33,1903,1822,81,933,873,60,2836,2695,95,5,141,5,127,2812,0,2,346,2464,2,291,16,Unavailable,18,33,22,15,22,32,17,67,17,22,22,17
126614,University of Colorado Boulder,1,8,1,1,2,University of Colorado Boulder,CO,12,5,1,0,53,47,15,22640,963,3,75,74,53,544,1517,69,77,75,58,73,75,5,56069,46692,20,8,28,670,660,1330,31,30,28,13910,40297,26312,32105,29840,29840,94,6,30324,28848,1476,1781,992,789,32105,29840,93,7,2265,5,1517,31578,3,936,11448,19194,72,7020,19,19,32,42,32,5,24,47,17,94,17,24,23,17
215442,Point Park University,1,42,2,1,2,Point Park University,PA,11,2,2,,,,37,,58,2,62,61,54,66,189,54,62,60,52,58,59,5,5291,5179,24,7,31,590,550,1140,23,24,19,36240,36240,Unavailable,2323,2110,2110,88,12,2046,1981,65,277,129,148,2323,2110,91,9,213,8,189,2320,11,256,961,1103,4,555,12,Unavailable,32,46,29,11,22,40,18,88,18,22,22,17
199962,Wingate University,1,37,2,1,2,Wingate University,NC,21,2,2,,,,41,,30,1,62,61,53,24,140,39,57,47,36,45,47,5,21210,18027,24,12,36,530,550,1080,21,19,20,41631,41631,Unavailable,2464,2424,2424,96,4,2354,2327,27,110,97,13,2464,2424,98,2,40,6,140,2462,3,76,1231,1155,1,827,15,Unavailable,32,40,28,3,23,39,16,96,16,23,22,17
163453,Morgan State University,1,24,1,1,2,Morgan State University,MD,11,3,1,0,45,55,55,15350,155,2,47,44,20,74,359,38,53,42,22,35,42,5,22741,18865,26,3,29,480,500,980,19,18,17,5587,18800,12854,8300,7675,7675,90,10,7483,7189,294,817,486,331,8300,7675,92,8,625,4,359,8293,4,332,4286,3675,8,2193,17,33,12,47,20,7,18,30,16,90,16,18,17,16
165662,Emerson College,1,25,2,1,2,Emerson College,MA,11,3,2,,,,15,,46,1,80,79,76,35,162,75,81,79,73,79,79,5,11092,5267,20,7,27,690,650,1340,31,34,28,53824,53824,Unavailable,4171,4107,4107,99,1,4123,4064,59,48,43,5,4171,4107,98,2,64,4,162,4145,0,0,307,3838,,1002,14,Unavailable,46,45,34,1,23,50,17,99,17,23,24,16
227863,University of St Thomas,1,48,2,1,2,University of St Thomas,TX,11,2,2,,,,40,,47,2,64,62,35,3,242,65,71,69,48,65,69,5,1591,1485,22,5,27,610,590,1200,25,24,23,32900,32900,Unavailable,2969,2388,2388,78,22,2310,2047,263,659,341,318,2969,2388,80,20,581,9,242,2826,19,540,1257,1029,9,454,15,Unavailable,21,53,30,20,20,42,17,78,17,20,20,16
185572,Monmouth University,1,34,2,1,2,Monmouth University,NJ,21,2,2,,,,30,,39,1,70,69,59,25,201,67,73,70,62,69,70,5,8410,7530,22,2,24,610,590,1200,26,25,26,44098,44098,Unavailable,3842,3709,3709,98,2,3750,3652,98,92,57,35,3842,3709,97,3,133,5,201,3831,0,3,615,3213,0,896,12,Unavailable,35,49,31,2,18,44,17,98,17,18,18,16
126562,University of Colorado Denver/Anschutz Medical Campus,1,8,1,1,2,University of Colorado Denver/Anschutz Medical Campus,CO,11,5,1,0,80,20,33,15303,476,3,51,48,24,410,1428,46,51,47,28,44,47,5,14569,11336,24,5,29,560,540,1100,25,24,23,9096,27288,12734,14027,8335,8335,81,19,11350,6923,4427,2677,1412,1265,14027,8335,59,41,5692,13,1428,10686,15,1575,5010,4101,158,1511,16,33,14,40,27,24,20,36,17,81,17,20,20,16
127185,Fort Lewis College,1,8,1,1,2,Fort Lewis College,CO,32,2,1,0,44,56,38,16074,46,1,46,44,30,17,199,32,52,43,30,40,43,5,4253,3964,24,11,35,560,540,1100,20,19,18,7560,18688,13792,3310,2826,2826,88,12,2923,2581,342,387,245,142,3313,2826,85,15,487,6,199,3070,0,2,262,2806,18,829,14,26,18,35,21,9,23,30,17,88,17,23,23,16
151388,Indiana University-East,1,18,1,1,2,Indiana University-East,IN,32,2,1,0,90,10,38,9484,57,2,44,43,33,10,302,38,54,45,33,43,45,5,1749,1246,23,8,31,570,560,1130,23,23,21,7492,21356,8878,2746,1582,1582,61,39,1667,1184,483,1079,398,681,2746,1582,58,42,1164,12,302,2446,67,1627,502,317,37,312,14,38,20,38,25,48,21,31,16,61,16,21,21,16
196185,SUNY Oneonta,1,36,1,1,2,SUNY Oneonta,NY,33,3,1,0,99,1,33,17918,0,0,74,74,65,32,317,64,72,70,61,69,70,5,13660,9583,22,6,28,590,580,1170,25,24,25,7070,17490,7174,4904,4760,4760,98,2,4813,4705,108,91,55,36,4904,4760,97,3,144,7,317,4820,0,10,687,4123,1,1105,14,38,39,49,34,2,20,47,16,98,16,20,20,16
198066,Brevard College,1,37,2,1,2,Brevard College,NC,32,1,2,,,,38,,7,1,33,33,26,3,59,38,32,39,26,37,39,5,2582,1020,24,28,52,550,530,1080,20,21,20,29400,29400,Unavailable,764,748,748,96,4,731,721,10,33,27,6,764,748,98,2,16,8,59,760,0,0,6,754,0,175,11,Unavailable,16,38,18,2,32,23,17,96,17,32,33,16
192323,Le Moyne College,1,36,2,1,2,Le Moyne College,NY,21,2,2,,,,32,,28,1,76,76,68,51,187,61,79,71,64,70,71,5,7535,5673,20,3,23,620,630,1250,28,28,27,37770,37770,Unavailable,2551,2185,2185,93,7,2373,2129,244,178,56,122,2551,2185,86,14,366,8,187,2434,0,11,45,2378,3,600,12,Unavailable,41,47,35,7,18,49,16,93,16,18,18,16
236577,Seattle Pacific University,1,53,2,1,2,Seattle Pacific University,WA,11,2,2,,,,33,,56,3,66,66,56,,98,52,69,62,46,60,62,5,2806,2556,21,5,26,600,600,1200,23,23,23,37965,37965,Unavailable,2081,2005,2005,94,6,1962,1909,53,119,96,23,2082,2006,96,4,76,5,98,2073,0,5,311,1757,6,532,10,Unavailable,34,43,29,3,19,41,16,94,16,19,19,16
203368,John Carroll University,1,39,2,1,2,John Carroll University,OH,21,2,2,,,,20,,20,1,76,76,70,21,69,65,81,76,69,75,76,5,4238,3437,15,21,36,630,630,1260,28,27,27,47300,47300,Unavailable,2287,2235,2235,99,1,2258,2224,34,29,11,18,2287,2235,98,2,52,3,69,2228,0,1,208,2019,0,566,13,Unavailable,42,43,32,1,28,47,16,99,16,28,28,16
228875,Texas Christian University,1,48,2,1,2,Texas Christian University,TX,11,4,2,,,,13,,284,3,83,83,71,95,431,80,87,86,74,84,85,5,20517,8740,20,15,35,640,630,1270,29,30,27,57130,57130,Unavailable,10936,10718,10718,97,3,10608,10471,137,328,247,81,10937,10718,98,2,219,4,431,10919,0,0,0,10919,7,2483,14,Unavailable,43,47,36,2,28,51,16,97,16,28,29,16
225548,Howard Payne University,1,48,2,1,2,Howard Payne University,TX,33,1,2,,,,46,,11,1,36,35,24,1,63,30,36,31,25,29,31,5,1269,859,26,15,41,480,480,960,22,22,19,29522,29522,Unavailable,768,658,658,91,9,696,629,67,72,29,43,768,658,86,14,110,9,63,716,4,28,281,407,6,199,10,Unavailable,14,38,19,9,25,25,16,91,16,25,25,16
192271,LIM College,1,36,3,1,2,LIM College,NY,11,2,3,,,,36,,9,1,55,54,39,44,131,51,56,53,46,53,55,5,1037,1024,24,4,28,560,520,1080,23,22,20,31090,31090,Unavailable,1133,1073,1073,93,7,1053,1014,39,80,59,21,1142,1082,95,5,60,12,131,1133,30,345,672,116,3,227,22,Unavailable,23,44,29,14,19,38,17,93,17,19,19,16
100724,Alabama State University,1,1,1,1,2,Alabama State University,AL,12,2,1,0,41,59,72,13504,99,3,30,28,10,102,140,28,0,30,13,25,30,5,5346,5113,9,33,42,489,477,966,18,18,17,8328,16656,13242,3319,2958,2958,93,7,3089,2818,271,230,140,90,3322,2959,89,11,363,4,140,3322,6,191,2510,621,5,938,16,39,6,50,14,8,22,20,17,93,17,22,22,16
128902,Connecticut College,1,9,2,1,2,Connecticut College,CT,13,2,2,,,,15,,8,0,81,81,78,20,17,78,83,84,76,83,84,5,9397,3597,18,8,26,710,690,1400,32,34,29,64412,64412,Unavailable,1995,1959,1959,100,0,1987,1956,31,8,3,5,1995,1959,98,2,36,1,17,1960,0,0,0,1960,,630,9,Unavailable,47,47,33,1,23,49,16,100,16,23,24,16
217819,College of Charleston,1,45,1,1,2,College of Charleston,SC,12,4,1,0,46,54,20,20806,298,3,67,67,59,15,640,57,69,65,56,64,65,5,26683,19212,21,11,32,620,590,1210,27,26,25,12518,36398,25413,10660,9893,9893,94,6,10052,9533,519,608,360,248,10660,9893,93,7,767,6,640,10366,2,169,5244,4953,6,2203,16,20,35,39,31,5,24,43,16,94,16,24,24,15
167783,Simmons University,1,25,2,1,2,Simmons University,MA,11,3,2,,,,30,,17,1,71,71,67,44,126,63,80,71,67,71,71,5,4871,3215,19,2,21,680,650,1330,29,31,26,44208,44208,Unavailable,1760,1562,1562,88,12,1552,1496,56,208,66,142,1760,1562,89,11,198,7,126,1750,10,171,301,1278,,395,9,Unavailable,40,47,33,11,17,45,16,88,16,17,18,15
197869,Appalachian State University,1,37,1,1,2,Appalachian State University,NC,32,5,1,0,87,13,26,14712,399,2,74,73,57,175,1591,66,76,73,58,71,73,5,24001,21275,10,24,34,600,580,1180,24,23,23,4242,21238,6451,19405,18120,18120,94,6,18272,17443,829,1133,677,456,19405,18120,93,7,1285,8,1591,19304,6,1151,8951,9202,18,3898,16,32,34,46,34,6,23,48,15,94,15,23,23,15
237932,West Liberty University,1,54,1,1,2,West Liberty University,WV,41,2,1,0,61,37,36,14203,18,1,42,42,41,23,107,49,81,61,42,54,56,5,2077,1498,25,16,41,520,490,1010,21,21,19,8716,17100,11818,1944,1532,1532,94,6,1830,1448,382,114,84,30,1944,1532,79,21,412,7,107,1578,3,48,717,813,6,424,12,30,25,43,21,10,25,28,16,94,16,25,26,15
104179,University of Arizona,1,4,1,1,2,University of Arizona,AZ,11,5,1,0,52,48,27,18144,1211,3,66,64,50,856,3285,58,71,66,51,62,66,5,56466,48369,13,22,35,640,640,1280,26,25,25,11546,37053,23789,41899,34237,34237,86,14,35967,31709,4258,5932,2528,3404,41899,34237,82,18,7662,8,3285,40769,18,7272,20476,13021,2915,6141,19,24,30,43,30,17,26,43,15,86,15,26,26,15
130934,Delaware State University,1,10,1,1,2,Delaware State University,DE,13,3,1,0,50,50,47,15555,52,1,49,47,33,53,210,35,59,39,28,37,39,5,7542,4651,26,2,28,500,470,970,23,23,20,8544,18480,13512,4941,4097,4097,95,5,4680,3961,719,261,136,125,4941,4097,83,17,844,5,210,4630,4,178,3835,617,176,1253,18,31,20,41,22,8,17,31,16,95,16,17,18,15
224554,Texas A & M University-Commerce,1,48,1,1,2,Texas A & M University-Commerce,TX,32,4,1,0,99,1,41,11902,207,2,43,42,26,28,1108,42,52,46,32,43,46,5,8231,7621,23,7,30,530,530,1060,21,21,20,4790,17390,4916,8318,5794,5794,68,32,5629,4164,1465,2689,1630,1059,8318,5794,70,30,2524,13,1108,8249,33,2718,2642,2889,43,823,19,41,16,42,25,32,19,31,15,68,15,19,19,15
127741,University of Northern Colorado,1,8,1,1,2,University of Northern Colorado,CO,12,3,1,0,83,17,29,19115,111,2,53,52,36,21,532,46,56,51,37,49,51,5,10274,8880,23,4,27,540,530,1070,22,21,19,8784,23196,11234,6616,5190,5190,89,11,5891,4816,1075,725,374,351,6616,5190,78,22,1426,9,532,5693,6,347,2647,2699,11,1180,14,32,22,38,26,13,18,36,16,89,16,18,18,15
191676,Houghton University,1,36,2,1,2,Houghton University,NY,43,2,2,,,,37,,2,0,67,65,57,7,51,60,76,65,60,65,66,5,1068,990,19,6,25,670,640,1310,26,28,24,16690,16690,Unavailable,975,827,827,94,6,921,796,125,54,31,23,975,827,85,15,148,6,51,867,6,56,211,600,0,165,13,Unavailable,34,49,30,9,20,43,16,94,16,20,21,15
217493,Rhode Island School of Design,1,44,2,1,2,Rhode Island School of Design,RI,12,2,2,,,,14,,7,0,91,89,70,,41,87,88,88,58,83,88,5,7126,984,16,4,20,730,760,1490,32,32,29,58690,58690,Unavailable,2092,2092,2092,98,2,2059,2059,0,33,33,0,2092,2092,100,Unavailable,,2,41,2090,0,0,0,2090,,480,8,Unavailable,42,51,37,#VALUE!,18,55,15,98,15,18,18,15
153278,University of Dubuque,1,19,2,1,2,University of Dubuque,IA,13,2,2,,,,41,,44,3,41,40,26,72,130,31,49,41,32,39,41,5,1560,1356,14,26,40,530,530,1060,23,21,21,38260,38260,Unavailable,1474,1253,1253,85,15,1248,1189,59,226,64,162,1477,1256,85,15,221,9,130,1473,0,0,249,1224,2,315,11,Unavailable,16,36,21,11,26,28,15,85,15,26,24,15
228246,Southern Methodist University,1,48,2,1,2,Southern Methodist University,TX,21,4,2,,,,12,,75,1,83,82,75,45,282,81,84,83,76,82,83,5,15092,9240,17,15,32,700,710,1410,32,34,30,57212,57212,Unavailable,7115,6948,6948,98,2,6979,6844,135,136,104,32,7115,6948,98,2,167,4,282,7106,0,1,414,6691,3,1636,11,Unavailable,45,47,35,1,28,51,15,98,15,28,29,15
168528,Adrian College,1,26,2,1,2,Adrian College,MI,32,2,2,,,,32,,10,1,51,50,39,3,74,41,67,56,44,53,53,5,3054,2088,24,6,30,500,500,1000,23,20,23,39280,39280,Unavailable,1678,1621,1621,99,1,1654,1599,55,24,22,2,1678,1621,97,3,57,5,74,1635,0,4,637,994,1,506,15,Unavailable,23,37,23,2,19,32,15,99,15,19,18,15
193973,Niagara University,1,36,2,1,2,Niagara University,NY,21,2,2,,,,26,,44,2,70,70,65,26,181,63,75,70,63,68,70,5,4148,3540,21,2,23,580,570,1150,25,24,22,36100,36100,Unavailable,2747,2685,2685,89,11,2441,2414,27,306,271,35,2747,2685,98,2,62,7,181,2713,1,39,985,1689,0,544,10,Unavailable,39,45,32,6,16,45,15,89,15,16,17,15
237066,Whitworth University,1,53,2,1,2,Whitworth University,WA,21,2,2,,,,28,,39,2,76,75,64,10,74,66,71,68,60,66,68,5,4740,4113,20,5,25,620,590,1210,25,24,24,49600,49600,Unavailable,1939,1891,1891,97,3,1886,1843,43,53,48,5,1939,1891,98,2,48,4,74,1927,0,0,27,1900,2,453,10,Unavailable,38,47,32,2,19,47,16,97,16,19,19,15
125727,Westmont College,1,6,2,1,2,Westmont College,CA,22,2,2,,,,19,,7,1,73,73,69,26,67,62,69,70,68,70,70,5,2244,1792,18,8,26,680,655,1335,32,34,28,50550,50550,Unavailable,1310,1300,1300,96,4,1263,1255,8,47,45,2,1310,1300,99,1,10,5,67,1310,0,0,2,1308,4,311,10,Unavailable,41,41,32,2,22,46,15,96,15,22,23,15
139764,Georgia Southwestern State University,1,13,1,1,2,Georgia Southwestern State University,GA,32,2,1,0,94,6,48,11779,13,0,36,34,20,35,323,31,37,32,20,29,32,5,2045,1578,24,15,39,520,490,1010,18,16,17,4064,14786,4707,2753,1729,1729,77,23,2122,1482,640,631,247,384,2753,1729,63,37,1024,14,323,2291,32,728,741,822,17,438,18,43,12,40,22,30,23,27,16,77,16,23,22,15
199111,University of North Carolina Asheville,1,37,1,1,2,University of North Carolina Asheville,NC,13,2,1,0,82,18,33,14175,54,2,65,65,48,30,267,51,54,55,41,52,55,5,5465,5131,10,23,33,640,600,1240,26,25,23,4122,21470,7245,2907,2527,2527,84,16,2432,2249,183,475,278,197,2907,2527,87,13,380,10,267,2790,0,5,309,2476,4,503,11,34,29,42,32,11,24,43,16,84,16,24,24,15
198215,Catawba College,1,37,2,1,2,Catawba College,NC,21,2,2,,,,39,,8,1,60,60,54,16,119,46,54,52,45,52,52,5,2547,1979,13,24,37,550,560,1110,23,21,22,33400,33400,Unavailable,1150,1073,1073,90,10,1030,1017,13,120,56,64,1153,1073,93,7,80,11,119,1127,9,103,121,903,0,298,12,Unavailable,32,43,30,9,24,40,14,90,14,24,23,15
206349,Ursuline College,1,39,2,1,2,Ursuline College,OH,21,1,2,,,,39,,15,2,49,49,32,5,77,44,0,53,43,53,53,5,613,515,12,22,34,550,500,1050,24,23,24,37380,37380,Unavailable,636,522,522,74,26,472,431,41,164,91,73,637,522,82,18,115,12,77,630,10,65,280,285,0,107,7,Unavailable,19,42,27,19,23,34,14,74,14,23,22,15
154527,Wartburg College,1,19,2,1,2,Wartburg College,IA,32,2,2,,,,22,,5,0,70,70,66,,47,53,74,67,54,66,67,5,2543,2528,4,24,28,515,530,1045,23,22,22,48490,48490,Unavailable,1454,1413,1413,99,1,1440,1403,37,14,10,4,1454,1413,97,3,41,3,47,1446,0,3,229,1214,0,350,13,Unavailable,40,38,30,1,18,43,15,99,15,18,17,15
154590,William Penn University,1,19,2,1,2,William Penn University,IA,33,2,2,,,,47,,13,1,32,32,22,25,224,20,44,29,22,28,29,5,1112,634,16,31,47,480,470,950,19,18,17,28750,28750,Unavailable,1449,1337,1337,78,22,1129,1095,34,320,242,78,1449,1337,92,8,112,16,224,1391,22,303,160,928,4,313,13,Unavailable,13,34,22,18,26,26,16,78,16,26,25,15
139144,Berry College,1,13,2,1,2,Berry College,GA,23,2,2,,,,24,,32,1,73,72,66,,42,76,75,74,68,72,74,5,6467,4000,17,21,38,620,570,1190,26,26,25,40140,40140,Unavailable,2226,2197,2197,100,0,2215,2187,28,11,10,1,2226,2197,99,1,29,2,42,2213,0,1,63,2149,0,634,12,Unavailable,40,50,30,1,28,45,15,100,15,28,28,15
153144,Coe College,1,19,2,1,2,Coe College,IA,12,2,2,,,,37,,11,1,65,64,59,21,66,47,74,59,50,58,59,5,7171,5068,8,21,29,570,600,1170,25,24,25,52226,52226,Unavailable,1278,1254,1254,98,2,1256,1236,20,22,18,4,1278,1254,98,2,24,5,66,1246,0,0,0,1246,,362,11,Unavailable,35,42,29,1,20,41,14,98,14,20,20,15
168254,Western New England University,1,25,2,1,2,Western New England University,MA,12,2,2,,,,25,,20,1,64,63,54,13,100,49,69,64,59,63,64,5,6534,5440,19,1,20,620,610,1230,26,24,25,43380,43380,Unavailable,2584,2433,2433,97,3,2517,2394,123,67,39,28,2584,2433,94,6,151,4,100,2508,0,10,1166,1332,13,589,12,Unavailable,32,37,28,3,15,40,15,97,15,15,15,14
222983,Austin College,1,48,2,1,2,Austin College,TX,13,2,2,,,,30,,15,1,68,68,65,9,42,65,75,69,65,68,69,5,5474,2554,19,10,29,620,610,1230,29,29,25,45878,45878,Unavailable,1128,1123,1123,99,1,1115,1111,4,13,12,1,1128,1123,100,0,5,4,42,1125,0,0,1,1124,,330,11,Unavailable,39,48,29,1,23,42,15,99,15,23,23,14
196167,SUNY College at Geneseo,1,36,1,1,2,SUNY College at Geneseo,NY,32,2,1,0,98,2,25,18698,19,0,77,76,69,26,176,61,76,72,65,71,72,5,13479,8563,18,2,20,650,640,1290,29,28,27,7070,17310,7275,3868,3718,3718,99,1,3811,3680,131,57,38,19,3868,3718,96,4,150,5,176,3855,0,15,841,2999,0,872,15,35,41,43,33,2,16,48,15,99,15,16,16,14
236133,Northwest University,1,53,2,1,2,Northwest University,WA,21,1,2,,,,25,,28,4,58,57,53,8,65,56,72,63,58,63,63,5,586,516,19,5,24,600,600,1200,25,24,27,35535,35535,Unavailable,679,656,656,92,8,625,609,16,54,47,7,679,656,97,3,23,10,65,642,1,4,152,486,1,104,9,Unavailable,32,41,29,4,18,39,14,92,14,18,18,14
148131,Quincy University,1,17,2,1,2,Quincy University,IL,33,2,2,,,,34,,7,1,42,42,31,,84,33,55,43,31,40,43,5,2197,1096,20,9,29,590,570,1160,23,23,23,35740,35740,Unavailable,1130,1011,1011,96,4,1085,981,104,45,30,15,1130,1011,89,11,119,8,84,1038,3,35,711,292,1,303,14,Unavailable,19,34,22,6,20,28,15,96,15,20,21,14
200004,Western Carolina University,1,37,1,1,2,Western Carolina University,NC,32,4,1,0,80,20,33,12252,125,1,62,61,43,60,1053,53,65,59,41,56,59,5,18183,15758,9,23,32,590,565,1155,23,22,22,1000,5000,1800,10009,8200,8200,80,20,7959,7439,520,2050,761,1289,10009,8200,82,18,1809,11,1053,9867,22,2137,2617,5113,18,1913,16,33,26,43,31,20,21,41,14,80,14,21,21,14
198561,Gardner-Webb University,1,37,2,1,2,Gardner-Webb University,NC,42,2,2,,,,27,,38,2,46,46,36,7,243,54,70,62,6,50,59,5,4670,4064,13,23,36,582,558,1140,23,21,22,32470,32470,Unavailable,1838,1576,1576,75,25,1379,1337,42,459,239,220,1840,1578,86,14,262,13,243,1836,28,512,669,655,,403,11,Unavailable,22,41,26,23,24,33,13,75,13,24,23,14
157377,Midway University,1,21,2,1,2,Midway University,KY,42,2,2,,,,47,,19,1,59,59,54,6,142,43,53,46,46,46,46,5,1120,1066,3,24,27,570,530,1100,23,22,21,25480,25480,Unavailable,1686,1094,1094,83,17,1402,924,478,284,170,114,1687,1095,65,35,592,11,142,1250,24,304,634,312,0,231,15,Unavailable,32,45,30,25,17,40,15,83,15,17,17,14
214625,Pennsylvania State University-Penn State New Kensington,1,42,1,1,2,Pennsylvania State University-Penn State New Kensington,PA,41,1,1,0,85,15,33,19294,13,3,24,24,17,2,24,35,21,24,14,18,20,5,643,600,20,4,24,550,560,1110,26,23,25,13824,23316,15248,456,387,387,89,11,406,365,41,50,22,28,456,387,85,15,69,6,24,423,0,2,127,294,0,116,9,34,10,34,13,9,17,17,14,89,14,17,16,14
163046,Loyola University Maryland,1,24,2,1,2,Loyola University Maryland,MD,11,3,2,,,,18,,28,1,81,81,77,,57,73,83,80,76,80,80,5,10162,7757,18,4,22,650,620,1270,30,31,26,55480,55480,Unavailable,3987,3953,3953,99,1,3965,3939,26,22,14,8,3987,3953,99,1,34,1,57,3975,0,4,418,3553,2,1269,12,Unavailable,46,46,33,1,18,49,15,99,15,18,18,14
133711,Flagler College,1,12,2,1,2,Flagler College,FL,23,2,2,,,,28,,82,3,58,58,50,21,121,55,,56,48,55,56,5,5509,4302,21,10,31,560,530,1090,22,22,19,25710,25710,Unavailable,2432,2367,2367,95,5,2316,2269,47,116,98,18,2432,2367,97,3,65,5,121,2404,1,25,61,2318,,761,16,Unavailable,30,42,26,3,20,37,15,95,15,20,21,14
165936,Gordon College,1,25,2,1,2,Gordon College,MA,41,2,2,,,,22,,14,1,73,72,65,76,46,57,74,68,60,66,68,5,2579,1516,18,6,24,635,615,1250,28,30,26,27000,27000,Unavailable,1293,1221,1221,98,2,1267,1211,56,26,10,16,1293,1221,94,6,72,4,46,1247,1,8,326,913,3,310,11,Unavailable,39,40,31,3,19,45,14,98,14,19,19,14
237899,West Virginia State University,1,54,1,1,2,West Virginia State University,WV,22,2,1,0,80,20,47,10878,20,1,32,30,18,,126,27,43,34,25,32,34,5,4465,4303,24,8,32,495,460,955,20,19,17,8924,14544,10048,3322,1292,1292,92,8,3058,1111,1947,264,181,83,3322,1292,39,61,2030,9,126,1328,14,192,900,236,10,321,12,39,11,37,18,26,19,23,15,92,15,19,19,14
202046,Cleveland Institute of Art,1,39,2,1,2,Cleveland Institute of Art,OH,11,1,2,,,,38,,4,1,56,56,47,30,27,61,74,68,61,68,68,5,963,542,20,14,34,610,550,1160,23,23,22,44680,44680,Unavailable,566,557,557,95,5,537,532,5,29,25,4,566,557,98,2,9,5,27,560,Unavailable,,,560,,154,9,Unavailable,28,50,25,#VALUE!,23,36,15,95,15,23,24,14
227845,Saint Edward's University,1,48,2,1,2,Saint Edward's University,TX,11,2,2,,,,40,,51,2,67,66,55,1,207,63,66,64,54,63,64,5,5611,4696,20,7,27,590,550,1140,22,22,20,50484,50484,Unavailable,2731,2581,2581,93,7,2549,2443,106,182,138,44,2731,2581,95,5,150,8,207,2729,1,40,891,1798,0,640,13,Unavailable,33,52,31,5,19,43,15,93,15,19,19,14
165334,Clark University,1,25,2,1,2,Clark University,MA,12,2,2,,,,22,,15,1,79,79,75,71,57,71,83,77,71,76,77,5,10730,4471,17,4,21,680,640,1320,31,33,28,54760,54760,Unavailable,2365,2322,2322,99,1,2342,2305,37,23,17,6,2369,2322,98,2,47,2,57,2336,0,4,45,2287,,703,9,Unavailable,45,47,33,1,17,48,14,99,14,17,18,14
194310,Pace University,1,36,2,1,2,Pace University,NY,11,4,2,,,,29,,141,2,60,59,46,527,411,55,66,61,49,59,61,5,28469,21961,18,4,22,620,600,1220,27,28,24,49550,49550,Unavailable,8176,7473,7473,94,6,7692,7185,507,484,288,196,8176,7473,91,9,703,5,411,7725,3,259,4687,2779,22,2084,16,Unavailable,28,42,27,6,17,38,14,94,14,17,17,14
230816,Bennington College,1,50,2,1,2,Bennington College,VT,32,1,2,,,,23,,3,0,68,68,59,15,17,60,72,67,51,64,67,5,2825,1357,17,6,23,715,635,1350,30,35,29,63802,63802,Unavailable,775,728,728,94,6,729,718,11,46,10,36,776,728,94,6,48,2,17,759,0,1,89,669,0,214,9,Unavailable,35,42,29,4,19,42,15,94,15,19,21,13
194578,Pratt Institute-Main,1,36,2,1,2,Pratt Institute-Main,NY,11,3,2,,,,18,,18,0,73,72,62,63,55,59,75,73,49,70,73,5,8281,4403,16,4,20,660,670,1330,30,31,25,57659,57659,Unavailable,3814,3721,3721,96,4,3676,3604,72,138,117,21,3814,3721,98,2,93,1,55,3766,0,3,1339,2424,3,820,9,Unavailable,37,39,30,2,17,44,13,96,13,17,17,13
111948,Chapman University,1,6,2,1,2,Chapman University,CA,12,3,2,,,,20,,75,1,80,80,72,122,301,77,82,80,71,79,80,5,15914,8849,16,8,24,670,670,1340,30,32,27,62400,62400,Unavailable,7874,7330,7330,98,2,7699,7203,496,175,127,48,7874,7330,93,7,544,4,301,7629,0,0,16,7613,15,2018,12,Unavailable,43,49,34,3,20,50,13,98,13,20,21,13
186283,Rider University,1,34,2,1,2,Rider University,NJ,21,2,2,,,,34,,27,1,61,61,54,102,271,56,65,63,57,63,63,5,9069,7201,18,2,20,620,590,1210,27,26,23,37700,37700,Unavailable,3244,3058,3058,93,7,3013,2959,54,231,99,132,3244,3058,94,6,186,8,271,3192,3,90,1069,2033,,779,12,Unavailable,32,45,29,5,15,40,14,93,14,15,15,13
218539,Presbyterian College,1,45,2,1,2,Presbyterian College,SC,32,2,2,,,,30,,5,1,61,59,50,5,42,53,66,62,49,56,58,5,3359,2430,18,12,30,620,590,1210,25,25,25,40200,40200,Unavailable,903,866,866,100,0,901,865,36,2,1,1,903,866,96,4,37,5,42,862,0,0,53,809,,269,11,Unavailable,30,42,27,1,22,39,14,100,14,22,22,13
121691,University of Redlands,1,6,2,1,2,University of Redlands,CA,13,2,2,,,,35,,31,1,71,69,59,48,335,69,100,71,61,69,71,5,3622,2931,18,5,23,615,590,1205,28,25,27,57264,57264,Unavailable,2092,1886,1886,91,9,1895,1813,82,197,73,124,2100,1887,90,10,213,16,335,2095,1,18,144,1933,6,507,11,Unavailable,35,52,37,7,17,49,14,91,14,17,17,13
190503,Culinary Institute of America,1,36,2,1,3,Culinary Institute of America,NY,21,2,2,,,,28,,201,7,,,,22,412,35,68,65,46,49,49,5,2161,1983,20,6,26,550,530,1080,22,21,19,35520,35520,Unavailable,2988,2869,2869,85,15,2554,2493,61,434,376,58,2989,2869,96,4,120,14,412,2988,2,51,991,1946,0,374,19,Unavailable,Unavailable,32,Unavailable,8,17,Unavailable,14,85,14,17,17,13
197197,Wagner College,1,36,2,1,2,Wagner College,NY,11,2,2,,,,23,,13,1,72,70,63,58,92,66,67,68,63,68,68,5,2328,1943,17,7,24,620,620,1240,25,24,23,50200,50200,Unavailable,1592,1544,1544,95,5,1510,1470,40,82,74,8,1592,1544,97,3,48,6,92,1579,Unavailable,,,1579,,404,16,Unavailable,38,45,31,#VALUE!,18,46,13,95,13,18,18,13
165820,Fitchburg State University,1,25,1,1,2,Fitchburg State University,MA,22,3,1,0,89,7,34,15820,54,2,58,57,37,57,243,47,59,53,38,50,53,5,4353,3915,19,1,20,560,550,1110,24,16,20,970,7050,1396,3133,2322,2322,80,20,2514,2155,359,619,167,452,3133,2322,74,26,811,9,243,2825,12,349,962,1514,5,481,11,36,22,41,28,19,14,38,13,80,13,14,14,13
232025,Emory & Henry University,1,51,2,1,2,Emory & Henry University,VA,41,2,2,,,,41,,12,1,52,51,41,27,60,44,63,54,45,54,54,5,2349,2262,19,12,31,590,550,1140,25,23,25,34500,34500,Unavailable,1107,1086,1086,99,1,1091,1076,15,16,10,6,1107,1086,98,2,21,5,60,1107,0,0,195,912,0,347,12,Unavailable,25,43,24,1,22,33,14,99,14,22,22,13
482158,Middle Georgia State University,1,13,1,1,2,Middle Georgia State University,GA,12,3,1,0,95,5,45,13326,234,3,29,26,10,78,755,23,32,26,11,21,26,5,3876,3867,20,9,29,550,520,1070,19,17,18,3600,13200,4080,7485,4283,4283,73,27,5438,3432,2006,2047,851,1196,7485,4283,57,43,3202,11,755,6655,43,2833,2259,1563,140,894,18,42,6,34,17,37,18,22,14,73,14,18,18,13
155627,Ottawa University-Ottawa,1,20,2,1,2,Ottawa University-Ottawa,KS,32,2,2,,,,35,,18,2,34,34,26,17,104,32,13,29,23,27,29,5,3600,2881,6,26,32,480,490,970,19,18,18,31900,31900,Unavailable,931,883,883,96,4,896,854,42,35,29,6,936,888,95,5,48,11,104,935,1,6,412,517,18,243,15,Unavailable,16,34,20,3,17,25,13,96,13,17,17,13
148405,Rockford University,1,17,2,1,2,Rockford University,IL,12,2,2,,,,44,,6,1,40,32,26,,148,29,65,38,5,38,38,5,2979,1705,23,7,30,490,450,940,22,20,21,36500,36500,Unavailable,968,890,890,82,18,798,770,28,170,120,50,968,890,92,8,78,15,148,956,7,65,430,461,,167,10,Unavailable,16,37,22,11,18,30,14,82,14,18,18,13
175856,Jackson State University,1,28,1,1,2,Jackson State University,MS,12,3,1,0,28,72,69,19892,10,0,41,38,24,4,433,42,16,32,19,30,32,5,14141,12873,12,29,41,490,470,960,18,17,16,8520,8520,8520,4769,4270,4270,81,19,3871,3618,253,898,652,246,4769,4270,90,10,499,9,433,4769,27,1283,3094,392,64,1068,15,35,14,56,21,19,22,28,14,81,14,22,21,13
141185,Toccoa Falls College,1,13,2,1,2,Toccoa Falls College,GA,32,2,2,,,,47,,9,0,53,53,42,7,89,38,61,46,34,44,45,5,876,559,19,8,27,600,540,1140,24,23,21,23250,23250,Unavailable,2489,934,934,95,5,2369,853,1516,120,81,39,2489,934,38,62,1555,11,89,820,31,256,153,411,11,227,16,Unavailable,25,43,28,30,19,36,14,95,14,19,19,13
146481,Lake Forest College,1,17,2,1,2,Lake Forest College,IL,21,2,2,,,,35,,11,1,73,73,67,30,82,69,72,70,64,70,70,5,4811,2858,16,11,27,640,640,1280,29,30,27,53300,53300,Unavailable,1796,1764,1764,97,3,1749,1723,26,47,41,6,1796,1764,98,2,32,5,82,1782,0,0,135,1647,0,445,12,Unavailable,40,52,32,2,22,46,13,97,13,22,22,13
156295,Berea College,1,21,2,1,2,Berea College,KY,32,2,2,,,,82,,3,0,66,66,45,28,52,59,92,62,41,61,62,5,2073,678,6,20,26,630,610,1240,26,26,23,48600,48600,Unavailable,1487,1471,1471,97,3,1439,1429,10,48,42,6,1487,1471,99,1,16,4,52,1472,Unavailable,,,1472,,352,9,Unavailable,27,71,29,#VALUE!,19,41,14,97,14,19,19,13
140951,Savannah College of Art and Design,1,13,2,1,2,Savannah College of Art and Design,GA,12,4,2,,,,19,,605,4,72,71,59,21,686,64,73,70,53,68,70,5,14931,12495,18,13,31,610,560,1170,24,25,22,40095,40095,Unavailable,14657,12642,12642,94,6,13766,12118,1648,891,524,367,14657,12642,86,14,2015,5,686,14423,7,949,2584,10890,113,3349,20,Unavailable,35,42,31,9,22,45,14,94,14,22,23,13
211981,Delaware Valley University,1,42,2,1,2,Delaware Valley University,PA,21,2,2,,,,32,,28,2,56,54,46,62,106,43,57,52,41,50,52,5,2358,2181,18,2,20,610,560,1170,26,24,24,40680,40680,Unavailable,1758,1583,1583,95,5,1670,1525,145,88,58,30,1759,1583,90,10,176,6,106,1644,2,29,602,1013,0,436,14,Unavailable,28,38,25,6,15,36,14,95,14,15,15,13
199412,Queens University of Charlotte,1,37,2,1,2,Queens University of Charlotte,NC,11,2,2,,,,22,,37,3,65,64,56,64,139,62,73,66,60,65,66,5,4357,2949,17,15,32,610,590,1200,26,25,25,40790,40790,Unavailable,1373,1324,1324,93,7,1277,1249,28,96,75,21,1373,1324,96,4,49,10,139,1362,1,13,700,649,4,298,9,Unavailable,34,42,32,4,24,43,13,93,13,24,23,13
192864,Marymount Manhattan College,1,36,2,1,2,Marymount Manhattan College,NY,11,2,2,,,,29,,21,1,60,59,48,26,78,40,55,50,43,47,50,5,8138,6419,17,7,24,620,580,1200,27,30,24,38400,38400,Unavailable,1648,1473,1473,89,11,1469,1442,27,179,31,148,1648,1473,89,11,175,5,78,1627,0,2,836,789,3,403,8,Unavailable,29,35,26,8,18,38,13,89,13,18,19,12
122612,University of San Francisco,1,6,2,1,2,University of San Francisco,CA,11,3,2,,,,27,,129,2,76,76,68,1,300,71,70,71,64,70,71,5,25709,13052,15,6,21,650,650,1300,29,30,26,57670,57670,Unavailable,5729,5527,5527,94,6,5382,5257,125,347,270,77,5729,5527,96,4,202,5,300,5697,0,16,279,5402,7,1548,12,Unavailable,41,49,34,4,17,48,12,94,12,17,17,12
233277,Radford University,1,51,1,1,2,Radford University,VA,31,3,1,0,89,11,36,18282,125,2,55,54,39,16,577,43,54,50,34,46,50,5,11072,10036,19,3,22,540,510,1050,22,19,22,8401,20853,9771,5704,5176,5176,87,13,4980,4766,214,724,410,314,5704,5176,91,9,528,10,577,5609,10,542,2928,2139,4,1215,12,37,23,40,28,11,14,37,13,87,13,14,14,12
121150,Pepperdine University,1,6,2,1,2,Pepperdine University,CA,21,3,2,,,,20,,0,0,84,83,72,248,115,85,84,85,75,84,85,5,12457,6210,14,7,21,670,690,1360,30,30,27,65990,65990,Unavailable,3629,3442,3442,97,3,3518,3409,109,111,33,78,3629,3442,95,5,187,3,115,3629,3,111,7,3511,2,940,13,Unavailable,43,53,35,4,18,52,12,97,12,18,18,12
198950,Meredith College,1,37,2,1,2,Meredith College,NC,11,2,2,,,,34,,17,1,69,68,64,6,64,59,69,65,58,63,65,5,1563,1167,12,18,30,625,560,1185,26,26,24,43816,43816,Unavailable,1309,1242,1242,96,4,1254,1203,51,55,39,16,1309,1242,95,5,67,5,64,1288,Unavailable,,,1288,1,331,10,Unavailable,38,47,30,#VALUE!,22,43,13,96,13,22,22,12
199759,Southeastern Baptist Theological Seminary,1,37,2,1,2,Southeastern Baptist Theological Seminary,NC,21,2,2,,,,27,,13,2,59,53,15,48,69,,46,46,0,44,47,5,124,95,18,18,36,560,530,1090,21,24,18,9816,9816,Unavailable,753,283,283,74,26,554,210,344,199,73,126,758,287,38,62,471,15,69,466,30,139,215,112,21,11,11,Unavailable,9,Unavailable,30,38,23,41,13,74,13,23,25,12
218061,Francis Marion University,1,45,1,1,2,Francis Marion University,SC,41,2,1,0,96,4,53,11231,50,1,46,43,18,10,183,40,50,43,27,39,43,5,3489,2869,19,15,34,530,500,1030,20,19,18,10394,20768,10809,3601,2508,2508,92,8,3305,2379,926,296,129,167,3623,2508,69,31,1115,7,183,2640,4,115,898,1627,1,611,12,45,11,47,21,14,21,30,13,92,13,21,21,12
139366,Columbus State University,1,13,1,1,2,Columbus State University,GA,12,3,1,0,92,8,47,11384,328,5,46,43,19,96,471,36,48,42,22,37,42,5,3550,3523,21,17,38,500,450,950,20,18,19,4371,15424,5255,6008,4140,4140,76,24,4539,3520,1019,1469,620,849,6008,4140,69,31,1868,9,471,5537,18,1023,3078,1436,46,836,18,42,11,42,22,25,22,31,13,76,13,22,22,12
216694,Waynesburg University,1,42,2,1,2,Waynesburg University,PA,32,2,2,,,,32,,13,1,67,67,58,18,37,51,75,61,54,60,61,5,1806,1656,17,4,21,570,550,1120,21,19,20,28120,28120,Unavailable,1083,1039,1039,97,3,1046,1024,22,37,15,22,1088,1039,95,5,49,3,37,1081,3,36,209,836,0,296,10,Unavailable,35,42,29,4,14,42,12,97,12,14,14,12
199184,University of North Carolina School of the Arts,1,37,1,1,2,University of North Carolina School of the Arts,NC,11,2,1,0,43,57,25,11163,14,2,72,70,67,33,44,73,81,79,77,79,80,5,1423,471,16,15,31,670,580,1250,26,26,23,6497,24231,16605,902,890,890,97,3,873,866,7,29,24,5,902,890,99,1,12,5,44,902,0,0,153,749,0,210,6,21,40,49,31,2,23,45,13,97,13,23,24,12
144962,Elmhurst University,1,17,2,1,2,Elmhurst University,IL,21,2,2,,,,38,,29,1,69,68,56,2,405,53,70,65,50,63,65,5,6254,4737,17,4,21,550,540,1090,25,25,24,41258,41258,Unavailable,3138,2938,2938,90,10,2825,2671,154,313,267,46,3138,2938,94,6,200,14,405,2954,5,149,1115,1690,,617,14,Unavailable,34,46,35,7,14,47,12,90,12,14,14,11
196176,State University of New York at New Paltz,1,36,1,1,2,State University of New York at New Paltz,NY,31,3,1,0,97,3,33,17848,0,0,74,73,58,56,613,64,73,69,55,67,69,5,16249,9538,15,5,20,650,610,1260,27,27,25,7070,16980,7367,6504,5564,5564,93,7,6051,5293,758,453,271,182,6504,5564,86,14,940,10,613,6022,2,111,2367,3544,7,1156,16,37,35,49,35,8,16,48,12,93,12,16,16,11
199218,University of North Carolina Wilmington,1,37,1,1,2,University of North Carolina Wilmington,NC,12,4,1,0,80,20,24,18606,503,3,73,72,56,100,1629,67,73,71,56,68,71,5,17370,12856,7,16,23,660,630,1290,26,25,25,4443,20111,7577,14494,12465,12465,85,15,12351,11553,798,2143,912,1231,14494,12465,86,14,2029,11,1629,14176,12,1732,7408,5036,12,2357,17,30,34,46,36,14,17,48,11,85,11,17,17,11
198613,Guilford College,1,37,2,1,2,Guilford College,NC,11,2,2,,,,48,,14,1,55,55,45,36,57,34,59,48,37,44,48,5,3775,3162,10,19,29,580,540,1120,22,21,21,40400,40400,Unavailable,1159,1085,1085,94,6,1089,1064,25,70,21,49,1160,1085,94,6,75,6,57,1011,0,0,280,731,,369,12,Unavailable,27,41,25,4,19,35,11,94,11,19,18,11
180258,University of Providence,1,30,2,1,2,University of Providence,MT,13,1,2,,,,31,,26,5,55,37,20,2,76,28,56,47,29,39,42,5,324,208,8,21,29,520,480,1000,18,16,19,28618,28618,Unavailable,562,479,479,70,30,394,372,22,168,107,61,562,479,85,15,83,14,76,527,21,111,383,33,2,97,7,Unavailable,12,30,23,23,16,39,9,70,9,16,15,11
230995,Norwich University,1,50,2,1,2,Norwich University,VT,42,2,2,,,,25,,162,6,63,62,56,31,164,49,62,61,54,59,61,5,5157,3796,15,5,20,600,590,1190,24,24,23,46860,46860,Unavailable,2640,2112,2112,81,19,2127,1967,160,513,145,368,2642,2112,80,20,530,7,164,2490,20,489,299,1702,25,549,12,Unavailable,34,37,29,20,14,40,11,81,11,14,15,11
198464,East Carolina University,1,37,1,1,2,East Carolina University,NC,13,5,1,0,83,17,33,14470,600,3,67,66,45,222,1656,55,68,62,43,59,62,5,22289,20073,9,18,27,570,560,1130,23,21,22,4452,20729,7219,21328,17255,17255,84,16,17835,16260,1575,3493,995,2498,21328,17255,81,19,4073,8,1656,19857,16,3275,10822,5760,63,3722,17,34,27,44,31,17,18,44,11,84,11,18,17,11
239309,Milwaukee Institute of Art & Design,1,55,2,1,2,Milwaukee Institute of Art & Design,WI,11,1,2,,,,36,,9,1,53,53,45,8,49,52,74,63,53,62,63,5,1059,665,6,17,23,560,490,1050,24,23,23,40480,40480,Unavailable,884,870,870,97,3,856,846,10,28,24,4,885,870,98,2,15,6,49,883,0,1,251,631,0,221,11,Unavailable,27,44,25,2,15,34,11,97,11,15,15,11
189088,Bard College,1,36,2,1,2,Bard College,NY,41,2,2,,,,24,,2,0,72,71,57,108,89,79,69,73,57,71,73,5,6628,3466,13,9,22,710,660,1370,31,32,27,62790,62790,Unavailable,2424,2124,2124,78,22,1883,1762,121,541,362,179,2453,2149,88,12,304,4,89,2280,0,0,0,2280,,444,9,Unavailable,34,52,31,13,19,45,12,78,12,19,20,11
148487,Roosevelt University,1,17,2,1,2,Roosevelt University,IL,11,2,2,,,,47,,21,1,38,38,30,120,434,38,49,41,37,43,46,5,5987,5644,18,3,21,490,470,960,25,24,23,20000,20000,Unavailable,2605,2307,2307,79,21,2065,1987,78,540,320,220,2605,2307,89,11,298,17,434,2583,7,191,1341,1051,3,405,11,Unavailable,18,43,25,14,13,30,11,79,11,13,13,11
154493,Upper Iowa University,1,19,2,1,2,Upper Iowa University,IA,43,2,2,,,,36,,222,9,38,38,28,,267,39,53,41,29,39,42,5,695,649,4,25,29,550,500,1050,16,15,15,18000,18000,Unavailable,2504,1156,1156,35,65,886,634,252,1618,522,1096,2504,1156,46,54,1348,13,267,2021,64,1301,315,405,29,187,22,Unavailable,17,38,23,61,14,28,10,35,10,14,13,10
140988,Shorter University,1,13,2,1,2,Shorter University,GA,13,2,2,,,,46,,10,1,38,37,29,,98,34,38,37,27,34,36,5,783,759,16,12,28,520,520,1040,22,20,20,23514,23514,Unavailable,1312,1021,1021,88,12,1161,938,223,151,83,68,1322,1031,78,22,291,9,98,1091,15,161,211,719,2,268,15,Unavailable,17,40,20,16,18,26,10,88,10,18,17,10
210669,Allegheny College,1,42,2,1,2,Allegheny College,PA,32,2,2,,,,26,,15,1,75,75,67,12,26,56,74,67,59,65,67,5,5045,2953,13,10,23,640,610,1250,29,28,25,54300,54300,Unavailable,1230,1152,1152,98,2,1206,1140,66,24,12,12,1231,1153,94,6,78,2,26,1209,0,0,0,1209,,288,8,Unavailable,40,41,31,3,18,46,10,98,10,18,18,10
230764,University of Utah,1,49,1,1,2,University of Utah,UT,12,5,1,0,56,44,21,13341,368,1,73,67,36,464,1368,55,69,64,34,55,64,5,22996,20046,10,44,54,640,640,1280,25,25,8,8175,28697,17205,26313,21888,21888,88,12,23065,20414,2651,3248,1474,1774,26827,22374,83,17,4453,5,1368,26041,6,1515,13476,11050,222,5115,18,22,22,38,30,12,39,46,31,88,31,39,39,10
172264,Siena Heights University,1,26,2,1,2,Siena Heights University,MI,32,2,2,,,,34,,24,1,51,50,38,32,196,37,75,51,33,48,51,5,1809,1204,14,7,21,500,540,1040,19,18,19,28500,28500,Unavailable,1668,1085,1085,70,30,1161,974,187,507,111,396,1669,1086,65,35,583,13,196,1533,37,563,712,258,1,276,12,Unavailable,23,36,28,34,13,36,9,70,9,13,12,9
217864,Citadel Military College of South Carolina,1,45,1,1,2,Citadel Military College of South Carolina,SC,12,2,1,0,58,42,19,21041,281,11,75,73,68,58,108,66,73,73,64,71,73,5,2883,2828,13,9,22,600,580,1180,24,23,23,8356,32400,18454,2661,2476,2476,90,10,2407,2319,88,254,157,97,2661,2476,93,7,185,4,108,2624,5,124,242,2258,2,676,11,22,41,43,32,7,16,47,10,90,10,16,16,9
141644,Hawaii Pacific University,1,15,2,1,2,Hawaii Pacific University,HI,11,2,2,,,,31,,455,12,44,42,31,53,284,29,49,41,30,40,41,5,14538,12282,13,8,21,590,565,1155,25,24,24,35580,35580,Unavailable,3814,2384,2384,84,16,3212,2027,1185,602,357,245,3814,2384,63,37,1430,11,284,2502,14,357,1015,1130,9,573,15,Unavailable,19,30,24,22,15,31,10,84,10,15,15,9
198969,Methodist University,1,37,2,1,2,Methodist University,NC,12,2,2,,,,39,,165,11,39,39,23,3,131,24,59,40,26,39,40,5,2738,2059,11,13,24,590,590,1180,25,24,25,38936,38936,Unavailable,1435,1345,1345,81,19,1169,1146,23,266,199,67,1436,1346,94,6,90,9,131,1425,12,173,574,678,2,323,9,Unavailable,14,32,21,13,17,27,9,81,9,17,17,9
207582,Oral Roberts University,1,40,2,1,2,Oral Roberts University,OK,11,3,2,,,,44,,64,1,61,59,49,14,216,42,69,54,48,53,54,5,3639,3588,7,14,21,600,570,1170,24,24,23,32500,32500,Unavailable,4565,2833,2833,86,14,3928,2535,1393,637,298,339,4565,2833,62,38,1732,7,216,3322,21,704,0,2618,102,603,17,Unavailable,29,43,28,23,14,39,9,86,9,14,15,9
199102,North Carolina A & T State University,1,37,1,1,2,North Carolina A & T State University,NC,11,4,1,0,57,43,52,10258,286,2,55,53,29,89,699,50,71,55,34,50,55,5,30717,14183,13,15,28,550,530,1080,19,18,18,3540,17200,9414,12216,11061,11061,93,7,11314,10587,727,902,474,428,12216,11061,91,9,1155,6,699,11925,8,940,6763,4222,39,3035,20,35,17,51,25,8,17,35,9,93,9,17,16,9
178369,Missouri Valley College,1,29,2,1,2,Missouri Valley College,MO,33,2,2,,,,36,,16,1,25,24,15,23,147,19,30,24,18,24,25,5,2230,1175,4,18,22,490,520,1010,19,18,17,21300,21300,Unavailable,1558,1253,1253,95,5,1486,1209,277,72,44,28,1558,1253,80,20,305,12,147,1274,6,82,288,904,4,377,16,Unavailable,9,28,17,10,12,20,9,95,9,12,11,9
464226,Ottawa University-Surprise,1,4,2,1,2,Ottawa University-Surprise,AZ,21,1,2,,,,37,,29,4,,,,12,125,21,33,23,17,22,23,5,1359,542,3,17,20,500,470,970,18,16,17,31900,31900,Unavailable,768,723,723,96,4,736,696,40,32,27,5,768,723,94,6,45,16,125,768,4,33,411,324,12,234,12,Unavailable,Unavailable,29,Unavailable,5,10,Unavailable,8,96,8,10,9,8
233897,University of Virginia's College at Wise,1,51,1,1,2,University of Virginia's College at Wise,VA,32,2,1,18,78,4,51,10409,12,1,41,39,31,5,69,40,63,50,33,47,50,5,1414,1328,12,12,24,540,520,1060,23,21,23,6040,26182,6846,1830,1138,1138,64,36,1166,1057,109,664,81,583,1911,1219,64,36,692,6,69,1214,0,2,28,1184,1,250,13,44,19,46,19,25,16,27,8,64,8,16,15,8
153126,Clarke University,1,19,2,1,2,Clarke University,IA,13,2,2,,,,36,,6,1,54,54,49,6,94,46,63,55,44,55,55,5,3087,2104,9,12,21,490,490,980,22,20,22,38400,38400,Unavailable,865,768,768,93,7,804,719,85,61,49,12,871,768,88,12,103,12,94,782,3,24,401,357,,193,10,Unavailable,29,41,29,7,13,37,7,93,7,13,12,7
454227,Chamberlain University-Illinois,1,17,3,1,2,Chamberlain University-Illinois,IL,21,5,3,,,,30,,261,2,73,73,73,,3361,36,75,50,50,50,50,5,70,62,10,15,25,420,390,810,16,14,16,19341,19341,Unavailable,12214,3795,3795,15,85,1855,786,1069,10359,3009,7350,12214,3795,31,69,8419,28,3361,12188,80,9724,1668,796,5,26,20,Unavailable,44,33,46,79,12,55,6,15,6,12,11,7
,,,,,,,,,,,,,,,,,,,,,,,,,,,,,,,,,,,,,,,,,,,,,,,,,,,,,,,,,,,,,,,,,,,,,,,,,,,,,,,,,,,
,,,,,,,,,,,,,,,,,,,,,,,,,,,,,,,,,,,,,,,,,,,,,,,,,,,,,,,,,,,,,,,,,,,,,,,,,,,,,,,,,,,
,,,,,,,,,,,,,,,,,,,,,,,,,,,,,,,,,,,,,,,,,,,,,,,,,,,,,,,,,,,,,,,,,,,,,,,,,,,,,,,,,,,
,,,,,,,,,,,,,,,,,,,,,,,,,,,,,,,,,,,,,,,,,,,,,,,,,,,,,,,,,,,,,,,,,,,,,,,,,,,,,,,,,,,
,,,,,,,,,,,,,,,,,,,,,,,,,,,,,,,,,,,,,,,,,,,,,,,,,,,,,,,,,,,,,,,,,,,,,,,,,,,,,,,,,,,
,,,,,,,,,,,,,,,,,,,,,,,,,,,,,,,,,,,,,,,,,,,,,,,,,,,,,,,,,,,,,,,,,,,,,,,,,,,,,,,,,,,
,,,,,,,,,,,,,,,,,,,,,,,,,,,,,,,,,,,,,,,,,,,,,,,,,,,,,,,,,,,,,,,,,,,,,,,,,,,,,,,,,,,
,,,,,,,,,,,,,,,,,,,,,,,,,,,,,,,,,,,,,,,,,,,,,,,,,,,,,,,,,,,,,,,,,,,,,,,,,,,,,,,,,,,
,,,,,,,,,,,,,,,,,,,,,,,,,,,,,,,,,,,,,,,,,,,,,,,,,,,,,,,,,,,,,,,,,,,,,,,,,,,,,,,,,,,
,,,,,,,,,,,,,,,,,,,,,,,,,,,,,,,,,,,,,,,,,,,,,,,,,,,,,,,,,,,,,,,,,,,,,,,,,,,,,,,,,,,
,,,,,,,,,,,,,,,,,,,,,,,,,,,,,,,,,,,,,,,,,,,,,,,,,,,,,,,,,,,,,,,,,,,,,,,,,,,,,,,,,,,
,,,,,,,,,,,,,,,,,,,,,,,,,,,,,,,,,,,,,,,,,,,,,,,,,,,,,,,,,,,,,,,,,,,,,,,,,,,,,,,,,,,
,,,,,,,,,,,,,,,,,,,,,,,,,,,,,,,,,,,,,,,,,,,,,,,,,,,,,,,,,,,,,,,,,,,,,,,,,,,,,,,,,,,
,,,,,,,,,,,,,,,,,,,,,,,,,,,,,,,,,,,,,,,,,,,,,,,,,,,,,,,,,,,,,,,,,,,,,,,,,,,,,,,,,,,
,,,,,,,,,,,,,,,,,,,,,,,,,,,,,,,,,,,,,,,,,,,,,,,,,,,,,,,,,,,,,,,,,,,,,,,,,,,,,,,,,,,
,,,,,,,,,,,,,,,,,,,,,,,,,,,,,,,,,,,,,,,,,,,,,,,,,,,,,,,,,,,,,,,,,,,,,,,,,,,,,,,,,,,
,,,,,,,,,,,,,,,,,,,,,,,,,,,,,,,,,,,,,,,,,,,,,,,,,,,,,,,,,,,,,,,,,,,,,,,,,,,,,,,,,,,
,,,,,,,,,,,,,,,,,,,,,,,,,,,,,,,,,,,,,,,,,,,,,,,,,,,,,,,,,,,,,,,,,,,,,,,,,,,,,,,,,,,
,,,,,,,,,,,,,,,,,,,,,,,,,,,,,,,,,,,,,,,,,,,,,,,,,,,,,,,,,,,,,,,,,,,,,,,,,,,,,,,,,,,
,,,,,,,,,,,,,,,,,,,,,,,,,,,,,,,,,,,,,,,,,,,,,,,,,,,,,,,,,,,,,,,,,,,,,,,,,,,,,,,,,,,
,,,,,,,,,,,,,,,,,,,,,,,,,,,,,,,,,,,,,,,,,,,,,,,,,,,,,,,,,,,,,,,,,,,,,,,,,,,,,,,,,,,
,,,,,,,,,,,,,,,,,,,,,,,,,,,,,,,,,,,,,,,,,,,,,,,,,,,,,,,,,,,,,,,,,,,,,,,,,,,,,,,,,,,
,,,,,,,,,,,,,,,,,,,,,,,,,,,,,,,,,,,,,,,,,,,,,,,,,,,,,,,,,,,,,,,,,,,,,,,,,,,,,,,,,,,
,,,,,,,,,,,,,,,,,,,,,,,,,,,,,,,,,,,,,,,,,,,,,,,,,,,,,,,,,,,,,,,,,,,,,,,,,,,,,,,,,,,
,,,,,,,,,,,,,,,,,,,,,,,,,,,,,,,,,,,,,,,,,,,,,,,,,,,,,,,,,,,,,,,,,,,,,,,,,,,,,,,,,,,
,,,,,,,,,,,,,,,,,,,,,,,,,,,,,,,,,,,,,,,,,,,,,,,,,,,,,,,,,,,,,,,,,,,,,,,,,,,,,,,,,,,
,,,,,,,,,,,,,,,,,,,,,,,,,,,,,,,,,,,,,,,,,,,,,,,,,,,,,,,,,,,,,,,,,,,,,,,,,,,,,,,,,,,
,,,,,,,,,,,,,,,,,,,,,,,,,,,,,,,,,,,,,,,,,,,,,,,,,,,,,,,,,,,,,,,,,,,,,,,,,,,,,,,,,,,
,,,,,,,,,,,,,,,,,,,,,,,,,,,,,,,,,,,,,,,,,,,,,,,,,,,,,,,,,,,,,,,,,,,,,,,,,,,,,,,,,,,
,,,,,,,,,,,,,,,,,,,,,,,,,,,,,,,,,,,,,,,,,,,,,,,,,,,,,,,,,,,,,,,,,,,,,,,,,,,,,,,,,,,
,,,,,,,,,,,,,,,,,,,,,,,,,,,,,,,,,,,,,,,,,,,,,,,,,,,,,,,,,,,,,,,,,,,,,,,,,,,,,,,,,,,
,,,,,,,,,,,,,,,,,,,,,,,,,,,,,,,,,,,,,,,,,,,,,,,,,,,,,,,,,,,,,,,,,,,,,,,,,,,,,,,,,,,
,,,,,,,,,,,,,,,,,,,,,,,,,,,,,,,,,,,,,,,,,,,,,,,,,,,,,,,,,,,,,,,,,,,,,,,,,,,,,,,,,,,
,,,,,,,,,,,,,,,,,,,,,,,,,,,,,,,,,,,,,,,,,,,,,,,,,,,,,,,,,,,,,,,,,,,,,,,,,,,,,,,,,,,
,,,,,,,,,,,,,,,,,,,,,,,,,,,,,,,,,,,,,,,,,,,,,,,,,,,,,,,,,,,,,,,,,,,,,,,,,,,,,,,,,,,
,,,,,,,,,,,,,,,,,,,,,,,,,,,,,,,,,,,,,,,,,,,,,,,,,,,,,,,,,,,,,,,,,,,,,,,,,,,,,,,,,,,
,,,,,,,,,,,,,,,,,,,,,,,,,,,,,,,,,,,,,,,,,,,,,,,,,,,,,,,,,,,,,,,,,,,,,,,,,,,,,,,,,,,
,,,,,,,,,,,,,,,,,,,,,,,,,,,,,,,,,,,,,,,,,,,,,,,,,,,,,,,,,,,,,,,,,,,,,,,,,,,,,,,,,,,
,,,,,,,,,,,,,,,,,,,,,,,,,,,,,,,,,,,,,,,,,,,,,,,,,,,,,,,,,,,,,,,,,,,,,,,,,,,,,,,,,,,
,,,,,,,,,,,,,,,,,,,,,,,,,,,,,,,,,,,,,,,,,,,,,,,,,,,,,,,,,,,,,,,,,,,,,,,,,,,,,,,,,,,
,,,,,,,,,,,,,,,,,,,,,,,,,,,,,,,,,,,,,,,,,,,,,,,,,,,,,,,,,,,,,,,,,,,,,,,,,,,,,,,,,,,
,,,,,,,,,,,,,,,,,,,,,,,,,,,,,,,,,,,,,,,,,,,,,,,,,,,,,,,,,,,,,,,,,,,,,,,,,,,,,,,,,,,
,,,,,,,,,,,,,,,,,,,,,,,,,,,,,,,,,,,,,,,,,,,,,,,,,,,,,,,,,,,,,,,,,,,,,,,,,,,,,,,,,,,
,,,,,,,,,,,,,,,,,,,,,,,,,,,,,,,,,,,,,,,,,,,,,,,,,,,,,,,,,,,,,,,,,,,,,,,,,,,,,,,,,,,
,,,,,,,,,,,,,,,,,,,,,,,,,,,,,,,,,,,,,,,,,,,,,,,,,,,,,,,,,,,,,,,,,,,,,,,,,,,,,,,,,,,
,,,,,,,,,,,,,,,,,,,,,,,,,,,,,,,,,,,,,,,,,,,,,,,,,,,,,,,,,,,,,,,,,,,,,,,,,,,,,,,,,,,
,,,,,,,,,,,,,,,,,,,,,,,,,,,,,,,,,,,,,,,,,,,,,,,,,,,,,,,,,,,,,,,,,,,,,,,,,,,,,,,,,,,
,,,,,,,,,,,,,,,,,,,,,,,,,,,,,,,,,,,,,,,,,,,,,,,,,,,,,,,,,,,,,,,,,,,,,,,,,,,,,,,,,,,
,,,,,,,,,,,,,,,,,,,,,,,,,,,,,,,,,,,,,,,,,,,,,,,,,,,,,,,,,,,,,,,,,,,,,,,,,,,,,,,,,,,
,,,,,,,,,,,,,,,,,,,,,,,,,,,,,,,,,,,,,,,,,,,,,,,,,,,,,,,,,,,,,,,,,,,,,,,,,,,,,,,,,,,
,,,,,,,,,,,,,,,,,,,,,,,,,,,,,,,,,,,,,,,,,,,,,,,,,,,,,,,,,,,,,,,,,,,,,,,,,,,,,,,,,,,
,,,,,,,,,,,,,,,,,,,,,,,,,,,,,,,,,,,,,,,,,,,,,,,,,,,,,,,,,,,,,,,,,,,,,,,,,,,,,,,,,,,
,,,,,,,,,,,,,,,,,,,,,,,,,,,,,,,,,,,,,,,,,,,,,,,,,,,,,,,,,,,,,,,,,,,,,,,,,,,,,,,,,,,
,,,,,,,,,,,,,,,,,,,,,,,,,,,,,,,,,,,,,,,,,,,,,,,,,,,,,,,,,,,,,,,,,,,,,,,,,,,,,,,,,,,
,,,,,,,,,,,,,,,,,,,,,,,,,,,,,,,,,,,,,,,,,,,,,,,,,,,,,,,,,,,,,,,,,,,,,,,,,,,,,,,,,,,
,,,,,,,,,,,,,,,,,,,,,,,,,,,,,,,,,,,,,,,,,,,,,,,,,,,,,,,,,,,,,,,,,,,,,,,,,,,,,,,,,,,
,,,,,,,,,,,,,,,,,,,,,,,,,,,,,,,,,,,,,,,,,,,,,,,,,,,,,,,,,,,,,,,,,,,,,,,,,,,,,,,,,,,
,,,,,,,,,,,,,,,,,,,,,,,,,,,,,,,,,,,,,,,,,,,,,,,,,,,,,,,,,,,,,,,,,,,,,,,,,,,,,,,,,,,
,,,,,,,,,,,,,,,,,,,,,,,,,,,,,,,,,,,,,,,,,,,,,,,,,,,,,,,,,,,,,,,,,,,,,,,,,,,,,,,,,,,
,,,,,,,,,,,,,,,,,,,,,,,,,,,,,,,,,,,,,,,,,,,,,,,,,,,,,,,,,,,,,,,,,,,,,,,,,,,,,,,,,,,
,,,,,,,,,,,,,,,,,,,,,,,,,,,,,,,,,,,,,,,,,,,,,,,,,,,,,,,,,,,,,,,,,,,,,,,,,,,,,,,,,,,
,,,,,,,,,,,,,,,,,,,,,,,,,,,,,,,,,,,,,,,,,,,,,,,,,,,,,,,,,,,,,,,,,,,,,,,,,,,,,,,,,,,
,,,,,,,,,,,,,,,,,,,,,,,,,,,,,,,,,,,,,,,,,,,,,,,,,,,,,,,,,,,,,,,,,,,,,,,,,,,,,,,,,,,
,,,,,,,,,,,,,,,,,,,,,,,,,,,,,,,,,,,,,,,,,,,,,,,,,,,,,,,,,,,,,,,,,,,,,,,,,,,,,,,,,,,
,,,,,,,,,,,,,,,,,,,,,,,,,,,,,,,,,,,,,,,,,,,,,,,,,,,,,,,,,,,,,,,,,,,,,,,,,,,,,,,,,,,
,,,,,,,,,,,,,,,,,,,,,,,,,,,,,,,,,,,,,,,,,,,,,,,,,,,,,,,,,,,,,,,,,,,,,,,,,,,,,,,,,,,
,,,,,,,,,,,,,,,,,,,,,,,,,,,,,,,,,,,,,,,,,,,,,,,,,,,,,,,,,,,,,,,,,,,,,,,,,,,,,,,,,,,
,,,,,,,,,,,,,,,,,,,,,,,,,,,,,,,,,,,,,,,,,,,,,,,,,,,,,,,,,,,,,,,,,,,,,,,,,,,,,,,,,,,
,,,,,,,,,,,,,,,,,,,,,,,,,,,,,,,,,,,,,,,,,,,,,,,,,,,,,,,,,,,,,,,,,,,,,,,,,,,,,,,,,,,
,,,,,,,,,,,,,,,,,,,,,,,,,,,,,,,,,,,,,,,,,,,,,,,,,,,,,,,,,,,,,,,,,,,,,,,,,,,,,,,,,,,
,,,,,,,,,,,,,,,,,,,,,,,,,,,,,,,,,,,,,,,,,,,,,,,,,,,,,,,,,,,,,,,,,,,,,,,,,,,,,,,,,,,
,,,,,,,,,,,,,,,,,,,,,,,,,,,,,,,,,,,,,,,,,,,,,,,,,,,,,,,,,,,,,,,,,,,,,,,,,,,,,,,,,,,
,,,,,,,,,,,,,,,,,,,,,,,,,,,,,,,,,,,,,,,,,,,,,,,,,,,,,,,,,,,,,,,,,,,,,,,,,,,,,,,,,,,
,,,,,,,,,,,,,,,,,,,,,,,,,,,,,,,,,,,,,,,,,,,,,,,,,,,,,,,,,,,,,,,,,,,,,,,,,,,,,,,,,,,
,,,,,,,,,,,,,,,,,,,,,,,,,,,,,,,,,,,,,,,,,,,,,,,,,,,,,,,,,,,,,,,,,,,,,,,,,,,,,,,,,,,
,,,,,,,,,,,,,,,,,,,,,,,,,,,,,,,,,,,,,,,,,,,,,,,,,,,,,,,,,,,,,,,,,,,,,,,,,,,,,,,,,,,
,,,,,,,,,,,,,,,,,,,,,,,,,,,,,,,,,,,,,,,,,,,,,,,,,,,,,,,,,,,,,,,,,,,,,,,,,,,,,,,,,,,
,,,,,,,,,,,,,,,,,,,,,,,,,,,,,,,,,,,,,,,,,,,,,,,,,,,,,,,,,,,,,,,,,,,,,,,,,,,,,,,,,,,
,,,,,,,,,,,,,,,,,,,,,,,,,,,,,,,,,,,,,,,,,,,,,,,,,,,,,,,,,,,,,,,,,,,,,,,,,,,,,,,,,,,
,,,,,,,,,,,,,,,,,,,,,,,,,,,,,,,,,,,,,,,,,,,,,,,,,,,,,,,,,,,,,,,,,,,,,,,,,,,,,,,,,,,
,,,,,,,,,,,,,,,,,,,,,,,,,,,,,,,,,,,,,,,,,,,,,,,,,,,,,,,,,,,,,,,,,,,,,,,,,,,,,,,,,,,
,,,,,,,,,,,,,,,,,,,,,,,,,,,,,,,,,,,,,,,,,,,,,,,,,,,,,,,,,,,,,,,,,,,,,,,,,,,,,,,,,,,
,,,,,,,,,,,,,,,,,,,,,,,,,,,,,,,,,,,,,,,,,,,,,,,,,,,,,,,,,,,,,,,,,,,,,,,,,,,,,,,,,,,
,,,,,,,,,,,,,,,,,,,,,,,,,,,,,,,,,,,,,,,,,,,,,,,,,,,,,,,,,,,,,,,,,,,,,,,,,,,,,,,,,,,
,,,,,,,,,,,,,,,,,,,,,,,,,,,,,,,,,,,,,,,,,,,,,,,,,,,,,,,,,,,,,,,,,,,,,,,,,,,,,,,,,,,
,,,,,,,,,,,,,,,,,,,,,,,,,,,,,,,,,,,,,,,,,,,,,,,,,,,,,,,,,,,,,,,,,,,,,,,,,,,,,,,,,,,
,,,,,,,,,,,,,,,,,,,,,,,,,,,,,,,,,,,,,,,,,,,,,,,,,,,,,,,,,,,,,,,,,,,,,,,,,,,,,,,,,,,
,,,,,,,,,,,,,,,,,,,,,,,,,,,,,,,,,,,,,,,,,,,,,,,,,,,,,,,,,,,,,,,,,,,,,,,,,,,,,,,,,,,
,,,,,,,,,,,,,,,,,,,,,,,,,,,,,,,,,,,,,,,,,,,,,,,,,,,,,,,,,,,,,,,,,,,,,,,,,,,,,,,,,,,
,,,,,,,,,,,,,,,,,,,,,,,,,,,,,,,,,,,,,,,,,,,,,,,,,,,,,,,,,,,,,,,,,,,,,,,,,,,,,,,,,,,
,,,,,,,,,,,,,,,,,,,,,,,,,,,,,,,,,,,,,,,,,,,,,,,,,,,,,,,,,,,,,,,,,,,,,,,,,,,,,,,,,,,
,,,,,,,,,,,,,,,,,,,,,,,,,,,,,,,,,,,,,,,,,,,,,,,,,,,,,,,,,,,,,,,,,,,,,,,,,,,,,,,,,,,
,,,,,,,,,,,,,,,,,,,,,,,,,,,,,,,,,,,,,,,,,,,,,,,,,,,,,,,,,,,,,,,,,,,,,,,,,,,,,,,,,,,
,,,,,,,,,,,,,,,,,,,,,,,,,,,,,,,,,,,,,,,,,,,,,,,,,,,,,,,,,,,,,,,,,,,,,,,,,,,,,,,,,,,
,,,,,,,,,,,,,,,,,,,,,,,,,,,,,,,,,,,,,,,,,,,,,,,,,,,,,,,,,,,,,,,,,,,,,,,,,,,,,,,,,,,
,,,,,,,,,,,,,,,,,,,,,,,,,,,,,,,,,,,,,,,,,,,,,,,,,,,,,,,,,,,,,,,,,,,,,,,,,,,,,,,,,,,
,,,,,,,,,,,,,,,,,,,,,,,,,,,,,,,,,,,,,,,,,,,,,,,,,,,,,,,,,,,,,,,,,,,,,,,,,,,,,,,,,,,
,,,,,,,,,,,,,,,,,,,,,,,,,,,,,,,,,,,,,,,,,,,,,,,,,,,,,,,,,,,,,,,,,,,,,,,,,,,,,,,,,,,
,,,,,,,,,,,,,,,,,,,,,,,,,,,,,,,,,,,,,,,,,,,,,,,,,,,,,,,,,,,,,,,,,,,,,,,,,,,,,,,,,,,
,,,,,,,,,,,,,,,,,,,,,,,,,,,,,,,,,,,,,,,,,,,,,,,,,,,,,,,,,,,,,,,,,,,,,,,,,,,,,,,,,,,
,,,,,,,,,,,,,,,,,,,,,,,,,,,,,,,,,,,,,,,,,,,,,,,,,,,,,,,,,,,,,,,,,,,,,,,,,,,,,,,,,,,
,,,,,,,,,,,,,,,,,,,,,,,,,,,,,,,,,,,,,,,,,,,,,,,,,,,,,,,,,,,,,,,,,,,,,,,,,,,,,,,,,,,
,,,,,,,,,,,,,,,,,,,,,,,,,,,,,,,,,,,,,,,,,,,,,,,,,,,,,,,,,,,,,,,,,,,,,,,,,,,,,,,,,,,
,,,,,,,,,,,,,,,,,,,,,,,,,,,,,,,,,,,,,,,,,,,,,,,,,,,,,,,,,,,,,,,,,,,,,,,,,,,,,,,,,,,
,,,,,,,,,,,,,,,,,,,,,,,,,,,,,,,,,,,,,,,,,,,,,,,,,,,,,,,,,,,,,,,,,,,,,,,,,,,,,,,,,,,
,,,,,,,,,,,,,,,,,,,,,,,,,,,,,,,,,,,,,,,,,,,,,,,,,,,,,,,,,,,,,,,,,,,,,,,,,,,,,,,,,,,
,,,,,,,,,,,,,,,,,,,,,,,,,,,,,,,,,,,,,,,,,,,,,,,,,,,,,,,,,,,,,,,,,,,,,,,,,,,,,,,,,,,
,,,,,,,,,,,,,,,,,,,,,,,,,,,,,,,,,,,,,,,,,,,,,,,,,,,,,,,,,,,,,,,,,,,,,,,,,,,,,,,,,,,
,,,,,,,,,,,,,,,,,,,,,,,,,,,,,,,,,,,,,,,,,,,,,,,,,,,,,,,,,,,,,,,,,,,,,,,,,,,,,,,,,,,
,,,,,,,,,,,,,,,,,,,,,,,,,,,,,,,,,,,,,,,,,,,,,,,,,,,,,,,,,,,,,,,,,,,,,,,,,,,,,,,,,,,
,,,,,,,,,,,,,,,,,,,,,,,,,,,,,,,,,,,,,,,,,,,,,,,,,,,,,,,,,,,,,,,,,,,,,,,,,,,,,,,,,,,
,,,,,,,,,,,,,,,,,,,,,,,,,,,,,,,,,,,,,,,,,,,,,,,,,,,,,,,,,,,,,,,,,,,,,,,,,,,,,,,,,,,
,,,,,,,,,,,,,,,,,,,,,,,,,,,,,,,,,,,,,,,,,,,,,,,,,,,,,,,,,,,,,,,,,,,,,,,,,,,,,,,,,,,
,,,,,,,,,,,,,,,,,,,,,,,,,,,,,,,,,,,,,,,,,,,,,,,,,,,,,,,,,,,,,,,,,,,,,,,,,,,,,,,,,,,
,,,,,,,,,,,,,,,,,,,,,,,,,,,,,,,,,,,,,,,,,,,,,,,,,,,,,,,,,,,,,,,,,,,,,,,,,,,,,,,,,,,
,,,,,,,,,,,,,,,,,,,,,,,,,,,,,,,,,,,,,,,,,,,,,,,,,,,,,,,,,,,,,,,,,,,,,,,,,,,,,,,,,,,
,,,,,,,,,,,,,,,,,,,,,,,,,,,,,,,,,,,,,,,,,,,,,,,,,,,,,,,,,,,,,,,,,,,,,,,,,,,,,,,,,,,
,,,,,,,,,,,,,,,,,,,,,,,,,,,,,,,,,,,,,,,,,,,,,,,,,,,,,,,,,,,,,,,,,,,,,,,,,,,,,,,,,,,
,,,,,,,,,,,,,,,,,,,,,,,,,,,,,,,,,,,,,,,,,,,,,,,,,,,,,,,,,,,,,,,,,,,,,,,,,,,,,,,,,,,
,,,,,,,,,,,,,,,,,,,,,,,,,,,,,,,,,,,,,,,,,,,,,,,,,,,,,,,,,,,,,,,,,,,,,,,,,,,,,,,,,,,
,,,,,,,,,,,,,,,,,,,,,,,,,,,,,,,,,,,,,,,,,,,,,,,,,,,,,,,,,,,,,,,,,,,,,,,,,,,,,,,,,,,
,,,,,,,,,,,,,,,,,,,,,,,,,,,,,,,,,,,,,,,,,,,,,,,,,,,,,,,,,,,,,,,,,,,,,,,,,,,,,,,,,,,
,,,,,,,,,,,,,,,,,,,,,,,,,,,,,,,,,,,,,,,,,,,,,,,,,,,,,,,,,,,,,,,,,,,,,,,,,,,,,,,,,,,
,,,,,,,,,,,,,,,,,,,,,,,,,,,,,,,,,,,,,,,,,,,,,,,,,,,,,,,,,,,,,,,,,,,,,,,,,,,,,,,,,,,
,,,,,,,,,,,,,,,,,,,,,,,,,,,,,,,,,,,,,,,,,,,,,,,,,,,,,,,,,,,,,,,,,,,,,,,,,,,,,,,,,,,
,,,,,,,,,,,,,,,,,,,,,,,,,,,,,,,,,,,,,,,,,,,,,,,,,,,,,,,,,,,,,,,,,,,,,,,,,,,,,,,,,,,
,,,,,,,,,,,,,,,,,,,,,,,,,,,,,,,,,,,,,,,,,,,,,,,,,,,,,,,,,,,,,,,,,,,,,,,,,,,,,,,,,,,
,,,,,,,,,,,,,,,,,,,,,,,,,,,,,,,,,,,,,,,,,,,,,,,,,,,,,,,,,,,,,,,,,,,,,,,,,,,,,,,,,,,
,,,,,,,,,,,,,,,,,,,,,,,,,,,,,,,,,,,,,,,,,,,,,,,,,,,,,,,,,,,,,,,,,,,,,,,,,,,,,,,,,,,
,,,,,,,,,,,,,,,,,,,,,,,,,,,,,,,,,,,,,,,,,,,,,,,,,,,,,,,,,,,,,,,,,,,,,,,,,,,,,,,,,,,
,,,,,,,,,,,,,,,,,,,,,,,,,,,,,,,,,,,,,,,,,,,,,,,,,,,,,,,,,,,,,,,,,,,,,,,,,,,,,,,,,,,
,,,,,,,,,,,,,,,,,,,,,,,,,,,,,,,,,,,,,,,,,,,,,,,,,,,,,,,,,,,,,,,,,,,,,,,,,,,,,,,,,,,
,,,,,,,,,,,,,,,,,,,,,,,,,,,,,,,,,,,,,,,,,,,,,,,,,,,,,,,,,,,,,,,,,,,,,,,,,,,,,,,,,,,
,,,,,,,,,,,,,,,,,,,,,,,,,,,,,,,,,,,,,,,,,,,,,,,,,,,,,,,,,,,,,,,,,,,,,,,,,,,,,,,,,,,
,,,,,,,,,,,,,,,,,,,,,,,,,,,,,,,,,,,,,,,,,,,,,,,,,,,,,,,,,,,,,,,,,,,,,,,,,,,,,,,,,,,
,,,,,,,,,,,,,,,,,,,,,,,,,,,,,,,,,,,,,,,,,,,,,,,,,,,,,,,,,,,,,,,,,,,,,,,,,,,,,,,,,,,
,,,,,,,,,,,,,,,,,,,,,,,,,,,,,,,,,,,,,,,,,,,,,,,,,,,,,,,,,,,,,,,,,,,,,,,,,,,,,,,,,,,
,,,,,,,,,,,,,,,,,,,,,,,,,,,,,,,,,,,,,,,,,,,,,,,,,,,,,,,,,,,,,,,,,,,,,,,,,,,,,,,,,,,
,,,,,,,,,,,,,,,,,,,,,,,,,,,,,,,,,,,,,,,,,,,,,,,,,,,,,,,,,,,,,,,,,,,,,,,,,,,,,,,,,,,
,,,,,,,,,,,,,,,,,,,,,,,,,,,,,,,,,,,,,,,,,,,,,,,,,,,,,,,,,,,,,,,,,,,,,,,,,,,,,,,,,,,
,,,,,,,,,,,,,,,,,,,,,,,,,,,,,,,,,,,,,,,,,,,,,,,,,,,,,,,,,,,,,,,,,,,,,,,,,,,,,,,,,,,
,,,,,,,,,,,,,,,,,,,,,,,,,,,,,,,,,,,,,,,,,,,,,,,,,,,,,,,,,,,,,,,,,,,,,,,,,,,,,,,,,,,
,,,,,,,,,,,,,,,,,,,,,,,,,,,,,,,,,,,,,,,,,,,,,,,,,,,,,,,,,,,,,,,,,,,,,,,,,,,,,,,,,,,
,,,,,,,,,,,,,,,,,,,,,,,,,,,,,,,,,,,,,,,,,,,,,,,,,,,,,,,,,,,,,,,,,,,,,,,,,,,,,,,,,,,
,,,,,,,,,,,,,,,,,,,,,,,,,,,,,,,,,,,,,,,,,,,,,,,,,,,,,,,,,,,,,,,,,,,,,,,,,,,,,,,,,,,
,,,,,,,,,,,,,,,,,,,,,,,,,,,,,,,,,,,,,,,,,,,,,,,,,,,,,,,,,,,,,,,,,,,,,,,,,,,,,,,,,,,
,,,,,,,,,,,,,,,,,,,,,,,,,,,,,,,,,,,,,,,,,,,,,,,,,,,,,,,,,,,,,,,,,,,,,,,,,,,,,,,,,,,
,,,,,,,,,,,,,,,,,,,,,,,,,,,,,,,,,,,,,,,,,,,,,,,,,,,,,,,,,,,,,,,,,,,,,,,,,,,,,,,,,,,
,,,,,,,,,,,,,,,,,,,,,,,,,,,,,,,,,,,,,,,,,,,,,,,,,,,,,,,,,,,,,,,,,,,,,,,,,,,,,,,,,,,
,,,,,,,,,,,,,,,,,,,,,,,,,,,,,,,,,,,,,,,,,,,,,,,,,,,,,,,,,,,,,,,,,,,,,,,,,,,,,,,,,,,
,,,,,,,,,,,,,,,,,,,,,,,,,,,,,,,,,,,,,,,,,,,,,,,,,,,,,,,,,,,,,,,,,,,,,,,,,,,,,,,,,,,
,,,,,,,,,,,,,,,,,,,,,,,,,,,,,,,,,,,,,,,,,,,,,,,,,,,,,,,,,,,,,,,,,,,,,,,,,,,,,,,,,,,
,,,,,,,,,,,,,,,,,,,,,,,,,,,,,,,,,,,,,,,,,,,,,,,,,,,,,,,,,,,,,,,,,,,,,,,,,,,,,,,,,,,
,,,,,,,,,,,,,,,,,,,,,,,,,,,,,,,,,,,,,,,,,,,,,,,,,,,,,,,,,,,,,,,,,,,,,,,,,,,,,,,,,,,
,,,,,,,,,,,,,,,,,,,,,,,,,,,,,,,,,,,,,,,,,,,,,,,,,,,,,,,,,,,,,,,,,,,,,,,,,,,,,,,,,,,
,,,,,,,,,,,,,,,,,,,,,,,,,,,,,,,,,,,,,,,,,,,,,,,,,,,,,,,,,,,,,,,,,,,,,,,,,,,,,,,,,,,
,,,,,,,,,,,,,,,,,,,,,,,,,,,,,,,,,,,,,,,,,,,,,,,,,,,,,,,,,,,,,,,,,,,,,,,,,,,,,,,,,,,
,,,,,,,,,,,,,,,,,,,,,,,,,,,,,,,,,,,,,,,,,,,,,,,,,,,,,,,,,,,,,,,,,,,,,,,,,,,,,,,,,,,
,,,,,,,,,,,,,,,,,,,,,,,,,,,,,,,,,,,,,,,,,,,,,,,,,,,,,,,,,,,,,,,,,,,,,,,,,,,,,,,,,,,
,,,,,,,,,,,,,,,,,,,,,,,,,,,,,,,,,,,,,,,,,,,,,,,,,,,,,,,,,,,,,,,,,,,,,,,,,,,,,,,,,,,
,,,,,,,,,,,,,,,,,,,,,,,,,,,,,,,,,,,,,,,,,,,,,,,,,,,,,,,,,,,,,,,,,,,,,,,,,,,,,,,,,,,
,,,,,,,,,,,,,,,,,,,,,,,,,,,,,,,,,,,,,,,,,,,,,,,,,,,,,,,,,,,,,,,,,,,,,,,,,,,,,,,,,,,
,,,,,,,,,,,,,,,,,,,,,,,,,,,,,,,,,,,,,,,,,,,,,,,,,,,,,,,,,,,,,,,,,,,,,,,,,,,,,,,,,,,
,,,,,,,,,,,,,,,,,,,,,,,,,,,,,,,,,,,,,,,,,,,,,,,,,,,,,,,,,,,,,,,,,,,,,,,,,,,,,,,,,,,
,,,,,,,,,,,,,,,,,,,,,,,,,,,,,,,,,,,,,,,,,,,,,,,,,,,,,,,,,,,,,,,,,,,,,,,,,,,,,,,,,,,
,,,,,,,,,,,,,,,,,,,,,,,,,,,,,,,,,,,,,,,,,,,,,,,,,,,,,,,,,,,,,,,,,,,,,,,,,,,,,,,,,,,
,,,,,,,,,,,,,,,,,,,,,,,,,,,,,,,,,,,,,,,,,,,,,,,,,,,,,,,,,,,,,,,,,,,,,,,,,,,,,,,,,,,
,,,,,,,,,,,,,,,,,,,,,,,,,,,,,,,,,,,,,,,,,,,,,,,,,,,,,,,,,,,,,,,,,,,,,,,,,,,,,,,,,,,
,,,,,,,,,,,,,,,,,,,,,,,,,,,,,,,,,,,,,,,,,,,,,,,,,,,,,,,,,,,,,,,,,,,,,,,,,,,,,,,,,,,
,,,,,,,,,,,,,,,,,,,,,,,,,,,,,,,,,,,,,,,,,,,,,,,,,,,,,,,,,,,,,,,,,,,,,,,,,,,,,,,,,,,
,,,,,,,,,,,,,,,,,,,,,,,,,,,,,,,,,,,,,,,,,,,,,,,,,,,,,,,,,,,,,,,,,,,,,,,,,,,,,,,,,,,
,,,,,,,,,,,,,,,,,,,,,,,,,,,,,,,,,,,,,,,,,,,,,,,,,,,,,,,,,,,,,,,,,,,,,,,,,,,,,,,,,,,
,,,,,,,,,,,,,,,,,,,,,,,,,,,,,,,,,,,,,,,,,,,,,,,,,,,,,,,,,,,,,,,,,,,,,,,,,,,,,,,,,,,
,,,,,,,,,,,,,,,,,,,,,,,,,,,,,,,,,,,,,,,,,,,,,,,,,,,,,,,,,,,,,,,,,,,,,,,,,,,,,,,,,,,
,,,,,,,,,,,,,,,,,,,,,,,,,,,,,,,,,,,,,,,,,,,,,,,,,,,,,,,,,,,,,,,,,,,,,,,,,,,,,,,,,,,
,,,,,,,,,,,,,,,,,,,,,,,,,,,,,,,,,,,,,,,,,,,,,,,,,,,,,,,,,,,,,,,,,,,,,,,,,,,,,,,,,,,
,,,,,,,,,,,,,,,,,,,,,,,,,,,,,,,,,,,,,,,,,,,,,,,,,,,,,,,,,,,,,,,,,,,,,,,,,,,,,,,,,,,
,,,,,,,,,,,,,,,,,,,,,,,,,,,,,,,,,,,,,,,,,,,,,,,,,,,,,,,,,,,,,,,,,,,,,,,,,,,,,,,,,,,
,,,,,,,,,,,,,,,,,,,,,,,,,,,,,,,,,,,,,,,,,,,,,,,,,,,,,,,,,,,,,,,,,,,,,,,,,,,,,,,,,,,
,,,,,,,,,,,,,,,,,,,,,,,,,,,,,,,,,,,,,,,,,,,,,,,,,,,,,,,,,,,,,,,,,,,,,,,,,,,,,,,,,,,
,,,,,,,,,,,,,,,,,,,,,,,,,,,,,,,,,,,,,,,,,,,,,,,,,,,,,,,,,,,,,,,,,,,,,,,,,,,,,,,,,,,
,,,,,,,,,,,,,,,,,,,,,,,,,,,,,,,,,,,,,,,,,,,,,,,,,,,,,,,,,,,,,,,,,,,,,,,,,,,,,,,,,,,
,,,,,,,,,,,,,,,,,,,,,,,,,,,,,,,,,,,,,,,,,,,,,,,,,,,,,,,,,,,,,,,,,,,,,,,,,,,,,,,,,,,
,,,,,,,,,,,,,,,,,,,,,,,,,,,,,,,,,,,,,,,,,,,,,,,,,,,,,,,,,,,,,,,,,,,,,,,,,,,,,,,,,,,
,,,,,,,,,,,,,,,,,,,,,,,,,,,,,,,,,,,,,,,,,,,,,,,,,,,,,,,,,,,,,,,,,,,,,,,,,,,,,,,,,,,
,,,,,,,,,,,,,,,,,,,,,,,,,,,,,,,,,,,,,,,,,,,,,,,,,,,,,,,,,,,,,,,,,,,,,,,,,,,,,,,,,,,
,,,,,,,,,,,,,,,,,,,,,,,,,,,,,,,,,,,,,,,,,,,,,,,,,,,,,,,,,,,,,,,,,,,,,,,,,,,,,,,,,,,
,,,,,,,,,,,,,,,,,,,,,,,,,,,,,,,,,,,,,,,,,,,,,,,,,,,,,,,,,,,,,,,,,,,,,,,,,,,,,,,,,,,
,,,,,,,,,,,,,,,,,,,,,,,,,,,,,,,,,,,,,,,,,,,,,,,,,,,,,,,,,,,,,,,,,,,,,,,,,,,,,,,,,,,
,,,,,,,,,,,,,,,,,,,,,,,,,,,,,,,,,,,,,,,,,,,,,,,,,,,,,,,,,,,,,,,,,,,,,,,,,,,,,,,,,,,
,,,,,,,,,,,,,,,,,,,,,,,,,,,,,,,,,,,,,,,,,,,,,,,,,,,,,,,,,,,,,,,,,,,,,,,,,,,,,,,,,,,
,,,,,,,,,,,,,,,,,,,,,,,,,,,,,,,,,,,,,,,,,,,,,,,,,,,,,,,,,,,,,,,,,,,,,,,,,,,,,,,,,,,
,,,,,,,,,,,,,,,,,,,,,,,,,,,,,,,,,,,,,,,,,,,,,,,,,,,,,,,,,,,,,,,,,,,,,,,,,,,,,,,,,,,
,,,,,,,,,,,,,,,,,,,,,,,,,,,,,,,,,,,,,,,,,,,,,,,,,,,,,,,,,,,,,,,,,,,,,,,,,,,,,,,,,,,
,,,,,,,,,,,,,,,,,,,,,,,,,,,,,,,,,,,,,,,,,,,,,,,,,,,,,,,,,,,,,,,,,,,,,,,,,,,,,,,,,,,
,,,,,,,,,,,,,,,,,,,,,,,,,,,,,,,,,,,,,,,,,,,,,,,,,,,,,,,,,,,,,,,,,,,,,,,,,,,,,,,,,,,
,,,,,,,,,,,,,,,,,,,,,,,,,,,,,,,,,,,,,,,,,,,,,,,,,,,,,,,,,,,,,,,,,,,,,,,,,,,,,,,,,,,
,,,,,,,,,,,,,,,,,,,,,,,,,,,,,,,,,,,,,,,,,,,,,,,,,,,,,,,,,,,,,,,,,,,,,,,,,,,,,,,,,,,
,,,,,,,,,,,,,,,,,,,,,,,,,,,,,,,,,,,,,,,,,,,,,,,,,,,,,,,,,,,,,,,,,,,,,,,,,,,,,,,,,,,
,,,,,,,,,,,,,,,,,,,,,,,,,,,,,,,,,,,,,,,,,,,,,,,,,,,,,,,,,,,,,,,,,,,,,,,,,,,,,,,,,,,
,,,,,,,,,,,,,,,,,,,,,,,,,,,,,,,,,,,,,,,,,,,,,,,,,,,,,,,,,,,,,,,,,,,,,,,,,,,,,,,,,,,
,,,,,,,,,,,,,,,,,,,,,,,,,,,,,,,,,,,,,,,,,,,,,,,,,,,,,,,,,,,,,,,,,,,,,,,,,,,,,,,,,,,
,,,,,,,,,,,,,,,,,,,,,,,,,,,,,,,,,,,,,,,,,,,,,,,,,,,,,,,,,,,,,,,,,,,,,,,,,,,,,,,,,,,
,,,,,,,,,,,,,,,,,,,,,,,,,,,,,,,,,,,,,,,,,,,,,,,,,,,,,,,,,,,,,,,,,,,,,,,,,,,,,,,,,,,
,,,,,,,,,,,,,,,,,,,,,,,,,,,,,,,,,,,,,,,,,,,,,,,,,,,,,,,,,,,,,,,,,,,,,,,,,,,,,,,,,,,
,,,,,,,,,,,,,,,,,,,,,,,,,,,,,,,,,,,,,,,,,,,,,,,,,,,,,,,,,,,,,,,,,,,,,,,,,,,,,,,,,,,
,,,,,,,,,,,,,,,,,,,,,,,,,,,,,,,,,,,,,,,,,,,,,,,,,,,,,,,,,,,,,,,,,,,,,,,,,,,,,,,,,,,
,,,,,,,,,,,,,,,,,,,,,,,,,,,,,,,,,,,,,,,,,,,,,,,,,,,,,,,,,,,,,,,,,,,,,,,,,,,,,,,,,,,
,,,,,,,,,,,,,,,,,,,,,,,,,,,,,,,,,,,,,,,,,,,,,,,,,,,,,,,,,,,,,,,,,,,,,,,,,,,,,,,,,,,
,,,,,,,,,,,,,,,,,,,,,,,,,,,,,,,,,,,,,,,,,,,,,,,,,,,,,,,,,,,,,,,,,,,,,,,,,,,,,,,,,,,
,,,,,,,,,,,,,,,,,,,,,,,,,,,,,,,,,,,,,,,,,,,,,,,,,,,,,,,,,,,,,,,,,,,,,,,,,,,,,,,,,,,
,,,,,,,,,,,,,,,,,,,,,,,,,,,,,,,,,,,,,,,,,,,,,,,,,,,,,,,,,,,,,,,,,,,,,,,,,,,,,,,,,,,
,,,,,,,,,,,,,,,,,,,,,,,,,,,,,,,,,,,,,,,,,,,,,,,,,,,,,,,,,,,,,,,,,,,,,,,,,,,,,,,,,,,
,,,,,,,,,,,,,,,,,,,,,,,,,,,,,,,,,,,,,,,,,,,,,,,,,,,,,,,,,,,,,,,,,,,,,,,,,,,,,,,,,,,
,,,,,,,,,,,,,,,,,,,,,,,,,,,,,,,,,,,,,,,,,,,,,,,,,,,,,,,,,,,,,,,,,,,,,,,,,,,,,,,,,,,
,,,,,,,,,,,,,,,,,,,,,,,,,,,,,,,,,,,,,,,,,,,,,,,,,,,,,,,,,,,,,,,,,,,,,,,,,,,,,,,,,,,
,,,,,,,,,,,,,,,,,,,,,,,,,,,,,,,,,,,,,,,,,,,,,,,,,,,,,,,,,,,,,,,,,,,,,,,,,,,,,,,,,,,
,,,,,,,,,,,,,,,,,,,,,,,,,,,,,,,,,,,,,,,,,,,,,,,,,,,,,,,,,,,,,,,,,,,,,,,,,,,,,,,,,,,
,,,,,,,,,,,,,,,,,,,,,,,,,,,,,,,,,,,,,,,,,,,,,,,,,,,,,,,,,,,,,,,,,,,,,,,,,,,,,,,,,,,
,,,,,,,,,,,,,,,,,,,,,,,,,,,,,,,,,,,,,,,,,,,,,,,,,,,,,,,,,,,,,,,,,,,,,,,,,,,,,,,,,,,
,,,,,,,,,,,,,,,,,,,,,,,,,,,,,,,,,,,,,,,,,,,,,,,,,,,,,,,,,,,,,,,,,,,,,,,,,,,,,,,,,,,
,,,,,,,,,,,,,,,,,,,,,,,,,,,,,,,,,,,,,,,,,,,,,,,,,,,,,,,,,,,,,,,,,,,,,,,,,,,,,,,,,,,
,,,,,,,,,,,,,,,,,,,,,,,,,,,,,,,,,,,,,,,,,,,,,,,,,,,,,,,,,,,,,,,,,,,,,,,,,,,,,,,,,,,
,,,,,,,,,,,,,,,,,,,,,,,,,,,,,,,,,,,,,,,,,,,,,,,,,,,,,,,,,,,,,,,,,,,,,,,,,,,,,,,,,,,
,,,,,,,,,,,,,,,,,,,,,,,,,,,,,,,,,,,,,,,,,,,,,,,,,,,,,,,,,,,,,,,,,,,,,,,,,,,,,,,,,,,
,,,,,,,,,,,,,,,,,,,,,,,,,,,,,,,,,,,,,,,,,,,,,,,,,,,,,,,,,,,,,,,,,,,,,,,,,,,,,,,,,,,
,,,,,,,,,,,,,,,,,,,,,,,,,,,,,,,,,,,,,,,,,,,,,,,,,,,,,,,,,,,,,,,,,,,,,,,,,,,,,,,,,,,
,,,,,,,,,,,,,,,,,,,,,,,,,,,,,,,,,,,,,,,,,,,,,,,,,,,,,,,,,,,,,,,,,,,,,,,,,,,,,,,,,,,
,,,,,,,,,,,,,,,,,,,,,,,,,,,,,,,,,,,,,,,,,,,,,,,,,,,,,,,,,,,,,,,,,,,,,,,,,,,,,,,,,,,
,,,,,,,,,,,,,,,,,,,,,,,,,,,,,,,,,,,,,,,,,,,,,,,,,,,,,,,,,,,,,,,,,,,,,,,,,,,,,,,,,,,
,,,,,,,,,,,,,,,,,,,,,,,,,,,,,,,,,,,,,,,,,,,,,,,,,,,,,,,,,,,,,,,,,,,,,,,,,,,,,,,,,,,
,,,,,,,,,,,,,,,,,,,,,,,,,,,,,,,,,,,,,,,,,,,,,,,,,,,,,,,,,,,,,,,,,,,,,,,,,,,,,,,,,,,
,,,,,,,,,,,,,,,,,,,,,,,,,,,,,,,,,,,,,,,,,,,,,,,,,,,,,,,,,,,,,,,,,,,,,,,,,,,,,,,,,,,
,,,,,,,,,,,,,,,,,,,,,,,,,,,,,,,,,,,,,,,,,,,,,,,,,,,,,,,,,,,,,,,,,,,,,,,,,,,,,,,,,,,
,,,,,,,,,,,,,,,,,,,,,,,,,,,,,,,,,,,,,,,,,,,,,,,,,,,,,,,,,,,,,,,,,,,,,,,,,,,,,,,,,,,
,,,,,,,,,,,,,,,,,,,,,,,,,,,,,,,,,,,,,,,,,,,,,,,,,,,,,,,,,,,,,,,,,,,,,,,,,,,,,,,,,,,
,,,,,,,,,,,,,,,,,,,,,,,,,,,,,,,,,,,,,,,,,,,,,,,,,,,,,,,,,,,,,,,,,,,,,,,,,,,,,,,,,,,
,,,,,,,,,,,,,,,,,,,,,,,,,,,,,,,,,,,,,,,,,,,,,,,,,,,,,,,,,,,,,,,,,,,,,,,,,,,,,,,,,,,
,,,,,,,,,,,,,,,,,,,,,,,,,,,,,,,,,,,,,,,,,,,,,,,,,,,,,,,,,,,,,,,,,,,,,,,,,,,,,,,,,,,
,,,,,,,,,,,,,,,,,,,,,,,,,,,,,,,,,,,,,,,,,,,,,,,,,,,,,,,,,,,,,,,,,,,,,,,,,,,,,,,,,,,
,,,,,,,,,,,,,,,,,,,,,,,,,,,,,,,,,,,,,,,,,,,,,,,,,,,,,,,,,,,,,,,,,,,,,,,,,,,,,,,,,,,
,,,,,,,,,,,,,,,,,,,,,,,,,,,,,,,,,,,,,,,,,,,,,,,,,,,,,,,,,,,,,,,,,,,,,,,,,,,,,,,,,,,
,,,,,,,,,,,,,,,,,,,,,,,,,,,,,,,,,,,,,,,,,,,,,,,,,,,,,,,,,,,,,,,,,,,,,,,,,,,,,,,,,,,
,,,,,,,,,,,,,,,,,,,,,,,,,,,,,,,,,,,,,,,,,,,,,,,,,,,,,,,,,,,,,,,,,,,,,,,,,,,,,,,,,,,
,,,,,,,,,,,,,,,,,,,,,,,,,,,,,,,,,,,,,,,,,,,,,,,,,,,,,,,,,,,,,,,,,,,,,,,,,,,,,,,,,,,
,,,,,,,,,,,,,,,,,,,,,,,,,,,,,,,,,,,,,,,,,,,,,,,,,,,,,,,,,,,,,,,,,,,,,,,,,,,,,,,,,,,
,,,,,,,,,,,,,,,,,,,,,,,,,,,,,,,,,,,,,,,,,,,,,,,,,,,,,,,,,,,,,,,,,,,,,,,,,,,,,,,,,,,
,,,,,,,,,,,,,,,,,,,,,,,,,,,,,,,,,,,,,,,,,,,,,,,,,,,,,,,,,,,,,,,,,,,,,,,,,,,,,,,,,,,
,,,,,,,,,,,,,,,,,,,,,,,,,,,,,,,,,,,,,,,,,,,,,,,,,,,,,,,,,,,,,,,,,,,,,,,,,,,,,,,,,,,
,,,,,,,,,,,,,,,,,,,,,,,,,,,,,,,,,,,,,,,,,,,,,,,,,,,,,,,,,,,,,,,,,,,,,,,,,,,,,,,,,,,
,,,,,,,,,,,,,,,,,,,,,,,,,,,,,,,,,,,,,,,,,,,,,,,,,,,,,,,,,,,,,,,,,,,,,,,,,,,,,,,,,,,
,,,,,,,,,,,,,,,,,,,,,,,,,,,,,,,,,,,,,,,,,,,,,,,,,,,,,,,,,,,,,,,,,,,,,,,,,,,,,,,,,,,
,,,,,,,,,,,,,,,,,,,,,,,,,,,,,,,,,,,,,,,,,,,,,,,,,,,,,,,,,,,,,,,,,,,,,,,,,,,,,,,,,,,
,,,,,,,,,,,,,,,,,,,,,,,,,,,,,,,,,,,,,,,,,,,,,,,,,,,,,,,,,,,,,,,,,,,,,,,,,,,,,,,,,,,
,,,,,,,,,,,,,,,,,,,,,,,,,,,,,,,,,,,,,,,,,,,,,,,,,,,,,,,,,,,,,,,,,,,,,,,,,,,,,,,,,,,
,,,,,,,,,,,,,,,,,,,,,,,,,,,,,,,,,,,,,,,,,,,,,,,,,,,,,,,,,,,,,,,,,,,,,,,,,,,,,,,,,,,
,,,,,,,,,,,,,,,,,,,,,,,,,,,,,,,,,,,,,,,,,,,,,,,,,,,,,,,,,,,,,,,,,,,,,,,,,,,,,,,,,,,
,,,,,,,,,,,,,,,,,,,,,,,,,,,,,,,,,,,,,,,,,,,,,,,,,,,,,,,,,,,,,,,,,,,,,,,,,,,,,,,,,,,
,,,,,,,,,,,,,,,,,,,,,,,,,,,,,,,,,,,,,,,,,,,,,,,,,,,,,,,,,,,,,,,,,,,,,,,,,,,,,,,,,,,
,,,,,,,,,,,,,,,,,,,,,,,,,,,,,,,,,,,,,,,,,,,,,,,,,,,,,,,,,,,,,,,,,,,,,,,,,,,,,,,,,,,
,,,,,,,,,,,,,,,,,,,,,,,,,,,,,,,,,,,,,,,,,,,,,,,,,,,,,,,,,,,,,,,,,,,,,,,,,,,,,,,,,,,
,,,,,,,,,,,,,,,,,,,,,,,,,,,,,,,,,,,,,,,,,,,,,,,,,,,,,,,,,,,,,,,,,,,,,,,,,,,,,,,,,,,
,,,,,,,,,,,,,,,,,,,,,,,,,,,,,,,,,,,,,,,,,,,,,,,,,,,,,,,,,,,,,,,,,,,,,,,,,,,,,,,,,,,
,,,,,,,,,,,,,,,,,,,,,,,,,,,,,,,,,,,,,,,,,,,,,,,,,,,,,,,,,,,,,,,,,,,,,,,,,,,,,,,,,,,
,,,,,,,,,,,,,,,,,,,,,,,,,,,,,,,,,,,,,,,,,,,,,,,,,,,,,,,,,,,,,,,,,,,,,,,,,,,,,,,,,,,
,,,,,,,,,,,,,,,,,,,,,,,,,,,,,,,,,,,,,,,,,,,,,,,,,,,,,,,,,,,,,,,,,,,,,,,,,,,,,,,,,,,
,,,,,,,,,,,,,,,,,,,,,,,,,,,,,,,,,,,,,,,,,,,,,,,,,,,,,,,,,,,,,,,,,,,,,,,,,,,,,,,,,,,
,,,,,,,,,,,,,,,,,,,,,,,,,,,,,,,,,,,,,,,,,,,,,,,,,,,,,,,,,,,,,,,,,,,,,,,,,,,,,,,,,,,
,,,,,,,,,,,,,,,,,,,,,,,,,,,,,,,,,,,,,,,,,,,,,,,,,,,,,,,,,,,,,,,,,,,,,,,,,,,,,,,,,,,
,,,,,,,,,,,,,,,,,,,,,,,,,,,,,,,,,,,,,,,,,,,,,,,,,,,,,,,,,,,,,,,,,,,,,,,,,,,,,,,,,,,
,,,,,,,,,,,,,,,,,,,,,,,,,,,,,,,,,,,,,,,,,,,,,,,,,,,,,,,,,,,,,,,,,,,,,,,,,,,,,,,,,,,
,,,,,,,,,,,,,,,,,,,,,,,,,,,,,,,,,,,,,,,,,,,,,,,,,,,,,,,,,,,,,,,,,,,,,,,,,,,,,,,,,,,
,,,,,,,,,,,,,,,,,,,,,,,,,,,,,,,,,,,,,,,,,,,,,,,,,,,,,,,,,,,,,,,,,,,,,,,,,,,,,,,,,,,
,,,,,,,,,,,,,,,,,,,,,,,,,,,,,,,,,,,,,,,,,,,,,,,,,,,,,,,,,,,,,,,,,,,,,,,,,,,,,,,,,,,
,,,,,,,,,,,,,,,,,,,,,,,,,,,,,,,,,,,,,,,,,,,,,,,,,,,,,,,,,,,,,,,,,,,,,,,,,,,,,,,,,,,
,,,,,,,,,,,,,,,,,,,,,,,,,,,,,,,,,,,,,,,,,,,,,,,,,,,,,,,,,,,,,,,,,,,,,,,,,,,,,,,,,,,
,,,,,,,,,,,,,,,,,,,,,,,,,,,,,,,,,,,,,,,,,,,,,,,,,,,,,,,,,,,,,,,,,,,,,,,,,,,,,,,,,,,
,,,,,,,,,,,,,,,,,,,,,,,,,,,,,,,,,,,,,,,,,,,,,,,,,,,,,,,,,,,,,,,,,,,,,,,,,,,,,,,,,,,
,,,,,,,,,,,,,,,,,,,,,,,,,,,,,,,,,,,,,,,,,,,,,,,,,,,,,,,,,,,,,,,,,,,,,,,,,,,,,,,,,,,
,,,,,,,,,,,,,,,,,,,,,,,,,,,,,,,,,,,,,,,,,,,,,,,,,,,,,,,,,,,,,,,,,,,,,,,,,,,,,,,,,,,
,,,,,,,,,,,,,,,,,,,,,,,,,,,,,,,,,,,,,,,,,,,,,,,,,,,,,,,,,,,,,,,,,,,,,,,,,,,,,,,,,,,
,,,,,,,,,,,,,,,,,,,,,,,,,,,,,,,,,,,,,,,,,,,,,,,,,,,,,,,,,,,,,,,,,,,,,,,,,,,,,,,,,,,
,,,,,,,,,,,,,,,,,,,,,,,,,,,,,,,,,,,,,,,,,,,,,,,,,,,,,,,,,,,,,,,,,,,,,,,,,,,,,,,,,,,
,,,,,,,,,,,,,,,,,,,,,,,,,,,,,,,,,,,,,,,,,,,,,,,,,,,,,,,,,,,,,,,,,,,,,,,,,,,,,,,,,,,
,,,,,,,,,,,,,,,,,,,,,,,,,,,,,,,,,,,,,,,,,,,,,,,,,,,,,,,,,,,,,,,,,,,,,,,,,,,,,,,,,,,
,,,,,,,,,,,,,,,,,,,,,,,,,,,,,,,,,,,,,,,,,,,,,,,,,,,,,,,,,,,,,,,,,,,,,,,,,,,,,,,,,,,
,,,,,,,,,,,,,,,,,,,,,,,,,,,,,,,,,,,,,,,,,,,,,,,,,,,,,,,,,,,,,,,,,,,,,,,,,,,,,,,,,,,
,,,,,,,,,,,,,,,,,,,,,,,,,,,,,,,,,,,,,,,,,,,,,,,,,,,,,,,,,,,,,,,,,,,,,,,,,,,,,,,,,,,
,,,,,,,,,,,,,,,,,,,,,,,,,,,,,,,,,,,,,,,,,,,,,,,,,,,,,,,,,,,,,,,,,,,,,,,,,,,,,,,,,,,
,,,,,,,,,,,,,,,,,,,,,,,,,,,,,,,,,,,,,,,,,,,,,,,,,,,,,,,,,,,,,,,,,,,,,,,,,,,,,,,,,,,
,,,,,,,,,,,,,,,,,,,,,,,,,,,,,,,,,,,,,,,,,,,,,,,,,,,,,,,,,,,,,,,,,,,,,,,,,,,,,,,,,,,
,,,,,,,,,,,,,,,,,,,,,,,,,,,,,,,,,,,,,,,,,,,,,,,,,,,,,,,,,,,,,,,,,,,,,,,,,,,,,,,,,,,
,,,,,,,,,,,,,,,,,,,,,,,,,,,,,,,,,,,,,,,,,,,,,,,,,,,,,,,,,,,,,,,,,,,,,,,,,,,,,,,,,,,
,,,,,,,,,,,,,,,,,,,,,,,,,,,,,,,,,,,,,,,,,,,,,,,,,,,,,,,,,,,,,,,,,,,,,,,,,,,,,,,,,,,
,,,,,,,,,,,,,,,,,,,,,,,,,,,,,,,,,,,,,,,,,,,,,,,,,,,,,,,,,,,,,,,,,,,,,,,,,,,,,,,,,,,
,,,,,,,,,,,,,,,,,,,,,,,,,,,,,,,,,,,,,,,,,,,,,,,,,,,,,,,,,,,,,,,,,,,,,,,,,,,,,,,,,,,
,,,,,,,,,,,,,,,,,,,,,,,,,,,,,,,,,,,,,,,,,,,,,,,,,,,,,,,,,,,,,,,,,,,,,,,,,,,,,,,,,,,
,,,,,,,,,,,,,,,,,,,,,,,,,,,,,,,,,,,,,,,,,,,,,,,,,,,,,,,,,,,,,,,,,,,,,,,,,,,,,,,,,,,
,,,,,,,,,,,,,,,,,,,,,,,,,,,,,,,,,,,,,,,,,,,,,,,,,,,,,,,,,,,,,,,,,,,,,,,,,,,,,,,,,,,
,,,,,,,,,,,,,,,,,,,,,,,,,,,,,,,,,,,,,,,,,,,,,,,,,,,,,,,,,,,,,,,,,,,,,,,,,,,,,,,,,,,
,,,,,,,,,,,,,,,,,,,,,,,,,,,,,,,,,,,,,,,,,,,,,,,,,,,,,,,,,,,,,,,,,,,,,,,,,,,,,,,,,,,
,,,,,,,,,,,,,,,,,,,,,,,,,,,,,,,,,,,,,,,,,,,,,,,,,,,,,,,,,,,,,,,,,,,,,,,,,,,,,,,,,,,
,,,,,,,,,,,,,,,,,,,,,,,,,,,,,,,,,,,,,,,,,,,,,,,,,,,,,,,,,,,,,,,,,,,,,,,,,,,,,,,,,,,
,,,,,,,,,,,,,,,,,,,,,,,,,,,,,,,,,,,,,,,,,,,,,,,,,,,,,,,,,,,,,,,,,,,,,,,,,,,,,,,,,,,
,,,,,,,,,,,,,,,,,,,,,,,,,,,,,,,,,,,,,,,,,,,,,,,,,,,,,,,,,,,,,,,,,,,,,,,,,,,,,,,,,,,
,,,,,,,,,,,,,,,,,,,,,,,,,,,,,,,,,,,,,,,,,,,,,,,,,,,,,,,,,,,,,,,,,,,,,,,,,,,,,,,,,,,
,,,,,,,,,,,,,,,,,,,,,,,,,,,,,,,,,,,,,,,,,,,,,,,,,,,,,,,,,,,,,,,,,,,,,,,,,,,,,,,,,,,
,,,,,,,,,,,,,,,,,,,,,,,,,,,,,,,,,,,,,,,,,,,,,,,,,,,,,,,,,,,,,,,,,,,,,,,,,,,,,,,,,,,
,,,,,,,,,,,,,,,,,,,,,,,,,,,,,,,,,,,,,,,,,,,,,,,,,,,,,,,,,,,,,,,,,,,,,,,,,,,,,,,,,,,
,,,,,,,,,,,,,,,,,,,,,,,,,,,,,,,,,,,,,,,,,,,,,,,,,,,,,,,,,,,,,,,,,,,,,,,,,,,,,,,,,,,
,,,,,,,,,,,,,,,,,,,,,,,,,,,,,,,,,,,,,,,,,,,,,,,,,,,,,,,,,,,,,,,,,,,,,,,,,,,,,,,,,,,
,,,,,,,,,,,,,,,,,,,,,,,,,,,,,,,,,,,,,,,,,,,,,,,,,,,,,,,,,,,,,,,,,,,,,,,,,,,,,,,,,,,
,,,,,,,,,,,,,,,,,,,,,,,,,,,,,,,,,,,,,,,,,,,,,,,,,,,,,,,,,,,,,,,,,,,,,,,,,,,,,,,,,,,
,,,,,,,,,,,,,,,,,,,,,,,,,,,,,,,,,,,,,,,,,,,,,,,,,,,,,,,,,,,,,,,,,,,,,,,,,,,,,,,,,,,
,,,,,,,,,,,,,,,,,,,,,,,,,,,,,,,,,,,,,,,,,,,,,,,,,,,,,,,,,,,,,,,,,,,,,,,,,,,,,,,,,,,
,,,,,,,,,,,,,,,,,,,,,,,,,,,,,,,,,,,,,,,,,,,,,,,,,,,,,,,,,,,,,,,,,,,,,,,,,,,,,,,,,,,
,,,,,,,,,,,,,,,,,,,,,,,,,,,,,,,,,,,,,,,,,,,,,,,,,,,,,,,,,,,,,,,,,,,,,,,,,,,,,,,,,,,
,,,,,,,,,,,,,,,,,,,,,,,,,,,,,,,,,,,,,,,,,,,,,,,,,,,,,,,,,,,,,,,,,,,,,,,,,,,,,,,,,,,
,,,,,,,,,,,,,,,,,,,,,,,,,,,,,,,,,,,,,,,,,,,,,,,,,,,,,,,,,,,,,,,,,,,,,,,,,,,,,,,,,,,
,,,,,,,,,,,,,,,,,,,,,,,,,,,,,,,,,,,,,,,,,,,,,,,,,,,,,,,,,,,,,,,,,,,,,,,,,,,,,,,,,,,
,,,,,,,,,,,,,,,,,,,,,,,,,,,,,,,,,,,,,,,,,,,,,,,,,,,,,,,,,,,,,,,,,,,,,,,,,,,,,,,,,,,
,,,,,,,,,,,,,,,,,,,,,,,,,,,,,,,,,,,,,,,,,,,,,,,,,,,,,,,,,,,,,,,,,,,,,,,,,,,,,,,,,,,
,,,,,,,,,,,,,,,,,,,,,,,,,,,,,,,,,,,,,,,,,,,,,,,,,,,,,,,,,,,,,,,,,,,,,,,,,,,,,,,,,,,
,,,,,,,,,,,,,,,,,,,,,,,,,,,,,,,,,,,,,,,,,,,,,,,,,,,,,,,,,,,,,,,,,,,,,,,,,,,,,,,,,,,
,,,,,,,,,,,,,,,,,,,,,,,,,,,,,,,,,,,,,,,,,,,,,,,,,,,,,,,,,,,,,,,,,,,,,,,,,,,,,,,,,,,
,,,,,,,,,,,,,,,,,,,,,,,,,,,,,,,,,,,,,,,,,,,,,,,,,,,,,,,,,,,,,,,,,,,,,,,,,,,,,,,,,,,
,,,,,,,,,,,,,,,,,,,,,,,,,,,,,,,,,,,,,,,,,,,,,,,,,,,,,,,,,,,,,,,,,,,,,,,,,,,,,,,,,,,
,,,,,,,,,,,,,,,,,,,,,,,,,,,,,,,,,,,,,,,,,,,,,,,,,,,,,,,,,,,,,,,,,,,,,,,,,,,,,,,,,,,
,,,,,,,,,,,,,,,,,,,,,,,,,,,,,,,,,,,,,,,,,,,,,,,,,,,,,,,,,,,,,,,,,,,,,,,,,,,,,,,,,,,
,,,,,,,,,,,,,,,,,,,,,,,,,,,,,,,,,,,,,,,,,,,,,,,,,,,,,,,,,,,,,,,,,,,,,,,,,,,,,,,,,,,
,,,,,,,,,,,,,,,,,,,,,,,,,,,,,,,,,,,,,,,,,,,,,,,,,,,,,,,,,,,,,,,,,,,,,,,,,,,,,,,,,,,
,,,,,,,,,,,,,,,,,,,,,,,,,,,,,,,,,,,,,,,,,,,,,,,,,,,,,,,,,,,,,,,,,,,,,,,,,,,,,,,,,,,
,,,,,,,,,,,,,,,,,,,,,,,,,,,,,,,,,,,,,,,,,,,,,,,,,,,,,,,,,,,,,,,,,,,,,,,,,,,,,,,,,,,
,,,,,,,,,,,,,,,,,,,,,,,,,,,,,,,,,,,,,,,,,,,,,,,,,,,,,,,,,,,,,,,,,,,,,,,,,,,,,,,,,,,
,,,,,,,,,,,,,,,,,,,,,,,,,,,,,,,,,,,,,,,,,,,,,,,,,,,,,,,,,,,,,,,,,,,,,,,,,,,,,,,,,,,
,,,,,,,,,,,,,,,,,,,,,,,,,,,,,,,,,,,,,,,,,,,,,,,,,,,,,,,,,,,,,,,,,,,,,,,,,,,,,,,,,,,
,,,,,,,,,,,,,,,,,,,,,,,,,,,,,,,,,,,,,,,,,,,,,,,,,,,,,,,,,,,,,,,,,,,,,,,,,,,,,,,,,,,
,,,,,,,,,,,,,,,,,,,,,,,,,,,,,,,,,,,,,,,,,,,,,,,,,,,,,,,,,,,,,,,,,,,,,,,,,,,,,,,,,,,
,,,,,,,,,,,,,,,,,,,,,,,,,,,,,,,,,,,,,,,,,,,,,,,,,,,,,,,,,,,,,,,,,,,,,,,,,,,,,,,,,,,
,,,,,,,,,,,,,,,,,,,,,,,,,,,,,,,,,,,,,,,,,,,,,,,,,,,,,,,,,,,,,,,,,,,,,,,,,,,,,,,,,,,
,,,,,,,,,,,,,,,,,,,,,,,,,,,,,,,,,,,,,,,,,,,,,,,,,,,,,,,,,,,,,,,,,,,,,,,,,,,,,,,,,,,
,,,,,,,,,,,,,,,,,,,,,,,,,,,,,,,,,,,,,,,,,,,,,,,,,,,,,,,,,,,,,,,,,,,,,,,,,,,,,,,,,,,
,,,,,,,,,,,,,,,,,,,,,,,,,,,,,,,,,,,,,,,,,,,,,,,,,,,,,,,,,,,,,,,,,,,,,,,,,,,,,,,,,,,
,,,,,,,,,,,,,,,,,,,,,,,,,,,,,,,,,,,,,,,,,,,,,,,,,,,,,,,,,,,,,,,,,,,,,,,,,,,,,,,,,,,
,,,,,,,,,,,,,,,,,,,,,,,,,,,,,,,,,,,,,,,,,,,,,,,,,,,,,,,,,,,,,,,,,,,,,,,,,,,,,,,,,,,
,,,,,,,,,,,,,,,,,,,,,,,,,,,,,,,,,,,,,,,,,,,,,,,,,,,,,,,,,,,,,,,,,,,,,,,,,,,,,,,,,,,
,,,,,,,,,,,,,,,,,,,,,,,,,,,,,,,,,,,,,,,,,,,,,,,,,,,,,,,,,,,,,,,,,,,,,,,,,,,,,,,,,,,
,,,,,,,,,,,,,,,,,,,,,,,,,,,,,,,,,,,,,,,,,,,,,,,,,,,,,,,,,,,,,,,,,,,,,,,,,,,,,,,,,,,
,,,,,,,,,,,,,,,,,,,,,,,,,,,,,,,,,,,,,,,,,,,,,,,,,,,,,,,,,,,,,,,,,,,,,,,,,,,,,,,,,,,
,,,,,,,,,,,,,,,,,,,,,,,,,,,,,,,,,,,,,,,,,,,,,,,,,,,,,,,,,,,,,,,,,,,,,,,,,,,,,,,,,,,
,,,,,,,,,,,,,,,,,,,,,,,,,,,,,,,,,,,,,,,,,,,,,,,,,,,,,,,,,,,,,,,,,,,,,,,,,,,,,,,,,,,
,,,,,,,,,,,,,,,,,,,,,,,,,,,,,,,,,,,,,,,,,,,,,,,,,,,,,,,,,,,,,,,,,,,,,,,,,,,,,,,,,,,
,,,,,,,,,,,,,,,,,,,,,,,,,,,,,,,,,,,,,,,,,,,,,,,,,,,,,,,,,,,,,,,,,,,,,,,,,,,,,,,,,,,
,,,,,,,,,,,,,,,,,,,,,,,,,,,,,,,,,,,,,,,,,,,,,,,,,,,,,,,,,,,,,,,,,,,,,,,,,,,,,,,,,,,
,,,,,,,,,,,,,,,,,,,,,,,,,,,,,,,,,,,,,,,,,,,,,,,,,,,,,,,,,,,,,,,,,,,,,,,,,,,,,,,,,,,
,,,,,,,,,,,,,,,,,,,,,,,,,,,,,,,,,,,,,,,,,,,,,,,,,,,,,,,,,,,,,,,,,,,,,,,,,,,,,,,,,,,
,,,,,,,,,,,,,,,,,,,,,,,,,,,,,,,,,,,,,,,,,,,,,,,,,,,,,,,,,,,,,,,,,,,,,,,,,,,,,,,,,,,
,,,,,,,,,,,,,,,,,,,,,,,,,,,,,,,,,,,,,,,,,,,,,,,,,,,,,,,,,,,,,,,,,,,,,,,,,,,,,,,,,,,
,,,,,,,,,,,,,,,,,,,,,,,,,,,,,,,,,,,,,,,,,,,,,,,,,,,,,,,,,,,,,,,,,,,,,,,,,,,,,,,,,,,
,,,,,,,,,,,,,,,,,,,,,,,,,,,,,,,,,,,,,,,,,,,,,,,,,,,,,,,,,,,,,,,,,,,,,,,,,,,,,,,,,,,
,,,,,,,,,,,,,,,,,,,,,,,,,,,,,,,,,,,,,,,,,,,,,,,,,,,,,,,,,,,,,,,,,,,,,,,,,,,,,,,,,,,
,,,,,,,,,,,,,,,,,,,,,,,,,,,,,,,,,,,,,,,,,,,,,,,,,,,,,,,,,,,,,,,,,,,,,,,,,,,,,,,,,,,
,,,,,,,,,,,,,,,,,,,,,,,,,,,,,,,,,,,,,,,,,,,,,,,,,,,,,,,,,,,,,,,,,,,,,,,,,,,,,,,,,,,
,,,,,,,,,,,,,,,,,,,,,,,,,,,,,,,,,,,,,,,,,,,,,,,,,,,,,,,,,,,,,,,,,,,,,,,,,,,,,,,,,,,
,,,,,,,,,,,,,,,,,,,,,,,,,,,,,,,,,,,,,,,,,,,,,,,,,,,,,,,,,,,,,,,,,,,,,,,,,,,,,,,,,,,
,,,,,,,,,,,,,,,,,,,,,,,,,,,,,,,,,,,,,,,,,,,,,,,,,,,,,,,,,,,,,,,,,,,,,,,,,,,,,,,,,,,
,,,,,,,,,,,,,,,,,,,,,,,,,,,,,,,,,,,,,,,,,,,,,,,,,,,,,,,,,,,,,,,,,,,,,,,,,,,,,,,,,,,
,,,,,,,,,,,,,,,,,,,,,,,,,,,,,,,,,,,,,,,,,,,,,,,,,,,,,,,,,,,,,,,,,,,,,,,,,,,,,,,,,,,
,,,,,,,,,,,,,,,,,,,,,,,,,,,,,,,,,,,,,,,,,,,,,,,,,,,,,,,,,,,,,,,,,,,,,,,,,,,,,,,,,,,
,,,,,,,,,,,,,,,,,,,,,,,,,,,,,,,,,,,,,,,,,,,,,,,,,,,,,,,,,,,,,,,,,,,,,,,,,,,,,,,,,,,
,,,,,,,,,,,,,,,,,,,,,,,,,,,,,,,,,,,,,,,,,,,,,,,,,,,,,,,,,,,,,,,,,,,,,,,,,,,,,,,,,,,
,,,,,,,,,,,,,,,,,,,,,,,,,,,,,,,,,,,,,,,,,,,,,,,,,,,,,,,,,,,,,,,,,,,,,,,,,,,,,,,,,,,
,,,,,,,,,,,,,,,,,,,,,,,,,,,,,,,,,,,,,,,,,,,,,,,,,,,,,,,,,,,,,,,,,,,,,,,,,,,,,,,,,,,
,,,,,,,,,,,,,,,,,,,,,,,,,,,,,,,,,,,,,,,,,,,,,,,,,,,,,,,,,,,,,,,,,,,,,,,,,,,,,,,,,,,
,,,,,,,,,,,,,,,,,,,,,,,,,,,,,,,,,,,,,,,,,,,,,,,,,,,,,,,,,,,,,,,,,,,,,,,,,,,,,,,,,,,
,,,,,,,,,,,,,,,,,,,,,,,,,,,,,,,,,,,,,,,,,,,,,,,,,,,,,,,,,,,,,,,,,,,,,,,,,,,,,,,,,,,
,,,,,,,,,,,,,,,,,,,,,,,,,,,,,,,,,,,,,,,,,,,,,,,,,,,,,,,,,,,,,,,,,,,,,,,,,,,,,,,,,,,
,,,,,,,,,,,,,,,,,,,,,,,,,,,,,,,,,,,,,,,,,,,,,,,,,,,,,,,,,,,,,,,,,,,,,,,,,,,,,,,,,,,
,,,,,,,,,,,,,,,,,,,,,,,,,,,,,,,,,,,,,,,,,,,,,,,,,,,,,,,,,,,,,,,,,,,,,,,,,,,,,,,,,,,
,,,,,,,,,,,,,,,,,,,,,,,,,,,,,,,,,,,,,,,,,,,,,,,,,,,,,,,,,,,,,,,,,,,,,,,,,,,,,,,,,,,
,,,,,,,,,,,,,,,,,,,,,,,,,,,,,,,,,,,,,,,,,,,,,,,,,,,,,,,,,,,,,,,,,,,,,,,,,,,,,,,,,,,
,,,,,,,,,,,,,,,,,,,,,,,,,,,,,,,,,,,,,,,,,,,,,,,,,,,,,,,,,,,,,,,,,,,,,,,,,,,,,,,,,,,
,,,,,,,,,,,,,,,,,,,,,,,,,,,,,,,,,,,,,,,,,,,,,,,,,,,,,,,,,,,,,,,,,,,,,,,,,,,,,,,,,,,
,,,,,,,,,,,,,,,,,,,,,,,,,,,,,,,,,,,,,,,,,,,,,,,,,,,,,,,,,,,,,,,,,,,,,,,,,,,,,,,,,,,
,,,,,,,,,,,,,,,,,,,,,,,,,,,,,,,,,,,,,,,,,,,,,,,,,,,,,,,,,,,,,,,,,,,,,,,,,,,,,,,,,,,
,,,,,,,,,,,,,,,,,,,,,,,,,,,,,,,,,,,,,,,,,,,,,,,,,,,,,,,,,,,,,,,,,,,,,,,,,,,,,,,,,,,
,,,,,,,,,,,,,,,,,,,,,,,,,,,,,,,,,,,,,,,,,,,,,,,,,,,,,,,,,,,,,,,,,,,,,,,,,,,,,,,,,,,
,,,,,,,,,,,,,,,,,,,,,,,,,,,,,,,,,,,,,,,,,,,,,,,,,,,,,,,,,,,,,,,,,,,,,,,,,,,,,,,,,,,
,,,,,,,,,,,,,,,,,,,,,,,,,,,,,,,,,,,,,,,,,,,,,,,,,,,,,,,,,,,,,,,,,,,,,,,,,,,,,,,,,,,
,,,,,,,,,,,,,,,,,,,,,,,,,,,,,,,,,,,,,,,,,,,,,,,,,,,,,,,,,,,,,,,,,,,,,,,,,,,,,,,,,,,
,,,,,,,,,,,,,,,,,,,,,,,,,,,,,,,,,,,,,,,,,,,,,,,,,,,,,,,,,,,,,,,,,,,,,,,,,,,,,,,,,,,
,,,,,,,,,,,,,,,,,,,,,,,,,,,,,,,,,,,,,,,,,,,,,,,,,,,,,,,,,,,,,,,,,,,,,,,,,,,,,,,,,,,
,,,,,,,,,,,,,,,,,,,,,,,,,,,,,,,,,,,,,,,,,,,,,,,,,,,,,,,,,,,,,,,,,,,,,,,,,,,,,,,,,,,
,,,,,,,,,,,,,,,,,,,,,,,,,,,,,,,,,,,,,,,,,,,,,,,,,,,,,,,,,,,,,,,,,,,,,,,,,,,,,,,,,,,
,,,,,,,,,,,,,,,,,,,,,,,,,,,,,,,,,,,,,,,,,,,,,,,,,,,,,,,,,,,,,,,,,,,,,,,,,,,,,,,,,,,
,,,,,,,,,,,,,,,,,,,,,,,,,,,,,,,,,,,,,,,,,,,,,,,,,,,,,,,,,,,,,,,,,,,,,,,,,,,,,,,,,,,
,,,,,,,,,,,,,,,,,,,,,,,,,,,,,,,,,,,,,,,,,,,,,,,,,,,,,,,,,,,,,,,,,,,,,,,,,,,,,,,,,,,
,,,,,,,,,,,,,,,,,,,,,,,,,,,,,,,,,,,,,,,,,,,,,,,,,,,,,,,,,,,,,,,,,,,,,,,,,,,,,,,,,,,
,,,,,,,,,,,,,,,,,,,,,,,,,,,,,,,,,,,,,,,,,,,,,,,,,,,,,,,,,,,,,,,,,,,,,,,,,,,,,,,,,,,
,,,,,,,,,,,,,,,,,,,,,,,,,,,,,,,,,,,,,,,,,,,,,,,,,,,,,,,,,,,,,,,,,,,,,,,,,,,,,,,,,,,
,,,,,,,,,,,,,,,,,,,,,,,,,,,,,,,,,,,,,,,,,,,,,,,,,,,,,,,,,,,,,,,,,,,,,,,,,,,,,,,,,,,
,,,,,,,,,,,,,,,,,,,,,,,,,,,,,,,,,,,,,,,,,,,,,,,,,,,,,,,,,,,,,,,,,,,,,,,,,,,,,,,,,,,
,,,,,,,,,,,,,,,,,,,,,,,,,,,,,,,,,,,,,,,,,,,,,,,,,,,,,,,,,,,,,,,,,,,,,,,,,,,,,,,,,,,
,,,,,,,,,,,,,,,,,,,,,,,,,,,,,,,,,,,,,,,,,,,,,,,,,,,,,,,,,,,,,,,,,,,,,,,,,,,,,,,,,,,
,,,,,,,,,,,,,,,,,,,,,,,,,,,,,,,,,,,,,,,,,,,,,,,,,,,,,,,,,,,,,,,,,,,,,,,,,,,,,,,,,,,
,,,,,,,,,,,,,,,,,,,,,,,,,,,,,,,,,,,,,,,,,,,,,,,,,,,,,,,,,,,,,,,,,,,,,,,,,,,,,,,,,,,
,,,,,,,,,,,,,,,,,,,,,,,,,,,,,,,,,,,,,,,,,,,,,,,,,,,,,,,,,,,,,,,,,,,,,,,,,,,,,,,,,,,
,,,,,,,,,,,,,,,,,,,,,,,,,,,,,,,,,,,,,,,,,,,,,,,,,,,,,,,,,,,,,,,,,,,,,,,,,,,,,,,,,,,
,,,,,,,,,,,,,,,,,,,,,,,,,,,,,,,,,,,,,,,,,,,,,,,,,,,,,,,,,,,,,,,,,,,,,,,,,,,,,,,,,,,
,,,,,,,,,,,,,,,,,,,,,,,,,,,,,,,,,,,,,,,,,,,,,,,,,,,,,,,,,,,,,,,,,,,,,,,,,,,,,,,,,,,
,,,,,,,,,,,,,,,,,,,,,,,,,,,,,,,,,,,,,,,,,,,,,,,,,,,,,,,,,,,,,,,,,,,,,,,,,,,,,,,,,,,
,,,,,,,,,,,,,,,,,,,,,,,,,,,,,,,,,,,,,,,,,,,,,,,,,,,,,,,,,,,,,,,,,,,,,,,,,,,,,,,,,,,
,,,,,,,,,,,,,,,,,,,,,,,,,,,,,,,,,,,,,,,,,,,,,,,,,,,,,,,,,,,,,,,,,,,,,,,,,,,,,,,,,,,
,,,,,,,,,,,,,,,,,,,,,,,,,,,,,,,,,,,,,,,,,,,,,,,,,,,,,,,,,,,,,,,,,,,,,,,,,,,,,,,,,,,
,,,,,,,,,,,,,,,,,,,,,,,,,,,,,,,,,,,,,,,,,,,,,,,,,,,,,,,,,,,,,,,,,,,,,,,,,,,,,,,,,,,
,,,,,,,,,,,,,,,,,,,,,,,,,,,,,,,,,,,,,,,,,,,,,,,,,,,,,,,,,,,,,,,,,,,,,,,,,,,,,,,,,,,
,,,,,,,,,,,,,,,,,,,,,,,,,,,,,,,,,,,,,,,,,,,,,,,,,,,,,,,,,,,,,,,,,,,,,,,,,,,,,,,,,,,
,,,,,,,,,,,,,,,,,,,,,,,,,,,,,,,,,,,,,,,,,,,,,,,,,,,,,,,,,,,,,,,,,,,,,,,,,,,,,,,,,,,
,,,,,,,,,,,,,,,,,,,,,,,,,,,,,,,,,,,,,,,,,,,,,,,,,,,,,,,,,,,,,,,,,,,,,,,,,,,,,,,,,,,
,,,,,,,,,,,,,,,,,,,,,,,,,,,,,,,,,,,,,,,,,,,,,,,,,,,,,,,,,,,,,,,,,,,,,,,,,,,,,,,,,,,
,,,,,,,,,,,,,,,,,,,,,,,,,,,,,,,,,,,,,,,,,,,,,,,,,,,,,,,,,,,,,,,,,,,,,,,,,,,,,,,,,,,
,,,,,,,,,,,,,,,,,,,,,,,,,,,,,,,,,,,,,,,,,,,,,,,,,,,,,,,,,,,,,,,,,,,,,,,,,,,,,,,,,,,
,,,,,,,,,,,,,,,,,,,,,,,,,,,,,,,,,,,,,,,,,,,,,,,,,,,,,,,,,,,,,,,,,,,,,,,,,,,,,,,,,,,
,,,,,,,,,,,,,,,,,,,,,,,,,,,,,,,,,,,,,,,,,,,,,,,,,,,,,,,,,,,,,,,,,,,,,,,,,,,,,,,,,,,
,,,,,,,,,,,,,,,,,,,,,,,,,,,,,,,,,,,,,,,,,,,,,,,,,,,,,,,,,,,,,,,,,,,,,,,,,,,,,,,,,,,
,,,,,,,,,,,,,,,,,,,,,,,,,,,,,,,,,,,,,,,,,,,,,,,,,,,,,,,,,,,,,,,,,,,,,,,,,,,,,,,,,,,
,,,,,,,,,,,,,,,,,,,,,,,,,,,,,,,,,,,,,,,,,,,,,,,,,,,,,,,,,,,,,,,,,,,,,,,,,,,,,,,,,,,
,,,,,,,,,,,,,,,,,,,,,,,,,,,,,,,,,,,,,,,,,,,,,,,,,,,,,,,,,,,,,,,,,,,,,,,,,,,,,,,,,,,
,,,,,,,,,,,,,,,,,,,,,,,,,,,,,,,,,,,,,,,,,,,,,,,,,,,,,,,,,,,,,,,,,,,,,,,,,,,,,,,,,,,
,,,,,,,,,,,,,,,,,,,,,,,,,,,,,,,,,,,,,,,,,,,,,,,,,,,,,,,,,,,,,,,,,,,,,,,,,,,,,,,,,,,
,,,,,,,,,,,,,,,,,,,,,,,,,,,,,,,,,,,,,,,,,,,,,,,,,,,,,,,,,,,,,,,,,,,,,,,,,,,,,,,,,,,
,,,,,,,,,,,,,,,,,,,,,,,,,,,,,,,,,,,,,,,,,,,,,,,,,,,,,,,,,,,,,,,,,,,,,,,,,,,,,,,,,,,
,,,,,,,,,,,,,,,,,,,,,,,,,,,,,,,,,,,,,,,,,,,,,,,,,,,,,,,,,,,,,,,,,,,,,,,,,,,,,,,,,,,
,,,,,,,,,,,,,,,,,,,,,,,,,,,,,,,,,,,,,,,,,,,,,,,,,,,,,,,,,,,,,,,,,,,,,,,,,,,,,,,,,,,
,,,,,,,,,,,,,,,,,,,,,,,,,,,,,,,,,,,,,,,,,,,,,,,,,,,,,,,,,,,,,,,,,,,,,,,,,,,,,,,,,,,
,,,,,,,,,,,,,,,,,,,,,,,,,,,,,,,,,,,,,,,,,,,,,,,,,,,,,,,,,,,,,,,,,,,,,,,,,,,,,,,,,,,
,,,,,,,,,,,,,,,,,,,,,,,,,,,,,,,,,,,,,,,,,,,,,,,,,,,,,,,,,,,,,,,,,,,,,,,,,,,,,,,,,,,
,,,,,,,,,,,,,,,,,,,,,,,,,,,,,,,,,,,,,,,,,,,,,,,,,,,,,,,,,,,,,,,,,,,,,,,,,,,,,,,,,,,
,,,,,,,,,,,,,,,,,,,,,,,,,,,,,,,,,,,,,,,,,,,,,,,,,,,,,,,,,,,,,,,,,,,,,,,,,,,,,,,,,,,
,,,,,,,,,,,,,,,,,,,,,,,,,,,,,,,,,,,,,,,,,,,,,,,,,,,,,,,,,,,,,,,,,,,,,,,,,,,,,,,,,,,
,,,,,,,,,,,,,,,,,,,,,,,,,,,,,,,,,,,,,,,,,,,,,,,,,,,,,,,,,,,,,,,,,,,,,,,,,,,,,,,,,,,
,,,,,,,,,,,,,,,,,,,,,,,,,,,,,,,,,,,,,,,,,,,,,,,,,,,,,,,,,,,,,,,,,,,,,,,,,,,,,,,,,,,
,,,,,,,,,,,,,,,,,,,,,,,,,,,,,,,,,,,,,,,,,,,,,,,,,,,,,,,,,,,,,,,,,,,,,,,,,,,,,,,,,,,
,,,,,,,,,,,,,,,,,,,,,,,,,,,,,,,,,,,,,,,,,,,,,,,,,,,,,,,,,,,,,,,,,,,,,,,,,,,,,,,,,,,
,,,,,,,,,,,,,,,,,,,,,,,,,,,,,,,,,,,,,,,,,,,,,,,,,,,,,,,,,,,,,,,,,,,,,,,,,,,,,,,,,,,
,,,,,,,,,,,,,,,,,,,,,,,,,,,,,,,,,,,,,,,,,,,,,,,,,,,,,,,,,,,,,,,,,,,,,,,,,,,,,,,,,,,
,,,,,,,,,,,,,,,,,,,,,,,,,,,,,,,,,,,,,,,,,,,,,,,,,,,,,,,,,,,,,,,,,,,,,,,,,,,,,,,,,,,
,,,,,,,,,,,,,,,,,,,,,,,,,,,,,,,,,,,,,,,,,,,,,,,,,,,,,,,,,,,,,,,,,,,,,,,,,,,,,,,,,,,
,,,,,,,,,,,,,,,,,,,,,,,,,,,,,,,,,,,,,,,,,,,,,,,,,,,,,,,,,,,,,,,,,,,,,,,,,,,,,,,,,,,
,,,,,,,,,,,,,,,,,,,,,,,,,,,,,,,,,,,,,,,,,,,,,,,,,,,,,,,,,,,,,,,,,,,,,,,,,,,,,,,,,,,
,,,,,,,,,,,,,,,,,,,,,,,,,,,,,,,,,,,,,,,,,,,,,,,,,,,,,,,,,,,,,,,,,,,,,,,,,,,,,,,,,,,
,,,,,,,,,,,,,,,,,,,,,,,,,,,,,,,,,,,,,,,,,,,,,,,,,,,,,,,,,,,,,,,,,,,,,,,,,,,,,,,,,,,
,,,,,,,,,,,,,,,,,,,,,,,,,,,,,,,,,,,,,,,,,,,,,,,,,,,,,,,,,,,,,,,,,,,,,,,,,,,,,,,,,,,
,,,,,,,,,,,,,,,,,,,,,,,,,,,,,,,,,,,,,,,,,,,,,,,,,,,,,,,,,,,,,,,,,,,,,,,,,,,,,,,,,,,
,,,,,,,,,,,,,,,,,,,,,,,,,,,,,,,,,,,,,,,,,,,,,,,,,,,,,,,,,,,,,,,,,,,,,,,,,,,,,,,,,,,
,,,,,,,,,,,,,,,,,,,,,,,,,,,,,,,,,,,,,,,,,,,,,,,,,,,,,,,,,,,,,,,,,,,,,,,,,,,,,,,,,,,
,,,,,,,,,,,,,,,,,,,,,,,,,,,,,,,,,,,,,,,,,,,,,,,,,,,,,,,,,,,,,,,,,,,,,,,,,,,,,,,,,,,
,,,,,,,,,,,,,,,,,,,,,,,,,,,,,,,,,,,,,,,,,,,,,,,,,,,,,,,,,,,,,,,,,,,,,,,,,,,,,,,,,,,
,,,,,,,,,,,,,,,,,,,,,,,,,,,,,,,,,,,,,,,,,,,,,,,,,,,,,,,,,,,,,,,,,,,,,,,,,,,,,,,,,,,
,,,,,,,,,,,,,,,,,,,,,,,,,,,,,,,,,,,,,,,,,,,,,,,,,,,,,,,,,,,,,,,,,,,,,,,,,,,,,,,,,,,
,,,,,,,,,,,,,,,,,,,,,,,,,,,,,,,,,,,,,,,,,,,,,,,,,,,,,,,,,,,,,,,,,,,,,,,,,,,,,,,,,,,
,,,,,,,,,,,,,,,,,,,,,,,,,,,,,,,,,,,,,,,,,,,,,,,,,,,,,,,,,,,,,,,,,,,,,,,,,,,,,,,,,,,
,,,,,,,,,,,,,,,,,,,,,,,,,,,,,,,,,,,,,,,,,,,,,,,,,,,,,,,,,,,,,,,,,,,,,,,,,,,,,,,,,,,
,,,,,,,,,,,,,,,,,,,,,,,,,,,,,,,,,,,,,,,,,,,,,,,,,,,,,,,,,,,,,,,,,,,,,,,,,,,,,,,,,,,
,,,,,,,,,,,,,,,,,,,,,,,,,,,,,,,,,,,,,,,,,,,,,,,,,,,,,,,,,,,,,,,,,,,,,,,,,,,,,,,,,,,
,,,,,,,,,,,,,,,,,,,,,,,,,,,,,,,,,,,,,,,,,,,,,,,,,,,,,,,,,,,,,,,,,,,,,,,,,,,,,,,,,,,
,,,,,,,,,,,,,,,,,,,,,,,,,,,,,,,,,,,,,,,,,,,,,,,,,,,,,,,,,,,,,,,,,,,,,,,,,,,,,,,,,,,
,,,,,,,,,,,,,,,,,,,,,,,,,,,,,,,,,,,,,,,,,,,,,,,,,,,,,,,,,,,,,,,,,,,,,,,,,,,,,,,,,,,
,,,,,,,,,,,,,,,,,,,,,,,,,,,,,,,,,,,,,,,,,,,,,,,,,,,,,,,,,,,,,,,,,,,,,,,,,,,,,,,,,,,
,,,,,,,,,,,,,,,,,,,,,,,,,,,,,,,,,,,,,,,,,,,,,,,,,,,,,,,,,,,,,,,,,,,,,,,,,,,,,,,,,,,
,,,,,,,,,,,,,,,,,,,,,,,,,,,,,,,,,,,,,,,,,,,,,,,,,,,,,,,,,,,,,,,,,,,,,,,,,,,,,,,,,,,
,,,,,,,,,,,,,,,,,,,,,,,,,,,,,,,,,,,,,,,,,,,,,,,,,,,,,,,,,,,,,,,,,,,,,,,,,,,,,,,,,,,
,,,,,,,,,,,,,,,,,,,,,,,,,,,,,,,,,,,,,,,,,,,,,,,,,,,,,,,,,,,,,,,,,,,,,,,,,,,,,,,,,,,
,,,,,,,,,,,,,,,,,,,,,,,,,,,,,,,,,,,,,,,,,,,,,,,,,,,,,,,,,,,,,,,,,,,,,,,,,,,,,,,,,,,
,,,,,,,,,,,,,,,,,,,,,,,,,,,,,,,,,,,,,,,,,,,,,,,,,,,,,,,,,,,,,,,,,,,,,,,,,,,,,,,,,,,
,,,,,,,,,,,,,,,,,,,,,,,,,,,,,,,,,,,,,,,,,,,,,,,,,,,,,,,,,,,,,,,,,,,,,,,,,,,,,,,,,,,
,,,,,,,,,,,,,,,,,,,,,,,,,,,,,,,,,,,,,,,,,,,,,,,,,,,,,,,,,,,,,,,,,,,,,,,,,,,,,,,,,,,
,,,,,,,,,,,,,,,,,,,,,,,,,,,,,,,,,,,,,,,,,,,,,,,,,,,,,,,,,,,,,,,,,,,,,,,,,,,,,,,,,,,
,,,,,,,,,,,,,,,,,,,,,,,,,,,,,,,,,,,,,,,,,,,,,,,,,,,,,,,,,,,,,,,,,,,,,,,,,,,,,,,,,,,
,,,,,,,,,,,,,,,,,,,,,,,,,,,,,,,,,,,,,,,,,,,,,,,,,,,,,,,,,,,,,,,,,,,,,,,,,,,,,,,,,,,
,,,,,,,,,,,,,,,,,,,,,,,,,,,,,,,,,,,,,,,,,,,,,,,,,,,,,,,,,,,,,,,,,,,,,,,,,,,,,,,,,,,
,,,,,,,,,,,,,,,,,,,,,,,,,,,,,,,,,,,,,,,,,,,,,,,,,,,,,,,,,,,,,,,,,,,,,,,,,,,,,,,,,,,
,,,,,,,,,,,,,,,,,,,,,,,,,,,,,,,,,,,,,,,,,,,,,,,,,,,,,,,,,,,,,,,,,,,,,,,,,,,,,,,,,,,
,,,,,,,,,,,,,,,,,,,,,,,,,,,,,,,,,,,,,,,,,,,,,,,,,,,,,,,,,,,,,,,,,,,,,,,,,,,,,,,,,,,
,,,,,,,,,,,,,,,,,,,,,,,,,,,,,,,,,,,,,,,,,,,,,,,,,,,,,,,,,,,,,,,,,,,,,,,,,,,,,,,,,,,
,,,,,,,,,,,,,,,,,,,,,,,,,,,,,,,,,,,,,,,,,,,,,,,,,,,,,,,,,,,,,,,,,,,,,,,,,,,,,,,,,,,
,,,,,,,,,,,,,,,,,,,,,,,,,,,,,,,,,,,,,,,,,,,,,,,,,,,,,,,,,,,,,,,,,,,,,,,,,,,,,,,,,,,
,,,,,,,,,,,,,,,,,,,,,,,,,,,,,,,,,,,,,,,,,,,,,,,,,,,,,,,,,,,,,,,,,,,,,,,,,,,,,,,,,,,
,,,,,,,,,,,,,,,,,,,,,,,,,,,,,,,,,,,,,,,,,,,,,,,,,,,,,,,,,,,,,,,,,,,,,,,,,,,,,,,,,,,
,,,,,,,,,,,,,,,,,,,,,,,,,,,,,,,,,,,,,,,,,,,,,,,,,,,,,,,,,,,,,,,,,,,,,,,,,,,,,,,,,,,
,,,,,,,,,,,,,,,,,,,,,,,,,,,,,,,,,,,,,,,,,,,,,,,,,,,,,,,,,,,,,,,,,,,,,,,,,,,,,,,,,,,
,,,,,,,,,,,,,,,,,,,,,,,,,,,,,,,,,,,,,,,,,,,,,,,,,,,,,,,,,,,,,,,,,,,,,,,,,,,,,,,,,,,
,,,,,,,,,,,,,,,,,,,,,,,,,,,,,,,,,,,,,,,,,,,,,,,,,,,,,,,,,,,,,,,,,,,,,,,,,,,,,,,,,,,
,,,,,,,,,,,,,,,,,,,,,,,,,,,,,,,,,,,,,,,,,,,,,,,,,,,,,,,,,,,,,,,,,,,,,,,,,,,,,,,,,,,
,,,,,,,,,,,,,,,,,,,,,,,,,,,,,,,,,,,,,,,,,,,,,,,,,,,,,,,,,,,,,,,,,,,,,,,,,,,,,,,,,,,
,,,,,,,,,,,,,,,,,,,,,,,,,,,,,,,,,,,,,,,,,,,,,,,,,,,,,,,,,,,,,,,,,,,,,,,,,,,,,,,,,,,
,,,,,,,,,,,,,,,,,,,,,,,,,,,,,,,,,,,,,,,,,,,,,,,,,,,,,,,,,,,,,,,,,,,,,,,,,,,,,,,,,,,
,,,,,,,,,,,,,,,,,,,,,,,,,,,,,,,,,,,,,,,,,,,,,,,,,,,,,,,,,,,,,,,,,,,,,,,,,,,,,,,,,,,
,,,,,,,,,,,,,,,,,,,,,,,,,,,,,,,,,,,,,,,,,,,,,,,,,,,,,,,,,,,,,,,,,,,,,,,,,,,,,,,,,,,
,,,,,,,,,,,,,,,,,,,,,,,,,,,,,,,,,,,,,,,,,,,,,,,,,,,,,,,,,,,,,,,,,,,,,,,,,,,,,,,,,,,
,,,,,,,,,,,,,,,,,,,,,,,,,,,,,,,,,,,,,,,,,,,,,,,,,,,,,,,,,,,,,,,,,,,,,,,,,,,,,,,,,,,
,,,,,,,,,,,,,,,,,,,,,,,,,,,,,,,,,,,,,,,,,,,,,,,,,,,,,,,,,,,,,,,,,,,,,,,,,,,,,,,,,,,
,,,,,,,,,,,,,,,,,,,,,,,,,,,,,,,,,,,,,,,,,,,,,,,,,,,,,,,,,,,,,,,,,,,,,,,,,,,,,,,,,,,
,,,,,,,,,,,,,,,,,,,,,,,,,,,,,,,,,,,,,,,,,,,,,,,,,,,,,,,,,,,,,,,,,,,,,,,,,,,,,,,,,,,
,,,,,,,,,,,,,,,,,,,,,,,,,,,,,,,,,,,,,,,,,,,,,,,,,,,,,,,,,,,,,,,,,,,,,,,,,,,,,,,,,,,
,,,,,,,,,,,,,,,,,,,,,,,,,,,,,,,,,,,,,,,,,,,,,,,,,,,,,,,,,,,,,,,,,,,,,,,,,,,,,,,,,,,
,,,,,,,,,,,,,,,,,,,,,,,,,,,,,,,,,,,,,,,,,,,,,,,,,,,,,,,,,,,,,,,,,,,,,,,,,,,,,,,,,,,
,,,,,,,,,,,,,,,,,,,,,,,,,,,,,,,,,,,,,,,,,,,,,,,,,,,,,,,,,,,,,,,,,,,,,,,,,,,,,,,,,,,
,,,,,,,,,,,,,,,,,,,,,,,,,,,,,,,,,,,,,,,,,,,,,,,,,,,,,,,,,,,,,,,,,,,,,,,,,,,,,,,,,,,
,,,,,,,,,,,,,,,,,,,,,,,,,,,,,,,,,,,,,,,,,,,,,,,,,,,,,,,,,,,,,,,,,,,,,,,,,,,,,,,,,,,
,,,,,,,,,,,,,,,,,,,,,,,,,,,,,,,,,,,,,,,,,,,,,,,,,,,,,,,,,,,,,,,,,,,,,,,,,,,,,,,,,,,
,,,,,,,,,,,,,,,,,,,,,,,,,,,,,,,,,,,,,,,,,,,,,,,,,,,,,,,,,,,,,,,,,,,,,,,,,,,,,,,,,,,
,,,,,,,,,,,,,,,,,,,,,,,,,,,,,,,,,,,,,,,,,,,,,,,,,,,,,,,,,,,,,,,,,,,,,,,,,,,,,,,,,,,
,,,,,,,,,,,,,,,,,,,,,,,,,,,,,,,,,,,,,,,,,,,,,,,,,,,,,,,,,,,,,,,,,,,,,,,,,,,,,,,,,,,
,,,,,,,,,,,,,,,,,,,,,,,,,,,,,,,,,,,,,,,,,,,,,,,,,,,,,,,,,,,,,,,,,,,,,,,,,,,,,,,,,,,
,,,,,,,,,,,,,,,,,,,,,,,,,,,,,,,,,,,,,,,,,,,,,,,,,,,,,,,,,,,,,,,,,,,,,,,,,,,,,,,,,,,
,,,,,,,,,,,,,,,,,,,,,,,,,,,,,,,,,,,,,,,,,,,,,,,,,,,,,,,,,,,,,,,,,,,,,,,,,,,,,,,,,,,
,,,,,,,,,,,,,,,,,,,,,,,,,,,,,,,,,,,,,,,,,,,,,,,,,,,,,,,,,,,,,,,,,,,,,,,,,,,,,,,,,,,
,,,,,,,,,,,,,,,,,,,,,,,,,,,,,,,,,,,,,,,,,,,,,,,,,,,,,,,,,,,,,,,,,,,,,,,,,,,,,,,,,,,
,,,,,,,,,,,,,,,,,,,,,,,,,,,,,,,,,,,,,,,,,,,,,,,,,,,,,,,,,,,,,,,,,,,,,,,,,,,,,,,,,,,
,,,,,,,,,,,,,,,,,,,,,,,,,,,,,,,,,,,,,,,,,,,,,,,,,,,,,,,,,,,,,,,,,,,,,,,,,,,,,,,,,,,
,,,,,,,,,,,,,,,,,,,,,,,,,,,,,,,,,,,,,,,,,,,,,,,,,,,,,,,,,,,,,,,,,,,,,,,,,,,,,,,,,,,
,,,,,,,,,,,,,,,,,,,,,,,,,,,,,,,,,,,,,,,,,,,,,,,,,,,,,,,,,,,,,,,,,,,,,,,,,,,,,,,,,,,
,,,,,,,,,,,,,,,,,,,,,,,,,,,,,,,,,,,,,,,,,,,,,,,,,,,,,,,,,,,,,,,,,,,,,,,,,,,,,,,,,,,
,,,,,,,,,,,,,,,,,,,,,,,,,,,,,,,,,,,,,,,,,,,,,,,,,,,,,,,,,,,,,,,,,,,,,,,,,,,,,,,,,,,
,,,,,,,,,,,,,,,,,,,,,,,,,,,,,,,,,,,,,,,,,,,,,,,,,,,,,,,,,,,,,,,,,,,,,,,,,,,,,,,,,,,
,,,,,,,,,,,,,,,,,,,,,,,,,,,,,,,,,,,,,,,,,,,,,,,,,,,,,,,,,,,,,,,,,,,,,,,,,,,,,,,,,,,
,,,,,,,,,,,,,,,,,,,,,,,,,,,,,,,,,,,,,,,,,,,,,,,,,,,,,,,,,,,,,,,,,,,,,,,,,,,,,,,,,,,
,,,,,,,,,,,,,,,,,,,,,,,,,,,,,,,,,,,,,,,,,,,,,,,,,,,,,,,,,,,,,,,,,,,,,,,,,,,,,,,,,,,
,,,,,,,,,,,,,,,,,,,,,,,,,,,,,,,,,,,,,,,,,,,,,,,,,,,,,,,,,,,,,,,,,,,,,,,,,,,,,,,,,,,
,,,,,,,,,,,,,,,,,,,,,,,,,,,,,,,,,,,,,,,,,,,,,,,,,,,,,,,,,,,,,,,,,,,,,,,,,,,,,,,,,,,
,,,,,,,,,,,,,,,,,,,,,,,,,,,,,,,,,,,,,,,,,,,,,,,,,,,,,,,,,,,,,,,,,,,,,,,,,,,,,,,,,,,
,,,,,,,,,,,,,,,,,,,,,,,,,,,,,,,,,,,,,,,,,,,,,,,,,,,,,,,,,,,,,,,,,,,,,,,,,,,,,,,,,,,
,,,,,,,,,,,,,,,,,,,,,,,,,,,,,,,,,,,,,,,,,,,,,,,,,,,,,,,,,,,,,,,,,,,,,,,,,,,,,,,,,,,
,,,,,,,,,,,,,,,,,,,,,,,,,,,,,,,,,,,,,,,,,,,,,,,,,,,,,,,,,,,,,,,,,,,,,,,,,,,,,,,,,,,
,,,,,,,,,,,,,,,,,,,,,,,,,,,,,,,,,,,,,,,,,,,,,,,,,,,,,,,,,,,,,,,,,,,,,,,,,,,,,,,,,,,
,,,,,,,,,,,,,,,,,,,,,,,,,,,,,,,,,,,,,,,,,,,,,,,,,,,,,,,,,,,,,,,,,,,,,,,,,,,,,,,,,,,
,,,,,,,,,,,,,,,,,,,,,,,,,,,,,,,,,,,,,,,,,,,,,,,,,,,,,,,,,,,,,,,,,,,,,,,,,,,,,,,,,,,
,,,,,,,,,,,,,,,,,,,,,,,,,,,,,,,,,,,,,,,,,,,,,,,,,,,,,,,,,,,,,,,,,,,,,,,,,,,,,,,,,,,
,,,,,,,,,,,,,,,,,,,,,,,,,,,,,,,,,,,,,,,,,,,,,,,,,,,,,,,,,,,,,,,,,,,,,,,,,,,,,,,,,,,
,,,,,,,,,,,,,,,,,,,,,,,,,,,,,,,,,,,,,,,,,,,,,,,,,,,,,,,,,,,,,,,,,,,,,,,,,,,,,,,,,,,
,,,,,,,,,,,,,,,,,,,,,,,,,,,,,,,,,,,,,,,,,,,,,,,,,,,,,,,,,,,,,,,,,,,,,,,,,,,,,,,,,,,
,,,,,,,,,,,,,,,,,,,,,,,,,,,,,,,,,,,,,,,,,,,,,,,,,,,,,,,,,,,,,,,,,,,,,,,,,,,,,,,,,,,
,,,,,,,,,,,,,,,,,,,,,,,,,,,,,,,,,,,,,,,,,,,,,,,,,,,,,,,,,,,,,,,,,,,,,,,,,,,,,,,,,,,
,,,,,,,,,,,,,,,,,,,,,,,,,,,,,,,,,,,,,,,,,,,,,,,,,,,,,,,,,,,,,,,,,,,,,,,,,,,,,,,,,,,
,,,,,,,,,,,,,,,,,,,,,,,,,,,,,,,,,,,,,,,,,,,,,,,,,,,,,,,,,,,,,,,,,,,,,,,,,,,,,,,,,,,
,,,,,,,,,,,,,,,,,,,,,,,,,,,,,,,,,,,,,,,,,,,,,,,,,,,,,,,,,,,,,,,,,,,,,,,,,,,,,,,,,,,
,,,,,,,,,,,,,,,,,,,,,,,,,,,,,,,,,,,,,,,,,,,,,,,,,,,,,,,,,,,,,,,,,,,,,,,,,,,,,,,,,,,
,,,,,,,,,,,,,,,,,,,,,,,,,,,,,,,,,,,,,,,,,,,,,,,,,,,,,,,,,,,,,,,,,,,,,,,,,,,,,,,,,,,
,,,,,,,,,,,,,,,,,,,,,,,,,,,,,,,,,,,,,,,,,,,,,,,,,,,,,,,,,,,,,,,,,,,,,,,,,,,,,,,,,,,
,,,,,,,,,,,,,,,,,,,,,,,,,,,,,,,,,,,,,,,,,,,,,,,,,,,,,,,,,,,,,,,,,,,,,,,,,,,,,,,,,,,
,,,,,,,,,,,,,,,,,,,,,,,,,,,,,,,,,,,,,,,,,,,,,,,,,,,,,,,,,,,,,,,,,,,,,,,,,,,,,,,,,,,
,,,,,,,,,,,,,,,,,,,,,,,,,,,,,,,,,,,,,,,,,,,,,,,,,,,,,,,,,,,,,,,,,,,,,,,,,,,,,,,,,,,
,,,,,,,,,,,,,,,,,,,,,,,,,,,,,,,,,,,,,,,,,,,,,,,,,,,,,,,,,,,,,,,,,,,,,,,,,,,,,,,,,,,
,,,,,,,,,,,,,,,,,,,,,,,,,,,,,,,,,,,,,,,,,,,,,,,,,,,,,,,,,,,,,,,,,,,,,,,,,,,,,,,,,,,
,,,,,,,,,,,,,,,,,,,,,,,,,,,,,,,,,,,,,,,,,,,,,,,,,,,,,,,,,,,,,,,,,,,,,,,,,,,,,,,,,,,
,,,,,,,,,,,,,,,,,,,,,,,,,,,,,,,,,,,,,,,,,,,,,,,,,,,,,,,,,,,,,,,,,,,,,,,,,,,,,,,,,,,
,,,,,,,,,,,,,,,,,,,,,,,,,,,,,,,,,,,,,,,,,,,,,,,,,,,,,,,,,,,,,,,,,,,,,,,,,,,,,,,,,,,
,,,,,,,,,,,,,,,,,,,,,,,,,,,,,,,,,,,,,,,,,,,,,,,,,,,,,,,,,,,,,,,,,,,,,,,,,,,,,,,,,,,
,,,,,,,,,,,,,,,,,,,,,,,,,,,,,,,,,,,,,,,,,,,,,,,,,,,,,,,,,,,,,,,,,,,,,,,,,,,,,,,,,,,
,,,,,,,,,,,,,,,,,,,,,,,,,,,,,,,,,,,,,,,,,,,,,,,,,,,,,,,,,,,,,,,,,,,,,,,,,,,,,,,,,,,
,,,,,,,,,,,,,,,,,,,,,,,,,,,,,,,,,,,,,,,,,,,,,,,,,,,,,,,,,,,,,,,,,,,,,,,,,,,,,,,,,,,
,,,,,,,,,,,,,,,,,,,,,,,,,,,,,,,,,,,,,,,,,,,,,,,,,,,,,,,,,,,,,,,,,,,,,,,,,,,,,,,,,,,
,,,,,,,,,,,,,,,,,,,,,,,,,,,,,,,,,,,,,,,,,,,,,,,,,,,,,,,,,,,,,,,,,,,,,,,,,,,,,,,,,,,
,,,,,,,,,,,,,,,,,,,,,,,,,,,,,,,,,,,,,,,,,,,,,,,,,,,,,,,,,,,,,,,,,,,,,,,,,,,,,,,,,,,
,,,,,,,,,,,,,,,,,,,,,,,,,,,,,,,,,,,,,,,,,,,,,,,,,,,,,,,,,,,,,,,,,,,,,,,,,,,,,,,,,,,
,,,,,,,,,,,,,,,,,,,,,,,,,,,,,,,,,,,,,,,,,,,,,,,,,,,,,,,,,,,,,,,,,,,,,,,,,,,,,,,,,,,
,,,,,,,,,,,,,,,,,,,,,,,,,,,,,,,,,,,,,,,,,,,,,,,,,,,,,,,,,,,,,,,,,,,,,,,,,,,,,,,,,,,
,,,,,,,,,,,,,,,,,,,,,,,,,,,,,,,,,,,,,,,,,,,,,,,,,,,,,,,,,,,,,,,,,,,,,,,,,,,,,,,,,,,
,,,,,,,,,,,,,,,,,,,,,,,,,,,,,,,,,,,,,,,,,,,,,,,,,,,,,,,,,,,,,,,,,,,,,,,,,,,,,,,,,,,
,,,,,,,,,,,,,,,,,,,,,,,,,,,,,,,,,,,,,,,,,,,,,,,,,,,,,,,,,,,,,,,,,,,,,,,,,,,,,,,,,,,
,,,,,,,,,,,,,,,,,,,,,,,,,,,,,,,,,,,,,,,,,,,,,,,,,,,,,,,,,,,,,,,,,,,,,,,,,,,,,,,,,,,
,,,,,,,,,,,,,,,,,,,,,,,,,,,,,,,,,,,,,,,,,,,,,,,,,,,,,,,,,,,,,,,,,,,,,,,,,,,,,,,,,,,
,,,,,,,,,,,,,,,,,,,,,,,,,,,,,,,,,,,,,,,,,,,,,,,,,,,,,,,,,,,,,,,,,,,,,,,,,,,,,,,,,,,
,,,,,,,,,,,,,,,,,,,,,,,,,,,,,,,,,,,,,,,,,,,,,,,,,,,,,,,,,,,,,,,,,,,,,,,,,,,,,,,,,,,
,,,,,,,,,,,,,,,,,,,,,,,,,,,,,,,,,,,,,,,,,,,,,,,,,,,,,,,,,,,,,,,,,,,,,,,,,,,,,,,,,,,
,,,,,,,,,,,,,,,,,,,,,,,,,,,,,,,,,,,,,,,,,,,,,,,,,,,,,,,,,,,,,,,,,,,,,,,,,,,,,,,,,,,
,,,,,,,,,,,,,,,,,,,,,,,,,,,,,,,,,,,,,,,,,,,,,,,,,,,,,,,,,,,,,,,,,,,,,,,,,,,,,,,,,,,
,,,,,,,,,,,,,,,,,,,,,,,,,,,,,,,,,,,,,,,,,,,,,,,,,,,,,,,,,,,,,,,,,,,,,,,,,,,,,,,,,,,
,,,,,,,,,,,,,,,,,,,,,,,,,,,,,,,,,,,,,,,,,,,,,,,,,,,,,,,,,,,,,,,,,,,,,,,,,,,,,,,,,,,
,,,,,,,,,,,,,,,,,,,,,,,,,,,,,,,,,,,,,,,,,,,,,,,,,,,,,,,,,,,,,,,,,,,,,,,,,,,,,,,,,,,
,,,,,,,,,,,,,,,,,,,,,,,,,,,,,,,,,,,,,,,,,,,,,,,,,,,,,,,,,,,,,,,,,,,,,,,,,,,,,,,,,,,
,,,,,,,,,,,,,,,,,,,,,,,,,,,,,,,,,,,,,,,,,,,,,,,,,,,,,,,,,,,,,,,,,,,,,,,,,,,,,,,,,,,
,,,,,,,,,,,,,,,,,,,,,,,,,,,,,,,,,,,,,,,,,,,,,,,,,,,,,,,,,,,,,,,,,,,,,,,,,,,,,,,,,,,
,,,,,,,,,,,,,,,,,,,,,,,,,,,,,,,,,,,,,,,,,,,,,,,,,,,,,,,,,,,,,,,,,,,,,,,,,,,,,,,,,,,
,,,,,,,,,,,,,,,,,,,,,,,,,,,,,,,,,,,,,,,,,,,,,,,,,,,,,,,,,,,,,,,,,,,,,,,,,,,,,,,,,,,
,,,,,,,,,,,,,,,,,,,,,,,,,,,,,,,,,,,,,,,,,,,,,,,,,,,,,,,,,,,,,,,,,,,,,,,,,,,,,,,,,,,
,,,,,,,,,,,,,,,,,,,,,,,,,,,,,,,,,,,,,,,,,,,,,,,,,,,,,,,,,,,,,,,,,,,,,,,,,,,,,,,,,,,
,,,,,,,,,,,,,,,,,,,,,,,,,,,,,,,,,,,,,,,,,,,,,,,,,,,,,,,,,,,,,,,,,,,,,,,,,,,,,,,,,,,
,,,,,,,,,,,,,,,,,,,,,,,,,,,,,,,,,,,,,,,,,,,,,,,,,,,,,,,,,,,,,,,,,,,,,,,,,,,,,,,,,,,
,,,,,,,,,,,,,,,,,,,,,,,,,,,,,,,,,,,,,,,,,,,,,,,,,,,,,,,,,,,,,,,,,,,,,,,,,,,,,,,,,,,
,,,,,,,,,,,,,,,,,,,,,,,,,,,,,,,,,,,,,,,,,,,,,,,,,,,,,,,,,,,,,,,,,,,,,,,,,,,,,,,,,,,
,,,,,,,,,,,,,,,,,,,,,,,,,,,,,,,,,,,,,,,,,,,,,,,,,,,,,,,,,,,,,,,,,,,,,,,,,,,,,,,,,,,
,,,,,,,,,,,,,,,,,,,,,,,,,,,,,,,,,,,,,,,,,,,,,,,,,,,,,,,,,,,,,,,,,,,,,,,,,,,,,,,,,,,
,,,,,,,,,,,,,,,,,,,,,,,,,,,,,,,,,,,,,,,,,,,,,,,,,,,,,,,,,,,,,,,,,,,,,,,,,,,,,,,,,,,
,,,,,,,,,,,,,,,,,,,,,,,,,,,,,,,,,,,,,,,,,,,,,,,,,,,,,,,,,,,,,,,,,,,,,,,,,,,,,,,,,,,
,,,,,,,,,,,,,,,,,,,,,,,,,,,,,,,,,,,,,,,,,,,,,,,,,,,,,,,,,,,,,,,,,,,,,,,,,,,,,,,,,,,
,,,,,,,,,,,,,,,,,,,,,,,,,,,,,,,,,,,,,,,,,,,,,,,,,,,,,,,,,,,,,,,,,,,,,,,,,,,,,,,,,,,
,,,,,,,,,,,,,,,,,,,,,,,,,,,,,,,,,,,,,,,,,,,,,,,,,,,,,,,,,,,,,,,,,,,,,,,,,,,,,,,,,,,
,,,,,,,,,,,,,,,,,,,,,,,,,,,,,,,,,,,,,,,,,,,,,,,,,,,,,,,,,,,,,,,,,,,,,,,,,,,,,,,,,,,
,,,,,,,,,,,,,,,,,,,,,,,,,,,,,,,,,,,,,,,,,,,,,,,,,,,,,,,,,,,,,,,,,,,,,,,,,,,,,,,,,,,
,,,,,,,,,,,,,,,,,,,,,,,,,,,,,,,,,,,,,,,,,,,,,,,,,,,,,,,,,,,,,,,,,,,,,,,,,,,,,,,,,,,
,,,,,,,,,,,,,,,,,,,,,,,,,,,,,,,,,,,,,,,,,,,,,,,,,,,,,,,,,,,,,,,,,,,,,,,,,,,,,,,,,,,
,,,,,,,,,,,,,,,,,,,,,,,,,,,,,,,,,,,,,,,,,,,,,,,,,,,,,,,,,,,,,,,,,,,,,,,,,,,,,,,,,,,
,,,,,,,,,,,,,,,,,,,,,,,,,,,,,,,,,,,,,,,,,,,,,,,,,,,,,,,,,,,,,,,,,,,,,,,,,,,,,,,,,,,
,,,,,,,,,,,,,,,,,,,,,,,,,,,,,,,,,,,,,,,,,,,,,,,,,,,,,,,,,,,,,,,,,,,,,,,,,,,,,,,,,,,
,,,,,,,,,,,,,,,,,,,,,,,,,,,,,,,,,,,,,,,,,,,,,,,,,,,,,,,,,,,,,,,,,,,,,,,,,,,,,,,,,,,
,,,,,,,,,,,,,,,,,,,,,,,,,,,,,,,,,,,,,,,,,,,,,,,,,,,,,,,,,,,,,,,,,,,,,,,,,,,,,,,,,,,
,,,,,,,,,,,,,,,,,,,,,,,,,,,,,,,,,,,,,,,,,,,,,,,,,,,,,,,,,,,,,,,,,,,,,,,,,,,,,,,,,,,
,,,,,,,,,,,,,,,,,,,,,,,,,,,,,,,,,,,,,,,,,,,,,,,,,,,,,,,,,,,,,,,,,,,,,,,,,,,,,,,,,,,
,,,,,,,,,,,,,,,,,,,,,,,,,,,,,,,,,,,,,,,,,,,,,,,,,,,,,,,,,,,,,,,,,,,,,,,,,,,,,,,,,,,
,,,,,,,,,,,,,,,,,,,,,,,,,,,,,,,,,,,,,,,,,,,,,,,,,,,,,,,,,,,,,,,,,,,,,,,,,,,,,,,,,,,
,,,,,,,,,,,,,,,,,,,,,,,,,,,,,,,,,,,,,,,,,,,,,,,,,,,,,,,,,,,,,,,,,,,,,,,,,,,,,,,,,,,
,,,,,,,,,,,,,,,,,,,,,,,,,,,,,,,,,,,,,,,,,,,,,,,,,,,,,,,,,,,,,,,,,,,,,,,,,,,,,,,,,,,
,,,,,,,,,,,,,,,,,,,,,,,,,,,,,,,,,,,,,,,,,,,,,,,,,,,,,,,,,,,,,,,,,,,,,,,,,,,,,,,,,,,
,,,,,,,,,,,,,,,,,,,,,,,,,,,,,,,,,,,,,,,,,,,,,,,,,,,,,,,,,,,,,,,,,,,,,,,,,,,,,,,,,,,
,,,,,,,,,,,,,,,,,,,,,,,,,,,,,,,,,,,,,,,,,,,,,,,,,,,,,,,,,,,,,,,,,,,,,,,,,,,,,,,,,,,
,,,,,,,,,,,,,,,,,,,,,,,,,,,,,,,,,,,,,,,,,,,,,,,,,,,,,,,,,,,,,,,,,,,,,,,,,,,,,,,,,,,
,,,,,,,,,,,,,,,,,,,,,,,,,,,,,,,,,,,,,,,,,,,,,,,,,,,,,,,,,,,,,,,,,,,,,,,,,,,,,,,,,,,
,,,,,,,,,,,,,,,,,,,,,,,,,,,,,,,,,,,,,,,,,,,,,,,,,,,,,,,,,,,,,,,,,,,,,,,,,,,,,,,,,,,
,,,,,,,,,,,,,,,,,,,,,,,,,,,,,,,,,,,,,,,,,,,,,,,,,,,,,,,,,,,,,,,,,,,,,,,,,,,,,,,,,,,
,,,,,,,,,,,,,,,,,,,,,,,,,,,,,,,,,,,,,,,,,,,,,,,,,,,,,,,,,,,,,,,,,,,,,,,,,,,,,,,,,,,
,,,,,,,,,,,,,,,,,,,,,,,,,,,,,,,,,,,,,,,,,,,,,,,,,,,,,,,,,,,,,,,,,,,,,,,,,,,,,,,,,,,
,,,,,,,,,,,,,,,,,,,,,,,,,,,,,,,,,,,,,,,,,,,,,,,,,,,,,,,,,,,,,,,,,,,,,,,,,,,,,,,,,,,
,,,,,,,,,,,,,,,,,,,,,,,,,,,,,,,,,,,,,,,,,,,,,,,,,,,,,,,,,,,,,,,,,,,,,,,,,,,,,,,,,,,
,,,,,,,,,,,,,,,,,,,,,,,,,,,,,,,,,,,,,,,,,,,,,,,,,,,,,,,,,,,,,,,,,,,,,,,,,,,,,,,,,,,
,,,,,,,,,,,,,,,,,,,,,,,,,,,,,,,,,,,,,,,,,,,,,,,,,,,,,,,,,,,,,,,,,,,,,,,,,,,,,,,,,,,
,,,,,,,,,,,,,,,,,,,,,,,,,,,,,,,,,,,,,,,,,,,,,,,,,,,,,,,,,,,,,,,,,,,,,,,,,,,,,,,,,,,
,,,,,,,,,,,,,,,,,,,,,,,,,,,,,,,,,,,,,,,,,,,,,,,,,,,,,,,,,,,,,,,,,,,,,,,,,,,,,,,,,,,
,,,,,,,,,,,,,,,,,,,,,,,,,,,,,,,,,,,,,,,,,,,,,,,,,,,,,,,,,,,,,,,,,,,,,,,,,,,,,,,,,,,
,,,,,,,,,,,,,,,,,,,,,,,,,,,,,,,,,,,,,,,,,,,,,,,,,,,,,,,,,,,,,,,,,,,,,,,,,,,,,,,,,,,
,,,,,,,,,,,,,,,,,,,,,,,,,,,,,,,,,,,,,,,,,,,,,,,,,,,,,,,,,,,,,,,,,,,,,,,,,,,,,,,,,,,
,,,,,,,,,,,,,,,,,,,,,,,,,,,,,,,,,,,,,,,,,,,,,,,,,,,,,,,,,,,,,,,,,,,,,,,,,,,,,,,,,,,
,,,,,,,,,,,,,,,,,,,,,,,,,,,,,,,,,,,,,,,,,,,,,,,,,,,,,,,,,,,,,,,,,,,,,,,,,,,,,,,,,,,
,,,,,,,,,,,,,,,,,,,,,,,,,,,,,,,,,,,,,,,,,,,,,,,,,,,,,,,,,,,,,,,,,,,,,,,,,,,,,,,,,,,
,,,,,,,,,,,,,,,,,,,,,,,,,,,,,,,,,,,,,,,,,,,,,,,,,,,,,,,,,,,,,,,,,,,,,,,,,,,,,,,,,,,
,,,,,,,,,,,,,,,,,,,,,,,,,,,,,,,,,,,,,,,,,,,,,,,,,,,,,,,,,,,,,,,,,,,,,,,,,,,,,,,,,,,
,,,,,,,,,,,,,,,,,,,,,,,,,,,,,,,,,,,,,,,,,,,,,,,,,,,,,,,,,,,,,,,,,,,,,,,,,,,,,,,,,,,
,,,,,,,,,,,,,,,,,,,,,,,,,,,,,,,,,,,,,,,,,,,,,,,,,,,,,,,,,,,,,,,,,,,,,,,,,,,,,,,,,,,
,,,,,,,,,,,,,,,,,,,,,,,,,,,,,,,,,,,,,,,,,,,,,,,,,,,,,,,,,,,,,,,,,,,,,,,,,,,,,,,,,,,
,,,,,,,,,,,,,,,,,,,,,,,,,,,,,,,,,,,,,,,,,,,,,,,,,,,,,,,,,,,,,,,,,,,,,,,,,,,,,,,,,,,
,,,,,,,,,,,,,,,,,,,,,,,,,,,,,,,,,,,,,,,,,,,,,,,,,,,,,,,,,,,,,,,,,,,,,,,,,,,,,,,,,,,
,,,,,,,,,,,,,,,,,,,,,,,,,,,,,,,,,,,,,,,,,,,,,,,,,,,,,,,,,,,,,,,,,,,,,,,,,,,,,,,,,,,
,,,,,,,,,,,,,,,,,,,,,,,,,,,,,,,,,,,,,,,,,,,,,,,,,,,,,,,,,,,,,,,,,,,,,,,,,,,,,,,,,,,
,,,,,,,,,,,,,,,,,,,,,,,,,,,,,,,,,,,,,,,,,,,,,,,,,,,,,,,,,,,,,,,,,,,,,,,,,,,,,,,,,,,
,,,,,,,,,,,,,,,,,,,,,,,,,,,,,,,,,,,,,,,,,,,,,,,,,,,,,,,,,,,,,,,,,,,,,,,,,,,,,,,,,,,
,,,,,,,,,,,,,,,,,,,,,,,,,,,,,,,,,,,,,,,,,,,,,,,,,,,,,,,,,,,,,,,,,,,,,,,,,,,,,,,,,,,
,,,,,,,,,,,,,,,,,,,,,,,,,,,,,,,,,,,,,,,,,,,,,,,,,,,,,,,,,,,,,,,,,,,,,,,,,,,,,,,,,,,
,,,,,,,,,,,,,,,,,,,,,,,,,,,,,,,,,,,,,,,,,,,,,,,,,,,,,,,,,,,,,,,,,,,,,,,,,,,,,,,,,,,
,,,,,,,,,,,,,,,,,,,,,,,,,,,,,,,,,,,,,,,,,,,,,,,,,,,,,,,,,,,,,,,,,,,,,,,,,,,,,,,,,,,
,,,,,,,,,,,,,,,,,,,,,,,,,,,,,,,,,,,,,,,,,,,,,,,,,,,,,,,,,,,,,,,,,,,,,,,,,,,,,,,,,,,
,,,,,,,,,,,,,,,,,,,,,,,,,,,,,,,,,,,,,,,,,,,,,,,,,,,,,,,,,,,,,,,,,,,,,,,,,,,,,,,,,,,
,,,,,,,,,,,,,,,,,,,,,,,,,,,,,,,,,,,,,,,,,,,,,,,,,,,,,,,,,,,,,,,,,,,,,,,,,,,,,,,,,,,
,,,,,,,,,,,,,,,,,,,,,,,,,,,,,,,,,,,,,,,,,,,,,,,,,,,,,,,,,,,,,,,,,,,,,,,,,,,,,,,,,,,
,,,,,,,,,,,,,,,,,,,,,,,,,,,,,,,,,,,,,,,,,,,,,,,,,,,,,,,,,,,,,,,,,,,,,,,,,,,,,,,,,,,
,,,,,,,,,,,,,,,,,,,,,,,,,,,,,,,,,,,,,,,,,,,,,,,,,,,,,,,,,,,,,,,,,,,,,,,,,,,,,,,,,,,
,,,,,,,,,,,,,,,,,,,,,,,,,,,,,,,,,,,,,,,,,,,,,,,,,,,,,,,,,,,,,,,,,,,,,,,,,,,,,,,,,,,
,,,,,,,,,,,,,,,,,,,,,,,,,,,,,,,,,,,,,,,,,,,,,,,,,,,,,,,,,,,,,,,,,,,,,,,,,,,,,,,,,,,
,,,,,,,,,,,,,,,,,,,,,,,,,,,,,,,,,,,,,,,,,,,,,,,,,,,,,,,,,,,,,,,,,,,,,,,,,,,,,,,,,,,
,,,,,,,,,,,,,,,,,,,,,,,,,,,,,,,,,,,,,,,,,,,,,,,,,,,,,,,,,,,,,,,,,,,,,,,,,,,,,,,,,,,
,,,,,,,,,,,,,,,,,,,,,,,,,,,,,,,,,,,,,,,,,,,,,,,,,,,,,,,,,,,,,,,,,,,,,,,,,,,,,,,,,,,
,,,,,,,,,,,,,,,,,,,,,,,,,,,,,,,,,,,,,,,,,,,,,,,,,,,,,,,,,,,,,,,,,,,,,,,,,,,,,,,,,,,
,,,,,,,,,,,,,,,,,,,,,,,,,,,,,,,,,,,,,,,,,,,,,,,,,,,,,,,,,,,,,,,,,,,,,,,,,,,,,,,,,,,
,,,,,,,,,,,,,,,,,,,,,,,,,,,,,,,,,,,,,,,,,,,,,,,,,,,,,,,,,,,,,,,,,,,,,,,,,,,,,,,,,,,
,,,,,,,,,,,,,,,,,,,,,,,,,,,,,,,,,,,,,,,,,,,,,,,,,,,,,,,,,,,,,,,,,,,,,,,,,,,,,,,,,,,
,,,,,,,,,,,,,,,,,,,,,,,,,,,,,,,,,,,,,,,,,,,,,,,,,,,,,,,,,,,,,,,,,,,,,,,,,,,,,,,,,,,
,,,,,,,,,,,,,,,,,,,,,,,,,,,,,,,,,,,,,,,,,,,,,,,,,,,,,,,,,,,,,,,,,,,,,,,,,,,,,,,,,,,
,,,,,,,,,,,,,,,,,,,,,,,,,,,,,,,,,,,,,,,,,,,,,,,,,,,,,,,,,,,,,,,,,,,,,,,,,,,,,,,,,,,
,,,,,,,,,,,,,,,,,,,,,,,,,,,,,,,,,,,,,,,,,,,,,,,,,,,,,,,,,,,,,,,,,,,,,,,,,,,,,,,,,,,
,,,,,,,,,,,,,,,,,,,,,,,,,,,,,,,,,,,,,,,,,,,,,,,,,,,,,,,,,,,,,,,,,,,,,,,,,,,,,,,,,,,
,,,,,,,,,,,,,,,,,,,,,,,,,,,,,,,,,,,,,,,,,,,,,,,,,,,,,,,,,,,,,,,,,,,,,,,,,,,,,,,,,,,
,,,,,,,,,,,,,,,,,,,,,,,,,,,,,,,,,,,,,,,,,,,,,,,,,,,,,,,,,,,,,,,,,,,,,,,,,,,,,,,,,,,
,,,,,,,,,,,,,,,,,,,,,,,,,,,,,,,,,,,,,,,,,,,,,,,,,,,,,,,,,,,,,,,,,,,,,,,,,,,,,,,,,,,
,,,,,,,,,,,,,,,,,,,,,,,,,,,,,,,,,,,,,,,,,,,,,,,,,,,,,,,,,,,,,,,,,,,,,,,,,,,,,,,,,,,
,,,,,,,,,,,,,,,,,,,,,,,,,,,,,,,,,,,,,,,,,,,,,,,,,,,,,,,,,,,,,,,,,,,,,,,,,,,,,,,,,,,
,,,,,,,,,,,,,,,,,,,,,,,,,,,,,,,,,,,,,,,,,,,,,,,,,,,,,,,,,,,,,,,,,,,,,,,,,,,,,,,,,,,
,,,,,,,,,,,,,,,,,,,,,,,,,,,,,,,,,,,,,,,,,,,,,,,,,,,,,,,,,,,,,,,,,,,,,,,,,,,,,,,,,,,
,,,,,,,,,,,,,,,,,,,,,,,,,,,,,,,,,,,,,,,,,,,,,,,,,,,,,,,,,,,,,,,,,,,,,,,,,,,,,,,,,,,
,,,,,,,,,,,,,,,,,,,,,,,,,,,,,,,,,,,,,,,,,,,,,,,,,,,,,,,,,,,,,,,,,,,,,,,,,,,,,,,,,,,
,,,,,,,,,,,,,,,,,,,,,,,,,,,,,,,,,,,,,,,,,,,,,,,,,,,,,,,,,,,,,,,,,,,,,,,,,,,,,,,,,,,
,,,,,,,,,,,,,,,,,,,,,,,,,,,,,,,,,,,,,,,,,,,,,,,,,,,,,,,,,,,,,,,,,,,,,,,,,,,,,,,,,,,
,,,,,,,,,,,,,,,,,,,,,,,,,,,,,,,,,,,,,,,,,,,,,,,,,,,,,,,,,,,,,,,,,,,,,,,,,,,,,,,,,,,
,,,,,,,,,,,,,,,,,,,,,,,,,,,,,,,,,,,,,,,,,,,,,,,,,,,,,,,,,,,,,,,,,,,,,,,,,,,,,,,,,,,
,,,,,,,,,,,,,,,,,,,,,,,,,,,,,,,,,,,,,,,,,,,,,,,,,,,,,,,,,,,,,,,,,,,,,,,,,,,,,,,,,,,
,,,,,,,,,,,,,,,,,,,,,,,,,,,,,,,,,,,,,,,,,,,,,,,,,,,,,,,,,,,,,,,,,,,,,,,,,,,,,,,,,,,
,,,,,,,,,,,,,,,,,,,,,,,,,,,,,,,,,,,,,,,,,,,,,,,,,,,,,,,,,,,,,,,,,,,,,,,,,,,,,,,,,,,
,,,,,,,,,,,,,,,,,,,,,,,,,,,,,,,,,,,,,,,,,,,,,,,,,,,,,,,,,,,,,,,,,,,,,,,,,,,,,,,,,,,
,,,,,,,,,,,,,,,,,,,,,,,,,,,,,,,,,,,,,,,,,,,,,,,,,,,,,,,,,,,,,,,,,,,,,,,,,,,,,,,,,,,
,,,,,,,,,,,,,,,,,,,,,,,,,,,,,,,,,,,,,,,,,,,,,,,,,,,,,,,,,,,,,,,,,,,,,,,,,,,,,,,,,,,
,,,,,,,,,,,,,,,,,,,,,,,,,,,,,,,,,,,,,,,,,,,,,,,,,,,,,,,,,,,,,,,,,,,,,,,,,,,,,,,,,,,
,,,,,,,,,,,,,,,,,,,,,,,,,,,,,,,,,,,,,,,,,,,,,,,,,,,,,,,,,,,,,,,,,,,,,,,,,,,,,,,,,,,
,,,,,,,,,,,,,,,,,,,,,,,,,,,,,,,,,,,,,,,,,,,,,,,,,,,,,,,,,,,,,,,,,,,,,,,,,,,,,,,,,,,
,,,,,,,,,,,,,,,,,,,,,,,,,,,,,,,,,,,,,,,,,,,,,,,,,,,,,,,,,,,,,,,,,,,,,,,,,,,,,,,,,,,
,,,,,,,,,,,,,,,,,,,,,,,,,,,,,,,,,,,,,,,,,,,,,,,,,,,,,,,,,,,,,,,,,,,,,,,,,,,,,,,,,,,
,,,,,,,,,,,,,,,,,,,,,,,,,,,,,,,,,,,,,,,,,,,,,,,,,,,,,,,,,,,,,,,,,,,,,,,,,,,,,,,,,,,
,,,,,,,,,,,,,,,,,,,,,,,,,,,,,,,,,,,,,,,,,,,,,,,,,,,,,,,,,,,,,,,,,,,,,,,,,,,,,,,,,,,
,,,,,,,,,,,,,,,,,,,,,,,,,,,,,,,,,,,,,,,,,,,,,,,,,,,,,,,,,,,,,,,,,,,,,,,,,,,,,,,,,,,
,,,,,,,,,,,,,,,,,,,,,,,,,,,,,,,,,,,,,,,,,,,,,,,,,,,,,,,,,,,,,,,,,,,,,,,,,,,,,,,,,,,
,,,,,,,,,,,,,,,,,,,,,,,,,,,,,,,,,,,,,,,,,,,,,,,,,,,,,,,,,,,,,,,,,,,,,,,,,,,,,,,,,,,
,,,,,,,,,,,,,,,,,,,,,,,,,,,,,,,,,,,,,,,,,,,,,,,,,,,,,,,,,,,,,,,,,,,,,,,,,,,,,,,,,,,
,,,,,,,,,,,,,,,,,,,,,,,,,,,,,,,,,,,,,,,,,,,,,,,,,,,,,,,,,,,,,,,,,,,,,,,,,,,,,,,,,,,
,,,,,,,,,,,,,,,,,,,,,,,,,,,,,,,,,,,,,,,,,,,,,,,,,,,,,,,,,,,,,,,,,,,,,,,,,,,,,,,,,,,
,,,,,,,,,,,,,,,,,,,,,,,,,,,,,,,,,,,,,,,,,,,,,,,,,,,,,,,,,,,,,,,,,,,,,,,,,,,,,,,,,,,
,,,,,,,,,,,,,,,,,,,,,,,,,,,,,,,,,,,,,,,,,,,,,,,,,,,,,,,,,,,,,,,,,,,,,,,,,,,,,,,,,,,
,,,,,,,,,,,,,,,,,,,,,,,,,,,,,,,,,,,,,,,,,,,,,,,,,,,,,,,,,,,,,,,,,,,,,,,,,,,,,,,,,,,
,,,,,,,,,,,,,,,,,,,,,,,,,,,,,,,,,,,,,,,,,,,,,,,,,,,,,,,,,,,,,,,,,,,,,,,,,,,,,,,,,,,
,,,,,,,,,,,,,,,,,,,,,,,,,,,,,,,,,,,,,,,,,,,,,,,,,,,,,,,,,,,,,,,,,,,,,,,,,,,,,,,,,,,
,,,,,,,,,,,,,,,,,,,,,,,,,,,,,,,,,,,,,,,,,,,,,,,,,,,,,,,,,,,,,,,,,,,,,,,,,,,,,,,,,,,
,,,,,,,,,,,,,,,,,,,,,,,,,,,,,,,,,,,,,,,,,,,,,,,,,,,,,,,,,,,,,,,,,,,,,,,,,,,,,,,,,,,
,,,,,,,,,,,,,,,,,,,,,,,,,,,,,,,,,,,,,,,,,,,,,,,,,,,,,,,,,,,,,,,,,,,,,,,,,,,,,,,,,,,
,,,,,,,,,,,,,,,,,,,,,,,,,,,,,,,,,,,,,,,,,,,,,,,,,,,,,,,,,,,,,,,,,,,,,,,,,,,,,,,,,,,
,,,,,,,,,,,,,,,,,,,,,,,,,,,,,,,,,,,,,,,,,,,,,,,,,,,,,,,,,,,,,,,,,,,,,,,,,,,,,,,,,,,
,,,,,,,,,,,,,,,,,,,,,,,,,,,,,,,,,,,,,,,,,,,,,,,,,,,,,,,,,,,,,,,,,,,,,,,,,,,,,,,,,,,
,,,,,,,,,,,,,,,,,,,,,,,,,,,,,,,,,,,,,,,,,,,,,,,,,,,,,,,,,,,,,,,,,,,,,,,,,,,,,,,,,,,
,,,,,,,,,,,,,,,,,,,,,,,,,,,,,,,,,,,,,,,,,,,,,,,,,,,,,,,,,,,,,,,,,,,,,,,,,,,,,,,,,,,
,,,,,,,,,,,,,,,,,,,,,,,,,,,,,,,,,,,,,,,,,,,,,,,,,,,,,,,,,,,,,,,,,,,,,,,,,,,,,,,,,,,
,,,,,,,,,,,,,,,,,,,,,,,,,,,,,,,,,,,,,,,,,,,,,,,,,,,,,,,,,,,,,,,,,,,,,,,,,,,,,,,,,,,
,,,,,,,,,,,,,,,,,,,,,,,,,,,,,,,,,,,,,,,,,,,,,,,,,,,,,,,,,,,,,,,,,,,,,,,,,,,,,,,,,,,
,,,,,,,,,,,,,,,,,,,,,,,,,,,,,,,,,,,,,,,,,,,,,,,,,,,,,,,,,,,,,,,,,,,,,,,,,,,,,,,,,,,
,,,,,,,,,,,,,,,,,,,,,,,,,,,,,,,,,,,,,,,,,,,,,,,,,,,,,,,,,,,,,,,,,,,,,,,,,,,,,,,,,,,
,,,,,,,,,,,,,,,,,,,,,,,,,,,,,,,,,,,,,,,,,,,,,,,,,,,,,,,,,,,,,,,,,,,,,,,,,,,,,,,,,,,
,,,,,,,,,,,,,,,,,,,,,,,,,,,,,,,,,,,,,,,,,,,,,,,,,,,,,,,,,,,,,,,,,,,,,,,,,,,,,,,,,,,
,,,,,,,,,,,,,,,,,,,,,,,,,,,,,,,,,,,,,,,,,,,,,,,,,,,,,,,,,,,,,,,,,,,,,,,,,,,,,,,,,,,
,,,,,,,,,,,,,,,,,,,,,,,,,,,,,,,,,,,,,,,,,,,,,,,,,,,,,,,,,,,,,,,,,,,,,,,,,,,,,,,,,,,
,,,,,,,,,,,,,,,,,,,,,,,,,,,,,,,,,,,,,,,,,,,,,,,,,,,,,,,,,,,,,,,,,,,,,,,,,,,,,,,,,,,
,,,,,,,,,,,,,,,,,,,,,,,,,,,,,,,,,,,,,,,,,,,,,,,,,,,,,,,,,,,,,,,,,,,,,,,,,,,,,,,,,,,
,,,,,,,,,,,,,,,,,,,,,,,,,,,,,,,,,,,,,,,,,,,,,,,,,,,,,,,,,,,,,,,,,,,,,,,,,,,,,,,,,,,
,,,,,,,,,,,,,,,,,,,,,,,,,,,,,,,,,,,,,,,,,,,,,,,,,,,,,,,,,,,,,,,,,,,,,,,,,,,,,,,,,,,
,,,,,,,,,,,,,,,,,,,,,,,,,,,,,,,,,,,,,,,,,,,,,,,,,,,,,,,,,,,,,,,,,,,,,,,,,,,,,,,,,,,
,,,,,,,,,,,,,,,,,,,,,,,,,,,,,,,,,,,,,,,,,,,,,,,,,,,,,,,,,,,,,,,,,,,,,,,,,,,,,,,,,,,
,,,,,,,,,,,,,,,,,,,,,,,,,,,,,,,,,,,,,,,,,,,,,,,,,,,,,,,,,,,,,,,,,,,,,,,,,,,,,,,,,,,
,,,,,,,,,,,,,,,,,,,,,,,,,,,,,,,,,,,,,,,,,,,,,,,,,,,,,,,,,,,,,,,,,,,,,,,,,,,,,,,,,,,
,,,,,,,,,,,,,,,,,,,,,,,,,,,,,,,,,,,,,,,,,,,,,,,,,,,,,,,,,,,,,,,,,,,,,,,,,,,,,,,,,,,
,,,,,,,,,,,,,,,,,,,,,,,,,,,,,,,,,,,,,,,,,,,,,,,,,,,,,,,,,,,,,,,,,,,,,,,,,,,,,,,,,,,
,,,,,,,,,,,,,,,,,,,,,,,,,,,,,,,,,,,,,,,,,,,,,,,,,,,,,,,,,,,,,,,,,,,,,,,,,,,,,,,,,,,
,,,,,,,,,,,,,,,,,,,,,,,,,,,,,,,,,,,,,,,,,,,,,,,,,,,,,,,,,,,,,,,,,,,,,,,,,,,,,,,,,,,
,,,,,,,,,,,,,,,,,,,,,,,,,,,,,,,,,,,,,,,,,,,,,,,,,,,,,,,,,,,,,,,,,,,,,,,,,,,,,,,,,,,
,,,,,,,,,,,,,,,,,,,,,,,,,,,,,,,,,,,,,,,,,,,,,,,,,,,,,,,,,,,,,,,,,,,,,,,,,,,,,,,,,,,
,,,,,,,,,,,,,,,,,,,,,,,,,,,,,,,,,,,,,,,,,,,,,,,,,,,,,,,,,,,,,,,,,,,,,,,,,,,,,,,,,,,
,,,,,,,,,,,,,,,,,,,,,,,,,,,,,,,,,,,,,,,,,,,,,,,,,,,,,,,,,,,,,,,,,,,,,,,,,,,,,,,,,,,
,,,,,,,,,,,,,,,,,,,,,,,,,,,,,,,,,,,,,,,,,,,,,,,,,,,,,,,,,,,,,,,,,,,,,,,,,,,,,,,,,,,
,,,,,,,,,,,,,,,,,,,,,,,,,,,,,,,,,,,,,,,,,,,,,,,,,,,,,,,,,,,,,,,,,,,,,,,,,,,,,,,,,,,
,,,,,,,,,,,,,,,,,,,,,,,,,,,,,,,,,,,,,,,,,,,,,,,,,,,,,,,,,,,,,,,,,,,,,,,,,,,,,,,,,,,
,,,,,,,,,,,,,,,,,,,,,,,,,,,,,,,,,,,,,,,,,,,,,,,,,,,,,,,,,,,,,,,,,,,,,,,,,,,,,,,,,,,
,,,,,,,,,,,,,,,,,,,,,,,,,,,,,,,,,,,,,,,,,,,,,,,,,,,,,,,,,,,,,,,,,,,,,,,,,,,,,,,,,,,
,,,,,,,,,,,,,,,,,,,,,,,,,,,,,,,,,,,,,,,,,,,,,,,,,,,,,,,,,,,,,,,,,,,,,,,,,,,,,,,,,,,
,,,,,,,,,,,,,,,,,,,,,,,,,,,,,,,,,,,,,,,,,,,,,,,,,,,,,,,,,,,,,,,,,,,,,,,,,,,,,,,,,,,
,,,,,,,,,,,,,,,,,,,,,,,,,,,,,,,,,,,,,,,,,,,,,,,,,,,,,,,,,,,,,,,,,,,,,,,,,,,,,,,,,,,
,,,,,,,,,,,,,,,,,,,,,,,,,,,,,,,,,,,,,,,,,,,,,,,,,,,,,,,,,,,,,,,,,,,,,,,,,,,,,,,,,,,
,,,,,,,,,,,,,,,,,,,,,,,,,,,,,,,,,,,,,,,,,,,,,,,,,,,,,,,,,,,,,,,,,,,,,,,,,,,,,,,,,,,
,,,,,,,,,,,,,,,,,,,,,,,,,,,,,,,,,,,,,,,,,,,,,,,,,,,,,,,,,,,,,,,,,,,,,,,,,,,,,,,,,,,
,,,,,,,,,,,,,,,,,,,,,,,,,,,,,,,,,,,,,,,,,,,,,,,,,,,,,,,,,,,,,,,,,,,,,,,,,,,,,,,,,,,
,,,,,,,,,,,,,,,,,,,,,,,,,,,,,,,,,,,,,,,,,,,,,,,,,,,,,,,,,,,,,,,,,,,,,,,,,,,,,,,,,,,
,,,,,,,,,,,,,,,,,,,,,,,,,,,,,,,,,,,,,,,,,,,,,,,,,,,,,,,,,,,,,,,,,,,,,,,,,,,,,,,,,,,
,,,,,,,,,,,,,,,,,,,,,,,,,,,,,,,,,,,,,,,,,,,,,,,,,,,,,,,,,,,,,,,,,,,,,,,,,,,,,,,,,,,
,,,,,,,,,,,,,,,,,,,,,,,,,,,,,,,,,,,,,,,,,,,,,,,,,,,,,,,,,,,,,,,,,,,,,,,,,,,,,,,,,,,
,,,,,,,,,,,,,,,,,,,,,,,,,,,,,,,,,,,,,,,,,,,,,,,,,,,,,,,,,,,,,,,,,,,,,,,,,,,,,,,,,,,
,,,,,,,,,,,,,,,,,,,,,,,,,,,,,,,,,,,,,,,,,,,,,,,,,,,,,,,,,,,,,,,,,,,,,,,,,,,,,,,,,,,
,,,,,,,,,,,,,,,,,,,,,,,,,,,,,,,,,,,,,,,,,,,,,,,,,,,,,,,,,,,,,,,,,,,,,,,,,,,,,,,,,,,
,,,,,,,,,,,,,,,,,,,,,,,,,,,,,,,,,,,,,,,,,,,,,,,,,,,,,,,,,,,,,,,,,,,,,,,,,,,,,,,,,,,
,,,,,,,,,,,,,,,,,,,,,,,,,,,,,,,,,,,,,,,,,,,,,,,,,,,,,,,,,,,,,,,,,,,,,,,,,,,,,,,,,,,
,,,,,,,,,,,,,,,,,,,,,,,,,,,,,,,,,,,,,,,,,,,,,,,,,,,,,,,,,,,,,,,,,,,,,,,,,,,,,,,,,,,
,,,,,,,,,,,,,,,,,,,,,,,,,,,,,,,,,,,,,,,,,,,,,,,,,,,,,,,,,,,,,,,,,,,,,,,,,,,,,,,,,,,
,,,,,,,,,,,,,,,,,,,,,,,,,,,,,,,,,,,,,,,,,,,,,,,,,,,,,,,,,,,,,,,,,,,,,,,,,,,,,,,,,,,
,,,,,,,,,,,,,,,,,,,,,,,,,,,,,,,,,,,,,,,,,,,,,,,,,,,,,,,,,,,,,,,,,,,,,,,,,,,,,,,,,,,
,,,,,,,,,,,,,,,,,,,,,,,,,,,,,,,,,,,,,,,,,,,,,,,,,,,,,,,,,,,,,,,,,,,,,,,,,,,,,,,,,,,
,,,,,,,,,,,,,,,,,,,,,,,,,,,,,,,,,,,,,,,,,,,,,,,,,,,,,,,,,,,,,,,,,,,,,,,,,,,,,,,,,,,
,,,,,,,,,,,,,,,,,,,,,,,,,,,,,,,,,,,,,,,,,,,,,,,,,,,,,,,,,,,,,,,,,,,,,,,,,,,,,,,,,,,
,,,,,,,,,,,,,,,,,,,,,,,,,,,,,,,,,,,,,,,,,,,,,,,,,,,,,,,,,,,,,,,,,,,,,,,,,,,,,,,,,,,
,,,,,,,,,,,,,,,,,,,,,,,,,,,,,,,,,,,,,,,,,,,,,,,,,,,,,,,,,,,,,,,,,,,,,,,,,,,,,,,,,,,
,,,,,,,,,,,,,,,,,,,,,,,,,,,,,,,,,,,,,,,,,,,,,,,,,,,,,,,,,,,,,,,,,,,,,,,,,,,,,,,,,,,
,,,,,,,,,,,,,,,,,,,,,,,,,,,,,,,,,,,,,,,,,,,,,,,,,,,,,,,,,,,,,,,,,,,,,,,,,,,,,,,,,,,
,,,,,,,,,,,,,,,,,,,,,,,,,,,,,,,,,,,,,,,,,,,,,,,,,,,,,,,,,,,,,,,,,,,,,,,,,,,,,,,,,,,
,,,,,,,,,,,,,,,,,,,,,,,,,,,,,,,,,,,,,,,,,,,,,,,,,,,,,,,,,,,,,,,,,,,,,,,,,,,,,,,,,,,
,,,,,,,,,,,,,,,,,,,,,,,,,,,,,,,,,,,,,,,,,,,,,,,,,,,,,,,,,,,,,,,,,,,,,,,,,,,,,,,,,,,
,,,,,,,,,,,,,,,,,,,,,,,,,,,,,,,,,,,,,,,,,,,,,,,,,,,,,,,,,,,,,,,,,,,,,,,,,,,,,,,,,,,
,,,,,,,,,,,,,,,,,,,,,,,,,,,,,,,,,,,,,,,,,,,,,,,,,,,,,,,,,,,,,,,,,,,,,,,,,,,,,,,,,,,
,,,,,,,,,,,,,,,,,,,,,,,,,,,,,,,,,,,,,,,,,,,,,,,,,,,,,,,,,,,,,,,,,,,,,,,,,,,,,,,,,,,
,,,,,,,,,,,,,,,,,,,,,,,,,,,,,,,,,,,,,,,,,,,,,,,,,,,,,,,,,,,,,,,,,,,,,,,,,,,,,,,,,,,
,,,,,,,,,,,,,,,,,,,,,,,,,,,,,,,,,,,,,,,,,,,,,,,,,,,,,,,,,,,,,,,,,,,,,,,,,,,,,,,,,,,
,,,,,,,,,,,,,,,,,,,,,,,,,,,,,,,,,,,,,,,,,,,,,,,,,,,,,,,,,,,,,,,,,,,,,,,,,,,,,,,,,,,
,,,,,,,,,,,,,,,,,,,,,,,,,,,,,,,,,,,,,,,,,,,,,,,,,,,,,,,,,,,,,,,,,,,,,,,,,,,,,,,,,,,
,,,,,,,,,,,,,,,,,,,,,,,,,,,,,,,,,,,,,,,,,,,,,,,,,,,,,,,,,,,,,,,,,,,,,,,,,,,,,,,,,,,
,,,,,,,,,,,,,,,,,,,,,,,,,,,,,,,,,,,,,,,,,,,,,,,,,,,,,,,,,,,,,,,,,,,,,,,,,,,,,,,,,,,
,,,,,,,,,,,,,,,,,,,,,,,,,,,,,,,,,,,,,,,,,,,,,,,,,,,,,,,,,,,,,,,,,,,,,,,,,,,,,,,,,,,
,,,,,,,,,,,,,,,,,,,,,,,,,,,,,,,,,,,,,,,,,,,,,,,,,,,,,,,,,,,,,,,,,,,,,,,,,,,,,,,,,,,
,,,,,,,,,,,,,,,,,,,,,,,,,,,,,,,,,,,,,,,,,,,,,,,,,,,,,,,,,,,,,,,,,,,,,,,,,,,,,,,,,,,
,,,,,,,,,,,,,,,,,,,,,,,,,,,,,,,,,,,,,,,,,,,,,,,,,,,,,,,,,,,,,,,,,,,,,,,,,,,,,,,,,,,
,,,,,,,,,,,,,,,,,,,,,,,,,,,,,,,,,,,,,,,,,,,,,,,,,,,,,,,,,,,,,,,,,,,,,,,,,,,,,,,,,,,
,,,,,,,,,,,,,,,,,,,,,,,,,,,,,,,,,,,,,,,,,,,,,,,,,,,,,,,,,,,,,,,,,,,,,,,,,,,,,,,,,,,
,,,,,,,,,,,,,,,,,,,,,,,,,,,,,,,,,,,,,,,,,,,,,,,,,,,,,,,,,,,,,,,,,,,,,,,,,,,,,,,,,,,
,,,,,,,,,,,,,,,,,,,,,,,,,,,,,,,,,,,,,,,,,,,,,,,,,,,,,,,,,,,,,,,,,,,,,,,,,,,,,,,,,,,
,,,,,,,,,,,,,,,,,,,,,,,,,,,,,,,,,,,,,,,,,,,,,,,,,,,,,,,,,,,,,,,,,,,,,,,,,,,,,,,,,,,
,,,,,,,,,,,,,,,,,,,,,,,,,,,,,,,,,,,,,,,,,,,,,,,,,,,,,,,,,,,,,,,,,,,,,,,,,,,,,,,,,,,
,,,,,,,,,,,,,,,,,,,,,,,,,,,,,,,,,,,,,,,,,,,,,,,,,,,,,,,,,,,,,,,,,,,,,,,,,,,,,,,,,,,
,,,,,,,,,,,,,,,,,,,,,,,,,,,,,,,,,,,,,,,,,,,,,,,,,,,,,,,,,,,,,,,,,,,,,,,,,,,,,,,,,,,
,,,,,,,,,,,,,,,,,,,,,,,,,,,,,,,,,,,,,,,,,,,,,,,,,,,,,,,,,,,,,,,,,,,,,,,,,,,,,,,,,,,
,,,,,,,,,,,,,,,,,,,,,,,,,,,,,,,,,,,,,,,,,,,,,,,,,,,,,,,,,,,,,,,,,,,,,,,,,,,,,,,,,,,
,,,,,,,,,,,,,,,,,,,,,,,,,,,,,,,,,,,,,,,,,,,,,,,,,,,,,,,,,,,,,,,,,,,,,,,,,,,,,,,,,,,
,,,,,,,,,,,,,,,,,,,,,,,,,,,,,,,,,,,,,,,,,,,,,,,,,,,,,,,,,,,,,,,,,,,,,,,,,,,,,,,,,,,
,,,,,,,,,,,,,,,,,,,,,,,,,,,,,,,,,,,,,,,,,,,,,,,,,,,,,,,,,,,,,,,,,,,,,,,,,,,,,,,,,,,
,,,,,,,,,,,,,,,,,,,,,,,,,,,,,,,,,,,,,,,,,,,,,,,,,,,,,,,,,,,,,,,,,,,,,,,,,,,,,,,,,,,
,,,,,,,,,,,,,,,,,,,,,,,,,,,,,,,,,,,,,,,,,,,,,,,,,,,,,,,,,,,,,,,,,,,,,,,,,,,,,,,,,,,
,,,,,,,,,,,,,,,,,,,,,,,,,,,,,,,,,,,,,,,,,,,,,,,,,,,,,,,,,,,,,,,,,,,,,,,,,,,,,,,,,,,
,,,,,,,,,,,,,,,,,,,,,,,,,,,,,,,,,,,,,,,,,,,,,,,,,,,,,,,,,,,,,,,,,,,,,,,,,,,,,,,,,,,
,,,,,,,,,,,,,,,,,,,,,,,,,,,,,,,,,,,,,,,,,,,,,,,,,,,,,,,,,,,,,,,,,,,,,,,,,,,,,,,,,,,
,,,,,,,,,,,,,,,,,,,,,,,,,,,,,,,,,,,,,,,,,,,,,,,,,,,,,,,,,,,,,,,,,,,,,,,,,,,,,,,,,,,
,,,,,,,,,,,,,,,,,,,,,,,,,,,,,,,,,,,,,,,,,,,,,,,,,,,,,,,,,,,,,,,,,,,,,,,,,,,,,,,,,,,
,,,,,,,,,,,,,,,,,,,,,,,,,,,,,,,,,,,,,,,,,,,,,,,,,,,,,,,,,,,,,,,,,,,,,,,,,,,,,,,,,,,
,,,,,,,,,,,,,,,,,,,,,,,,,,,,,,,,,,,,,,,,,,,,,,,,,,,,,,,,,,,,,,,,,,,,,,,,,,,,,,,,,,,
,,,,,,,,,,,,,,,,,,,,,,,,,,,,,,,,,,,,,,,,,,,,,,,,,,,,,,,,,,,,,,,,,,,,,,,,,,,,,,,,,,,
,,,,,,,,,,,,,,,,,,,,,,,,,,,,,,,,,,,,,,,,,,,,,,,,,,,,,,,,,,,,,,,,,,,,,,,,,,,,,,,,,,,
,,,,,,,,,,,,,,,,,,,,,,,,,,,,,,,,,,,,,,,,,,,,,,,,,,,,,,,,,,,,,,,,,,,,,,,,,,,,,,,,,,,
,,,,,,,,,,,,,,,,,,,,,,,,,,,,,,,,,,,,,,,,,,,,,,,,,,,,,,,,,,,,,,,,,,,,,,,,,,,,,,,,,,,
,,,,,,,,,,,,,,,,,,,,,,,,,,,,,,,,,,,,,,,,,,,,,,,,,,,,,,,,,,,,,,,,,,,,,,,,,,,,,,,,,,,
,,,,,,,,,,,,,,,,,,,,,,,,,,,,,,,,,,,,,,,,,,,,,,,,,,,,,,,,,,,,,,,,,,,,,,,,,,,,,,,,,,,
,,,,,,,,,,,,,,,,,,,,,,,,,,,,,,,,,,,,,,,,,,,,,,,,,,,,,,,,,,,,,,,,,,,,,,,,,,,,,,,,,,,
,,,,,,,,,,,,,,,,,,,,,,,,,,,,,,,,,,,,,,,,,,,,,,,,,,,,,,,,,,,,,,,,,,,,,,,,,,,,,,,,,,,
,,,,,,,,,,,,,,,,,,,,,,,,,,,,,,,,,,,,,,,,,,,,,,,,,,,,,,,,,,,,,,,,,,,,,,,,,,,,,,,,,,,
,,,,,,,,,,,,,,,,,,,,,,,,,,,,,,,,,,,,,,,,,,,,,,,,,,,,,,,,,,,,,,,,,,,,,,,,,,,,,,,,,,,
,,,,,,,,,,,,,,,,,,,,,,,,,,,,,,,,,,,,,,,,,,,,,,,,,,,,,,,,,,,,,,,,,,,,,,,,,,,,,,,,,,,
,,,,,,,,,,,,,,,,,,,,,,,,,,,,,,,,,,,,,,,,,,,,,,,,,,,,,,,,,,,,,,,,,,,,,,,,,,,,,,,,,,,
,,,,,,,,,,,,,,,,,,,,,,,,,,,,,,,,,,,,,,,,,,,,,,,,,,,,,,,,,,,,,,,,,,,,,,,,,,,,,,,,,,,
,,,,,,,,,,,,,,,,,,,,,,,,,,,,,,,,,,,,,,,,,,,,,,,,,,,,,,,,,,,,,,,,,,,,,,,,,,,,,,,,,,,
,,,,,,,,,,,,,,,,,,,,,,,,,,,,,,,,,,,,,,,,,,,,,,,,,,,,,,,,,,,,,,,,,,,,,,,,,,,,,,,,,,,
,,,,,,,,,,,,,,,,,,,,,,,,,,,,,,,,,,,,,,,,,,,,,,,,,,,,,,,,,,,,,,,,,,,,,,,,,,,,,,,,,,,
,,,,,,,,,,,,,,,,,,,,,,,,,,,,,,,,,,,,,,,,,,,,,,,,,,,,,,,,,,,,,,,,,,,,,,,,,,,,,,,,,,,
,,,,,,,,,,,,,,,,,,,,,,,,,,,,,,,,,,,,,,,,,,,,,,,,,,,,,,,,,,,,,,,,,,,,,,,,,,,,,,,,,,,
,,,,,,,,,,,,,,,,,,,,,,,,,,,,,,,,,,,,,,,,,,,,,,,,,,,,,,,,,,,,,,,,,,,,,,,,,,,,,,,,,,,
,,,,,,,,,,,,,,,,,,,,,,,,,,,,,,,,,,,,,,,,,,,,,,,,,,,,,,,,,,,,,,,,,,,,,,,,,,,,,,,,,,,
,,,,,,,,,,,,,,,,,,,,,,,,,,,,,,,,,,,,,,,,,,,,,,,,,,,,,,,,,,,,,,,,,,,,,,,,,,,,,,,,,,,
,,,,,,,,,,,,,,,,,,,,,,,,,,,,,,,,,,,,,,,,,,,,,,,,,,,,,,,,,,,,,,,,,,,,,,,,,,,,,,,,,,,
,,,,,,,,,,,,,,,,,,,,,,,,,,,,,,,,,,,,,,,,,,,,,,,,,,,,,,,,,,,,,,,,,,,,,,,,,,,,,,,,,,,
,,,,,,,,,,,,,,,,,,,,,,,,,,,,,,,,,,,,,,,,,,,,,,,,,,,,,,,,,,,,,,,,,,,,,,,,,,,,,,,,,,,
,,,,,,,,,,,,,,,,,,,,,,,,,,,,,,,,,,,,,,,,,,,,,,,,,,,,,,,,,,,,,,,,,,,,,,,,,,,,,,,,,,,
,,,,,,,,,,,,,,,,,,,,,,,,,,,,,,,,,,,,,,,,,,,,,,,,,,,,,,,,,,,,,,,,,,,,,,,,,,,,,,,,,,,
,,,,,,,,,,,,,,,,,,,,,,,,,,,,,,,,,,,,,,,,,,,,,,,,,,,,,,,,,,,,,,,,,,,,,,,,,,,,,,,,,,,
,,,,,,,,,,,,,,,,,,,,,,,,,,,,,,,,,,,,,,,,,,,,,,,,,,,,,,,,,,,,,,,,,,,,,,,,,,,,,,,,,,,
,,,,,,,,,,,,,,,,,,,,,,,,,,,,,,,,,,,,,,,,,,,,,,,,,,,,,,,,,,,,,,,,,,,,,,,,,,,,,,,,,,,
,,,,,,,,,,,,,,,,,,,,,,,,,,,,,,,,,,,,,,,,,,,,,,,,,,,,,,,,,,,,,,,,,,,,,,,,,,,,,,,,,,,
,,,,,,,,,,,,,,,,,,,,,,,,,,,,,,,,,,,,,,,,,,,,,,,,,,,,,,,,,,,,,,,,,,,,,,,,,,,,,,,,,,,
,,,,,,,,,,,,,,,,,,,,,,,,,,,,,,,,,,,,,,,,,,,,,,,,,,,,,,,,,,,,,,,,,,,,,,,,,,,,,,,,,,,
,,,,,,,,,,,,,,,,,,,,,,,,,,,,,,,,,,,,,,,,,,,,,,,,,,,,,,,,,,,,,,,,,,,,,,,,,,,,,,,,,,,
,,,,,,,,,,,,,,,,,,,,,,,,,,,,,,,,,,,,,,,,,,,,,,,,,,,,,,,,,,,,,,,,,,,,,,,,,,,,,,,,,,,
,,,,,,,,,,,,,,,,,,,,,,,,,,,,,,,,,,,,,,,,,,,,,,,,,,,,,,,,,,,,,,,,,,,,,,,,,,,,,,,,,,,
,,,,,,,,,,,,,,,,,,,,,,,,,,,,,,,,,,,,,,,,,,,,,,,,,,,,,,,,,,,,,,,,,,,,,,,,,,,,,,,,,,,
,,,,,,,,,,,,,,,,,,,,,,,,,,,,,,,,,,,,,,,,,,,,,,,,,,,,,,,,,,,,,,,,,,,,,,,,,,,,,,,,,,,
,,,,,,,,,,,,,,,,,,,,,,,,,,,,,,,,,,,,,,,,,,,,,,,,,,,,,,,,,,,,,,,,,,,,,,,,,,,,,,,,,,,
,,,,,,,,,,,,,,,,,,,,,,,,,,,,,,,,,,,,,,,,,,,,,,,,,,,,,,,,,,,,,,,,,,,,,,,,,,,,,,,,,,,
,,,,,,,,,,,,,,,,,,,,,,,,,,,,,,,,,,,,,,,,,,,,,,,,,,,,,,,,,,,,,,,,,,,,,,,,,,,,,,,,,,,
,,,,,,,,,,,,,,,,,,,,,,,,,,,,,,,,,,,,,,,,,,,,,,,,,,,,,,,,,,,,,,,,,,,,,,,,,,,,,,,,,,,
,,,,,,,,,,,,,,,,,,,,,,,,,,,,,,,,,,,,,,,,,,,,,,,,,,,,,,,,,,,,,,,,,,,,,,,,,,,,,,,,,,,
,,,,,,,,,,,,,,,,,,,,,,,,,,,,,,,,,,,,,,,,,,,,,,,,,,,,,,,,,,,,,,,,,,,,,,,,,,,,,,,,,,,
,,,,,,,,,,,,,,,,,,,,,,,,,,,,,,,,,,,,,,,,,,,,,,,,,,,,,,,,,,,,,,,,,,,,,,,,,,,,,,,,,,,
,,,,,,,,,,,,,,,,,,,,,,,,,,,,,,,,,,,,,,,,,,,,,,,,,,,,,,,,,,,,,,,,,,,,,,,,,,,,,,,,,,,
,,,,,,,,,,,,,,,,,,,,,,,,,,,,,,,,,,,,,,,,,,,,,,,,,,,,,,,,,,,,,,,,,,,,,,,,,,,,,,,,,,,
,,,,,,,,,,,,,,,,,,,,,,,,,,,,,,,,,,,,,,,,,,,,,,,,,,,,,,,,,,,,,,,,,,,,,,,,,,,,,,,,,,,
,,,,,,,,,,,,,,,,,,,,,,,,,,,,,,,,,,,,,,,,,,,,,,,,,,,,,,,,,,,,,,,,,,,,,,,,,,,,,,,,,,,
,,,,,,,,,,,,,,,,,,,,,,,,,,,,,,,,,,,,,,,,,,,,,,,,,,,,,,,,,,,,,,,,,,,,,,,,,,,,,,,,,,,
,,,,,,,,,,,,,,,,,,,,,,,,,,,,,,,,,,,,,,,,,,,,,,,,,,,,,,,,,,,,,,,,,,,,,,,,,,,,,,,,,,,
,,,,,,,,,,,,,,,,,,,,,,,,,,,,,,,,,,,,,,,,,,,,,,,,,,,,,,,,,,,,,,,,,,,,,,,,,,,,,,,,,,,
,,,,,,,,,,,,,,,,,,,,,,,,,,,,,,,,,,,,,,,,,,,,,,,,,,,,,,,,,,,,,,,,,,,,,,,,,,,,,,,,,,,
,,,,,,,,,,,,,,,,,,,,,,,,,,,,,,,,,,,,,,,,,,,,,,,,,,,,,,,,,,,,,,,,,,,,,,,,,,,,,,,,,,,
,,,,,,,,,,,,,,,,,,,,,,,,,,,,,,,,,,,,,,,,,,,,,,,,,,,,,,,,,,,,,,,,,,,,,,,,,,,,,,,,,,,
,,,,,,,,,,,,,,,,,,,,,,,,,,,,,,,,,,,,,,,,,,,,,,,,,,,,,,,,,,,,,,,,,,,,,,,,,,,,,,,,,,,
,,,,,,,,,,,,,,,,,,,,,,,,,,,,,,,,,,,,,,,,,,,,,,,,,,,,,,,,,,,,,,,,,,,,,,,,,,,,,,,,,,,
,,,,,,,,,,,,,,,,,,,,,,,,,,,,,,,,,,,,,,,,,,,,,,,,,,,,,,,,,,,,,,,,,,,,,,,,,,,,,,,,,,,
,,,,,,,,,,,,,,,,,,,,,,,,,,,,,,,,,,,,,,,,,,,,,,,,,,,,,,,,,,,,,,,,,,,,,,,,,,,,,,,,,,,
,,,,,,,,,,,,,,,,,,,,,,,,,,,,,,,,,,,,,,,,,,,,,,,,,,,,,,,,,,,,,,,,,,,,,,,,,,,,,,,,,,,
,,,,,,,,,,,,,,,,,,,,,,,,,,,,,,,,,,,,,,,,,,,,,,,,,,,,,,,,,,,,,,,,,,,,,,,,,,,,,,,,,,,
,,,,,,,,,,,,,,,,,,,,,,,,,,,,,,,,,,,,,,,,,,,,,,,,,,,,,,,,,,,,,,,,,,,,,,,,,,,,,,,,,,,
,,,,,,,,,,,,,,,,,,,,,,,,,,,,,,,,,,,,,,,,,,,,,,,,,,,,,,,,,,,,,,,,,,,,,,,,,,,,,,,,,,,
,,,,,,,,,,,,,,,,,,,,,,,,,,,,,,,,,,,,,,,,,,,,,,,,,,,,,,,,,,,,,,,,,,,,,,,,,,,,,,,,,,,
,,,,,,,,,,,,,,,,,,,,,,,,,,,,,,,,,,,,,,,,,,,,,,,,,,,,,,,,,,,,,,,,,,,,,,,,,,,,,,,,,,,
,,,,,,,,,,,,,,,,,,,,,,,,,,,,,,,,,,,,,,,,,,,,,,,,,,,,,,,,,,,,,,,,,,,,,,,,,,,,,,,,,,,
,,,,,,,,,,,,,,,,,,,,,,,,,,,,,,,,,,,,,,,,,,,,,,,,,,,,,,,,,,,,,,,,,,,,,,,,,,,,,,,,,,,
,,,,,,,,,,,,,,,,,,,,,,,,,,,,,,,,,,,,,,,,,,,,,,,,,,,,,,,,,,,,,,,,,,,,,,,,,,,,,,,,,,,
,,,,,,,,,,,,,,,,,,,,,,,,,,,,,,,,,,,,,,,,,,,,,,,,,,,,,,,,,,,,,,,,,,,,,,,,,,,,,,,,,,,
,,,,,,,,,,,,,,,,,,,,,,,,,,,,,,,,,,,,,,,,,,,,,,,,,,,,,,,,,,,,,,,,,,,,,,,,,,,,,,,,,,,
,,,,,,,,,,,,,,,,,,,,,,,,,,,,,,,,,,,,,,,,,,,,,,,,,,,,,,,,,,,,,,,,,,,,,,,,,,,,,,,,,,,
,,,,,,,,,,,,,,,,,,,,,,,,,,,,,,,,,,,,,,,,,,,,,,,,,,,,,,,,,,,,,,,,,,,,,,,,,,,,,,,,,,,
,,,,,,,,,,,,,,,,,,,,,,,,,,,,,,,,,,,,,,,,,,,,,,,,,,,,,,,,,,,,,,,,,,,,,,,,,,,,,,,,,,,
,,,,,,,,,,,,,,,,,,,,,,,,,,,,,,,,,,,,,,,,,,,,,,,,,,,,,,,,,,,,,,,,,,,,,,,,,,,,,,,,,,,
,,,,,,,,,,,,,,,,,,,,,,,,,,,,,,,,,,,,,,,,,,,,,,,,,,,,,,,,,,,,,,,,,,,,,,,,,,,,,,,,,,,
,,,,,,,,,,,,,,,,,,,,,,,,,,,,,,,,,,,,,,,,,,,,,,,,,,,,,,,,,,,,,,,,,,,,,,,,,,,,,,,,,,,
,,,,,,,,,,,,,,,,,,,,,,,,,,,,,,,,,,,,,,,,,,,,,,,,,,,,,,,,,,,,,,,,,,,,,,,,,,,,,,,,,,,
,,,,,,,,,,,,,,,,,,,,,,,,,,,,,,,,,,,,,,,,,,,,,,,,,,,,,,,,,,,,,,,,,,,,,,,,,,,,,,,,,,,
,,,,,,,,,,,,,,,,,,,,,,,,,,,,,,,,,,,,,,,,,,,,,,,,,,,,,,,,,,,,,,,,,,,,,,,,,,,,,,,,,,,
,,,,,,,,,,,,,,,,,,,,,,,,,,,,,,,,,,,,,,,,,,,,,,,,,,,,,,,,,,,,,,,,,,,,,,,,,,,,,,,,,,,
,,,,,,,,,,,,,,,,,,,,,,,,,,,,,,,,,,,,,,,,,,,,,,,,,,,,,,,,,,,,,,,,,,,,,,,,,,,,,,,,,,,
,,,,,,,,,,,,,,,,,,,,,,,,,,,,,,,,,,,,,,,,,,,,,,,,,,,,,,,,,,,,,,,,,,,,,,,,,,,,,,,,,,,
,,,,,,,,,,,,,,,,,,,,,,,,,,,,,,,,,,,,,,,,,,,,,,,,,,,,,,,,,,,,,,,,,,,,,,,,,,,,,,,,,,,
,,,,,,,,,,,,,,,,,,,,,,,,,,,,,,,,,,,,,,,,,,,,,,,,,,,,,,,,,,,,,,,,,,,,,,,,,,,,,,,,,,,
,,,,,,,,,,,,,,,,,,,,,,,,,,,,,,,,,,,,,,,,,,,,,,,,,,,,,,,,,,,,,,,,,,,,,,,,,,,,,,,,,,,
,,,,,,,,,,,,,,,,,,,,,,,,,,,,,,,,,,,,,,,,,,,,,,,,,,,,,,,,,,,,,,,,,,,,,,,,,,,,,,,,,,,
,,,,,,,,,,,,,,,,,,,,,,,,,,,,,,,,,,,,,,,,,,,,,,,,,,,,,,,,,,,,,,,,,,,,,,,,,,,,,,,,,,,
,,,,,,,,,,,,,,,,,,,,,,,,,,,,,,,,,,,,,,,,,,,,,,,,,,,,,,,,,,,,,,,,,,,,,,,,,,,,,,,,,,,
,,,,,,,,,,,,,,,,,,,,,,,,,,,,,,,,,,,,,,,,,,,,,,,,,,,,,,,,,,,,,,,,,,,,,,,,,,,,,,,,,,,
,,,,,,,,,,,,,,,,,,,,,,,,,,,,,,,,,,,,,,,,,,,,,,,,,,,,,,,,,,,,,,,,,,,,,,,,,,,,,,,,,,,