unitid,institution name,year,OPE Title IV eligibility indicator code,Institution size category,Undergraduate enrollment,Transfer-in degree/certificate-seeking undergraduate enrollment,Part-time undergraduate enrollment,"Adult age (25-64) enrollment, undergraduate",Percent of undergraduate students awarded Federal Pell grants,Percent admitted - total,Total price for in-state students living off campus (not with family)  2023-24,Institution size category,Degree of urbanization (Urban-centric locale),"Average net price-students awarded grant or scholarship aid, 2022-23",SAT Evidence-Based Reading and Writing 75th percentile score,SAT Math 75th percentile score,ACT Composite 75th percentile score,8-year Graduation rate - bachelor's degree within 200% of normal time,4-year Graduation rate,6-year Graduation rate,SAT Aggregate,Transfer-in Percentage,,
177834,A T Still University of Health Sciences,2023,Participates in Title IV federal financial aid programs,"1,000 - 4,999",0,0,0,0,,,,"1,000 - 4,999",Town: Remote,,,,,,,,0,,,
180203,Aaniiih Nakoda College,2023,Participates in Title IV federal financial aid programs,"Under 1,000",133,1,40,50,53,,18220,"Under 1,000",Rural: Remote,10527,,,,,,,0,0.01,,
491464,ABC Adult School,2023,Participates in Title IV federal financial aid programs,"Under 1,000",185,0,63,126,26,,,"Under 1,000",Suburb: Large,16096,,,,,,,0,0.00,,
222178,Abilene Christian University,2023,Participates in Title IV federal financial aid programs,"5,000 - 9,999",3188,103,137,65,22,64,59402,"5,000 - 9,999",City: Midsize,28311,650,640,28,61,46,60,1290,0.03,,
497037,Abilene Christian University-Undergraduate Online,2023,Branch campus of a main campus that participates in Title IV,"Under 1,000",918,248,302,632,60,100,30670,"Under 1,000",Suburb: Large,12764,,,,,,,0,0.27,,
138558,Abraham Baldwin Agricultural College,2023,Participates in Title IV federal financial aid programs,"1,000 - 4,999",3768,160,1295,308,34,77,13595,"1,000 - 4,999",Town: Distant,6923,570,540,21,35,16,28,1110,0.04,,
457989,Academy for Careers and Technology,2023,Participates in Title IV federal financial aid programs,"Under 1,000",45,0,0,38,35,,,"Under 1,000",Town: Distant,9117,,,,,,,0,0.00,,
451079,Academy for Five Element Acupuncture,2023,Participates in Title IV federal financial aid programs,"Under 1,000",0,0,0,0,,,,"Under 1,000",City: Midsize,,,,,,,,0,,,
497718,Academy for Jewish Religion,2023,Participates in Title IV federal financial aid programs,"Under 1,000",0,0,0,0,,,,"Under 1,000",Suburb: Large,,,,,,,,0,,,
457271,Academy for Jewish Religion California,2023,Participates in Title IV federal financial aid programs,"Under 1,000",0,0,0,0,,,,"Under 1,000",City: Large,,,,,,,,0,,,
412173,Academy for Nursing and Health Occupations,2023,Participates in Title IV federal financial aid programs,"Under 1,000",559,94,0,447,53,,,"Under 1,000",Suburb: Large,20079,,,,,,,0,0.17,,
237729,Academy of Careers and Technology,2023,Participates in Title IV federal financial aid programs,"Under 1,000",147,0,53,49,39,,,"Under 1,000",City: Small,4271,,,,,,,0,0.00,,
108269,Academy of Chinese Culture and Health Sciences,2023,Participates in Title IV federal financial aid programs,"Under 1,000",0,0,0,0,,,,"Under 1,000",City: Large,,,,,,,,0,,,
482185,Academy of Interactive Entertainment,2023,Participates in Title IV federal financial aid programs,"Under 1,000",76,0,0,22,49,65,46356,"Under 1,000",City: Large,37331,,,,,,,0,0.00,,
487658,Academy of Interactive Entertainment,2023,Participates in Title IV federal financial aid programs,"Under 1,000",113,24,0,13,48,80,38471,"Under 1,000",City: Midsize,32896,,,,,,,0,0.21,,
210508,Academy of Vocal Arts,2023,Deferment only - limited participation,"Under 1,000",,,,,,,,"Under 1,000",City: Large,,,,,,,,0,,,
384306,Acupuncture and Integrative Medicine College-Berkeley,2023,Participates in Title IV federal financial aid programs,"Under 1,000",0,0,0,0,,,,"Under 1,000",City: Midsize,,,,,,,,0,,,
126182,Adams State University,2023,Participates in Title IV federal financial aid programs,"1,000 - 4,999",1576,168,509,229,35,,30325,"1,000 - 4,999",Town: Remote,13800,,,,36,16,27,0,0.11,,
188429,Adelphi University,2023,Participates in Title IV federal financial aid programs,"5,000 - 9,999",5124,250,233,230,29,78,73316,"5,000 - 9,999",Suburb: Large,28671,650,660,30,72,59,69,1310,0.05,,
374024,Adler Graduate School,2023,Participates in Title IV federal financial aid programs,"Under 1,000",0,0,0,0,,,,"Under 1,000",City: Small,,,,,,,,0,,,
142832,Adler University,2023,Participates in Title IV federal financial aid programs,"1,000 - 4,999",9,0,9,9,0,,,"1,000 - 4,999",City: Large,,,,,,,,0,0.00,,
168528,Adrian College,2023,Participates in Title IV federal financial aid programs,"1,000 - 4,999",1678,74,57,24,31,68,57004,"1,000 - 4,999",Town: Distant,22053,570,550,26,51,44,53,1120,0.04,,
203030,Adult and Community Education-Hudson,2023,Participates in Title IV federal financial aid programs,"Under 1,000",37,0,0,25,72,100,,"Under 1,000",City: Large,15805,,,,,,,0,0.00,,
183983,Adult and Continuing Education-BCTS,2023,Participates in Title IV federal financial aid programs,"Under 1,000",54,0,0,15,35,,,"Under 1,000",Suburb: Large,14808,,,,,,,0,0.00,,
133872,AdventHealth University,2023,Participates in Title IV federal financial aid programs,"1,000 - 4,999",1221,244,760,578,37,,50250,"1,000 - 4,999",City: Large,30340,,,,42,34,34,0,0.20,,
496399,Agape College of Business and Science,2023,Participates in Title IV federal financial aid programs,"Under 1,000",41,6,0,23,41,,32808,"Under 1,000",City: Large,18571,,,,,,,0,0.15,,
138600,Agnes Scott College,2023,Participates in Title IV federal financial aid programs,"1,000 - 4,999",911,14,7,7,36,67,54058,"1,000 - 4,999",Suburb: Large,25609,710,640,31,75,61,71,1350,0.02,,
498915,Agora University,2023,"Not currently participating in Title IV, does not have OPE ID number",Not reported,,,,,,,,Not reported,Suburb: Large,,,,,,,,0,,,
217615,Aiken Technical College,2023,Participates in Title IV federal financial aid programs,"1,000 - 4,999",2218,159,1550,854,45,,18254,"1,000 - 4,999",Suburb: Large,5848,,,,,,,0,0.07,,
126207,Aims Community College,2023,Participates in Title IV federal financial aid programs,"5,000 - 9,999",7529,59,5861,1361,17,,25286,"5,000 - 9,999",City: Midsize,7651,,,,,,,0,0.01,,
200697,Air Force Institute of Technology-Graduate School of Engineering & Management,2023,Deferment only - limited participation,"1,000 - 4,999",0,0,0,0,,,,"1,000 - 4,999",Suburb: Large,,,,,,,,0,,,
100654,Alabama A & M University,2023,Participates in Title IV federal financial aid programs,"5,000 - 9,999",5845,280,624,413,64,66,27482,"5,000 - 9,999",City: Midsize,14064,540,520,19,30,15,29,1060,0.05,,
483975,Alabama College of Osteopathic Medicine,2023,Participates in Title IV federal financial aid programs,"Under 1,000",0,0,0,0,,,,"Under 1,000",City: Small,,,,,,,,0,,,
100724,Alabama State University,2023,Participates in Title IV federal financial aid programs,"1,000 - 4,999",3322,140,363,229,72,96,25298,"1,000 - 4,999",City: Midsize,13504,538,531,20,30,13,30,1069,0.04,,
199786,Alamance Community College,2023,Participates in Title IV federal financial aid programs,"1,000 - 4,999",3739,89,2494,794,25,,30801,"1,000 - 4,999",Suburb: Midsize,18766,,,,,,,0,0.02,,
102580,Alaska Bible College,2023,Participates in Title IV federal financial aid programs,"Under 1,000",65,7,47,13,49,,28903,"Under 1,000",Suburb: Small,14844,,,,33,100,100,0,0.11,,
442523,Alaska Christian College,2023,Participates in Title IV federal financial aid programs,"Under 1,000",64,0,8,12,78,89,24291,"Under 1,000",Rural: Fringe,7443,,,,,,,0,0.00,,
102669,Alaska Pacific University,2023,Participates in Title IV federal financial aid programs,"Under 1,000",437,74,122,237,34,86,45160,"Under 1,000",City: Large,23667,,,,25,19,41,0,0.17,,
102711,Alaska Vocational Technical Center,2023,Participates in Title IV federal financial aid programs,"Under 1,000",452,0,304,219,6,,,"Under 1,000",Rural: Remote,15051,,,,,,,0,0.00,,
418038,Albany BOCES-Adult Practical Nursing Program,2023,Participates in Title IV federal financial aid programs,"Under 1,000",161,0,0,99,72,,,"Under 1,000",Suburb: Large,20020,,,,,,,0,0.00,,
188526,Albany College of Pharmacy and Health Sciences,2023,Participates in Title IV federal financial aid programs,"Under 1,000",547,25,43,32,29,59,58255,"Under 1,000",City: Midsize,26804,680,700,33,60,44,60,1380,0.05,,
188535,Albany Law School,2023,Participates in Title IV federal financial aid programs,"Under 1,000",0,0,0,0,,,,"Under 1,000",City: Midsize,,,,,,,,0,,,
188580,Albany Medical College,2023,Participates in Title IV federal financial aid programs,"Under 1,000",0,0,0,0,,,,"Under 1,000",City: Midsize,,,,,,,,0,,,
138716,Albany State University,2023,Participates in Title IV federal financial aid programs,"5,000 - 9,999",6018,362,1665,1086,65,,20960,"5,000 - 9,999",City: Small,13775,,,,37,14,29,0,0.06,,
138682,Albany Technical College,2023,Participates in Title IV federal financial aid programs,"1,000 - 4,999",2761,287,1831,1320,62,,16335,"1,000 - 4,999",City: Small,4986,,,,,,,0,0.10,,
385415,Albert Einstein College of Medicine,2023,Participates in Title IV federal financial aid programs,"1,000 - 4,999",0,0,0,0,,,,"1,000 - 4,999",City: Large,,,,,,,,0,,,
128498,Albertus Magnus College,2023,Participates in Title IV federal financial aid programs,"1,000 - 4,999",892,73,93,273,47,64,63694,"1,000 - 4,999",City: Midsize,30179,,,,56,38,46,0,0.08,,
168546,Albion College,2023,Participates in Title IV federal financial aid programs,"1,000 - 4,999",1354,35,15,11,45,83,70586,"1,000 - 4,999",Town: Distant,18470,,,,66,46,57,0,0.03,,
132842,Albizu University-Miami,2023,Participates in Title IV federal financial aid programs,"Under 1,000",226,44,110,176,52,100,53367,"Under 1,000",City: Small,36302,,,,0,60,60,0,0.19,,
241331,Albizu University-San Juan,2023,Participates in Title IV federal financial aid programs,"1,000 - 4,999",763,169,158,143,69,100,32195,"1,000 - 4,999",City: Large,10732,,,,45,65,69,0,0.22,,
210571,Albright College,2023,Participates in Title IV federal financial aid programs,"1,000 - 4,999",1328,68,106,128,50,86,46822,"1,000 - 4,999",City: Small,22116,,,,47,42,42,0,0.05,,
175342,Alcorn State University,2023,Participates in Title IV federal financial aid programs,"1,000 - 4,999",2432,179,466,253,77,25,25222,"1,000 - 4,999",Rural: Remote,13155,495,503,24,43,35,45,998,0.07,,
495192,Alder Graduate School of Education,2023,Participates in Title IV federal financial aid programs,"Under 1,000",0,0,0,0,,,,"Under 1,000",City: Small,,,,,,,,0,,,
237118,Alderson Broaddus University,2023,"Not currently participating in Title IV, has an OPE ID number",Not applicable,,,,,,,,Not applicable,Rural: Distant,,,,,,,,0,,,
172918,Alexandria Technical & Community College,2023,Participates in Title IV federal financial aid programs,"1,000 - 4,999",3038,205,1874,539,16,,20061,"1,000 - 4,999",Town: Remote,13947,,,,,,,0,0.07,,
188641,Alfred University,2023,Participates in Title IV federal financial aid programs,"1,000 - 4,999",1422,88,41,60,39,48,57900,"1,000 - 4,999",Rural: Distant,26127,640,640,31,60,43,56,1280,0.06,,
156189,Alice Lloyd College,2023,Participates in Title IV federal financial aid programs,"Under 1,000",553,24,36,14,56,86,27780,"Under 1,000",Rural: Remote,18066,,,21,30,18,26,0,0.04,,
108807,Allan Hancock College,2023,Participates in Title IV federal financial aid programs,"10,000 - 19,999",11104,359,8015,2675,23,,27717,"10,000 - 19,999",City: Midsize,6701,,,,,,,0,0.03,,
161688,Allegany College of Maryland,2023,Participates in Title IV federal financial aid programs,"1,000 - 4,999",2665,332,1804,818,30,,25150,"1,000 - 4,999",Town: Remote,9279,,,,,,,0,0.12,,
210669,Allegheny College,2023,Participates in Title IV federal financial aid programs,"1,000 - 4,999",1231,26,78,24,25,59,69756,"1,000 - 4,999",Town: Distant,27929,690,660,31,75,59,67,1350,0.02,,
200873,Allegheny Wesleyan College,2023,Participates in Title IV federal financial aid programs,"Under 1,000",70,1,27,3,45,,15270,"Under 1,000",Rural: Fringe,7034,,,,42,0,27,0,0.01,,
152798,Allen College,2023,Participates in Title IV federal financial aid programs,"Under 1,000",279,159,39,46,27,,35644,"Under 1,000",City: Small,,,,,,,,0,0.57,,
154642,Allen County Community College,2023,Participates in Title IV federal financial aid programs,"1,000 - 4,999",1817,19,1131,233,17,,16824,"1,000 - 4,999",Town: Remote,7760,,,,,,,0,0.01,,
217624,Allen University,2023,Participates in Title IV federal financial aid programs,"Under 1,000",635,56,10,43,80,32,24612,"Under 1,000",City: Midsize,11058,,,,23,7,13,0,0.09,,
194161,Alliance University,2023,"Not currently participating in Title IV, has an OPE ID number",Not applicable,,,,,,,,Not applicable,City: Large,,,,,,,,0,,,
168591,Alma College,2023,Participates in Title IV federal financial aid programs,"1,000 - 4,999",1235,35,38,19,21,66,59966,"1,000 - 4,999",Town: Distant,24862,,,,63,51,64,0,0.03,,
168607,Alpena Community College,2023,Participates in Title IV federal financial aid programs,"1,000 - 4,999",1530,33,1034,208,21,,18758,"1,000 - 4,999",Town: Remote,4091,,,,,33,33,0,0.02,,
445461,Altierus Career College-Bissonnet,2023,"Not currently participating in Title IV, has an OPE ID number",Not applicable,,,,,,,,Not applicable,City: Large,,,,,,,,0,,,
443748,Altierus Career College-Norcross,2023,"Not currently participating in Title IV, has an OPE ID number",Not applicable,,,,,,,,Not applicable,Suburb: Large,,,,,,,,0,,,
137801,Altierus Career College-Tampa,2023,"Not currently participating in Title IV, has an OPE ID number",Not applicable,,,,,,,,Not applicable,City: Large,,,,,,,,0,,,
210775,Alvernia University,2023,Participates in Title IV federal financial aid programs,"1,000 - 4,999",2050,64,334,378,34,62,53010,"1,000 - 4,999",City: Small,26166,620,633,,67,41,58,1253,0.03,,
238193,Alverno College,2023,Participates in Title IV federal financial aid programs,"1,000 - 4,999",887,103,269,198,49,93,59575,"1,000 - 4,999",City: Large,17884,,,,49,36,52,0,0.12,,
222567,Alvin Community College,2023,Participates in Title IV federal financial aid programs,"5,000 - 9,999",5830,1127,4514,1373,23,,18381,"5,000 - 9,999",Suburb: Large,5121,,,,,,,0,0.19,,
222576,Amarillo College,2023,Participates in Title IV federal financial aid programs,"5,000 - 9,999",9215,186,5760,2542,44,,16781,"5,000 - 9,999",City: Midsize,6079,,,,,,,0,0.02,,
222628,Amberton University,2023,Participates in Title IV federal financial aid programs,"Under 1,000",111,27,82,96,23,,,"Under 1,000",Suburb: Large,,,,,,,,0,0.24,,
490081,America Evangelical University,2023,Participates in Title IV federal financial aid programs,"Under 1,000",71,1,19,66,55,,26400,"Under 1,000",City: Small,24350,,,,,0,100,0,0.01,,
188687,American Academy McAllister Institute of Funeral Service,2023,Participates in Title IV federal financial aid programs,"Under 1,000",282,40,222,221,37,,32018,"Under 1,000",City: Large,20049,,,,,,,0,0.14,,
108852,American Academy of Dramatic Arts-Los Angeles,2023,Participates in Title IV federal financial aid programs,"Under 1,000",169,31,0,34,28,90,60540,"Under 1,000",City: Large,42794,,,,,,,0,0.18,,
188678,American Academy of Dramatic Arts-New York,2023,Participates in Title IV federal financial aid programs,"Under 1,000",225,0,0,42,22,81,62502,"Under 1,000",City: Large,49205,,,,,,,0,0.00,,
219505,American Baptist College,2023,Participates in Title IV federal financial aid programs,"Under 1,000",48,0,10,36,68,,28028,"Under 1,000",City: Large,18124,,,,10,0,33,0,0.00,,
210809,American College of Financial Services,2023,"Not currently participating in Title IV, has an OPE ID number","1,000 - 4,999",3963,0,3963,3765,0,,,"1,000 - 4,999",Suburb: Large,,,,,,,,0,0.00,,
485698,American College of the Building Arts,2023,Participates in Title IV federal financial aid programs,"Under 1,000",140,0,1,44,20,62,38984,"Under 1,000",City: Midsize,26246,610,620,26,46,55,55,1230,0.00,,
108870,American Film Institute Conservatory,2023,Participates in Title IV federal financial aid programs,"Under 1,000",0,0,0,0,,,,"Under 1,000",City: Large,,,,,,,,0,,,
164447,American International College,2023,Participates in Title IV federal financial aid programs,"1,000 - 4,999",1331,81,265,99,50,97,54430,"1,000 - 4,999",City: Midsize,21454,,,,43,32,42,0,0.06,,
142957,American Islamic College,2023,"Not currently participating in Title IV, has an OPE ID number","Under 1,000",6,2,4,3,0,100,15250,"Under 1,000",City: Large,8750,,,,50,,,0,0.33,,
116846,American Jewish University,2023,Participates in Title IV federal financial aid programs,"Under 1,000",117,49,88,58,12,,,"Under 1,000",City: Large,,,,,50,31,31,0,0.42,,
188854,American Musical and Dramatic Academy,2023,Participates in Title IV federal financial aid programs,"1,000 - 4,999",1502,211,0,62,36,25,65760,"1,000 - 4,999",City: Large,46130,,,,68,58,59,0,0.14,,
109208,American River College,2023,Participates in Title IV federal financial aid programs,"20,000 and above",29908,3952,24972,13787,20,,30106,"20,000 and above",Suburb: Large,6896,,,,,,,0,0.13,,
240736,American Samoa Community College,2023,Participates in Title IV federal financial aid programs,"Under 1,000",909,6,379,110,67,,14760,"Under 1,000",Rural: Fringe,4468,,,,100,73,73,0,0.01,,
131159,American University,2023,Participates in Title IV federal financial aid programs,"10,000 - 19,999",7817,148,284,107,13,47,74659,"10,000 - 19,999",City: Large,40189,740,710,33,79,72,78,1450,0.02,,
241100,American University of Puerto Rico,2023,"Not currently participating in Title IV, has an OPE ID number","Under 1,000",,,,,75,,21852,"Under 1,000",City: Midsize,8876,,,,,,,0,,,
241128,American University of Puerto Rico,2023,"Not currently participating in Title IV, has an OPE ID number","Under 1,000",,,,,77,,21852,"Under 1,000",Suburb: Large,9581,,,,,,,0,,,
164465,Amherst College,2023,Participates in Title IV federal financial aid programs,"1,000 - 4,999",1910,19,0,21,22,10,87640,"1,000 - 4,999",City: Small,17965,770,780,35,94,73,93,1550,0.01,,
100690,Amridge University,2023,Participates in Title IV federal financial aid programs,"Under 1,000",226,170,97,189,68,,,"Under 1,000",City: Midsize,,,,,67,40,40,0,0.75,,
483595,Ana G. Mendez University,2023,Participates in Title IV federal financial aid programs,"5,000 - 9,999",4915,358,1908,3490,45,,30196,"5,000 - 9,999",City: Large,,,,,,,,0,0.07,,
151865,Anabaptist Mennonite Biblical Seminary,2023,Participates in Title IV federal financial aid programs,"Under 1,000",0,0,0,0,,,,"Under 1,000",City: Small,,,,,,,,0,,,
150066,Anderson University,2023,Participates in Title IV federal financial aid programs,"1,000 - 4,999",1095,43,78,74,36,53,48640,"1,000 - 4,999",City: Small,21914,590,580,23,63,42,49,1170,0.04,,
217633,Anderson University,2023,Participates in Title IV federal financial aid programs,"1,000 - 4,999",3413,155,420,177,22,53,52900,"1,000 - 4,999",City: Small,22222,660,630,28,64,62,68,1290,0.05,,
138761,Andrew College,2023,Participates in Title IV federal financial aid programs,"Under 1,000",294,40,73,76,62,51,,"Under 1,000",Rural: Remote,22806,,,,,0,0,0,0.14,,
168740,Andrews University,2023,Participates in Title IV federal financial aid programs,"1,000 - 4,999",1312,91,155,145,22,87,53776,"1,000 - 4,999",Town: Fringe,24874,690,680,28,74,50,66,1370,0.07,,
222822,Angelina College,2023,Participates in Title IV federal financial aid programs,"1,000 - 4,999",3896,166,2577,771,39,,21227,"1,000 - 4,999",Town: Remote,10010,,,,,,,0,0.04,,
222831,Angelo State University,2023,Participates in Title IV federal financial aid programs,"10,000 - 19,999",9623,410,4564,710,27,79,25189,"10,000 - 19,999",City: Small,12518,580,560,24,46,29,41,1140,0.04,,
164492,Anna Maria College,2023,Participates in Title IV federal financial aid programs,"1,000 - 4,999",995,94,163,183,34,90,57064,"1,000 - 4,999",Rural: Fringe,28732,,,,48,29,40,0,0.09,,
161767,Anne Arundel Community College,2023,Participates in Title IV federal financial aid programs,"10,000 - 19,999",11158,461,8229,3273,20,,26468,"10,000 - 19,999",Suburb: Large,15746,,,,,,,0,0.04,,
475705,Annenberg School of Nursing,2023,Participates in Title IV federal financial aid programs,"Under 1,000",24,0,0,13,48,80,,"Under 1,000",City: Large,20811,,,,,,,0,0.00,,
172954,Anoka Technical College,2023,Participates in Title IV federal financial aid programs,"1,000 - 4,999",1822,461,1003,814,33,,29881,"1,000 - 4,999",Suburb: Large,11488,,,,,,,0,0.25,,
172963,Anoka-Ramsey Community College,2023,Participates in Title IV federal financial aid programs,"5,000 - 9,999",7843,593,5223,1109,20,,29036,"5,000 - 9,999",Suburb: Large,10882,,,,,,,0,0.08,,
109350,Antelope Valley Community College District,2023,Participates in Title IV federal financial aid programs,"10,000 - 19,999",12937,526,9028,4004,42,,17256,"10,000 - 19,999",Suburb: Large,8294,,,,,,,0,0.04,,
483018,Antioch College,2023,Participates in Title IV federal financial aid programs,"Under 1,000",127,5,0,24,75,82,52343,"Under 1,000",Rural: Fringe,10979,,,,32,11,26,0,0.04,,
245892,Antioch University,2023,Participates in Title IV federal financial aid programs,"Under 1,000",107,37,51,89,43,,,"Under 1,000",Rural: Fringe,,,,,,,,0,0.35,,
245838,Antioch University-Los Angeles,2023,Participates in Title IV federal financial aid programs,"Under 1,000",61,10,39,55,35,,,"Under 1,000",Suburb: Large,,,,,,,,0,0.16,,
245865,Antioch University-New England,2023,Participates in Title IV federal financial aid programs,"Under 1,000",0,0,0,0,,,,"Under 1,000",Town: Distant,,,,,,,,0,,,
245847,Antioch University-Santa Barbara,2023,Participates in Title IV federal financial aid programs,"Under 1,000",52,12,38,35,42,,,"Under 1,000",City: Small,,,,,,,,0,0.23,,
245883,Antioch University-Seattle,2023,Participates in Title IV federal financial aid programs,"Under 1,000",81,28,64,69,33,,,"Under 1,000",City: Large,,,,,,,,0,0.35,,
485342,Aparicio-Levy Technical College,2023,Participates in Title IV federal financial aid programs,"Under 1,000",310,0,173,40,7,,,"Under 1,000",Suburb: Large,,,,,,,,0,0.00,,
201034,Apollo Career Center,2023,Participates in Title IV federal financial aid programs,"Under 1,000",527,0,397,274,10,,,"Under 1,000",Suburb: Small,579,,,,,,,0,0.00,,
237136,Appalachian Bible College,2023,Participates in Title IV federal financial aid programs,"Under 1,000",215,9,56,50,41,99,29830,"Under 1,000",Suburb: Small,18749,630,570,23,71,58,70,1200,0.04,,
449922,Appalachian College of Pharmacy,2023,Participates in Title IV federal financial aid programs,"Under 1,000",0,0,0,0,,,,"Under 1,000",Rural: Distant,,,,,,,,0,,,
432348,Appalachian School of Law,2023,Participates in Title IV federal financial aid programs,"Under 1,000",0,0,0,0,,,,"Under 1,000",Rural: Remote,,,,,,,,0,,,
197869,Appalachian State University,2023,Participates in Title IV federal financial aid programs,"20,000 and above",19405,1591,1285,1132,26,89,24444,"20,000 and above",Town: Distant,14712,650,630,27,74,58,73,1280,0.08,,
417716,Applied Technology Services,2023,Participates in Title IV federal financial aid programs,"Under 1,000",152,0,0,119,74,36,,"Under 1,000",Suburb: Large,19342,,,,,,,0,0.00,,
168786,Aquinas College,2023,Participates in Title IV federal financial aid programs,"1,000 - 4,999",1209,61,74,61,23,71,54544,"1,000 - 4,999",City: Midsize,19890,620,590,25,61,43,62,1210,0.05,,
176600,Aquinas Institute of Theology,2023,Participates in Title IV federal financial aid programs,"Under 1,000",0,0,0,0,,,,"Under 1,000",City: Large,,,,,,,,0,,,
126289,Arapahoe Community College,2023,Participates in Title IV federal financial aid programs,"10,000 - 19,999",13978,775,11454,2484,10,,27613,"10,000 - 19,999",Suburb: Large,9786,,,,,,,0,0.06,,
211088,Arcadia University,2023,Participates in Title IV federal financial aid programs,"1,000 - 4,999",1890,72,308,77,28,79,76030,"1,000 - 4,999",Suburb: Large,26994,650,660,30,62,59,64,1310,0.04,,
105899,Arizona Christian University,2023,Participates in Title IV federal financial aid programs,"1,000 - 4,999",1210,142,153,99,33,74,59157,"1,000 - 4,999",Suburb: Large,32397,,,,36,34,41,0,0.12,,
104151,Arizona State University Campus Immersion,2023,Participates in Title IV federal financial aid programs,"20,000 and above",65174,3991,5467,4990,30,90,32357,"20,000 and above",City: Midsize,16401,,,,68,55,68,0,0.06,,
483124,Arizona State University Digital Immersion,2023,Participates in Title IV federal financial aid programs,"20,000 and above",49310,11340,29952,28848,38,64,,"20,000 and above",City: Midsize,,,,,29,,,0,0.23,,
104160,Arizona Western College,2023,Participates in Title IV federal financial aid programs,"5,000 - 9,999",8038,906,5891,1733,39,,19071,"5,000 - 9,999",City: Small,9818,,,,,,,0,0.11,,
106306,Arkansas Baptist College,2023,Participates in Title IV federal financial aid programs,"Under 1,000",373,29,47,73,46,,22014,"Under 1,000",City: Midsize,11047,,,,0,1,3,0,0.08,,
488527,Arkansas Colleges of Health Education,2023,Participates in Title IV federal financial aid programs,"Under 1,000",0,0,0,0,,,,"Under 1,000",City: Small,,,,,,,,0,,,
107327,Arkansas Northeastern College,2023,Participates in Title IV federal financial aid programs,"1,000 - 4,999",1451,44,1064,293,23,,18524,"1,000 - 4,999",Town: Remote,6699,,,,,,,0,0.03,,
106458,Arkansas State University,2023,Participates in Title IV federal financial aid programs,"10,000 - 19,999",8760,826,3450,1753,37,70,27727,"10,000 - 19,999",City: Small,13002,590,590,25,54,41,53,1180,0.09,,
107318,Arkansas State University Mid-South,2023,Participates in Title IV federal financial aid programs,"1,000 - 4,999",1021,48,866,192,36,,23594,"1,000 - 4,999",Suburb: Large,4128,,,,,,,0,0.05,,
107521,Arkansas State University Three Rivers,2023,Participates in Title IV federal financial aid programs,"1,000 - 4,999",2028,79,1592,230,14,,20054,"1,000 - 4,999",Town: Fringe,6098,,,,,,,0,0.04,,
106449,Arkansas State University-Beebe,2023,Participates in Title IV federal financial aid programs,"1,000 - 4,999",3010,155,1627,588,33,,25044,"1,000 - 4,999",Town: Fringe,8996,,,,,,,0,0.05,,
420538,Arkansas State University-Mountain Home,2023,Participates in Title IV federal financial aid programs,"1,000 - 4,999",1284,96,775,360,43,,21134,"1,000 - 4,999",Town: Remote,9661,,,,,,,0,0.07,,
440402,Arkansas State University-Newport,2023,Participates in Title IV federal financial aid programs,"1,000 - 4,999",1732,117,1053,542,41,,19284,"1,000 - 4,999",Rural: Fringe,8563,,,,,,,0,0.07,,
106467,Arkansas Tech University,2023,Participates in Title IV federal financial aid programs,"5,000 - 9,999",8808,283,3868,1144,34,96,30739,"5,000 - 9,999",Town: Remote,11443,580,570,24,44,32,43,1150,0.03,,
222877,Arlington Baptist University,2023,Participates in Title IV federal financial aid programs,"Under 1,000",268,47,7,12,55,,43493,"Under 1,000",City: Large,26503,,,,23,0,5,0,0.18,,
188915,Arnot Ogden Medical Center,2023,Participates in Title IV federal financial aid programs,"Under 1,000",29,11,27,22,50,100,,"Under 1,000",City: Small,18332,,,,,,,0,0.38,,
201061,Art Academy of Cincinnati,2023,Participates in Title IV federal financial aid programs,"Under 1,000",255,19,10,22,48,33,55100,"Under 1,000",City: Large,28899,,,,38,33,44,0,0.07,,
109651,Art Center College of Design,2023,Participates in Title IV federal financial aid programs,"1,000 - 4,999",2079,135,235,325,24,75,79896,"1,000 - 4,999",City: Midsize,53306,,,,83,39,83,0,0.06,,
156222,Asbury Theological Seminary,2023,Participates in Title IV federal financial aid programs,"1,000 - 4,999",0,0,0,0,,,,"1,000 - 4,999",Town: Fringe,,,,,,,,0,,,
156213,Asbury University,2023,Participates in Title IV federal financial aid programs,"1,000 - 4,999",1638,105,414,224,26,64,45112,"1,000 - 4,999",Town: Fringe,21375,,,,65,57,65,0,0.06,,
458113,Ascent College,2023,Participates in Title IV federal financial aid programs,"Under 1,000",87,5,86,53,26,,27410,"Under 1,000",Suburb: Large,,,,,0,0,33,0,0.06,,
197887,Asheville-Buncombe Technical Community College,2023,Participates in Title IV federal financial aid programs,"5,000 - 9,999",6297,581,4890,1828,29,,22032,"5,000 - 9,999",City: Small,12734,,,,,,,0,0.09,,
156231,Ashland Community and Technical College,2023,Participates in Title IV federal financial aid programs,"1,000 - 4,999",2559,112,1509,706,43,,17914,"1,000 - 4,999",City: Small,6537,,,,,,,0,0.04,,
201098,Ashland County-West Holmes Career Center,2023,Participates in Title IV federal financial aid programs,"Under 1,000",35,0,7,21,43,,,"Under 1,000",Rural: Distant,13904,,,,,,,0,0.00,,
201104,Ashland University,2023,Participates in Title IV federal financial aid programs,"1,000 - 4,999",3123,135,1143,745,28,81,39050,"1,000 - 4,999",Town: Fringe,21971,610,645,25,68,49,61,1255,0.04,,
201131,Ashtabula County Technical and Career Campus,2023,Participates in Title IV federal financial aid programs,"Under 1,000",161,0,75,109,26,,,"Under 1,000",Rural: Distant,9422,,,,,,,0,0.00,,
128577,Asnuntuck Community College,2023,Participates in Title IV federal financial aid programs,Not applicable,,,,,,,,Not applicable,Suburb: Large,,,,,,,,0,,,
214023,ASPIRA City College,2023,Participates in Title IV federal financial aid programs,"Under 1,000",14,1,4,5,73,100,29586,"Under 1,000",City: Large,15727,,,,,,,0,0.07,,
164535,Assabet Valley Regional Technical School,2023,Participates in Title IV federal financial aid programs,"Under 1,000",48,0,0,32,35,33,,"Under 1,000",Suburb: Large,36071,,,,,,,0,0.00,,
188942,Associated Beth Rivkah Schools,2023,Participates in Title IV federal financial aid programs,"Under 1,000",289,102,26,0,66,100,34700,"Under 1,000",City: Large,18745,,,,,,,0,0.35,,
183600,Assumption College for Sisters,2023,"Not currently participating in Title IV, has an OPE ID number","Under 1,000",35,0,15,34,0,,15783,"Under 1,000",Suburb: Large,,,,,,,,0,0.00,,
164562,Assumption University,2023,Participates in Title IV federal financial aid programs,"1,000 - 4,999",1688,39,36,13,19,87,67360,"1,000 - 4,999",City: Midsize,29072,,,,72,71,75,0,0.02,,
440651,Atenas College,2023,Participates in Title IV federal financial aid programs,"Under 1,000",545,42,179,140,81,,22863,"Under 1,000",Suburb: Large,6544,,,,28,39,39,0,0.08,,
201140,Athenaeum of Ohio,2023,Deferment only - limited participation,"Under 1,000",39,13,39,27,0,,,"Under 1,000",City: Large,,,,,,,,0,0.33,,
100812,Athens State University,2023,Participates in Title IV federal financial aid programs,"1,000 - 4,999",2531,647,1410,1405,42,,,"1,000 - 4,999",Town: Fringe,,,,,,,,0,0.26,,
246813,Athens Technical College,2023,Participates in Title IV federal financial aid programs,"1,000 - 4,999",4169,460,3455,1095,35,,22068,"1,000 - 4,999",City: Midsize,7481,,,,,,,0,0.11,,
138901,Atlanta Metropolitan State College,2023,Participates in Title IV federal financial aid programs,"1,000 - 4,999",1551,243,936,702,54,,13983,"1,000 - 4,999",City: Large,4902,,,,20,0,0,0,0.16,,
138840,Atlanta Technical College,2023,Participates in Title IV federal financial aid programs,"1,000 - 4,999",3493,595,2358,1826,54,,11364,"1,000 - 4,999",City: Large,-573,,,,,,,0,0.17,,
183655,Atlantic Cape Community College,2023,Participates in Title IV federal financial aid programs,"1,000 - 4,999",4273,208,2536,1330,50,,33311,"1,000 - 4,999",Rural: Fringe,8409,,,,,,,0,0.05,,
439446,Atlantic Institute of Oriental Medicine,2023,Participates in Title IV federal financial aid programs,"Under 1,000",74,17,0,72,0,,,"Under 1,000",City: Midsize,,,,,,,,0,0.23,,
132374,Atlantic Technical College,2023,Participates in Title IV federal financial aid programs,"1,000 - 4,999",2953,0,0,1718,6,,,"1,000 - 4,999",Suburb: Large,13747,,,,,,,0,0.00,,
241216,Atlantic University,2023,Participates in Title IV federal financial aid programs,"1,000 - 4,999",1517,33,393,133,84,,17490,"1,000 - 4,999",City: Small,6305,,,,50,16,36,0,0.02,,
201159,Auburn Career Center,2023,Participates in Title IV federal financial aid programs,"Under 1,000",234,0,93,94,12,,,"Under 1,000",Suburb: Large,6805,,,,,,,0,0.00,,
100858,Auburn University,2023,Participates in Title IV federal financial aid programs,"20,000 and above",26874,1221,2739,844,12,50,34638,"20,000 and above",City: Small,24524,690,690,31,82,57,79,1380,0.05,,
100830,Auburn University at Montgomery,2023,Participates in Title IV federal financial aid programs,"5,000 - 9,999",3407,254,985,695,43,93,28176,"5,000 - 9,999",City: Midsize,15458,595,615,24,40,14,36,1210,0.07,,
173045,Augsburg University,2023,Participates in Title IV federal financial aid programs,"1,000 - 4,999",2445,196,147,206,51,77,68164,"1,000 - 4,999",City: Large,24807,,,,59,41,52,0,0.08,,
138956,Augusta Technical College,2023,Participates in Title IV federal financial aid programs,"1,000 - 4,999",4118,547,2691,1703,42,,26998,"1,000 - 4,999",City: Midsize,8084,,,,,,,0,0.13,,
482149,Augusta University,2023,Participates in Title IV federal financial aid programs,"5,000 - 9,999",5684,469,1132,674,38,89,26225,"5,000 - 9,999",City: Midsize,13486,630,600,26,52,27,49,1230,0.08,,
143084,Augustana College,2023,Participates in Title IV federal financial aid programs,"1,000 - 4,999",2446,68,22,54,22,68,64848,"1,000 - 4,999",City: Small,24695,620,630,28,79,73,79,1250,0.03,,
219000,Augustana University,2023,Participates in Title IV federal financial aid programs,"1,000 - 4,999",1871,80,84,51,16,59,61830,"1,000 - 4,999",City: Midsize,25280,640,650,27,71,60,76,1290,0.04,,
201177,Aultman College of Nursing and Health Sciences,2023,Participates in Title IV federal financial aid programs,"Under 1,000",241,59,144,88,37,41,34038,"Under 1,000",City: Small,21470,,,22,,57,57,0,0.24,,
143118,Aurora University,2023,Participates in Title IV federal financial aid programs,"5,000 - 9,999",4098,522,394,564,43,85,37088,"5,000 - 9,999",Suburb: Large,19220,583,550,26,56,46,58,1133,0.13,,
222983,Austin College,2023,Participates in Title IV federal financial aid programs,"1,000 - 4,999",1128,42,5,13,30,47,58555,"1,000 - 4,999",City: Small,24777,680,660,32,68,65,69,1340,0.04,,
222992,Austin Community College District,2023,Participates in Title IV federal financial aid programs,"20,000 and above",35600,3603,26902,10964,23,,33428,"20,000 and above",City: Large,3502,,,,,,,0,0.10,,
219602,Austin Peay State University,2023,Participates in Title IV federal financial aid programs,"5,000 - 9,999",8587,736,3124,2031,46,96,27141,"5,000 - 9,999",City: Midsize,14679,575,590,23,41,27,43,1165,0.09,,
223001,Austin Presbyterian Theological Seminary,2023,Participates in Title IV federal financial aid programs,"Under 1,000",0,0,0,0,,,,"Under 1,000",City: Large,,,,,,,,0,,,
365213,Autry Technology Center,2023,Participates in Title IV federal financial aid programs,"Under 1,000",432,0,318,87,16,84,,"Under 1,000",City: Small,,,,,,,,0,0.00,,
442295,Ave Maria School of Law,2023,Participates in Title IV federal financial aid programs,"Under 1,000",0,0,0,0,,,,"Under 1,000",Suburb: Large,,,,,,,,0,,,
446048,Ave Maria University,2023,Participates in Title IV federal financial aid programs,"1,000 - 4,999",1250,82,30,33,23,45,48029,"1,000 - 4,999",Rural: Distant,23515,,,,61,49,55,0,0.07,,
219170,Avera McKennan Hospital School of Radiologic Technology,2023,Deferment only - limited participation,"Under 1,000",,,,,,,,"Under 1,000",City: Midsize,,,,,,,,0,,,
219338,Avera Sacred Heart Hospital,2023,Deferment only - limited participation,"Under 1,000",,,,,,,,"Under 1,000",Town: Remote,,,,,,,,0,,,
231420,Averett University,2023,Participates in Title IV federal financial aid programs,"1,000 - 4,999",1180,185,125,263,39,48,53016,"1,000 - 4,999",Town: Distant,24091,615,576,23,42,31,44,1191,0.16,,
176628,Avila University,2023,Participates in Title IV federal financial aid programs,"1,000 - 4,999",1196,173,110,208,49,60,54118,"1,000 - 4,999",City: Large,17482,490,510,21,40,26,43,1000,0.14,,
109785,Azusa Pacific University,2023,Participates in Title IV federal financial aid programs,"5,000 - 9,999",2977,128,350,707,35,79,70164,"5,000 - 9,999",Suburb: Large,26117,657,657,26,72,49,64,1314,0.04,,
237145,B M Spurr School of Practical Nursing,2023,Participates in Title IV federal financial aid programs,"Under 1,000",16,0,0,9,48,,,"Under 1,000",Town: Fringe,9956,,,,,,,0,0.00,,
164580,Babson College,2023,Participates in Title IV federal financial aid programs,"1,000 - 4,999",2752,43,32,9,14,20,80192,"1,000 - 4,999",Suburb: Large,30220,720,780,33,94,88,92,1500,0.02,,
206817,Bacone College,2023,"Not currently participating in Title IV, has an OPE ID number","Under 1,000",106,1,9,36,53,,26560,"Under 1,000",Town: Distant,16970,,,,7,1,2,0,0.01,,
128586,Bais Binyomin Academy,2023,Participates in Title IV federal financial aid programs,"Under 1,000",50,1,0,0,67,79,35950,"Under 1,000",Suburb: Large,19042,,,,0,0,0,0,0.02,,
476601,Bais HaMedrash and Mesivta of Baltimore,2023,Participates in Title IV federal financial aid programs,"Under 1,000",91,0,0,0,47,100,,"Under 1,000",Suburb: Large,11550,,,,55,12,12,0,0.00,,
245777,Bais Medrash Elyon,2023,Participates in Title IV federal financial aid programs,"Under 1,000",41,7,1,2,11,80,33600,"Under 1,000",Suburb: Large,9630,,,,,,,0,0.17,,
490513,Bais Medrash Mayan Hatorah,2023,Participates in Title IV federal financial aid programs,"Under 1,000",25,2,0,2,21,67,37000,"Under 1,000",City: Small,11755,,,,13,15,20,0,0.08,,
495031,Bais Medrash of Dexter Park,2023,Participates in Title IV federal financial aid programs,"Under 1,000",22,2,2,9,21,92,36000,"Under 1,000",Suburb: Large,25725,,,,,0,29,0,0.09,,
449658,Bais Medrash Toras Chesed,2023,Participates in Title IV federal financial aid programs,"Under 1,000",125,6,1,4,32,63,,"Under 1,000",City: Small,7484,,,,43,0,32,0,0.05,,
168847,Baker College,2023,Participates in Title IV federal financial aid programs,"1,000 - 4,999",3572,421,2142,1667,38,88,27910,"1,000 - 4,999",Town: Distant,14743,590,580,,18,16,25,1170,0.12,,
154688,Baker University,2023,Participates in Title IV federal financial aid programs,"1,000 - 4,999",1457,123,534,164,24,92,50060,"1,000 - 4,999",Rural: Distant,23410,,,21,62,47,59,0,0.08,,
109819,Bakersfield College,2023,Participates in Title IV federal financial aid programs,"20,000 and above",30410,977,22845,8187,29,,27991,"20,000 and above",City: Large,5892,,,,,0,0,0,0.03,,
420705,Bakke Graduate University,2023,Participates in Title IV federal financial aid programs,"Under 1,000",0,0,0,0,,,,"Under 1,000",City: Large,,,,,,,,0,,,
417105,Baldwin Park Adult & Community Education,2023,Participates in Title IV federal financial aid programs,"Under 1,000",435,0,140,245,43,,,"Under 1,000",Suburb: Large,7408,,,,,,,0,0.00,,
201195,Baldwin Wallace University,2023,Participates in Title IV federal financial aid programs,"1,000 - 4,999",2809,136,102,131,28,77,60456,"1,000 - 4,999",Suburb: Large,28190,650,635,27,67,59,69,1285,0.05,,
150136,Ball State University,2023,Participates in Title IV federal financial aid programs,"20,000 and above",14874,542,1968,833,34,72,26734,"20,000 and above",City: Small,13017,630,620,30,69,51,63,1250,0.04,,
161864,Baltimore City Community College,2023,Participates in Title IV federal financial aid programs,"1,000 - 4,999",3939,97,2954,2077,41,,31171,"1,000 - 4,999",City: Large,11807,,,,,,,0,0.02,,
189015,Bank Street College of Education,2023,Participates in Title IV federal financial aid programs,"Under 1,000",0,0,0,0,,,,"Under 1,000",City: Large,,,,,,,,0,,,
106546,Baptist Health College Little Rock,2023,Participates in Title IV federal financial aid programs,"Under 1,000",512,215,59,250,39,100,37630,"Under 1,000",City: Midsize,34539,,,23,,,,0,0.42,,
219639,Baptist Health Sciences University,2023,Participates in Title IV federal financial aid programs,"Under 1,000",733,113,461,248,47,68,26736,"Under 1,000",City: Large,15395,,,21,59,33,50,0,0.15,,
223117,Baptist Missionary Association Theological Seminary,2023,Participates in Title IV federal financial aid programs,"Under 1,000",52,3,50,47,34,23,21650,"Under 1,000",Town: Distant,,,,,100,,,0,0.06,,
132408,Baptist University of Florida,2023,Participates in Title IV federal financial aid programs,"Under 1,000",331,49,157,91,34,64,29920,"Under 1,000",Rural: Distant,8904,650,550,23,34,45,53,1200,0.15,,
444398,Baptist University of the Americas,2023,Participates in Title IV federal financial aid programs,"Under 1,000",98,13,34,67,32,,18410,"Under 1,000",City: Large,11409,,,,35,10,20,0,0.13,,
155070,Barclay College,2023,Participates in Title IV federal financial aid programs,"Under 1,000",163,7,40,60,65,54,38790,"Under 1,000",Rural: Remote,25548,,,,48,31,38,0,0.04,,
189088,Bard College,2023,Participates in Title IV federal financial aid programs,"1,000 - 4,999",2453,89,304,533,23,52,79812,"1,000 - 4,999",Rural: Fringe,25218,740,700,32,72,57,73,1440,0.04,,
167792,Bard College at Simon's Rock,2023,Participates in Title IV federal financial aid programs,"Under 1,000",312,5,78,8,23,97,86482,"Under 1,000",Rural: Distant,45395,,,,,,,0,0.02,,
189097,Barnard College,2023,Participates in Title IV federal financial aid programs,"1,000 - 4,999",3353,147,170,9,15,8,89808,"1,000 - 4,999",City: Large,27738,770,780,34,93,77,93,1550,0.04,,
177719,Barnes-Jewish College Goldfarb School of Nursing,2023,Participates in Title IV federal financial aid programs,"Under 1,000",426,176,98,211,25,,,"Under 1,000",City: Large,,,,,,,,0,0.41,,
132471,Barry University,2023,Participates in Title IV federal financial aid programs,"5,000 - 9,999",3150,172,1110,374,46,59,59780,"5,000 - 9,999",Suburb: Large,23930,,,,41,18,37,0,0.05,,
109907,Barstow Community College,2023,Participates in Title IV federal financial aid programs,"1,000 - 4,999",3153,469,2007,1542,47,,27879,"1,000 - 4,999",Town: Distant,12513,,,,,,,0,0.15,,
197911,Barton College,2023,Participates in Title IV federal financial aid programs,"1,000 - 4,999",1163,79,185,219,37,96,53610,"1,000 - 4,999",Town: Fringe,23804,,,,52,40,52,0,0.07,,
154697,Barton County Community College,2023,Participates in Title IV federal financial aid programs,"1,000 - 4,999",4393,398,3190,1628,18,,19274,"1,000 - 4,999",Rural: Fringe,11329,,,,,,,0,0.09,,
235547,Bastyr University,2023,Participates in Title IV federal financial aid programs,"Under 1,000",58,33,11,33,38,,,"Under 1,000",Suburb: Large,,,,,,,,0,0.57,,
160977,Bates College,2023,Participates in Title IV federal financial aid programs,"1,000 - 4,999",1753,8,0,2,10,13,,"1,000 - 4,999",City: Small,26658,740,770,33,92,85,91,1510,0.00,,
235671,Bates Technical College,2023,Participates in Title IV federal financial aid programs,"1,000 - 4,999",3817,164,1899,2423,9,,29456,"1,000 - 4,999",City: Midsize,6434,,,,,,,0,0.04,,
437103,Baton Rouge Community College,2023,Participates in Title IV federal financial aid programs,"10,000 - 19,999",10859,965,6987,3924,57,,20643,"10,000 - 19,999",City: Midsize,10007,,,,,,,0,0.09,,
158325,Baton Rouge General Medical Center School of Nursing & School of Radiologic Technology,2023,Participates in Title IV federal financial aid programs,"Under 1,000",130,0,0,83,45,,,"Under 1,000",City: Midsize,,,,,,,,0,0.00,,
168883,Bay de Noc Community College,2023,Participates in Title IV federal financial aid programs,"1,000 - 4,999",1996,47,1414,444,24,,24590,"1,000 - 4,999",Town: Remote,9457,,,,,,,0,0.02,,
380359,Bay Mills Community College,2023,Participates in Title IV federal financial aid programs,"Under 1,000",577,31,355,387,42,,15242,"Under 1,000",Rural: Distant,5698,,,,,,,0,0.05,,
164632,Bay Path University,2023,Participates in Title IV federal financial aid programs,"1,000 - 4,999",1278,110,496,654,66,73,44927,"1,000 - 4,999",Suburb: Large,14935,,,,51,51,57,0,0.09,,
223223,Baylor College of Medicine,2023,Participates in Title IV federal financial aid programs,"1,000 - 4,999",0,0,0,0,,,,"1,000 - 4,999",City: Large,,,,,,,,0,,,
223232,Baylor University,2023,Participates in Title IV federal financial aid programs,"20,000 and above",15155,314,334,313,13,51,75360,"20,000 and above",City: Midsize,49727,700,700,32,82,70,80,1400,0.02,,
476717,Be'er Yaakov Talmudic Seminary,2023,Participates in Title IV federal financial aid programs,"Under 1,000",679,0,0,0,89,,38070,"Under 1,000",Suburb: Large,5047,,,,57,0,53,0,0.00,,
384254,Beacon College,2023,Participates in Title IV federal financial aid programs,"Under 1,000",527,36,37,36,26,60,69642,"Under 1,000",Suburb: Midsize,47664,,,,72,41,53,0,0.07,,
197966,Beaufort County Community College,2023,Participates in Title IV federal financial aid programs,"1,000 - 4,999",1785,51,1370,504,31,,19430,"1,000 - 4,999",Rural: Fringe,7118,,,,,,,0,0.03,,
449357,Beaumont Adult School,2023,Participates in Title IV federal financial aid programs,"Under 1,000",101,0,0,76,63,,,"Under 1,000",Suburb: Large,29246,,,,,,,0,0.00,,
444413,Beis Medrash Heichal Dovid,2023,Participates in Title IV federal financial aid programs,"Under 1,000",183,5,0,0,15,70,35040,"Under 1,000",City: Large,11171,,,,20,9,18,0,0.03,,
190956,Belanger School of Nursing,2023,Participates in Title IV federal financial aid programs,"Under 1,000",132,68,124,38,23,83,28970,"Under 1,000",City: Small,20594,,,,,,,0,0.52,,
175421,Belhaven University,2023,Participates in Title IV federal financial aid programs,"1,000 - 4,999",1452,219,360,443,45,53,37345,"1,000 - 4,999",City: Midsize,22145,,,23,54,37,51,0,0.15,,
156286,Bellarmine University,2023,Participates in Title IV federal financial aid programs,"1,000 - 4,999",2351,141,127,147,25,94,65344,"1,000 - 4,999",City: Large,24432,613,630,28,66,59,68,1243,0.06,,
234669,Bellevue College,2023,Participates in Title IV federal financial aid programs,"10,000 - 19,999",11472,682,5491,3110,10,,26823,"10,000 - 19,999",City: Midsize,11926,,,,,,,0,0.06,,
180814,Bellevue University,2023,Participates in Title IV federal financial aid programs,"10,000 - 19,999",11096,2385,4156,8638,29,,30026,"10,000 - 19,999",Suburb: Large,25735,,,,26,18,56,0,0.21,,
238324,Bellin College,2023,Participates in Title IV federal financial aid programs,"Under 1,000",612,63,355,61,13,100,49691,"Under 1,000",Suburb: Midsize,27998,,,,61,71,74,0,0.10,,
234696,Bellingham Technical College,2023,Participates in Title IV federal financial aid programs,"1,000 - 4,999",1850,253,714,918,31,,26744,"1,000 - 4,999",City: Small,7517,,,,,,,0,0.14,,
197984,Belmont Abbey College,2023,Participates in Title IV federal financial aid programs,"1,000 - 4,999",1549,110,145,95,25,90,34700,"1,000 - 4,999",Suburb: Midsize,23463,600,590,25,46,40,46,1190,0.07,,
201283,Belmont College,2023,Participates in Title IV federal financial aid programs,"Under 1,000",833,30,537,135,31,,15851,"Under 1,000",Rural: Fringe,6260,,,,,,,0,0.04,,
219709,Belmont University,2023,Participates in Title IV federal financial aid programs,"5,000 - 9,999",7330,321,288,312,19,96,67870,"5,000 - 9,999",City: Large,37558,690,660,30,69,61,72,1350,0.04,,
238333,Beloit College,2023,Participates in Title IV federal financial aid programs,"Under 1,000",948,22,32,24,29,57,73321,"Under 1,000",City: Small,24941,720,640,31,74,57,67,1360,0.02,,
173124,Bemidji State University,2023,Participates in Title IV federal financial aid programs,"1,000 - 4,999",3610,473,1302,996,26,71,24095,"1,000 - 4,999",Town: Remote,16349,,,23,47,37,52,0,0.13,,
237172,Ben Franklin Career Center,2023,Participates in Title IV federal financial aid programs,"Under 1,000",99,0,12,51,54,,,"Under 1,000",Suburb: Midsize,8109,,,,,,,0,0.00,,
217721,Benedict College,2023,Participates in Title IV federal financial aid programs,"1,000 - 4,999",1694,103,164,121,63,67,32000,"1,000 - 4,999",City: Midsize,18146,510,500,19,25,15,21,1010,0.06,,
154712,Benedictine College,2023,Participates in Title IV federal financial aid programs,"1,000 - 4,999",2391,60,177,30,16,76,50350,"1,000 - 4,999",Town: Distant,28451,660,650,29,64,57,65,1310,0.03,,
145619,Benedictine University,2023,Participates in Title IV federal financial aid programs,"1,000 - 4,999",1842,212,196,153,39,77,53458,"1,000 - 4,999",Suburb: Large,24570,,,,48,38,51,0,0.12,,
165884,Benjamin Franklin Cummings Institute of Technology,2023,Participates in Title IV federal financial aid programs,"Under 1,000",592,37,276,194,40,,37406,"Under 1,000",City: Large,20419,,,,,,,0,0.06,,
197993,Bennett College,2023,Participates in Title IV federal financial aid programs,"Under 1,000",195,15,6,17,75,34,41964,"Under 1,000",City: Large,20928,508,438,,22,11,21,946,0.08,,
230816,Bennington College,2023,Participates in Title IV federal financial aid programs,"Under 1,000",776,17,48,43,21,48,87284,"Under 1,000",Town: Distant,35108,740,673,32,68,51,67,1413,0.02,,
164739,Bentley University,2023,Participates in Title IV federal financial aid programs,"5,000 - 9,999",4350,65,47,21,15,48,79960,"5,000 - 9,999",City: Small,43858,690,720,32,89,79,88,1410,0.01,,
156295,Berea College,2023,Participates in Title IV federal financial aid programs,"1,000 - 4,999",1487,52,16,47,81,33,60718,"1,000 - 4,999",Town: Distant,4379,680,655,27,66,41,62,1335,0.03,,
183743,Bergen Community College,2023,Participates in Title IV federal financial aid programs,"10,000 - 19,999",11801,777,5678,2968,34,,28942,"10,000 - 19,999",Suburb: Large,8955,,,,,,,0,0.07,,
461643,Bergin University of Canine Studies,2023,"Not currently participating in Title IV, has an OPE ID number","Under 1,000",18,12,0,10,29,,,"Under 1,000",Suburb: Small,,,,,,,,0,0.67,,
125170,Berkeley City College,2023,Participates in Title IV federal financial aid programs,"5,000 - 9,999",6547,1121,5469,2238,13,,31921,"5,000 - 9,999",City: Midsize,13658,,,,,,,0,0.17,,
108861,Berkeley School of Theology,2023,Participates in Title IV federal financial aid programs,"Under 1,000",28,0,28,27,0,63,27668,"Under 1,000",City: Midsize,,,,,,,,0,0.00,,
164748,Berklee College of Music,2023,Participates in Title IV federal financial aid programs,"5,000 - 9,999",7608,392,1573,1271,15,50,73270,"5,000 - 9,999",City: Large,48608,,,,71,50,67,0,0.05,,
481021,Berks Career & Technology Center,2023,Participates in Title IV federal financial aid programs,"Under 1,000",47,0,14,7,26,,,"Under 1,000",Suburb: Large,14034,,,,,,,0,0.00,,
164775,Berkshire Community College,2023,Participates in Title IV federal financial aid programs,"1,000 - 4,999",1572,234,1226,532,36,,30376,"1,000 - 4,999",Rural: Fringe,8264,,,,,,,0,0.15,,
139144,Berry College,2023,Participates in Title IV federal financial aid programs,"1,000 - 4,999",2226,42,29,11,24,62,56750,"1,000 - 4,999",Suburb: Small,25383,658,620,29,73,68,74,1278,0.02,,
485999,Bet Medrash Gadol Ateret Torah,2023,Participates in Title IV federal financial aid programs,"Under 1,000",108,2,1,3,58,65,34300,"Under 1,000",City: Large,4734,,,,64,0,52,0,0.02,,
189273,Beth Hamedrash Shaarei Yosher Institute,2023,Participates in Title IV federal financial aid programs,"Under 1,000",83,12,0,1,77,90,36150,"Under 1,000",City: Large,5415,,,,0,0,10,0,0.14,,
183804,Beth Medrash Govoha,2023,Participates in Title IV federal financial aid programs,"5,000 - 9,999",3532,682,17,1531,73,,,"5,000 - 9,999",City: Small,,,,,,,,0,0.19,,
486196,Beth Medrash Meor Yitzchok,2023,Participates in Title IV federal financial aid programs,"Under 1,000",222,5,0,1,53,52,37600,"Under 1,000",Suburb: Large,12538,,,,0,0,5,0,0.02,,
488314,Beth Medrash of Asbury Park,2023,Participates in Title IV federal financial aid programs,"Under 1,000",109,12,0,0,44,42,,"Under 1,000",Suburb: Large,10707,,,,0,0,0,0,0.11,,
237181,Bethany College,2023,Participates in Title IV federal financial aid programs,"Under 1,000",645,25,6,7,41,60,48721,"Under 1,000",Rural: Fringe,16844,,,,44,39,46,0,0.04,,
154721,Bethany College,2023,Participates in Title IV federal financial aid programs,"Under 1,000",637,75,55,19,43,79,47482,"Under 1,000",Rural: Remote,29571,,,,32,24,29,0,0.12,,
486284,Bethany Global University,2023,Participates in Title IV federal financial aid programs,"Under 1,000",162,11,9,20,47,94,43216,"Under 1,000",City: Small,19840,,,,56,32,39,0,0.07,,
173142,Bethany Lutheran College,2023,Participates in Title IV federal financial aid programs,"Under 1,000",850,35,180,25,22,51,41080,"Under 1,000",City: Small,19456,630,630,26,63,43,60,1260,0.04,,
143233,Bethany Theological Seminary,2023,Participates in Title IV federal financial aid programs,"Under 1,000",0,0,0,0,,,,"Under 1,000",Town: Distant,,,,,,,,0,,,
154749,Bethel College-North Newton,2023,Participates in Title IV federal financial aid programs,"Under 1,000",502,25,17,8,39,96,60341,"Under 1,000",Town: Distant,24879,,,,47,28,43,0,0.05,,
173160,Bethel University,2023,Participates in Title IV federal financial aid programs,"1,000 - 4,999",2629,120,689,252,19,91,60430,"1,000 - 4,999",Suburb: Large,30375,625,615,29,75,64,75,1240,0.05,,
219718,Bethel University,2023,Participates in Title IV federal financial aid programs,"1,000 - 4,999",2719,277,1152,507,31,97,31913,"1,000 - 4,999",Town: Distant,20606,525,575,24,35,0,0,1100,0.10,,
150145,Bethel University,2023,Participates in Title IV federal financial aid programs,"1,000 - 4,999",1107,131,116,137,35,99,50710,"1,000 - 4,999",City: Small,20058,600,590,24,64,51,57,1190,0.12,,
110060,Bethesda University,2023,Participates in Title IV federal financial aid programs,"Under 1,000",212,57,28,58,25,,24686,"Under 1,000",City: Large,13965,,,,15,8,19,0,0.27,,
486053,Bethlehem College & Seminary,2023,"Not currently participating in Title IV, does not have OPE ID number","Under 1,000",92,14,30,17,0,,14244,"Under 1,000",City: Large,,,,,61,33,39,0,0.15,,
132602,Bethune-Cookman University,2023,Participates in Title IV federal financial aid programs,"1,000 - 4,999",2414,112,78,96,77,100,35290,"1,000 - 4,999",City: Small,14705,520,480,18,34,14,28,1000,0.05,,
139153,Beulah Heights University,2023,Participates in Title IV federal financial aid programs,"Under 1,000",158,7,52,132,22,,21692,"Under 1,000",City: Large,7311,,,,13,0,17,0,0.04,,
102429,Bevill State Community College,2023,Participates in Title IV federal financial aid programs,"1,000 - 4,999",3946,170,2874,724,30,,21679,"1,000 - 4,999",Town: Distant,6524,,,,,,,0,0.04,,
443702,"Bexley Hall Seabury Western Theological Seminary Federation, Inc.",2023,Participates in Title IV federal financial aid programs,"Under 1,000",0,0,0,0,,,,"Under 1,000",City: Large,,,,,,,,0,,,
234711,Big Bend Community College,2023,Participates in Title IV federal financial aid programs,"1,000 - 4,999",1786,139,479,459,29,,27427,"1,000 - 4,999",Town: Remote,12650,,,,,,,0,0.08,,
137856,Big Bend Technical College,2023,Participates in Title IV federal financial aid programs,"Under 1,000",232,0,122,47,39,,,"Under 1,000",Rural: Fringe,9022,,,,,,,0,0.00,,
157553,Big Sandy Community and Technical College,2023,Participates in Title IV federal financial aid programs,"1,000 - 4,999",2583,75,1443,653,44,,17914,"1,000 - 4,999",Town: Remote,5584,,,,,,,0,0.03,,
196079,Binghamton University,2023,Participates in Title IV federal financial aid programs,"10,000 - 19,999",14409,801,321,245,27,38,30657,"10,000 - 19,999",Suburb: Midsize,18860,730,760,34,85,77,84,1490,0.06,,
110097,Biola University,2023,Participates in Title IV federal financial aid programs,"5,000 - 9,999",3395,246,269,260,26,60,63006,"5,000 - 9,999",Suburb: Large,30510,690,670,30,71,55,69,1360,0.07,,
100937,Birmingham-Southern College,2023,Participates in Title IV federal financial aid programs,"Under 1,000",713,29,7,7,23,52,33728,"Under 1,000",City: Midsize,24170,670,670,27,71,56,64,1340,0.04,,
102030,Bishop State Community College,2023,Participates in Title IV federal financial aid programs,"1,000 - 4,999",3568,247,2427,831,42,,20880,"1,000 - 4,999",City: Midsize,4851,,,,,,,0,0.07,,
200022,Bismarck State College,2023,Participates in Title IV federal financial aid programs,"1,000 - 4,999",4065,276,2190,1043,14,,17995,"1,000 - 4,999",City: Small,10792,,,,,,,0,0.07,,
143279,Black Hawk College,2023,Participates in Title IV federal financial aid programs,"1,000 - 4,999",3853,168,2616,910,25,,21993,"1,000 - 4,999",City: Small,4481,,,,,,,0,0.04,,
219046,Black Hills State University,2023,Participates in Title IV federal financial aid programs,"1,000 - 4,999",3279,159,1700,352,18,94,22228,"1,000 - 4,999",Town: Distant,16474,,,23,44,25,40,0,0.05,,
106625,Black River Technical College,2023,Participates in Title IV federal financial aid programs,"1,000 - 4,999",1544,104,943,381,40,,18227,"1,000 - 4,999",Town: Distant,6407,,,,,,,0,0.07,,
143288,Blackburn College,2023,Participates in Title IV federal financial aid programs,"Under 1,000",389,36,10,70,54,80,41158,"Under 1,000",Town: Distant,21349,,,,46,43,52,0,0.09,,
180054,Blackfeet Community College,2023,Participates in Title IV federal financial aid programs,"Under 1,000",282,9,94,110,80,,20566,"Under 1,000",Rural: Remote,4622,,,,,,,0,0.03,,
238397,Blackhawk Technical College,2023,Participates in Title IV federal financial aid programs,"1,000 - 4,999",2894,138,2233,1339,36,,20183,"1,000 - 4,999",Suburb: Small,9582,,,,,,,0,0.05,,
457615,Blackstone Valley Vocational Regional School District,2023,Participates in Title IV federal financial aid programs,"Under 1,000",40,0,40,34,30,,,"Under 1,000",Suburb: Large,,,,,,,,0,0.00,,
198011,Bladen Community College,2023,Participates in Title IV federal financial aid programs,"Under 1,000",990,48,803,322,67,,19158,"Under 1,000",Rural: Distant,8382,,,,,,,0,0.05,,
143297,Blessing Rieman College of Nursing and Health Sciences,2023,Participates in Title IV federal financial aid programs,"Under 1,000",185,39,78,64,37,,,"Under 1,000",Town: Remote,,,,,,,,0,0.21,,
223427,Blinn College District,2023,Participates in Title IV federal financial aid programs,"10,000 - 19,999",18545,1385,9876,1359,20,,25338,"10,000 - 19,999",Town: Distant,12910,,,,,,,0,0.07,,
183822,Bloomfield College,2023,Participates in Title IV federal financial aid programs,"Under 1,000",904,49,71,132,69,67,50717,"Under 1,000",Suburb: Large,18522,,,,40,18,31,0,0.05,,
243799,Blue Hills Regional Technical School,2023,Participates in Title IV federal financial aid programs,"Under 1,000",38,0,0,22,52,100,,"Under 1,000",Rural: Fringe,43215,,,,,,,0,0.00,,
175430,Blue Mountain Christian University,2023,Participates in Title IV federal financial aid programs,"Under 1,000",942,87,423,39,26,100,34026,"Under 1,000",Rural: Distant,16525,500,570,22,58,44,51,1070,0.09,,
208275,Blue Mountain Community College,2023,Participates in Title IV federal financial aid programs,"1,000 - 4,999",1371,134,756,471,37,,21965,"1,000 - 4,999",Town: Distant,12583,,,,,,,0,0.10,,
446774,Blue Ridge Community and Technical College,2023,Participates in Title IV federal financial aid programs,"1,000 - 4,999",4309,188,3455,2509,18,,16059,"1,000 - 4,999",Rural: Fringe,4070,,,,,,,0,0.04,,
231536,Blue Ridge Community College,2023,Participates in Title IV federal financial aid programs,"1,000 - 4,999",3718,208,2653,819,33,,28947,"1,000 - 4,999",Rural: Fringe,8936,,,,,,,0,0.06,,
198039,Blue Ridge Community College,2023,Participates in Title IV federal financial aid programs,"1,000 - 4,999",2822,165,2175,782,33,,19087,"1,000 - 4,999",Suburb: Large,9340,,,,,,,0,0.06,,
237215,Bluefield State University,2023,Participates in Title IV federal financial aid programs,"1,000 - 4,999",1249,133,324,233,41,87,27067,"1,000 - 4,999",Town: Distant,14500,540,540,22,40,21,35,1080,0.11,,
231554,Bluefield University,2023,Participates in Title IV federal financial aid programs,"Under 1,000",694,89,69,104,46,63,42364,"Under 1,000",Town: Distant,22191,,,,36,19,27,0,0.13,,
156392,Bluegrass Community and Technical College,2023,Participates in Title IV federal financial aid programs,"10,000 - 19,999",11619,796,7780,3076,35,,17964,"10,000 - 19,999",City: Large,7545,,,,,,,0,0.07,,
201371,Bluffton University,2023,Participates in Title IV federal financial aid programs,"Under 1,000",602,52,18,16,37,61,52878,"Under 1,000",Rural: Distant,21299,560,570,23,53,47,50,1130,0.09,,
491446,Bnos Zion Of Bobov Seminary,2023,Participates in Title IV federal financial aid programs,"Under 1,000",142,3,0,0,73,88,34450,"Under 1,000",City: Large,7823,,,,,,,0,0.02,,
217749,Bob Jones University,2023,Participates in Title IV federal financial aid programs,"1,000 - 4,999",2477,68,361,101,29,,41600,"1,000 - 4,999",City: Small,19773,,,,66,60,70,0,0.03,,
142090,Boise Bible College,2023,Participates in Title IV federal financial aid programs,"Under 1,000",103,14,32,28,47,96,28811,"Under 1,000",Suburb: Large,14639,620,580,,50,14,19,1200,0.14,,
142115,Boise State University,2023,Participates in Title IV federal financial aid programs,"20,000 and above",23491,1577,9847,3505,18,84,29152,"20,000 and above",City: Midsize,19037,,,,56,40,61,0,0.07,,
490203,Bolivar Technical College,2023,Participates in Title IV federal financial aid programs,"Under 1,000",144,33,91,98,62,82,57061,"Under 1,000",Town: Distant,,,,,,,,0,0.23,,
233356,Bon Secours Memorial College of Nursing,2023,Participates in Title IV federal financial aid programs,"Under 1,000",527,126,118,286,21,,,"Under 1,000",Suburb: Large,,,,,,,,0,0.24,,
233480,Bon Secours St Mary's Hospital School of Medical Imaging,2023,Participates in Title IV federal financial aid programs,"Under 1,000",31,19,0,15,22,,,"Under 1,000",Suburb: Large,,,,,,,,0,0.61,,
498386,Boone Career and Technical Center,2023,Participates in Title IV federal financial aid programs,"Under 1,000",85,0,4,34,20,,,"Under 1,000",Rural: Distant,1810,,,,,,,0,0.00,,
189413,Boricua College,2023,Participates in Title IV federal financial aid programs,"Under 1,000",401,46,0,393,85,,27725,"Under 1,000",City: Large,14102,,,,58,26,26,0,0.11,,
158431,Bossier Parish Community College,2023,Participates in Title IV federal financial aid programs,"5,000 - 9,999",5636,714,3201,2384,50,,21429,"5,000 - 9,999",City: Small,9647,,,,,,,0,0.13,,
164872,Boston Architectural College,2023,Participates in Title IV federal financial aid programs,"Under 1,000",306,29,145,156,20,,47200,"Under 1,000",City: Large,37565,,,,68,8,38,0,0.09,,
164614,Boston Baptist College,2023,Participates in Title IV federal financial aid programs,"Under 1,000",33,4,10,12,58,100,31052,"Under 1,000",City: Large,19506,,,,80,13,25,0,0.12,,
164924,Boston College,2023,Participates in Title IV federal financial aid programs,"10,000 - 19,999",10083,134,227,202,13,16,85771,"10,000 - 19,999",City: Small,32590,760,780,34,91,88,91,1540,0.01,,
164915,Boston Graduate School of Psychoanalysis Inc,2023,Participates in Title IV federal financial aid programs,"Under 1,000",0,0,0,0,,,,"Under 1,000",Suburb: Large,,,,,,,,0,,,
164988,Boston University,2023,Participates in Title IV federal financial aid programs,"20,000 and above",18656,930,757,474,18,11,86363,"20,000 and above",City: Large,27551,740,780,34,90,83,90,1520,0.05,,
161004,Bowdoin College,2023,Participates in Title IV federal financial aid programs,"1,000 - 4,999",1850,10,5,11,16,8,,"1,000 - 4,999",Town: Fringe,23110,760,790,35,94,82,96,1550,0.01,,
162007,Bowie State University,2023,Participates in Title IV federal financial aid programs,"5,000 - 9,999",5288,459,909,849,44,84,29770,"5,000 - 9,999",Suburb: Large,16117,540,543,,45,15,38,1083,0.09,,
201432,Bowling Green State University-Firelands,2023,Participates in Title IV federal financial aid programs,"1,000 - 4,999",1928,65,1004,175,26,,25304,"1,000 - 4,999",Rural: Fringe,16169,,,,,,,0,0.03,,
201441,Bowling Green State University-Main Campus,2023,Participates in Title IV federal financial aid programs,"10,000 - 19,999",14014,489,2401,839,23,81,32073,"10,000 - 19,999",Town: Fringe,20987,620,610,26,62,49,62,1230,0.03,,
143358,Bradley University,2023,Participates in Title IV federal financial aid programs,"5,000 - 9,999",3883,133,120,72,29,77,55970,"5,000 - 9,999",City: Midsize,24703,650,650,31,76,57,72,1300,0.03,,
165015,Brandeis University,2023,Participates in Title IV federal financial aid programs,"5,000 - 9,999",3675,58,14,13,14,35,79794,"5,000 - 9,999",City: Small,44668,750,780,34,88,78,86,1530,0.02,,
223506,Brazosport College,2023,Participates in Title IV federal financial aid programs,"1,000 - 4,999",4100,183,3542,1112,18,,19116,"1,000 - 4,999",Suburb: Small,5659,,,,,,,0,0.04,,
139199,Brenau University,2023,Participates in Title IV federal financial aid programs,"1,000 - 4,999",1195,98,411,348,47,87,53685,"1,000 - 4,999",City: Small,20860,590,580,23,53,28,37,1170,0.08,,
156356,Brescia University,2023,Participates in Title IV federal financial aid programs,"Under 1,000",551,64,70,101,43,35,47050,"Under 1,000",City: Small,15087,,,,48,36,45,0,0.12,,
198066,Brevard College,2023,Participates in Title IV federal financial aid programs,"Under 1,000",764,59,16,33,38,40,47410,"Under 1,000",Town: Distant,26938,620,600,26,33,26,39,1220,0.08,,
139205,Brewton-Parker College,2023,Participates in Title IV federal financial aid programs,"1,000 - 4,999",1049,87,511,215,46,86,43388,"1,000 - 4,999",Rural: Distant,22488,,,,12,11,20,0,0.08,,
152992,Briar Cliff University,2023,Participates in Title IV federal financial aid programs,"Under 1,000",737,83,173,82,30,,51528,"Under 1,000",City: Small,23292,,,,56,35,49,0,0.11,,
230010,Bridgerland Technical College,2023,Participates in Title IV federal financial aid programs,"1,000 - 4,999",1534,0,937,525,10,,,"1,000 - 4,999",City: Small,2785,,,,,,,0,0.00,,
497408,Bridges Christian College,2023,Participates in Title IV federal financial aid programs,"Under 1,000",110,17,33,58,43,,24022,"Under 1,000",City: Large,18399,,,,,,,0,0.15,,
484932,BridgeValley Community & Technical College,2023,Participates in Title IV federal financial aid programs,"1,000 - 4,999",1793,245,738,784,42,,20520,"1,000 - 4,999",Suburb: Midsize,7239,,,,,,,0,0.14,,
231581,Bridgewater College,2023,Participates in Title IV federal financial aid programs,"1,000 - 4,999",1391,41,6,6,29,91,58869,"1,000 - 4,999",Suburb: Small,19660,660,715,29,62,43,49,1375,0.03,,
165024,Bridgewater State University,2023,Participates in Title IV federal financial aid programs,"5,000 - 9,999",8172,702,1586,1075,30,89,30645,"5,000 - 9,999",Suburb: Large,16230,630,600,27,64,34,55,1230,0.09,,
230038,Brigham Young University,2023,Participates in Title IV federal financial aid programs,"20,000 and above",32221,1185,2960,2365,32,69,22992,"20,000 and above",City: Midsize,14643,720,730,32,82,28,82,1450,0.04,,
230047,Brigham Young University-Hawaii,2023,Participates in Title IV federal financial aid programs,"1,000 - 4,999",2836,127,141,933,30,38,22348,"1,000 - 4,999",Town: Fringe,17887,608,583,25,51,27,48,1191,0.04,,
142522,Brigham Young University-Idaho,2023,Participates in Title IV federal financial aid programs,"20,000 and above",42996,3872,26323,19052,25,97,15370,"20,000 and above",Town: Distant,7295,610,590,26,56,21,51,1200,0.09,,
442976,Brighton Center's Center for Employment Training,2023,Participates in Title IV federal financial aid programs,"Under 1,000",68,0,0,54,67,,,"Under 1,000",Suburb: Large,10813,,,,,,,0,0.00,,
232450,Brightpoint Community College,2023,Participates in Title IV federal financial aid programs,"5,000 - 9,999",9023,551,6998,1967,21,,20308,"5,000 - 9,999",Suburb: Large,5693,,,,,,,0,0.06,,
404718,Brillare Beauty Institute,2023,Participates in Title IV federal financial aid programs,"Under 1,000",259,0,0,86,68,,,"Under 1,000",City: Small,25757,,,,,,,0,0.00,,
165033,Bristol Community College,2023,Participates in Title IV federal financial aid programs,"5,000 - 9,999",6096,374,4026,2496,43,,14262,"5,000 - 9,999",Suburb: Large,5738,,,,,,,0,0.06,,
431187,Bristol Technical Education Center,2023,"Not currently participating in Title IV, has an OPE ID number","Under 1,000",152,0,0,9,0,,,"Under 1,000",Suburb: Large,,,,,,,,0,0.00,,
183859,Brookdale Community College,2023,Participates in Title IV federal financial aid programs,"5,000 - 9,999",9916,284,5887,1761,23,,28674,"5,000 - 9,999",Suburb: Large,9032,,,,,,,0,0.03,,
189501,Brooklyn Law School,2023,Participates in Title IV federal financial aid programs,"1,000 - 4,999",0,0,0,0,,,,"1,000 - 4,999",City: Large,,,,,,,,0,,,
418010,Broome Delaware Tioga BOCES-Practical Nursing Program,2023,Participates in Title IV federal financial aid programs,"Under 1,000",88,0,31,66,60,,,"Under 1,000",Suburb: Midsize,16480,,,,,,,0,0.00,,
132709,Broward College,2023,Participates in Title IV federal financial aid programs,"20,000 and above",29140,977,19678,8332,40,,40334,"20,000 and above",City: Midsize,18934,,,,,,,0,0.03,,
375568,Brown & Clermont Adult Career Campuses,2023,Participates in Title IV federal financial aid programs,"Under 1,000",59,0,38,30,11,,,"Under 1,000",Rural: Fringe,,,,,,,,0,0.00,,
217156,Brown University,2023,Participates in Title IV federal financial aid programs,"10,000 - 19,999",7741,83,521,129,13,5,,"10,000 - 19,999",City: Midsize,26608,770,800,35,97,80,96,1570,0.01,,
198084,Brunswick Community College,2023,Participates in Title IV federal financial aid programs,"1,000 - 4,999",1845,107,1089,358,32,,16750,"1,000 - 4,999",Rural: Distant,9932,,,,,,,0,0.06,,
180878,Bryan College of Health Sciences,2023,Participates in Title IV federal financial aid programs,"Under 1,000",610,84,270,95,21,63,37641,"Under 1,000",City: Large,21834,,,,70,56,71,0,0.14,,
219790,Bryan College-Dayton,2023,Participates in Title IV federal financial aid programs,"1,000 - 4,999",1398,53,661,105,22,,37319,"1,000 - 4,999",Town: Distant,17105,,,,60,47,54,0,0.04,,
188517,Bryant & Stratton College-Albany,2023,Participates in Title IV federal financial aid programs,"Under 1,000",224,43,38,70,65,,26072,"Under 1,000",Suburb: Large,11447,,,,100,,,0,0.19,,
189583,Bryant & Stratton College-Buffalo,2023,Participates in Title IV federal financial aid programs,"1,000 - 4,999",1840,120,1298,937,66,,26306,"1,000 - 4,999",City: Large,14550,,,,,,,0,0.07,,
189592,Bryant & Stratton College-Greece,2023,Participates in Title IV federal financial aid programs,"Under 1,000",333,66,73,171,66,,26773,"Under 1,000",Suburb: Large,13652,,,,,,,0,0.20,,
480091,Bryant & Stratton College-Online,2023,Branch campus of a main campus that participates in Title IV,"5,000 - 9,999",9418,2358,3360,7343,75,,21611,"5,000 - 9,999",Suburb: Large,14611,,,,0,0,0,0,0.25,,
201469,Bryant & Stratton College-Parma,2023,Participates in Title IV federal financial aid programs,"Under 1,000",522,142,132,263,68,,26769,"Under 1,000",Suburb: Large,13740,,,,0,,,0,0.27,,
189565,Bryant & Stratton College-Syracuse North,2023,Participates in Title IV federal financial aid programs,"Under 1,000",471,76,108,243,65,,26490,"Under 1,000",Suburb: Large,6985,,,,,,,0,0.16,,
231785,Bryant & Stratton College-Virginia Beach,2023,Participates in Title IV federal financial aid programs,"1,000 - 4,999",1339,319,626,819,62,,25662,"1,000 - 4,999",City: Large,11607,,,,0,,,0,0.24,,
451750,Bryant & Stratton College-Wauwatosa,2023,Participates in Title IV federal financial aid programs,"Under 1,000",952,228,364,497,57,,27134,"Under 1,000",Suburb: Large,14705,,,,,27,36,0,0.24,,
217165,Bryant University,2023,Participates in Title IV federal financial aid programs,"1,000 - 4,999",3240,93,18,15,11,66,66069,"1,000 - 4,999",Suburb: Large,40612,670,670,32,84,78,81,1340,0.03,,
210492,Bryn Athyn College of the New Church,2023,Participates in Title IV federal financial aid programs,"Under 1,000",273,28,6,14,46,74,38875,"Under 1,000",Suburb: Large,19204,688,610,,39,40,42,1298,0.10,,
211273,Bryn Mawr College,2023,Participates in Title IV federal financial aid programs,"1,000 - 4,999",1349,7,2,9,14,31,,"1,000 - 4,999",Suburb: Large,39383,740,730,33,87,75,86,1470,0.01,,
201478,Buckeye Hills Career Center,2023,Participates in Title IV federal financial aid programs,"Under 1,000",163,0,53,67,44,,,"Under 1,000",Rural: Distant,10364,,,,,,,0,0.00,,
383312,Buckeye Joint Vocational School,2023,Participates in Title IV federal financial aid programs,"Under 1,000",80,0,0,22,51,,,"Under 1,000",Rural: Fringe,10056,,,,,,,0,0.00,,
211291,Bucknell University,2023,Participates in Title IV federal financial aid programs,"1,000 - 4,999",3846,32,31,18,11,32,83790,"1,000 - 4,999",Town: Distant,38486,710,740,33,88,82,86,1450,0.01,,
211307,Bucks County Community College,2023,Participates in Title IV federal financial aid programs,"5,000 - 9,999",6098,307,3983,1414,22,,23021,"5,000 - 9,999",Rural: Fringe,6842,,,,,,,0,0.05,,
153001,Buena Vista University,2023,Participates in Title IV federal financial aid programs,"1,000 - 4,999",1442,154,205,428,43,72,58224,"1,000 - 4,999",Town: Remote,18156,,,25,63,35,47,0,0.11,,
165112,Bunker Hill Community College,2023,Participates in Title IV federal financial aid programs,"5,000 - 9,999",8545,660,5377,3373,38,,18542,"5,000 - 9,999",City: Large,7669,,,,,,,0,0.08,,
496645,Burlington County Institute of Technology-Adult Education,2023,Participates in Title IV federal financial aid programs,"Under 1,000",250,0,207,128,6,,,"Under 1,000",Rural: Fringe,,,,,,,,0,0.00,,
209409,Bushnell University,2023,Participates in Title IV federal financial aid programs,"Under 1,000",535,60,57,114,34,66,49470,"Under 1,000",City: Midsize,22534,635,680,,60,55,61,1315,0.11,,
154800,Butler Community College,2023,Participates in Title IV federal financial aid programs,"5,000 - 9,999",6552,401,3862,1689,31,,22576,"5,000 - 9,999",Town: Distant,16417,,,,,,,0,0.06,,
211343,Butler County Community College,2023,Participates in Title IV federal financial aid programs,"1,000 - 4,999",2468,210,1593,544,35,,17800,"1,000 - 4,999",Town: Fringe,6928,,,,,,,0,0.09,,
201496,Butler Technology and Career Development Schools,2023,Participates in Title IV federal financial aid programs,"Under 1,000",483,0,0,238,24,,,"Under 1,000",Suburb: Small,4580,,,,,,,0,0.00,,
150163,Butler University,2023,Participates in Title IV federal financial aid programs,"5,000 - 9,999",4519,91,196,59,14,86,67210,"5,000 - 9,999",City: Large,40140,680,680,31,82,72,79,1360,0.02,,
110246,Butte College,2023,Participates in Title IV federal financial aid programs,"10,000 - 19,999",10211,687,5620,2799,34,,24948,"10,000 - 19,999",Rural: Distant,8225,,,,,,,0,0.07,,
487773,Butte County Regional Occupational Program,2023,Participates in Title IV federal financial aid programs,"Under 1,000",41,0,11,20,27,,,"Under 1,000",City: Midsize,4775,,,,,,,0,0.00,,
444103,Byzantine Catholic Seminary of Saints Cyril and Methodius,2023,Participates in Title IV federal financial aid programs,"Under 1,000",0,0,0,0,,,,"Under 1,000",City: Large,,,,,,,,0,,,
487968,CAAN Academy of Nursing,2023,Participates in Title IV federal financial aid programs,"Under 1,000",90,42,0,80,47,,,"Under 1,000",Suburb: Large,,,,,,,,0,0.47,,
198109,Cabarrus College of Health Sciences,2023,Participates in Title IV federal financial aid programs,"Under 1,000",661,200,384,336,28,49,33162,"Under 1,000",City: Midsize,14344,540,520,22,,0,0,1060,0.30,,
237242,Cabell County Career Technology Center,2023,Participates in Title IV federal financial aid programs,"Under 1,000",26,0,3,6,52,,,"Under 1,000",Suburb: Midsize,644,,,,,,,0,0.00,,
110334,Cabrillo College,2023,Participates in Title IV federal financial aid programs,"5,000 - 9,999",9274,429,7251,2932,22,,32509,"5,000 - 9,999",Suburb: Midsize,18463,,,,,,,0,0.05,,
211352,Cabrini University,2023,Participates in Title IV federal financial aid programs,"1,000 - 4,999",710,17,113,43,37,69,48565,"1,000 - 4,999",Suburb: Large,24733,632,625,,53,45,51,1257,0.02,,
364946,Caddo Kiowa Technology Center,2023,Participates in Title IV federal financial aid programs,"Under 1,000",352,0,267,29,15,,,"Under 1,000",Rural: Remote,4748,,,,,,,0,0.00,,
215114,Cairn University-Langhorne,2023,Participates in Title IV federal financial aid programs,"1,000 - 4,999",855,42,109,44,30,84,47975,"1,000 - 4,999",Suburb: Large,27603,650,610,27,61,31,64,1260,0.05,,
198118,Caldwell Community College and Technical Institute,2023,Participates in Title IV federal financial aid programs,"1,000 - 4,999",3764,326,2574,834,29,,26613,"1,000 - 4,999",Suburb: Midsize,7025,,,,,,,0,0.09,,
183910,Caldwell University,2023,Participates in Title IV federal financial aid programs,"1,000 - 4,999",1448,62,56,71,46,65,60950,"1,000 - 4,999",Suburb: Large,23071,,,,60,51,55,0,0.04,,
110361,California Baptist University,2023,Participates in Title IV federal financial aid programs,"10,000 - 19,999",8110,1056,938,1478,41,74,66364,"10,000 - 19,999",City: Large,28596,,,,60,43,60,0,0.13,,
110918,California Christian College,2023,"Not currently participating in Title IV, has an OPE ID number",Not applicable,,,,,,,,Not applicable,City: Large,,,,,,,,0,,,
112570,California College of ASU,2023,Participates in Title IV federal financial aid programs,"Under 1,000",149,0,128,27,47,,48468,"Under 1,000",City: Large,35614,,,,53,39,47,0,0.00,,
110370,California College of the Arts,2023,Participates in Title IV federal financial aid programs,"1,000 - 4,999",1012,54,78,103,25,73,85363,"1,000 - 4,999",City: Large,49945,,,,68,39,59,0,0.05,,
487649,California Institute of Advanced Management,2023,Participates in Title IV federal financial aid programs,"Under 1,000",0,0,0,0,,,,"Under 1,000",Suburb: Large,,,,,,,,0,,,
110316,California Institute of Integral Studies,2023,Participates in Title IV federal financial aid programs,"1,000 - 4,999",57,39,7,46,54,,,"1,000 - 4,999",City: Large,,,,,,,,0,0.68,,
110404,California Institute of Technology,2023,Participates in Title IV federal financial aid programs,"1,000 - 4,999",1023,5,0,3,15,3,90306,"1,000 - 4,999",City: Midsize,23397,,,,95,79,93,0,0.00,,
111081,California Institute of the Arts,2023,Participates in Title IV federal financial aid programs,"1,000 - 4,999",918,57,10,98,22,26,85307,"1,000 - 4,999",Suburb: Large,57288,,,,72,43,64,0,0.06,,
486488,California Jazz Conservatory,2023,Participates in Title IV federal financial aid programs,"Under 1,000",20,4,6,10,35,100,48497,"Under 1,000",City: Midsize,,,,,100,33,33,0,0.20,,
110413,California Lutheran University,2023,Participates in Title IV federal financial aid programs,"1,000 - 4,999",2380,185,46,177,30,89,77297,"1,000 - 4,999",City: Midsize,27080,660,660,29,74,66,74,1320,0.08,,
110422,California Polytechnic State University-San Luis Obispo,2023,Participates in Title IV federal financial aid programs,"20,000 and above",21559,853,930,490,18,30,33143,"20,000 and above",Suburb: Small,16888,,,,87,61,85,0,0.04,,
115755,California State Polytechnic University-Humboldt,2023,Participates in Title IV federal financial aid programs,"5,000 - 9,999",5594,802,703,1265,46,99,26471,"5,000 - 9,999",Town: Remote,13837,,,,50,24,47,0,0.14,,
110529,California State Polytechnic University-Pomona,2023,Participates in Title IV federal financial aid programs,"20,000 and above",24455,2764,3448,3984,46,74,32297,"20,000 and above",Suburb: Large,11898,,,,74,29,67,0,0.11,,
111188,California State University Maritime Academy,2023,Participates in Title IV federal financial aid programs,"Under 1,000",761,62,35,76,29,99,31317,"Under 1,000",City: Midsize,16081,,,,70,50,67,0,0.08,,
110486,California State University-Bakersfield,2023,Participates in Title IV federal financial aid programs,"5,000 - 9,999",8336,971,1540,2004,61,88,31504,"5,000 - 9,999",City: Large,6567,,,,52,28,49,0,0.12,,
441937,California State University-Channel Islands,2023,Participates in Title IV federal financial aid programs,"5,000 - 9,999",5290,953,1266,1457,47,93,34263,"5,000 - 9,999",Rural: Fringe,10931,,,,60,28,53,0,0.18,,
110538,California State University-Chico,2023,Participates in Title IV federal financial aid programs,"10,000 - 19,999",13160,1888,1329,2203,40,94,25064,"10,000 - 19,999",City: Midsize,15187,,,,68,33,64,0,0.14,,
110547,California State University-Dominguez Hills,2023,Participates in Title IV federal financial aid programs,"10,000 - 19,999",12730,1527,3189,3868,61,91,35974,"10,000 - 19,999",City: Small,4438,,,,57,18,47,0,0.12,,
110574,California State University-East Bay,2023,Participates in Title IV federal financial aid programs,"10,000 - 19,999",10562,2037,2588,3975,44,97,36286,"10,000 - 19,999",Suburb: Large,10874,,,,53,18,46,0,0.19,,
110556,California State University-Fresno,2023,Participates in Title IV federal financial aid programs,"20,000 and above",21430,2615,3667,3309,56,96,29407,"20,000 and above",City: Large,7303,,,,61,25,55,0,0.12,,
110565,California State University-Fullerton,2023,Participates in Title IV federal financial aid programs,"20,000 and above",37125,4432,7430,6083,47,87,32421,"20,000 and above",Suburb: Large,6283,,,,76,36,69,0,0.12,,
110583,California State University-Long Beach,2023,Participates in Title IV federal financial aid programs,"20,000 and above",34243,4438,5281,5508,49,47,31612,"20,000 and above",City: Large,9731,,,,78,38,70,0,0.13,,
110592,California State University-Los Angeles,2023,Participates in Title IV federal financial aid programs,"20,000 and above",21527,2480,3742,5041,66,92,34038,"20,000 and above",City: Large,4551,,,,56,21,53,0,0.12,,
409698,California State University-Monterey Bay,2023,Participates in Title IV federal financial aid programs,"5,000 - 9,999",5909,857,705,1060,43,95,36155,"5,000 - 9,999",Suburb: Midsize,15222,,,,62,40,63,0,0.15,,
110608,California State University-Northridge,2023,Participates in Title IV federal financial aid programs,"20,000 and above",32429,4360,5776,6470,56,93,33115,"20,000 and above",City: Large,8222,,,,60,25,56,0,0.13,,
110617,California State University-Sacramento,2023,Participates in Title IV federal financial aid programs,"20,000 and above",28268,3491,5850,5884,49,94,35244,"20,000 and above",City: Large,11183,,,,63,26,56,0,0.12,,
110510,California State University-San Bernardino,2023,Participates in Title IV federal financial aid programs,"10,000 - 19,999",16067,2010,3114,3848,57,98,31789,"10,000 - 19,999",City: Midsize,6645,,,,62,24,55,0,0.13,,
366711,California State University-San Marcos,2023,Participates in Title IV federal financial aid programs,"10,000 - 19,999",14246,1952,2398,2523,44,96,35301,"10,000 - 19,999",Suburb: Large,10500,,,,62,24,54,0,0.14,,
110495,California State University-Stanislaus,2023,Participates in Title IV federal financial aid programs,"5,000 - 9,999",8669,1289,1746,2068,55,97,34248,"5,000 - 9,999",Suburb: Small,7316,,,,63,26,58,0,0.15,,
496043,California University of Science and Medicine,2023,Participates in Title IV federal financial aid programs,"Under 1,000",0,0,0,0,,,,"Under 1,000",Suburb: Large,,,,,,,,0,,,
497666,California University-Silicon Valley,2023,"Not currently participating in Title IV, does not have OPE ID number",Not reported,,,,,,,,Not reported,City: Midsize,,,,,,,,0,,,
111391,California Western School of Law,2023,Participates in Title IV federal financial aid programs,"Under 1,000",0,0,0,0,,,,"Under 1,000",City: Large,,,,,,,,0,,,
150172,Calumet College of Saint Joseph,2023,Participates in Title IV federal financial aid programs,"Under 1,000",560,90,142,157,48,,32670,"Under 1,000",Suburb: Large,17377,,,,18,21,31,0,0.16,,
176789,Calvary University,2023,Participates in Title IV federal financial aid programs,"Under 1,000",198,18,85,36,36,71,42476,"Under 1,000",City: Large,12860,620,580,23,37,35,47,1200,0.09,,
169099,Calvin Theological Seminary,2023,Participates in Title IV federal financial aid programs,"Under 1,000",0,0,0,0,,,,"Under 1,000",City: Midsize,,,,,,,,0,,,
169080,Calvin University,2023,Participates in Title IV federal financial aid programs,"1,000 - 4,999",3053,117,314,202,14,71,52570,"1,000 - 4,999",City: Midsize,26374,670,670,30,78,65,77,1340,0.04,,
165167,Cambridge College,2023,Participates in Title IV federal financial aid programs,"1,000 - 4,999",717,81,615,544,33,,34072,"1,000 - 4,999",City: Large,,,,,0,13,13,0,0.11,,
183938,Camden County College,2023,Participates in Title IV federal financial aid programs,"5,000 - 9,999",7591,482,4281,2785,39,,17296,"5,000 - 9,999",Suburb: Large,5293,,,,,,,0,0.06,,
206914,Cameron University,2023,Participates in Title IV federal financial aid programs,"1,000 - 4,999",3244,254,1340,903,41,,26312,"1,000 - 4,999",City: Small,11094,,,,36,17,28,0,0.08,,
198136,Campbell University,2023,Participates in Title IV federal financial aid programs,"5,000 - 9,999",2813,247,438,645,33,94,63711,"5,000 - 9,999",Town: Fringe,24517,,,,56,41,55,0,0.09,,
156365,Campbellsville University,2023,Participates in Title IV federal financial aid programs,"10,000 - 19,999",6853,315,4460,782,22,98,43928,"10,000 - 19,999",Town: Distant,18777,,,,43,40,46,0,0.05,,
111434,Canada College,2023,Participates in Title IV federal financial aid programs,"5,000 - 9,999",6141,1045,5316,2395,10,,38587,"5,000 - 9,999",Suburb: Large,3845,,,,,,,0,0.17,,
365374,Canadian Valley Technology Center,2023,Participates in Title IV federal financial aid programs,"1,000 - 4,999",2026,0,1608,141,9,,,"1,000 - 4,999",Rural: Fringe,10279,,,,,,,0,0.00,,
189705,Canisius University,2023,Participates in Title IV federal financial aid programs,"1,000 - 4,999",1798,161,67,55,27,82,43420,"1,000 - 4,999",City: Large,19321,,,,71,63,71,0,0.09,,
200208,Cankdeska Cikana Community College,2023,Participates in Title IV federal financial aid programs,"Under 1,000",325,18,180,155,55,,14900,"Under 1,000",Rural: Distant,9127,,,,,,,0,0.06,,
201539,Canton City Schools Adult Career and Technical Education,2023,Participates in Title IV federal financial aid programs,"Under 1,000",87,0,15,67,58,63,,"Under 1,000",City: Small,15154,,,,,,,0,0.00,,
165194,Cape Cod Community College,2023,Participates in Title IV federal financial aid programs,"1,000 - 4,999",2604,283,1992,1093,31,,23220,"1,000 - 4,999",City: Small,9220,,,,,,,0,0.11,,
431558,Cape Coral Technical College,2023,Participates in Title IV federal financial aid programs,"Under 1,000",296,0,29,88,46,,,"Under 1,000",City: Midsize,2587,,,,,,,0,0.00,,
198154,Cape Fear Community College,2023,Participates in Title IV federal financial aid programs,"10,000 - 19,999",14119,324,10534,5620,18,,18006,"10,000 - 19,999",City: Midsize,6669,,,,,,,0,0.02,,
176798,Cape Girardeau Career and Technology Center,2023,Participates in Title IV federal financial aid programs,"Under 1,000",212,0,98,95,38,,,"Under 1,000",City: Small,18462,,,,,,,0,0.00,,
367972,Capital Area Career Center,2023,Participates in Title IV federal financial aid programs,"Under 1,000",115,0,0,79,61,100,40705,"Under 1,000",Rural: Fringe,,,,,,,,0,0.00,,
186423,Capital Health School of Nursing,2023,Participates in Title IV federal financial aid programs,"Under 1,000",53,0,0,40,0,,,"Under 1,000",City: Small,,,,,,,,0,0.00,,
186405,Capital Health School of Radiologic Technology,2023,Participates in Title IV federal financial aid programs,"Under 1,000",15,0,0,5,25,,,"Under 1,000",City: Small,,,,,,,,0,0.00,,
201548,Capital University,2023,Participates in Title IV federal financial aid programs,"1,000 - 4,999",1747,88,69,112,31,73,61548,"1,000 - 4,999",Suburb: Large,22480,600,590,25,62,59,66,1190,0.05,,
162061,Capitol Technology University,2023,Participates in Title IV federal financial aid programs,"Under 1,000",266,23,48,53,35,78,52114,"Under 1,000",Suburb: Large,23223,,,,54,28,47,0,0.09,,
238430,Cardinal Stritch University,2023,"Not currently participating in Title IV, has an OPE ID number",Not applicable,,,,,,,,Not applicable,Suburb: Large,,,,,,,,0,,,
418205,Career and Technology Education Centers of Licking County,2023,Participates in Title IV federal financial aid programs,"Under 1,000",220,0,105,91,16,,,"Under 1,000",Suburb: Small,,,,,,,,0,0.00,,
417442,Career Center of Southern Illinois,2023,Participates in Title IV federal financial aid programs,"Under 1,000",48,0,0,33,80,,,"Under 1,000",Rural: Distant,20488,,,,,,,0,0.00,,
455220,Career School of NY,2023,Participates in Title IV federal financial aid programs,"Under 1,000",110,0,0,48,36,,,"Under 1,000",City: Large,1720,,,,,,,0,0.00,,
246071,Career Technology Center of Lackawanna County,2023,Participates in Title IV federal financial aid programs,"Under 1,000",76,0,0,55,71,100,,"Under 1,000",City: Small,16058,,,,,,,0,0.00,,
241377,Caribbean University-Bayamon,2023,Participates in Title IV federal financial aid programs,"Under 1,000",669,50,184,308,75,,17527,"Under 1,000",City: Midsize,6301,,,,23,18,31,0,0.07,,
241386,Caribbean University-Carolina,2023,Participates in Title IV federal financial aid programs,"Under 1,000",127,15,55,93,72,,17527,"Under 1,000",Suburb: Large,7635,,,,25,13,25,0,0.12,,
363907,Caribbean University-Ponce,2023,Participates in Title IV federal financial aid programs,"Under 1,000",438,42,142,245,75,,17527,"Under 1,000",City: Midsize,6679,,,,18,24,45,0,0.10,,
363916,Caribbean University-Vega Baja,2023,Participates in Title IV federal financial aid programs,"Under 1,000",194,15,62,100,79,,17527,"Under 1,000",Suburb: Large,6310,,,,50,20,20,0,0.08,,
206923,Carl Albert State College,2023,Participates in Title IV federal financial aid programs,"1,000 - 4,999",1786,0,918,471,49,,25722,"1,000 - 4,999",Town: Distant,7141,,,,,,,0,0.00,,
143613,Carl Sandburg College,2023,Participates in Title IV federal financial aid programs,"1,000 - 4,999",1688,82,978,363,43,,18026,"1,000 - 4,999",Town: Distant,2754,,,,,,,0,0.05,,
173258,Carleton College,2023,Participates in Title IV federal financial aid programs,"1,000 - 4,999",2069,13,20,4,14,22,,"1,000 - 4,999",Town: Distant,29434,760,790,34,92,83,91,1550,0.01,,
211431,Carlow University,2023,Participates in Title IV federal financial aid programs,"1,000 - 4,999",1344,224,354,429,41,87,52290,"1,000 - 4,999",City: Large,20561,,,,54,43,55,0,0.17,,
211440,Carnegie Mellon University,2023,Participates in Title IV federal financial aid programs,"10,000 - 19,999",7289,58,251,106,15,11,81887,"10,000 - 19,999",City: Large,32964,770,800,35,94,79,93,1570,0.01,,
199971,Carolina Christian College,2023,Participates in Title IV federal financial aid programs,"Under 1,000",53,14,0,19,100,,44219,"Under 1,000",City: Large,11448,,,,,0,0,0,0.26,,
461032,Carolina College of Biblical Studies,2023,Participates in Title IV federal financial aid programs,"Under 1,000",122,18,73,100,56,,24267,"Under 1,000",City: Midsize,18745,,,,100,100,100,0,0.15,,
489937,Carolina University,2023,Participates in Title IV federal financial aid programs,"Under 1,000",424,6,55,77,46,34,33520,"Under 1,000",City: Large,19111,,,,42,28,28,0,0.01,,
433174,Carolinas College of Health Sciences,2023,Participates in Title IV federal financial aid programs,"Under 1,000",410,122,320,229,17,81,52836,"Under 1,000",City: Large,,,,,,,,0,0.30,,
180106,Carroll College,2023,Participates in Title IV federal financial aid programs,"1,000 - 4,999",1062,41,20,52,18,73,56044,"1,000 - 4,999",City: Small,26103,660,670,29,68,54,66,1330,0.04,,
405872,Carroll Community College,2023,Participates in Title IV federal financial aid programs,"1,000 - 4,999",3164,192,2263,572,16,,17188,"1,000 - 4,999",Town: Fringe,4568,,,,,,,0,0.06,,
238458,Carroll University,2023,Participates in Title IV federal financial aid programs,"1,000 - 4,999",2623,134,169,127,22,58,52626,"1,000 - 4,999",City: Small,25171,610,650,28,68,59,70,1260,0.05,,
219806,Carson-Newman University,2023,Participates in Title IV federal financial aid programs,"1,000 - 4,999",1669,100,321,80,39,68,50734,"1,000 - 4,999",Suburb: Small,19755,570,560,25,56,42,47,1130,0.06,,
198206,Carteret Community College,2023,Participates in Title IV federal financial aid programs,"1,000 - 4,999",1579,121,986,439,38,,29470,"1,000 - 4,999",Town: Distant,13524,,,,,,,0,0.08,,
238476,Carthage College,2023,Participates in Title IV federal financial aid programs,"1,000 - 4,999",2642,83,42,54,26,84,53050,"1,000 - 4,999",City: Small,24962,605,600,26,69,52,61,1205,0.03,,
481049,Carthage R9 School District-Carthage Technical Center,2023,Participates in Title IV federal financial aid programs,"Under 1,000",17,0,0,9,94,,,"Under 1,000",Town: Fringe,16233,,,,,,,0,0.00,,
430795,Carver Career Center,2023,Participates in Title IV federal financial aid programs,"Under 1,000",163,0,0,6,85,,,"Under 1,000",Suburb: Midsize,2717,,,,,,,0,0.00,,
111638,Casa Loma College-Los Angeles,2023,Participates in Title IV federal financial aid programs,"Under 1,000",581,32,0,349,55,36,,"Under 1,000",City: Large,26780,,,,,,,0,0.06,,
439190,Cascadia College,2023,Participates in Title IV federal financial aid programs,"1,000 - 4,999",2013,65,856,218,10,,27432,"1,000 - 4,999",Suburb: Large,13863,,,,,,,0,0.03,,
201645,Case Western Reserve University,2023,Participates in Title IV federal financial aid programs,"10,000 - 19,999",6186,66,93,53,17,29,78621,"10,000 - 19,999",City: Large,41351,750,790,35,85,72,87,1540,0.01,,
240505,Casper College,2023,Participates in Title IV federal financial aid programs,"1,000 - 4,999",3400,146,1981,947,23,,20592,"1,000 - 4,999",City: Small,8261,,,,,,,0,0.04,,
417682,Cass Career Center,2023,Participates in Title IV federal financial aid programs,"Under 1,000",20,0,0,13,53,100,,"Under 1,000",Town: Distant,15552,,,,,,,0,0.00,,
230834,Castleton University,2023,"Not currently participating in Title IV, has an OPE ID number",Not applicable,,,,,,,,Not applicable,Rural: Distant,,,,,,,,0,,,
198215,Catawba College,2023,Participates in Title IV federal financial aid programs,"1,000 - 4,999",1153,119,80,120,39,78,49213,"1,000 - 4,999",Suburb: Large,18319,593,593,25,60,45,52,1186,0.10,,
198233,Catawba Valley Community College,2023,Participates in Title IV federal financial aid programs,"1,000 - 4,999",4413,136,3285,678,33,,30727,"1,000 - 4,999",City: Small,9821,,,,,,,0,0.03,,
475398,Catholic Distance University,2023,Participates in Title IV federal financial aid programs,"Under 1,000",99,14,70,76,20,,21546,"Under 1,000",Town: Fringe,,,,,,,,0,0.14,,
143659,Catholic Theological Union at Chicago,2023,Participates in Title IV federal financial aid programs,"Under 1,000",0,0,0,0,,,,"Under 1,000",City: Large,,,,,,,,0,,,
417983,Cattaraugus Allegany BOCES-Practical Nursing Program,2023,Participates in Title IV federal financial aid programs,"Under 1,000",23,0,7,19,83,,,"Under 1,000",Rural: Fringe,,,,,,,,0,0.00,,
430306,Cayce/Reilly School of Massage,2023,Participates in Title IV federal financial aid programs,"Under 1,000",25,0,13,20,41,,,"Under 1,000",City: Large,17382,,,,,,,0,0.00,,
189839,Cayuga County Community College,2023,Participates in Title IV federal financial aid programs,"1,000 - 4,999",3451,112,2685,505,17,,21706,"1,000 - 4,999",Town: Distant,6654,,,,,,,0,0.03,,
430883,Cayuga Onondaga BOCES-Practical Nursing Program,2023,Participates in Title IV federal financial aid programs,"Under 1,000",36,0,0,26,72,31,38884,"Under 1,000",Town: Distant,33290,,,,,,,0,0.00,,
189848,Cazenovia College,2023,"Not currently participating in Title IV, has an OPE ID number",Not applicable,,,,,,,,Not applicable,Rural: Distant,,,,,,,,0,,,
439367,CBD College,2023,Participates in Title IV federal financial aid programs,"1,000 - 4,999",1408,193,0,1041,43,,,"1,000 - 4,999",City: Large,19098,,,,,,,0,0.14,,
162104,Cecil College,2023,Participates in Title IV federal financial aid programs,"1,000 - 4,999",1845,73,1293,452,26,,26896,"1,000 - 4,999",Rural: Fringe,11095,,,,,,,0,0.04,,
211468,Cedar Crest College,2023,Participates in Title IV federal financial aid programs,"1,000 - 4,999",886,69,228,227,39,99,61435,"1,000 - 4,999",City: Midsize,23036,660,570,,64,47,58,1230,0.08,,
201654,Cedarville University,2023,Participates in Title IV federal financial aid programs,"5,000 - 9,999",4916,95,1127,32,15,63,49604,"5,000 - 9,999",Rural: Distant,27047,690,670,29,74,65,74,1360,0.02,,
158477,Centenary College of Louisiana,2023,Participates in Title IV federal financial aid programs,"Under 1,000",620,33,3,8,39,54,58100,"Under 1,000",City: Midsize,25427,620,590,28,59,48,59,1210,0.05,,
183974,Centenary University,2023,Participates in Title IV federal financial aid programs,"1,000 - 4,999",951,37,50,90,38,97,55426,"1,000 - 4,999",Suburb: Large,22838,,,,68,47,56,0,0.04,,
241793,Center for Advanced Studies On Puerto Rico and the Caribbean,2023,Participates in Title IV federal financial aid programs,"Under 1,000",0,0,0,0,,,,"Under 1,000",City: Large,,,,,,,,0,,,
364964,"Center for Instruction, Technology & Innovation",2023,Participates in Title IV federal financial aid programs,"Under 1,000",21,0,0,10,61,,,"Under 1,000",Rural: Distant,14771,,,,,,,0,0.00,,
232618,Centra College,2023,Participates in Title IV federal financial aid programs,"Under 1,000",212,82,181,107,44,100,36780,"Under 1,000",City: Small,24868,,,,,,,0,0.39,,
100760,Central Alabama Community College,2023,Participates in Title IV federal financial aid programs,"1,000 - 4,999",1910,122,1349,340,29,,29661,"1,000 - 4,999",Town: Distant,13873,,,,,,,0,0.06,,
104346,Central Arizona College,2023,Participates in Title IV federal financial aid programs,"5,000 - 9,999",5131,1020,3880,1317,29,,15451,"5,000 - 9,999",Rural: Fringe,4645,,,,,,,0,0.20,,
106713,Central Baptist College,2023,Participates in Title IV federal financial aid programs,"Under 1,000",550,56,101,72,42,46,30924,"Under 1,000",City: Small,16672,570,575,22,42,32,43,1145,0.10,,
198251,Central Carolina Community College,2023,Participates in Title IV federal financial aid programs,"5,000 - 9,999",5574,349,4095,1072,25,,21021,"5,000 - 9,999",Town: Distant,2153,,,,,,,0,0.06,,
218858,Central Carolina Technical College,2023,Participates in Title IV federal financial aid programs,"1,000 - 4,999",3004,83,2187,1136,44,,17069,"1,000 - 4,999",City: Small,5519,,,,,,,0,0.03,,
154855,Central Christian College of Kansas,2023,Participates in Title IV federal financial aid programs,"Under 1,000",437,53,53,120,43,,37988,"Under 1,000",Town: Remote,12217,,,,19,22,26,0,0.12,,
176910,Central Christian College of the Bible,2023,Participates in Title IV federal financial aid programs,"Under 1,000",155,9,49,49,53,,37645,"Under 1,000",Town: Distant,13695,,,,52,21,33,0,0.06,,
153108,Central College,2023,Participates in Title IV federal financial aid programs,"1,000 - 4,999",1095,32,54,13,21,79,37725,"1,000 - 4,999",Town: Distant,22499,580,625,25,66,59,69,1205,0.03,,
180902,Central Community College,2023,Participates in Title IV federal financial aid programs,"5,000 - 9,999",6862,190,5137,1486,19,,16260,"5,000 - 9,999",City: Small,7317,,,,,,,0,0.03,,
128771,Central Connecticut State University,2023,Participates in Title IV federal financial aid programs,"5,000 - 9,999",7917,798,1542,1281,35,76,29026,"5,000 - 9,999",Suburb: Large,17207,600,580,29,58,28,49,1180,0.10,,
483045,Central Georgia Technical College,2023,Participates in Title IV federal financial aid programs,"10,000 - 19,999",10710,825,8770,2863,30,,11004,"10,000 - 19,999",City: Small,4596,,,,,,,0,0.08,,
173203,Central Lakes College-Brainerd,2023,Participates in Title IV federal financial aid programs,"1,000 - 4,999",4532,246,3031,546,15,,23001,"1,000 - 4,999",Town: Remote,12859,,,,,,,0,0.05,,
158088,Central Louisiana Technical Community College,2023,Participates in Title IV federal financial aid programs,"1,000 - 4,999",1211,104,450,413,46,,18311,"1,000 - 4,999",City: Small,6134,,,,,,,0,0.09,,
161077,Central Maine Community College,2023,Participates in Title IV federal financial aid programs,"1,000 - 4,999",4121,208,2454,848,34,,18428,"1,000 - 4,999",City: Small,8324,,,,,,,0,0.05,,
445267,Central Methodist University-College of Graduate and Extended Studies,2023,Branch campus of a main campus that participates in Title IV,"1,000 - 4,999",3247,478,2241,1322,27,87,22310,"1,000 - 4,999",Rural: Distant,14774,,,,0,0,0,0,0.15,,
176947,Central Methodist University-College of Liberal Arts and Sciences,2023,Participates in Title IV federal financial aid programs,"1,000 - 4,999",1017,118,5,30,37,88,43630,"1,000 - 4,999",Rural: Distant,25050,553,585,24,50,44,54,1138,0.12,,
169248,Central Michigan University,2023,Participates in Title IV federal financial aid programs,"10,000 - 19,999",10055,937,1448,1375,31,91,28470,"10,000 - 19,999",Town: Distant,15826,620,590,27,63,39,62,1210,0.09,,
187532,Central New Mexico Community College,2023,Participates in Title IV federal financial aid programs,"10,000 - 19,999",19067,1154,14572,7811,26,,16246,"10,000 - 19,999",City: Large,4961,,,,,,,0,0.06,,
201672,Central Ohio Technical College,2023,Participates in Title IV federal financial aid programs,"1,000 - 4,999",2890,273,2360,729,26,,19088,"1,000 - 4,999",Suburb: Small,9439,,,,,,,0,0.09,,
208318,Central Oregon Community College,2023,Participates in Title IV federal financial aid programs,"1,000 - 4,999",4053,399,2144,1361,24,,31085,"1,000 - 4,999",City: Midsize,8969,,,,,,,0,0.10,,
369668,Central Pennsylvania Institute of Science and Technology,2023,Participates in Title IV federal financial aid programs,"Under 1,000",126,0,27,50,61,95,,"Under 1,000",Rural: Fringe,7723,,,,,,,0,0.00,,
198260,Central Piedmont Community College,2023,Participates in Title IV federal financial aid programs,"10,000 - 19,999",18446,956,12273,4426,39,,19765,"10,000 - 19,999",City: Large,4601,,,,,,,0,0.05,,
201681,Central School of Practical Nursing,2023,Participates in Title IV federal financial aid programs,"Under 1,000",56,0,0,47,54,,,"Under 1,000",Suburb: Large,17938,,,,,,,0,0.00,,
231688,Central School of Practical Nursing,2023,Participates in Title IV federal financial aid programs,"Under 1,000",24,0,13,19,30,,,"Under 1,000",City: Midsize,7152,,,,,,,0,0.00,,
201690,Central State University,2023,Participates in Title IV federal financial aid programs,"1,000 - 4,999",3429,190,1015,1647,42,46,22814,"1,000 - 4,999",Rural: Fringe,14821,,,,25,14,26,0,0.06,,
406422,Central Susquehanna Intermediate Unit LPN Career,2023,Participates in Title IV federal financial aid programs,"Under 1,000",87,0,39,45,50,84,,"Under 1,000",Rural: Fringe,17987,,,,,,,0,0.00,,
246017,Central Technology Center,2023,Participates in Title IV federal financial aid programs,"1,000 - 4,999",1045,0,885,100,7,,,"1,000 - 4,999",Rural: Distant,6717,,,,,,,0,0.00,,
223816,Central Texas College,2023,Participates in Title IV federal financial aid programs,"5,000 - 9,999",8192,625,6400,3298,31,,18800,"5,000 - 9,999",Suburb: Large,6128,,,,,,,0,0.08,,
231697,Central Virginia Community College,2023,Participates in Title IV federal financial aid programs,"1,000 - 4,999",3410,175,2353,761,33,,21472,"1,000 - 4,999",City: Small,5653,,,,,,,0,0.05,,
234827,Central Washington University,2023,Participates in Title IV federal financial aid programs,"5,000 - 9,999",8309,797,1235,1632,31,90,23865,"5,000 - 9,999",Town: Distant,15558,,,,54,32,50,0,0.10,,
240514,Central Wyoming College,2023,Participates in Title IV federal financial aid programs,"1,000 - 4,999",2106,77,1484,506,18,,23110,"1,000 - 4,999",Town: Remote,10108,,,,,,,0,0.04,,
488004,Central Yeshiva Beth Joseph,2023,Participates in Title IV federal financial aid programs,"Under 1,000",22,4,0,11,39,,,"Under 1,000",City: Large,,,,,,,,0,0.18,,
189857,Central Yeshiva Tomchei Tmimim Lubavitz,2023,Participates in Title IV federal financial aid programs,"Under 1,000",810,268,0,3,64,88,32600,"Under 1,000",City: Large,19471,,,,31,0,3,0,0.33,,
234845,Centralia College,2023,Participates in Title IV federal financial aid programs,"1,000 - 4,999",2335,174,879,742,21,,27624,"1,000 - 4,999",Town: Distant,12280,,,,,,,0,0.07,,
156408,Centre College,2023,Participates in Title IV federal financial aid programs,"1,000 - 4,999",1356,4,9,4,21,54,67305,"1,000 - 4,999",Town: Distant,23780,683,740,32,87,81,85,1423,0.00,,
175315,Century College,2023,Participates in Title IV federal financial aid programs,"5,000 - 9,999",8248,1223,5252,2076,33,,20788,"5,000 - 9,999",Suburb: Large,10552,,,,,,,0,0.15,,
111887,Cerritos College,2023,Participates in Title IV federal financial aid programs,"20,000 and above",21046,1755,12457,8221,35,,27926,"20,000 and above",Suburb: Large,2373,,,,,,,0,0.08,,
111896,Cerro Coso Community College,2023,Participates in Title IV federal financial aid programs,"5,000 - 9,999",5690,738,4812,2409,14,,27945,"5,000 - 9,999",Rural: Fringe,9729,,,,,,,0,0.13,,
444510,CES College,2023,Participates in Title IV federal financial aid programs,"Under 1,000",106,0,0,75,60,60,,"Under 1,000",City: Midsize,27139,,,,,,,0,0.00,,
427894,CET-Alexandria,2023,Participates in Title IV federal financial aid programs,"Under 1,000",23,0,0,9,33,,,"Under 1,000",Suburb: Large,20961,,,,,,,0,0.00,,
381255,CET-Coachella,2023,Participates in Title IV federal financial aid programs,"Under 1,000",84,0,0,17,41,,,"Under 1,000",Suburb: Large,11308,,,,,,,0,0.00,,
111744,CET-Colton,2023,Participates in Title IV federal financial aid programs,"Under 1,000",191,0,0,77,53,,,"Under 1,000",Suburb: Large,14477,,,,,,,0,0.00,,
111726,CET-El Centro,2023,Participates in Title IV federal financial aid programs,"Under 1,000",167,0,0,115,28,,,"Under 1,000",City: Small,20218,,,,,,,0,0.00,,
432269,CET-El Paso,2023,Participates in Title IV federal financial aid programs,"Under 1,000",74,0,0,62,66,,,"Under 1,000",City: Large,19187,,,,,,,0,0.00,,
381282,CET-Oxnard,2023,Participates in Title IV federal financial aid programs,"Under 1,000",82,0,0,31,21,,,"Under 1,000",City: Midsize,13943,,,,,,,0,0.00,,
111799,CET-Salinas,2023,Participates in Title IV federal financial aid programs,"Under 1,000",187,0,0,49,30,,,"Under 1,000",City: Midsize,9182,,,,,,,0,0.00,,
111708,CET-San Diego,2023,Participates in Title IV federal financial aid programs,"Under 1,000",225,0,0,164,29,,,"Under 1,000",City: Large,18621,,,,,,,0,0.00,,
111717,CET-San Jose,2023,Participates in Title IV federal financial aid programs,"Under 1,000",175,0,0,48,37,,,"Under 1,000",City: Large,13577,,,,,,,0,0.00,,
381325,CET-Santa Maria,2023,Participates in Title IV federal financial aid programs,"Under 1,000",125,0,0,17,31,,,"Under 1,000",City: Midsize,7835,,,,,,,0,0.00,,
468769,CET-Soledad,2023,Participates in Title IV federal financial aid programs,"Under 1,000",179,0,0,49,33,,,"Under 1,000",Town: Distant,10101,,,,,,,0,0.00,,
111762,CET-Watsonville,2023,Participates in Title IV federal financial aid programs,"Under 1,000",149,0,0,23,23,,,"Under 1,000",City: Small,9782,,,,,,,0,0.00,,
111920,Chabot College,2023,Participates in Title IV federal financial aid programs,"10,000 - 19,999",12218,1142,8881,4728,18,,31246,"10,000 - 19,999",Suburb: Large,7975,,,,,,,0,0.09,,
180948,Chadron State College,2023,Participates in Title IV federal financial aid programs,"1,000 - 4,999",1785,165,320,364,36,,23138,"1,000 - 4,999",Town: Remote,13852,,,,40,26,38,0,0.09,,
111939,Chaffey College,2023,Participates in Title IV federal financial aid programs,"20,000 and above",20632,1339,14659,7005,28,,27746,"20,000 and above",Suburb: Large,7901,,,,,,,0,0.06,,
141486,Chaminade University of Honolulu,2023,Participates in Title IV federal financial aid programs,"1,000 - 4,999",1764,223,343,473,42,93,49002,"1,000 - 4,999",City: Large,27695,665,655,,66,51,63,1320,0.13,,
492069,Champion Christian College,2023,Participates in Title IV federal financial aid programs,"Under 1,000",139,31,20,12,61,,25434,"Under 1,000",City: Small,15392,,,,,,,0,0.22,,
230852,Champlain College,2023,Participates in Title IV federal financial aid programs,"1,000 - 4,999",2886,218,689,1002,23,67,62754,"1,000 - 4,999",City: Small,36846,680,660,31,69,53,63,1340,0.08,,
364025,Chandler-Gilbert Community College,2023,Participates in Title IV federal financial aid programs,"10,000 - 19,999",14725,834,11141,2308,11,,25638,"10,000 - 19,999",City: Large,13175,,,,,,,0,0.06,,
111948,Chapman University,2023,Participates in Title IV federal financial aid programs,"5,000 - 9,999",7874,301,544,173,20,56,83552,"5,000 - 9,999",City: Midsize,48037,710,720,32,80,71,80,1430,0.04,,
123493,Charles A Jones Career and Education Center,2023,Participates in Title IV federal financial aid programs,"Under 1,000",90,0,0,49,34,,,"Under 1,000",City: Large,15910,,,,,,,0,0.00,,
419095,Charles H McCann Technical School,2023,Participates in Title IV federal financial aid programs,"Under 1,000",45,0,0,19,38,,,"Under 1,000",Rural: Fringe,9909,,,,,,,0,0.00,,
111966,Charles R Drew University of Medicine and Science,2023,Participates in Title IV federal financial aid programs,"Under 1,000",234,66,61,129,31,39,57871,"Under 1,000",Suburb: Large,27789,,,,,44,50,0,0.28,,
217688,Charleston Southern University,2023,Participates in Title IV federal financial aid programs,"1,000 - 4,999",2914,238,346,347,35,76,45020,"1,000 - 4,999",City: Midsize,21347,600,560,24,51,41,49,1160,0.08,,
444778,Charlotte Christian College and Theological Seminary,2023,Participates in Title IV federal financial aid programs,"Under 1,000",36,6,22,32,56,,37159,"Under 1,000",City: Large,,,,,0,0,0,0,0.17,,
132976,Charlotte Technical College,2023,Participates in Title IV federal financial aid programs,"Under 1,000",310,0,0,108,30,,24200,"Under 1,000",Suburb: Midsize,9967,,,,,,,0,0.00,,
128780,Charter Oak State College,2023,Participates in Title IV federal financial aid programs,"1,000 - 4,999",1683,537,1157,1407,38,,23210,"1,000 - 4,999",Suburb: Large,15663,,,,,,,0,0.32,,
201751,Chatfield College,2023,"Not currently participating in Title IV, has an OPE ID number",Not reported,,,,,,,,Not reported,Rural: Distant,,,,,,,,0,,,
211556,Chatham University,2023,Participates in Title IV federal financial aid programs,"1,000 - 4,999",1507,84,288,215,21,70,62634,"1,000 - 4,999",City: Large,29051,670,620,27,64,60,66,1290,0.06,,
140331,Chattahoochee Technical College,2023,Participates in Title IV federal financial aid programs,"5,000 - 9,999",9842,815,6783,2648,33,,17610,"5,000 - 9,999",Suburb: Large,5553,,,,,,,0,0.08,,
101028,Chattahoochee Valley Community College,2023,Participates in Title IV federal financial aid programs,"1,000 - 4,999",1712,176,1176,479,39,,23800,"1,000 - 4,999",Suburb: Large,6741,,,,,,,0,0.10,,
219824,Chattanooga State Community College,2023,Participates in Title IV federal financial aid programs,"5,000 - 9,999",6601,317,3536,1547,35,,17450,"5,000 - 9,999",City: Midsize,6151,,,,,,,0,0.05,,
208390,Chemeketa Community College,2023,Participates in Title IV federal financial aid programs,"5,000 - 9,999",7433,181,3906,2454,34,,27294,"5,000 - 9,999",Suburb: Large,8455,,,,,,,0,0.02,,
162168,Chesapeake College,2023,Participates in Title IV federal financial aid programs,"1,000 - 4,999",1980,77,1506,371,27,,15294,"1,000 - 4,999",Rural: Distant,5095,,,,,,,0,0.04,,
418427,Chester County Intermediate Unit,2023,Participates in Title IV federal financial aid programs,"Under 1,000",85,0,13,55,63,49,,"Under 1,000",Suburb: Large,19234,,,,,,,0,0.00,,
211583,Chestnut Hill College,2023,Participates in Title IV federal financial aid programs,"1,000 - 4,999",972,116,176,265,47,79,68304,"1,000 - 4,999",City: Large,28583,,,,63,41,56,0,0.12,,
211608,Cheyney University of Pennsylvania,2023,Participates in Title IV federal financial aid programs,"Under 1,000",724,36,61,58,41,,31502,"Under 1,000",Rural: Fringe,8460,,,,42,11,16,0,0.05,,
181145,CHI Health School of Radiologic Technology,2023,Participates in Title IV federal financial aid programs,"Under 1,000",25,13,0,7,13,,,"Under 1,000",City: Large,,,,,,,,0,0.52,,
144005,Chicago State University,2023,Participates in Title IV federal financial aid programs,"1,000 - 4,999",1495,226,514,635,55,41,31704,"1,000 - 4,999",City: Large,9852,,,,24,7,17,0,0.15,,
144014,Chicago Theological Seminary,2023,Participates in Title IV federal financial aid programs,"Under 1,000",0,0,0,0,,,,"Under 1,000",City: Large,,,,,,,,0,,,
180160,Chief Dull Knife College,2023,Participates in Title IV federal financial aid programs,"Under 1,000",242,0,134,123,31,,12660,"Under 1,000",Rural: Remote,9372,,,,,,,0,0.00,,
133021,Chipola College,2023,Participates in Title IV federal financial aid programs,"1,000 - 4,999",1820,83,1106,258,27,,13656,"1,000 - 4,999",Town: Distant,2887,,,,,,,0,0.05,,
240116,Chippewa Valley Technical College,2023,Participates in Title IV federal financial aid programs,"5,000 - 9,999",8198,290,6123,1802,17,,20651,"5,000 - 9,999",City: Small,10766,,,,,,,0,0.04,,
375656,Chisholm Trail Technology Center,2023,Participates in Title IV federal financial aid programs,"Under 1,000",179,0,164,5,8,,,"Under 1,000",Rural: Remote,13246,,,,,,,0,0.00,,
201803,Choffin Career  and Technical Center,2023,Participates in Title IV federal financial aid programs,"Under 1,000",73,0,0,35,91,,25589,"Under 1,000",City: Small,13073,,,,,,,0,0.00,,
198303,Chowan University,2023,Participates in Title IV federal financial aid programs,"Under 1,000",638,66,27,32,61,72,39580,"Under 1,000",Rural: Remote,15845,585,560,,29,18,29,1145,0.10,,
494630,Christ Mission College,2023,Participates in Title IV federal financial aid programs,"Under 1,000",43,8,3,10,60,,25049,"Under 1,000",Suburb: Large,7157,,,,50,0,0,0,0.19,,
219833,Christian Brothers University,2023,Participates in Title IV federal financial aid programs,"1,000 - 4,999",1204,78,283,107,31,88,53106,"1,000 - 4,999",City: Large,17068,640,660,23,61,41,56,1300,0.06,,
488590,Christian Culinary Academy,2023,"Not currently participating in Title IV, does not have OPE ID number","Under 1,000",21,0,0,0,0,100,,"Under 1,000",Rural: Distant,25564,,,,,,,0,0.00,,
150215,Christian Theological Seminary,2023,Participates in Title IV federal financial aid programs,"Under 1,000",0,0,0,0,,,,"Under 1,000",City: Large,,,,,,,,0,,,
231712,Christopher Newport University,2023,Participates in Title IV federal financial aid programs,"1,000 - 4,999",4407,151,86,51,15,88,36709,"1,000 - 4,999",City: Midsize,22864,670,630,29,75,66,75,1300,0.03,,
112127,Church Divinity School of the Pacific,2023,Participates in Title IV federal financial aid programs,"Under 1,000",0,0,0,0,,,,"Under 1,000",City: Midsize,,,,,,,,0,,,
201867,Cincinnati College of Mortuary Science,2023,Participates in Title IV federal financial aid programs,"Under 1,000",104,59,0,60,24,,,"Under 1,000",Suburb: Large,,,,,,,,0,0.57,,
201928,Cincinnati State Technical and Community College,2023,Participates in Title IV federal financial aid programs,"5,000 - 9,999",8681,781,6723,2729,30,,15507,"5,000 - 9,999",City: Large,6489,,,,,,,0,0.09,,
190008,Circle in the Square Theatre School,2023,Participates in Title IV federal financial aid programs,"Under 1,000",50,0,0,7,23,4,48190,"Under 1,000",City: Large,29537,,,,,,,0,0.00,,
223898,Cisco College,2023,Participates in Title IV federal financial aid programs,"1,000 - 4,999",3001,238,1985,501,24,,19624,"1,000 - 4,999",Rural: Remote,10038,,,,,,,0,0.08,,
217864,Citadel Military College of South Carolina,2023,Participates in Title IV federal financial aid programs,"1,000 - 4,999",2661,108,185,251,19,98,53011,"1,000 - 4,999",City: Midsize,21041,640,610,26,75,64,73,1250,0.04,,
211635,Citizens School of Nursing,2023,Participates in Title IV federal financial aid programs,"Under 1,000",115,0,0,63,34,100,,"Under 1,000",Suburb: Large,24848,,,,,,,0,0.00,,
112172,Citrus College,2023,Participates in Title IV federal financial aid programs,"5,000 - 9,999",9915,789,5867,2715,29,,27765,"5,000 - 9,999",Suburb: Large,5411,,,,,,,0,0.08,,
112190,City College of San Francisco,2023,Participates in Title IV federal financial aid programs,"10,000 - 19,999",17808,1592,12494,10093,17,,28935,"10,000 - 19,999",City: Large,12130,,,,,,,0,0.09,,
144500,City Colleges of Chicago-District Office,2023,"Not currently participating in Title IV, has an OPE ID number",Not applicable,,,,,,,,Not applicable,City: Large,,,,,,,,0,,,
144209,City Colleges of Chicago-Harold Washington College,2023,Participates in Title IV federal financial aid programs,"5,000 - 9,999",5859,548,3845,1442,35,,27072,"5,000 - 9,999",City: Large,3555,,,,,,,0,0.09,,
144184,City Colleges of Chicago-Harry S Truman College,2023,Participates in Title IV federal financial aid programs,"5,000 - 9,999",6185,258,4675,3532,21,,27072,"5,000 - 9,999",City: Large,4210,,,,,,,0,0.04,,
144157,City Colleges of Chicago-Kennedy-King College,2023,Participates in Title IV federal financial aid programs,"1,000 - 4,999",2780,210,1786,1085,38,,27072,"1,000 - 4,999",City: Large,5088,,,,,,,0,0.08,,
144166,City Colleges of Chicago-Malcolm X College,2023,Participates in Title IV federal financial aid programs,"5,000 - 9,999",8011,691,5402,3504,42,,27072,"5,000 - 9,999",City: Large,4208,,,,,,,0,0.09,,
144175,City Colleges of Chicago-Olive-Harvey College,2023,Participates in Title IV federal financial aid programs,"1,000 - 4,999",2747,215,1784,1186,31,,27072,"1,000 - 4,999",City: Large,5917,,,,,,,0,0.08,,
144193,City Colleges of Chicago-Richard J Daley College,2023,Participates in Title IV federal financial aid programs,"5,000 - 9,999",5836,292,4113,2412,22,,27072,"5,000 - 9,999",City: Large,4097,,,,,,,0,0.05,,
144218,City Colleges of Chicago-Wilbur Wright College,2023,Participates in Title IV federal financial aid programs,"5,000 - 9,999",7789,330,5485,3069,27,,27072,"5,000 - 9,999",City: Large,3771,,,,,,,0,0.04,,
234915,City University of Seattle,2023,Participates in Title IV federal financial aid programs,"1,000 - 4,999",1180,86,1044,567,13,,35169,"1,000 - 4,999",City: Large,,,,,,0,0,0,0.07,,
457697,City Vision University,2023,Participates in Title IV federal financial aid programs,"Under 1,000",188,91,168,170,66,,15536,"Under 1,000",City: Large,8639,,,,,,,0,0.48,,
208406,Clackamas Community College,2023,Participates in Title IV federal financial aid programs,"5,000 - 9,999",5153,809,3210,2018,24,,31182,"5,000 - 9,999",Suburb: Large,4666,,,,,,,0,0.16,,
217873,Claflin University,2023,Participates in Title IV federal financial aid programs,"1,000 - 4,999",1754,77,141,168,73,73,39446,"1,000 - 4,999",Town: Distant,21232,,,,52,36,49,0,0.04,,
112251,Claremont Graduate University,2023,Participates in Title IV federal financial aid programs,"1,000 - 4,999",0,0,0,0,,,,"1,000 - 4,999",Suburb: Large,,,,,,,,0,,,
488387,Claremont Lincoln University,2023,Participates in Title IV federal financial aid programs,"Under 1,000",17,5,3,14,0,,,"Under 1,000",Suburb: Large,,,,,,,,0,0.29,,
112260,Claremont McKenna College,2023,Participates in Title IV federal financial aid programs,"1,000 - 4,999",1381,21,4,6,19,11,86500,"1,000 - 4,999",Suburb: Large,29978,770,790,35,93,82,95,1560,0.02,,
124283,Claremont School of Theology,2023,Participates in Title IV federal financial aid programs,"Under 1,000",0,0,0,0,,,,"Under 1,000",Suburb: Large,,,,,,,,0,,,
223922,Clarendon College,2023,Participates in Title IV federal financial aid programs,"1,000 - 4,999",1407,179,850,291,21,,17276,"1,000 - 4,999",Rural: Remote,9476,,,,,,,0,0.13,,
138947,Clark Atlanta University,2023,Participates in Title IV federal financial aid programs,"1,000 - 4,999",3495,77,102,65,69,65,43676,"1,000 - 4,999",City: Large,29736,,,,42,34,48,0,0.02,,
234933,Clark College,2023,Participates in Title IV federal financial aid programs,"5,000 - 9,999",7149,313,3227,2001,22,,27222,"5,000 - 9,999",City: Midsize,11547,,,,,,,0,0.04,,
201973,Clark State College,2023,Participates in Title IV federal financial aid programs,"1,000 - 4,999",4724,550,3959,1778,36,,23544,"1,000 - 4,999",City: Small,8329,,,,,,,0,0.12,,
165334,Clark University,2023,Participates in Title IV federal financial aid programs,"1,000 - 4,999",2369,57,47,23,21,42,68800,"1,000 - 4,999",City: Midsize,32767,710,690,33,79,71,77,1400,0.02,,
153126,Clarke University,2023,Participates in Title IV federal financial aid programs,"1,000 - 4,999",871,94,103,60,36,68,55488,"1,000 - 4,999",City: Small,25692,525,520,26,54,44,55,1045,0.11,,
211024,Clarks Summit University,2023,Participates in Title IV federal financial aid programs,"Under 1,000",345,18,81,69,49,90,46600,"Under 1,000",Suburb: Large,23070,,,,43,48,53,0,0.05,,
180832,Clarkson College,2023,Participates in Title IV federal financial aid programs,"1,000 - 4,999",613,167,400,276,30,64,28238,"1,000 - 4,999",City: Large,13814,,,,68,52,67,0,0.27,,
190044,Clarkson University,2023,Participates in Title IV federal financial aid programs,"1,000 - 4,999",2513,60,35,19,20,77,79798,"1,000 - 4,999",Town: Remote,33192,690,700,31,76,64,74,1390,0.02,,
450401,Clary Sage College,2023,Participates in Title IV federal financial aid programs,"Under 1,000",367,3,0,159,60,,,"Under 1,000",City: Large,22226,,,,,,,0,0.01,,
208415,Clatsop Community College,2023,Participates in Title IV federal financial aid programs,"Under 1,000",813,54,464,282,38,,27351,"Under 1,000",Town: Remote,12727,,,,,,,0,0.07,,
139311,Clayton  State University,2023,Participates in Title IV federal financial aid programs,"5,000 - 9,999",5301,583,2396,1601,52,71,21146,"5,000 - 9,999",Suburb: Large,9397,550,520,20,38,15,35,1070,0.11,,
156417,Clear Creek Baptist Bible College,2023,Participates in Title IV federal financial aid programs,"Under 1,000",136,29,69,84,44,,27411,"Under 1,000",Rural: Distant,13182,,,,44,25,50,0,0.21,,
430908,Clearfield County Career and Technology Center,2023,Participates in Title IV federal financial aid programs,"Under 1,000",37,0,10,17,37,,,"Under 1,000",Rural: Fringe,12348,,,,,,,0,0.00,,
169327,Cleary University,2023,Participates in Title IV federal financial aid programs,"1,000 - 4,999",811,172,248,387,27,50,36442,"1,000 - 4,999",Suburb: Midsize,24965,,,,43,31,34,0,0.21,,
217882,Clemson University,2023,Participates in Title IV federal financial aid programs,"20,000 and above",22875,1513,731,539,15,38,35338,"20,000 and above",Suburb: Midsize,24408,690,700,32,86,68,88,1390,0.07,,
411754,Cleveland Clinic Health System-School of Diagnostic Imaging,2023,Participates in Title IV federal financial aid programs,"Under 1,000",31,0,0,13,46,,,"Under 1,000",Suburb: Large,,,,,,,,0,0.00,,
198321,Cleveland Community College,2023,Participates in Title IV federal financial aid programs,"1,000 - 4,999",1890,216,1234,554,48,,7402,"1,000 - 4,999",Town: Distant,57,,,,,,,0,0.11,,
202046,Cleveland Institute of Art,2023,Participates in Title IV federal financial aid programs,"Under 1,000",566,27,9,29,38,56,65550,"Under 1,000",City: Large,33527,670,630,26,56,61,68,1300,0.05,,
202073,Cleveland Institute of Music,2023,Participates in Title IV federal financial aid programs,"Under 1,000",194,10,0,1,15,38,62412,"Under 1,000",City: Large,36001,,,,71,57,70,0,0.05,,
219879,Cleveland State Community College,2023,Participates in Title IV federal financial aid programs,"1,000 - 4,999",3254,100,1738,542,29,,19660,"1,000 - 4,999",City: Small,6922,,,,,,,0,0.03,,
202134,Cleveland State University,2023,Participates in Title IV federal financial aid programs,"10,000 - 19,999",9463,874,1926,1669,39,95,32203,"10,000 - 19,999",City: Large,16307,,,25,52,33,49,0,0.09,,
177038,Cleveland University-Kansas City,2023,Participates in Title IV federal financial aid programs,"Under 1,000",87,0,30,36,57,80,33988,"Under 1,000",City: Midsize,30243,,,,67,33,33,0,0.00,,
217891,Clinton College,2023,Participates in Title IV federal financial aid programs,"Under 1,000",106,0,7,35,76,,25765,"Under 1,000",City: Small,13418,,,,80,0,0,0,0.00,,
190053,Clinton Community College,2023,Participates in Title IV federal financial aid programs,"1,000 - 4,999",1015,50,734,149,22,,22616,"1,000 - 4,999",Town: Distant,9385,,,,,,,0,0.05,,
417868,Clinton Essex Warren Washington BOCES,2023,Participates in Title IV federal financial aid programs,"Under 1,000",35,0,14,14,15,33,,"Under 1,000",Town: Distant,11047,,,,,,,0,0.00,,
260336,Clinton Technical School,2023,Participates in Title IV federal financial aid programs,"Under 1,000",17,0,0,9,68,,,"Under 1,000",Town: Remote,11177,,,,,,,0,0.00,,
154907,Cloud County Community College,2023,Participates in Title IV federal financial aid programs,"1,000 - 4,999",1644,48,1101,168,22,,18774,"1,000 - 4,999",Rural: Fringe,11174,,,,,,,0,0.03,,
234951,Clover Park Technical College,2023,Participates in Title IV federal financial aid programs,"1,000 - 4,999",3040,443,1008,1582,18,,28269,"1,000 - 4,999",City: Small,6216,,,,,,,0,0.15,,
112367,Clovis Adult Education,2023,Participates in Title IV federal financial aid programs,"Under 1,000",331,0,260,242,11,,,"Under 1,000",Suburb: Large,,,,,,,,0,0.00,,
187639,Clovis Community College,2023,Participates in Title IV federal financial aid programs,"1,000 - 4,999",2328,112,1804,788,31,,15603,"1,000 - 4,999",Town: Remote,5167,,,,,,,0,0.05,,
489201,Clovis Community College,2023,Participates in Title IV federal financial aid programs,"5,000 - 9,999",9053,1636,6928,2346,20,,28802,"5,000 - 9,999",City: Large,11223,,,,,,,0,0.18,,
175519,Coahoma Community College,2023,Participates in Title IV federal financial aid programs,"1,000 - 4,999",1808,343,674,373,59,,12890,"1,000 - 4,999",Rural: Fringe,771,,,,,,,0,0.19,,
125462,Coalinga College,2023,Participates in Title IV federal financial aid programs,"1,000 - 4,999",3592,430,3044,1012,22,,27946,"1,000 - 4,999",Town: Remote,10231,,,,,,,0,0.12,,
101161,Coastal Alabama Community College,2023,Participates in Title IV federal financial aid programs,"5,000 - 9,999",6791,376,4094,1278,35,,23105,"5,000 - 9,999",Town: Distant,8600,,,,,,,0,0.06,,
223320,Coastal Bend College,2023,Participates in Title IV federal financial aid programs,"1,000 - 4,999",3792,247,3058,549,28,,19958,"1,000 - 4,999",Town: Remote,4040,,,,,,,0,0.07,,
198330,Coastal Carolina Community College,2023,Participates in Title IV federal financial aid programs,"1,000 - 4,999",3457,291,1966,1136,31,,24923,"1,000 - 4,999",City: Small,9243,,,,,,,0,0.08,,
218724,Coastal Carolina University,2023,Participates in Title IV federal financial aid programs,"10,000 - 19,999",10306,681,773,343,27,80,27386,"10,000 - 19,999",City: Small,14453,610,600,26,52,40,51,1210,0.07,,
485458,Coastal Pines Technical College,2023,Participates in Title IV federal financial aid programs,"1,000 - 4,999",4137,176,3491,865,27,,14467,"1,000 - 4,999",Town: Remote,2168,,,,,,,0,0.04,,
112385,Coastline Community College,2023,Participates in Title IV federal financial aid programs,"5,000 - 9,999",8576,2071,7942,4594,10,,30732,"5,000 - 9,999",City: Small,11785,,,,,,,0,0.24,,
104425,Cochise County Community College District,2023,Participates in Title IV federal financial aid programs,"1,000 - 4,999",3782,177,2435,1219,39,,20289,"1,000 - 4,999",City: Small,7248,,,,,,,0,0.05,,
190071,Cochran School of Nursing,2023,Participates in Title IV federal financial aid programs,"Under 1,000",112,29,111,101,44,,,"Under 1,000",Suburb: Large,,,,,,,,0,0.26,,
404426,Coconino Community College,2023,Participates in Title IV federal financial aid programs,"1,000 - 4,999",2696,395,1764,643,21,,22384,"1,000 - 4,999",Rural: Fringe,11524,,,,,,,0,0.15,,
153144,Coe College,2023,Participates in Title IV federal financial aid programs,"1,000 - 4,999",1278,66,24,22,36,71,67376,"1,000 - 4,999",City: Midsize,20940,660,620,28,65,50,59,1280,0.05,,
154925,Coffeyville Community College,2023,Participates in Title IV federal financial aid programs,"1,000 - 4,999",1428,72,584,148,32,,17878,"1,000 - 4,999",Town: Remote,6330,,,,,,,0,0.05,,
217907,Coker University,2023,Participates in Title IV federal financial aid programs,"1,000 - 4,999",1187,72,421,147,29,97,42956,"1,000 - 4,999",Town: Distant,18910,,,,37,31,35,0,0.06,,
161086,Colby College,2023,Participates in Title IV federal financial aid programs,"1,000 - 4,999",2284,11,2,2,13,7,74400,"1,000 - 4,999",Town: Remote,15163,760,790,34,87,82,90,1550,0.00,,
154934,Colby Community College,2023,Participates in Title IV federal financial aid programs,"1,000 - 4,999",1375,156,789,280,23,,17192,"1,000 - 4,999",Town: Remote,6975,,,,,,,0,0.11,,
182634,Colby-Sawyer College,2023,Participates in Title IV federal financial aid programs,"Under 1,000",834,68,82,123,23,90,40740,"Under 1,000",Rural: Remote,26483,,,,63,52,58,0,0.08,,
443100,Colegio Educativo Tecnologico Industrial Inc,2023,Participates in Title IV federal financial aid programs,"Under 1,000",75,0,0,44,97,,,"Under 1,000",City: Small,9855,,,,,,,0,0.00,,
241720,Colegio Universitario de San Juan,2023,Participates in Title IV federal financial aid programs,"Under 1,000",542,92,157,228,78,81,12420,"Under 1,000",City: Large,107,,,,25,8,14,0,0.17,,
190080,Colgate Rochester Crozer Divinity School,2023,Participates in Title IV federal financial aid programs,"Under 1,000",0,0,0,0,,,,"Under 1,000",City: Midsize,,,,,,,,0,,,
190099,Colgate University,2023,Participates in Title IV federal financial aid programs,"1,000 - 4,999",3131,28,19,7,13,12,,"1,000 - 4,999",Rural: Distant,26954,750,780,34,90,84,91,1530,0.01,,
169442,College for Creative Studies,2023,Participates in Title IV federal financial aid programs,"1,000 - 4,999",1399,80,267,139,28,93,67865,"1,000 - 4,999",City: Large,34436,,,,62,45,70,0,0.06,,
108667,College of Alameda,2023,Participates in Title IV federal financial aid programs,"5,000 - 9,999",5833,1115,5159,2322,10,,31734,"5,000 - 9,999",Suburb: Large,12784,,,,,,,0,0.19,,
493974,College of Athens,2023,"Not currently participating in Title IV, has an OPE ID number","Under 1,000",71,1,62,13,0,,22350,"Under 1,000",Suburb: Midsize,5948,,,,,,,0,0.01,,
388520,College of Biblical Studies-Houston,2023,Participates in Title IV federal financial aid programs,"Under 1,000",482,88,373,322,79,,21426,"Under 1,000",City: Large,14684,,,,50,0,60,0,0.18,,
132851,College of Central Florida,2023,Participates in Title IV federal financial aid programs,"5,000 - 9,999",5747,322,3293,1489,40,,20422,"5,000 - 9,999",City: Small,11173,,,,,,,0,0.06,,
217819,College of Charleston,2023,Participates in Title IV federal financial aid programs,"10,000 - 19,999",10660,640,767,553,19,72,32843,"10,000 - 19,999",City: Midsize,20806,660,640,29,67,56,65,1300,0.06,,
139250,College of Coastal Georgia,2023,Participates in Title IV federal financial aid programs,"1,000 - 4,999",3189,266,1408,712,41,99,20309,"1,000 - 4,999",City: Small,12670,602,563,22,25,15,26,1165,0.08,,
144865,College of DuPage,2023,Participates in Title IV federal financial aid programs,"20,000 and above",23216,1750,16074,6646,20,,30572,"20,000 and above",Suburb: Large,5397,,,,,,,0,0.08,,
142179,College of Eastern Idaho,2023,Participates in Title IV federal financial aid programs,"1,000 - 4,999",2565,135,1886,565,27,,20858,"1,000 - 4,999",City: Small,8463,,,,,,,0,0.05,,
146472,College of Lake County,2023,Participates in Title IV federal financial aid programs,"10,000 - 19,999",12290,341,8250,4329,24,,31309,"10,000 - 19,999",Suburb: Large,4785,,,,,,,0,0.03,,
118347,College of Marin,2023,Participates in Title IV federal financial aid programs,"1,000 - 4,999",4673,291,3467,1665,17,,34238,"1,000 - 4,999",Suburb: Large,29061,,,,,,,0,0.06,,
413617,College of Menominee Nation,2023,Participates in Title IV federal financial aid programs,"Under 1,000",219,4,139,147,51,,18898,"Under 1,000",Rural: Distant,8761,,,,,,,0,0.02,,
243638,College of Micronesia-FSM,2023,Participates in Title IV federal financial aid programs,"1,000 - 4,999",1740,0,493,249,63,81,12830,"1,000 - 4,999",{Not available},6656,,,,,,,0,0.00,,
167394,College of Our Lady of the Elms,2023,Participates in Title IV federal financial aid programs,"1,000 - 4,999",1038,195,179,265,42,88,57425,"1,000 - 4,999",Suburb: Large,22311,670,650,,68,55,65,1320,0.19,,
174747,College of Saint Benedict,2023,Participates in Title IV federal financial aid programs,"1,000 - 4,999",1410,21,22,10,19,91,68544,"1,000 - 4,999",Suburb: Midsize,29720,610,610,27,77,79,83,1220,0.01,,
181604,College of Saint Mary,2023,Participates in Title IV federal financial aid programs,"Under 1,000",482,63,44,106,37,44,42914,"Under 1,000",City: Large,14265,,,24,58,49,59,0,0.13,,
122791,College of San Mateo,2023,Participates in Title IV federal financial aid programs,"5,000 - 9,999",9208,956,7136,2802,13,,40504,"5,000 - 9,999",City: Midsize,6887,,,,,,,0,0.10,,
142559,College of Southern Idaho,2023,Participates in Title IV federal financial aid programs,"5,000 - 9,999",8775,195,6921,1139,19,,15020,"5,000 - 9,999",City: Small,8482,,,,,,,0,0.02,,
162122,College of Southern Maryland,2023,Participates in Title IV federal financial aid programs,"1,000 - 4,999",4984,285,3178,1216,25,,29313,"1,000 - 4,999",Rural: Fringe,8690,,,,,,,0,0.06,,
182005,College of Southern Nevada,2023,Participates in Title IV federal financial aid programs,"20,000 and above",29081,1906,19572,10317,30,,21370,"20,000 and above",City: Large,7293,,,,,,,0,0.07,,
190558,College of Staten Island CUNY,2023,Participates in Title IV federal financial aid programs,"10,000 - 19,999",9786,541,2139,1387,49,,34612,"10,000 - 19,999",City: Large,6355,,,,53,29,48,0,0.06,,
197814,College of the Albemarle,2023,Participates in Title IV federal financial aid programs,"1,000 - 4,999",2582,91,1800,476,19,,21423,"1,000 - 4,999",Town: Distant,5655,,,,,,,0,0.04,,
160959,College of the Atlantic,2023,Participates in Title IV federal financial aid programs,"Under 1,000",360,21,16,23,27,65,53937,"Under 1,000",Rural: Remote,22692,,,,67,52,69,0,0.06,,
111461,College of the Canyons,2023,Participates in Title IV federal financial aid programs,"10,000 - 19,999",17439,994,12308,7061,17,,25973,"10,000 - 19,999",Suburb: Large,4652,,,,,,,0,0.06,,
113573,College of the Desert,2023,Participates in Title IV federal financial aid programs,"10,000 - 19,999",10764,309,7047,3093,32,,32657,"10,000 - 19,999",City: Small,14391,,,,,,,0,0.03,,
166124,College of the Holy Cross,2023,Participates in Title IV federal financial aid programs,"1,000 - 4,999",3035,18,20,6,15,21,80500,"1,000 - 4,999",City: Midsize,35455,720,700,32,93,88,90,1420,0.01,,
226408,College of the Mainland,2023,Participates in Title IV federal financial aid programs,"1,000 - 4,999",4961,343,3594,1094,28,,13621,"1,000 - 4,999",City: Small,3442,,,,,,,0,0.07,,
376695,College of the Marshall Islands,2023,Participates in Title IV federal financial aid programs,"1,000 - 4,999",1216,0,675,156,96,,25192,"1,000 - 4,999",{Not available},11050,,,,,,,0,0.00,,
480967,College of the Muscogee Nation,2023,Participates in Title IV federal financial aid programs,"Under 1,000",250,82,132,112,35,,28320,"Under 1,000",Rural: Fringe,15030,,,,,,,0,0.33,,
178697,College of the Ozarks,2023,Participates in Title IV federal financial aid programs,"1,000 - 4,999",1427,14,24,14,44,15,35170,"1,000 - 4,999",Town: Distant,12279,660,645,25,63,41,61,1305,0.01,,
121707,College of the Redwoods,2023,Participates in Title IV federal financial aid programs,"1,000 - 4,999",4260,254,2893,1890,33,,24351,"1,000 - 4,999",Rural: Fringe,6134,,,,,,,0,0.06,,
123217,College of the Sequoias,2023,Participates in Title IV federal financial aid programs,"10,000 - 19,999",13586,511,8484,2965,35,,28394,"10,000 - 19,999",City: Midsize,1398,,,,,,,0,0.04,,
123484,College of the Siskiyous,2023,Participates in Title IV federal financial aid programs,"1,000 - 4,999",1430,124,826,497,28,,25799,"1,000 - 4,999",Rural: Distant,7322,,,,,,,0,0.09,,
455114,College of Western Idaho,2023,Participates in Title IV federal financial aid programs,"10,000 - 19,999",10326,500,7986,2272,23,,19318,"10,000 - 19,999",Rural: Fringe,7208,,,,,,,0,0.05,,
493822,College Unbound,2023,Participates in Title IV federal financial aid programs,"Under 1,000",401,129,141,355,57,,27138,"Under 1,000",City: Midsize,18507,,,,,,,0,0.32,,
247834,Collin County Community College District,2023,Participates in Title IV federal financial aid programs,"20,000 and above",37772,1768,25651,6659,16,,27772,"20,000 and above",Suburb: Large,8071,,,,,,,0,0.05,,
203614,Collins Career Technical Center,2023,Participates in Title IV federal financial aid programs,"Under 1,000",427,0,0,289,68,,,"Under 1,000",Rural: Fringe,8174,,,,,,,0,0.00,,
126669,Colorado Christian University,2023,Participates in Title IV federal financial aid programs,"5,000 - 9,999",6730,757,4841,3232,33,,52980,"5,000 - 9,999",Suburb: Large,26770,,,,59,49,56,0,0.11,,
126678,Colorado College,2023,Participates in Title IV federal financial aid programs,"1,000 - 4,999",2145,30,41,4,14,20,87128,"1,000 - 4,999",City: Large,35281,760,760,34,86,77,86,1520,0.01,,
127556,Colorado Mesa University,2023,Participates in Title IV federal financial aid programs,"5,000 - 9,999",8711,402,2194,1306,27,81,25128,"5,000 - 9,999",City: Small,15076,600,580,26,48,28,47,1180,0.05,,
126711,Colorado Mountain College,2023,Participates in Title IV federal financial aid programs,"5,000 - 9,999",5673,200,4170,1682,13,,22285,"5,000 - 9,999",Town: Remote,6071,,,,17,3,14,0,0.04,,
126748,Colorado Northwestern Community College,2023,Participates in Title IV federal financial aid programs,"1,000 - 4,999",1256,90,851,198,18,,27019,"1,000 - 4,999",Rural: Remote,12018,,,,,,,0,0.07,,
126775,Colorado School of Mines,2023,Participates in Title IV federal financial aid programs,"5,000 - 9,999",5839,140,257,196,13,60,40641,"5,000 - 9,999",Suburb: Large,29785,720,750,33,84,66,79,1470,0.02,,
476975,Colorado State University Global,2023,Participates in Title IV federal financial aid programs,"5,000 - 9,999",6568,1310,4727,5468,24,93,23401,"5,000 - 9,999",City: Large,12475,,,,,,,0,0.20,,
128106,Colorado State University Pueblo,2023,Participates in Title IV federal financial aid programs,"5,000 - 9,999",4816,330,2251,802,28,100,30279,"5,000 - 9,999",City: Midsize,14188,560,540,25,42,22,38,1100,0.07,,
126818,Colorado State University-Fort Collins,2023,Participates in Title IV federal financial aid programs,"20,000 and above",25834,1510,3097,2685,19,90,31512,"20,000 and above",City: Midsize,19828,,,,70,47,67,0,0.06,,
234979,Columbia Basin College,2023,Participates in Title IV federal financial aid programs,"5,000 - 9,999",6729,293,2918,2009,24,,22198,"5,000 - 9,999",Suburb: Large,10348,,,,,,,0,0.04,,
112561,Columbia College,2023,Participates in Title IV federal financial aid programs,"1,000 - 4,999",2594,219,1850,890,22,,28110,"1,000 - 4,999",Rural: Fringe,14119,,,,,,,0,0.08,,
177065,Columbia College,2023,Participates in Title IV federal financial aid programs,"5,000 - 9,999",5633,897,3251,3650,44,,38960,"5,000 - 9,999",City: Midsize,22655,,,,28,30,42,0,0.16,,
217934,Columbia College,2023,Participates in Title IV federal financial aid programs,"1,000 - 4,999",1268,275,361,548,53,96,33890,"1,000 - 4,999",City: Midsize,23920,,,,51,48,53,0,0.22,,
144281,Columbia College Chicago,2023,Participates in Title IV federal financial aid programs,"5,000 - 9,999",6344,553,331,391,43,91,59450,"5,000 - 9,999",City: Large,29790,,,,52,39,48,0,0.09,,
420556,Columbia Gorge Community College,2023,Participates in Title IV federal financial aid programs,"Under 1,000",736,63,492,217,21,,25812,"Under 1,000",Town: Remote,12063,,,,,,,0,0.09,,
217925,Columbia International University,2023,Participates in Title IV federal financial aid programs,"1,000 - 4,999",916,93,341,143,28,98,41320,"1,000 - 4,999",City: Midsize,21320,,,,63,63,67,0,0.10,,
219888,Columbia State Community College,2023,Participates in Title IV federal financial aid programs,"5,000 - 9,999",5115,277,2498,831,30,,20298,"5,000 - 9,999",Town: Fringe,7378,,,,,,,0,0.05,,
139348,Columbia Theological Seminary,2023,Participates in Title IV federal financial aid programs,"Under 1,000",0,0,0,0,,,,"Under 1,000",Suburb: Large,,,,,,,,0,,,
190150,Columbia University in the City of New York,2023,Participates in Title IV federal financial aid programs,"20,000 and above",9111,682,683,1277,23,4,90987,"20,000 and above",City: Large,20869,770,800,35,96,80,95,1570,0.07,,
190169,Columbia-Greene Community College,2023,Participates in Title IV federal financial aid programs,"1,000 - 4,999",1696,96,1193,464,30,,20204,"1,000 - 4,999",Rural: Fringe,5675,,,,,,,0,0.06,,
202152,Columbiana County Career and Technical Center,2023,Participates in Title IV federal financial aid programs,"Under 1,000",114,0,0,63,68,,,"Under 1,000",Rural: Distant,11517,,,,,,,0,0.00,,
202170,Columbus College of Art & Design,2023,Participates in Title IV federal financial aid programs,"Under 1,000",893,46,22,61,40,72,64300,"Under 1,000",City: Large,30900,,,,60,55,61,0,0.05,,
202222,Columbus State Community College,2023,Participates in Title IV federal financial aid programs,"20,000 and above",26663,1550,20798,6191,26,,19468,"20,000 and above",City: Large,6842,,,,,,,0,0.06,,
139366,Columbus State University,2023,Participates in Title IV federal financial aid programs,"5,000 - 9,999",6008,471,1868,1445,44,99,23657,"5,000 - 9,999",City: Midsize,11384,570,530,24,46,22,42,1100,0.08,,
139357,Columbus Technical College,2023,Participates in Title IV federal financial aid programs,"1,000 - 4,999",3153,298,2364,1387,54,,16982,"1,000 - 4,999",City: Midsize,6219,,,,,,,0,0.09,,
366261,Commonwealth Institute of Funeral Service,2023,Participates in Title IV federal financial aid programs,"Under 1,000",382,40,27,278,36,,54993,"Under 1,000",City: Large,43845,,,,,,,0,0.10,,
498012,Commonwealth of Puerto Rico Department of Education-PRAMI,2023,Participates in Title IV federal financial aid programs,"Under 1,000",81,0,0,21,0,,16266,"Under 1,000",Suburb: Small,10122,,,,,,,0,0.00,,
212975,Commonwealth Technical Institute,2023,Participates in Title IV federal financial aid programs,"Under 1,000",132,0,0,20,47,,25858,"Under 1,000",Suburb: Small,12882,,,,,,,0,0.00,,
498562,Commonwealth University of Pennsylvania,2023,Participates in Title IV federal financial aid programs,"10,000 - 19,999",9967,363,1048,568,29,95,26102,"10,000 - 19,999",Town: Distant,18004,600,580,25,58,41,54,1180,0.04,,
439570,Community Care College,2023,Participates in Title IV federal financial aid programs,"Under 1,000",430,33,0,295,50,,,"Under 1,000",City: Large,24134,,,,,,,0,0.08,,
446163,Community Christian College,2023,Participates in Title IV federal financial aid programs,"Under 1,000",428,34,19,30,79,,27218,"Under 1,000",City: Small,20033,,,,,,,0,0.08,,
210605,Community College of Allegheny County,2023,Participates in Title IV federal financial aid programs,"10,000 - 19,999",10451,299,6854,3970,29,,28083,"10,000 - 19,999",City: Large,7773,,,,,,,0,0.03,,
126863,Community College of Aurora,2023,Participates in Title IV federal financial aid programs,"5,000 - 9,999",8684,380,7334,1391,16,,26595,"5,000 - 9,999",City: Large,7530,,,,,,,0,0.04,,
434672,Community College of Baltimore County,2023,Participates in Title IV federal financial aid programs,"10,000 - 19,999",15803,1310,11584,5796,33,,28324,"10,000 - 19,999",Suburb: Large,6785,,,,,,,0,0.08,,
211079,Community College of Beaver County,2023,Participates in Title IV federal financial aid programs,"1,000 - 4,999",1673,56,1139,283,25,,25317,"1,000 - 4,999",Suburb: Large,5981,,,,,,,0,0.03,,
126942,Community College of Denver,2023,Participates in Title IV federal financial aid programs,"5,000 - 9,999",7715,882,5826,2373,31,,27403,"5,000 - 9,999",City: Large,9526,,,,,,,0,0.11,,
215239,Community College of Philadelphia,2023,Participates in Title IV federal financial aid programs,"10,000 - 19,999",12224,382,8003,4669,53,,29434,"10,000 - 19,999",City: Large,11171,,,,,,,0,0.03,,
217475,Community College of Rhode Island,2023,Participates in Title IV federal financial aid programs,"10,000 - 19,999",12518,531,7446,3982,43,,26139,"10,000 - 19,999",City: Small,5375,,,,,,,0,0.04,,
230861,Community College of Vermont,2023,Participates in Title IV federal financial aid programs,"5,000 - 9,999",5377,351,4555,2048,28,,27544,"5,000 - 9,999",Rural: Fringe,10064,,,,,,,0,0.07,,
452540,Community Technology Learning Center of Portage,2023,"Not currently participating in Title IV, does not have OPE ID number","Under 1,000",,,,,,,,"Under 1,000",Suburb: Large,,,,,,,,0,,,
459417,Compass College of Film and Media,2023,"Not currently participating in Title IV, has an OPE ID number",Not applicable,,,,,,,,Not applicable,City: Midsize,,,,,,,,0,,,
112686,Compton College,2023,Participates in Title IV federal financial aid programs,"1,000 - 4,999",4765,430,3778,1682,27,,27703,"1,000 - 4,999",Suburb: Large,11662,,,,,,,0,0.09,,
177083,Conception Seminary College,2023,Participates in Title IV federal financial aid programs,"Under 1,000",41,7,9,15,12,100,,"Under 1,000",Rural: Remote,35625,,,28,37,64,64,0,0.17,,
237330,Concord University,2023,Participates in Title IV federal financial aid programs,"1,000 - 4,999",1472,136,133,204,47,90,25982,"1,000 - 4,999",Rural: Fringe,10630,550,530,22,43,32,42,1080,0.09,,
173300,Concordia College at Moorhead,2023,Participates in Title IV federal financial aid programs,"1,000 - 4,999",1799,28,98,55,20,63,46200,"1,000 - 4,999",Suburb: Midsize,25488,730,690,28,75,62,72,1420,0.02,,
177092,Concordia Seminary,2023,Participates in Title IV federal financial aid programs,"Under 1,000",0,0,0,0,,,,"Under 1,000",Suburb: Large,,,,,,,,0,,,
150288,Concordia Theological Seminary,2023,Participates in Title IV federal financial aid programs,"Under 1,000",0,0,0,0,,,,"Under 1,000",City: Large,,,,,,,,0,,,
169363,Concordia University Ann Arbor,2023,Participates in Title IV federal financial aid programs,"1,000 - 4,999",1044,62,152,31,24,72,52610,"1,000 - 4,999",City: Midsize,28020,,,29,49,18,49,0,0.06,,
224004,Concordia University Texas,2023,Participates in Title IV federal financial aid programs,"1,000 - 4,999",1391,170,199,440,40,91,50186,"1,000 - 4,999",City: Large,23621,550,550,24,38,27,41,1100,0.12,,
144351,Concordia University-Chicago,2023,Participates in Title IV federal financial aid programs,"5,000 - 9,999",1377,149,193,287,45,93,46808,"5,000 - 9,999",Suburb: Large,17767,,,,43,35,46,0,0.11,,
112075,Concordia University-Irvine,2023,Participates in Title IV federal financial aid programs,"1,000 - 4,999",1465,126,48,129,23,60,66960,"1,000 - 4,999",City: Large,29413,,,,69,54,63,0,0.09,,
180984,Concordia University-Nebraska,2023,Participates in Title IV federal financial aid programs,"1,000 - 4,999",2934,51,1718,13,11,90,53450,"1,000 - 4,999",Town: Distant,24099,625,610,26,59,47,64,1235,0.02,,
173328,Concordia University-Saint Paul,2023,Participates in Title IV federal financial aid programs,"5,000 - 9,999",3146,796,1022,968,34,75,41800,"5,000 - 9,999",City: Large,17989,,,,53,45,58,0,0.25,,
238616,Concordia University-Wisconsin,2023,Participates in Title IV federal financial aid programs,"5,000 - 9,999",2525,186,598,509,22,68,54250,"5,000 - 9,999",Suburb: Large,28060,,,29,61,55,64,0,0.07,,
493600,Congregation Talmidei Mesivta Tiferes Shmiel Aleksander,2023,Participates in Title IV federal financial aid programs,"Under 1,000",169,5,0,2,78,,32500,"Under 1,000",City: Large,10403,,,,,0,12,0,0.03,,
128902,Connecticut College,2023,Participates in Title IV federal financial aid programs,"1,000 - 4,999",1995,17,36,7,14,38,84697,"1,000 - 4,999",City: Small,42941,740,730,33,81,76,84,1470,0.01,,
129367,Connecticut State Community College,2023,Participates in Title IV federal financial aid programs,"20,000 and above",34991,1856,22944,10806,44,,28514,"20,000 and above",City: Midsize,9059,,,,,,,0,0.05,,
130396,Connecticut State Community College Gateway,2023,Participates in Title IV federal financial aid programs,Not applicable,,,,,,,,Not applicable,City: Midsize,,,,,,,,0,,,
129543,Connecticut State Community College Housatonic,2023,Participates in Title IV federal financial aid programs,Not applicable,,,,,,,,Not applicable,City: Midsize,,,,,,,,0,,,
130004,Connecticut State Community College Norwalk,2023,Participates in Title IV federal financial aid programs,Not applicable,,,,,,,,Not applicable,Suburb: Large,,,,,,,,0,,,
130606,Connecticut State Community College Tunxis,2023,Participates in Title IV federal financial aid programs,Not applicable,,,,,,,,Not applicable,Suburb: Large,,,,,,,,0,,,
206996,Connors State College,2023,Participates in Title IV federal financial aid programs,"1,000 - 4,999",2098,0,1129,694,47,,19605,"1,000 - 4,999",Rural: Remote,11607,,,,,,,0,0.00,,
112826,Contra Costa College,2023,Participates in Title IV federal financial aid programs,"5,000 - 9,999",5997,754,4458,2031,23,,32832,"5,000 - 9,999",Suburb: Large,9094,,,,,,,0,0.13,,
217961,Converse University,2023,Participates in Title IV federal financial aid programs,"1,000 - 4,999",852,66,31,47,41,64,42370,"1,000 - 4,999",City: Small,19438,640,598,26,58,42,47,1238,0.08,,
165495,Conway School of Landscape Design,2023,Participates in Title IV federal financial aid programs,"Under 1,000",0,0,0,0,,,,"Under 1,000",City: Small,,,,,,,,0,,,
175573,Copiah-Lincoln Community College,2023,Participates in Title IV federal financial aid programs,"1,000 - 4,999",2834,202,981,337,38,,13950,"1,000 - 4,999",Rural: Distant,5098,,,,,,,0,0.07,,
395362,Copper Mountain Community College,2023,Participates in Title IV federal financial aid programs,"1,000 - 4,999",1524,147,1129,655,44,,25911,"1,000 - 4,999",Rural: Distant,11154,,,,,,,0,0.10,,
162283,Coppin State University,2023,Participates in Title IV federal financial aid programs,"1,000 - 4,999",1810,185,417,510,53,50,31240,"1,000 - 4,999",City: Large,7684,,,,27,10,26,0,0.10,,
210331,Corban University,2023,Participates in Title IV federal financial aid programs,"Under 1,000",785,65,175,25,28,90,54208,"Under 1,000",City: Midsize,26028,,,,66,57,61,0,0.08,,
153162,Cornell College,2023,Participates in Title IV federal financial aid programs,"1,000 - 4,999",1082,41,7,4,29,81,66352,"1,000 - 4,999",Town: Fringe,25850,655,663,30,64,67,72,1318,0.04,,
190415,Cornell University,2023,Participates in Title IV federal financial aid programs,"20,000 and above",16051,634,152,75,18,8,88140,"20,000 and above",City: Small,26455,770,790,35,95,87,95,1560,0.04,,
170037,Cornerstone University,2023,Participates in Title IV federal financial aid programs,"1,000 - 4,999",1444,105,335,202,30,73,41170,"1,000 - 4,999",City: Midsize,23147,,,,61,56,66,0,0.07,,
235024,Cornish College of the Arts,2023,Participates in Title IV federal financial aid programs,"Under 1,000",502,41,43,40,30,70,60273,"Under 1,000",City: Large,40164,,,,52,51,52,0,0.08,,
106795,Cossatot Community College of the University of Arkansas,2023,Participates in Title IV federal financial aid programs,"1,000 - 4,999",1387,67,932,205,35,,19026,"1,000 - 4,999",Town: Remote,6048,,,,,,,0,0.05,,
113096,Cosumnes River College,2023,Participates in Title IV federal financial aid programs,"10,000 - 19,999",14980,2343,11406,4949,25,,30106,"10,000 - 19,999",City: Large,6900,,,,,,,0,0.16,,
177117,Cottey College,2023,Participates in Title IV federal financial aid programs,"Under 1,000",266,6,2,12,45,66,38237,"Under 1,000",Town: Remote,18430,,,24,74,38,47,0,0.02,,
184180,County College of Morris,2023,Participates in Title IV federal financial aid programs,"5,000 - 9,999",6069,398,3337,1206,24,,27500,"5,000 - 9,999",Suburb: Large,8196,,,,,,,0,0.07,,
139393,Covenant College,2023,Participates in Title IV federal financial aid programs,"Under 1,000",908,17,61,10,18,82,59040,"Under 1,000",Suburb: Large,25471,710,680,30,72,62,71,1390,0.02,,
226675,Covenant School of Nursing and Allied Health,2023,Participates in Title IV federal financial aid programs,"Under 1,000",333,0,0,134,42,,,"Under 1,000",City: Large,,,,,,,,0,0.00,,
177126,Covenant Theological Seminary,2023,Participates in Title IV federal financial aid programs,"Under 1,000",0,0,0,0,,,,"Under 1,000",Suburb: Large,,,,,,,,0,,,
154952,Cowley County Community College,2023,Participates in Title IV federal financial aid programs,"1,000 - 4,999",2158,190,1004,540,35,,17150,"1,000 - 4,999",Town: Distant,7165,,,,,,,0,0.09,,
176770,Cox College,2023,Participates in Title IV federal financial aid programs,"Under 1,000",637,97,316,287,35,71,32627,"Under 1,000",City: Midsize,,,,,0,0,100,0,0.15,,
113111,Crafton Hills College,2023,Participates in Title IV federal financial aid programs,"5,000 - 9,999",6097,775,4457,1832,15,,25985,"5,000 - 9,999",Suburb: Large,13513,,,,,,,0,0.13,,
169424,Cranbrook Academy of Art,2023,Participates in Title IV federal financial aid programs,"Under 1,000",0,0,0,0,,,,"Under 1,000",Suburb: Large,,,,,,,,0,,,
198367,Craven Community College,2023,Participates in Title IV federal financial aid programs,"1,000 - 4,999",2851,298,2024,810,34,,21295,"1,000 - 4,999",Town: Distant,5425,,,,,,,0,0.10,,
419484,Crawford County Career and Technical Center Practical Nursing Program,2023,Participates in Title IV federal financial aid programs,"Under 1,000",25,0,0,15,65,,,"Under 1,000",Town: Distant,11239,,,,,,,0,0.00,,
181002,Creighton University,2023,Participates in Title IV federal financial aid programs,"5,000 - 9,999",4262,157,90,163,5,72,62830,"5,000 - 9,999",City: Large,33364,700,700,30,79,73,80,1400,0.04,,
475608,Criswell College,2023,Participates in Title IV federal financial aid programs,"Under 1,000",118,17,32,39,34,92,34016,"Under 1,000",City: Large,11464,,,,43,14,57,0,0.14,,
177135,Crowder College,2023,Participates in Title IV federal financial aid programs,"1,000 - 4,999",3865,264,2089,684,35,,24044,"1,000 - 4,999",Town: Distant,5297,,,,,,,0,0.07,,
106810,Crowley's Ridge College,2023,Participates in Title IV federal financial aid programs,"Under 1,000",225,16,64,8,48,,30457,"Under 1,000",Rural: Fringe,17266,,,,29,17,33,0,0.07,,
174862,Crown College,2023,Participates in Title IV federal financial aid programs,"1,000 - 4,999",1379,78,632,149,24,63,51988,"1,000 - 4,999",Rural: Fringe,27196,,,,59,56,63,0,0.06,,
417248,CT Aerotech,2023,"Not currently participating in Title IV, has an OPE ID number","Under 1,000",34,0,0,5,0,,,"Under 1,000",City: Midsize,,,,,,,,0,0.00,,
113193,Cuesta College,2023,Participates in Title IV federal financial aid programs,"10,000 - 19,999",10437,562,7581,2229,18,,27962,"10,000 - 19,999",Rural: Fringe,15899,,,,,,,0,0.05,,
190503,Culinary Institute of America,2023,Participates in Title IV federal financial aid programs,"1,000 - 4,999",2989,412,120,434,28,92,59910,"1,000 - 4,999",Suburb: Large,36015,605,590,25,,46,49,1195,0.14,,
446206,Culpeper Cosmetology Training Center,2023,Participates in Title IV federal financial aid programs,"Under 1,000",68,0,12,15,55,,,"Under 1,000",Town: Distant,14709,,,,,,,0,0.00,,
177144,Culver-Stockton College,2023,Participates in Title IV federal financial aid programs,"1,000 - 4,999",930,109,72,27,36,98,46449,"1,000 - 4,999",Rural: Remote,22103,,,21,49,43,50,0,0.12,,
219949,Cumberland University,2023,Participates in Title IV federal financial aid programs,"1,000 - 4,999",2652,178,659,143,33,67,45340,"1,000 - 4,999",Town: Fringe,17669,,,,53,30,42,0,0.07,,
190512,CUNY Bernard M Baruch College,2023,Participates in Title IV federal financial aid programs,"10,000 - 19,999",16086,1435,3139,2104,55,50,34586,"10,000 - 19,999",City: Large,3989,680,730,,76,56,72,1410,0.09,,
190521,CUNY Borough of Manhattan Community College,2023,Participates in Title IV federal financial aid programs,"10,000 - 19,999",18225,1705,6354,4595,57,,32292,"10,000 - 19,999",City: Large,5418,,,,,,,0,0.09,,
190530,CUNY Bronx Community College,2023,Participates in Title IV federal financial aid programs,"5,000 - 9,999",6465,581,2740,2014,57,,32328,"5,000 - 9,999",City: Large,5106,,,,,,,0,0.09,,
190549,CUNY Brooklyn College,2023,Participates in Title IV federal financial aid programs,"10,000 - 19,999",11330,1074,3062,2054,56,54,34574,"10,000 - 19,999",City: Large,4105,710,710,,59,35,57,1420,0.09,,
190567,CUNY City College,2023,Participates in Title IV federal financial aid programs,"10,000 - 19,999",12356,842,2363,1661,60,58,34462,"10,000 - 19,999",City: Large,4599,710,750,,61,28,55,1460,0.07,,
190576,CUNY Graduate School and University Center,2023,Participates in Title IV federal financial aid programs,"5,000 - 9,999",3237,1109,2206,2556,38,39,34532,"5,000 - 9,999",City: Large,,,,,,,,0,0.34,,
190585,CUNY Hostos Community College,2023,Participates in Title IV federal financial aid programs,"5,000 - 9,999",5526,660,2887,2050,63,,32330,"5,000 - 9,999",City: Large,5463,,,,,,,0,0.12,,
190594,CUNY Hunter College,2023,Participates in Title IV federal financial aid programs,"20,000 and above",17378,1241,3774,2381,55,54,34504,"20,000 and above",City: Large,4127,710,760,,61,40,61,1470,0.07,,
190600,CUNY John Jay College of Criminal Justice,2023,Participates in Title IV federal financial aid programs,"10,000 - 19,999",11678,1274,2171,2012,59,57,34592,"10,000 - 19,999",City: Large,4141,640,610,,56,41,55,1250,0.11,,
190619,CUNY Kingsborough Community College,2023,Participates in Title IV federal financial aid programs,"10,000 - 19,999",19070,827,13053,2465,29,,35221,"10,000 - 19,999",City: Large,6020,,,,,,,0,0.04,,
190628,CUNY LaGuardia Community College,2023,Participates in Title IV federal financial aid programs,"10,000 - 19,999",13998,1359,6716,3661,40,,35287,"10,000 - 19,999",City: Large,6466,,,,,,,0,0.10,,
190637,CUNY Lehman College,2023,Participates in Title IV federal financial aid programs,"10,000 - 19,999",11227,1370,3831,3608,61,55,34532,"10,000 - 19,999",City: Large,4076,590,630,,58,28,49,1220,0.12,,
190646,CUNY Medgar Evers College,2023,Participates in Title IV federal financial aid programs,"1,000 - 4,999",3846,394,1252,1365,57,83,34474,"1,000 - 4,999",City: Large,6207,550,450,,34,10,19,1000,0.10,,
190655,CUNY New York City College of Technology,2023,Participates in Title IV federal financial aid programs,"10,000 - 19,999",13767,1081,4735,2757,55,81,34454,"10,000 - 19,999",City: Large,5417,580,620,,34,6,23,1200,0.08,,
190664,CUNY Queens College,2023,Participates in Title IV federal financial aid programs,"10,000 - 19,999",13998,1302,3665,2434,48,69,34660,"10,000 - 19,999",City: Large,5339,660,660,,59,37,60,1320,0.09,,
190673,CUNY Queensborough Community College,2023,Participates in Title IV federal financial aid programs,"10,000 - 19,999",10251,811,4924,2193,45,,32332,"10,000 - 19,999",City: Large,5365,,,,,,,0,0.08,,
190682,CUNY School of Law,2023,Participates in Title IV federal financial aid programs,"Under 1,000",0,0,0,0,,,,"Under 1,000",City: Large,,,,,,,,0,,,
475565,CUNY Stella and Charles Guttman Community College,2023,Participates in Title IV federal financial aid programs,"1,000 - 4,999",1101,70,177,51,63,,35263,"1,000 - 4,999",City: Large,6175,,,,,,,0,0.06,,
190035,CUNY System Office,2023,Participates in Title IV federal financial aid programs,Not applicable,,,,,,,,Not applicable,City: Large,,,,,,,,0,,,
190691,CUNY York College,2023,Participates in Title IV federal financial aid programs,"5,000 - 9,999",5906,500,2544,1367,43,59,34480,"5,000 - 9,999",City: Large,5631,600,610,,37,12,30,1210,0.08,,
165529,Curry College,2023,Participates in Title IV federal financial aid programs,"1,000 - 4,999",1818,86,167,221,28,92,60370,"1,000 - 4,999",Suburb: Large,30367,630,610,,55,43,48,1240,0.05,,
211893,Curtis Institute of Music,2023,Participates in Title IV federal financial aid programs,"Under 1,000",106,3,0,0,1,7,37712,"Under 1,000",City: Large,21615,,,,100,29,93,0,0.03,,
202356,Cuyahoga Community College District,2023,Participates in Title IV federal financial aid programs,"10,000 - 19,999",17407,1091,13075,6296,32,,17322,"10,000 - 19,999",City: Large,4675,,,,,,,0,0.06,,
204981,Cuyahoga Valley Career Center,2023,Participates in Title IV federal financial aid programs,"Under 1,000",90,0,58,51,29,,,"Under 1,000",Suburb: Large,20438,,,,,,,0,0.00,,
113218,Cuyamaca College,2023,Participates in Title IV federal financial aid programs,"5,000 - 9,999",8437,990,6452,3010,24,,27440,"5,000 - 9,999",Suburb: Large,7289,,,,,,,0,0.12,,
190707,CVPH Medical Center School of Radiologic Technology,2023,Participates in Title IV federal financial aid programs,"Under 1,000",19,0,0,0,22,41,,"Under 1,000",Town: Distant,5520,,,,,,,0,0.00,,
113236,Cypress College,2023,Participates in Title IV federal financial aid programs,"10,000 - 19,999",13992,1451,8786,4079,32,,28826,"10,000 - 19,999",City: Small,7730,,,,,,,0,0.10,,
461306,D A Dorsey Technical College,2023,Participates in Title IV federal financial aid programs,"Under 1,000",275,0,159,63,13,,,"Under 1,000",Suburb: Large,3103,,,,,,,0,0.00,,
190716,D'Youville  University,2023,Participates in Title IV federal financial aid programs,"1,000 - 4,999",1299,173,231,229,36,82,49560,"1,000 - 4,999",City: Large,20268,595,595,,60,36,57,1190,0.13,,
190725,Daemen University,2023,Participates in Title IV federal financial aid programs,"1,000 - 4,999",1806,344,149,146,42,76,39124,"1,000 - 4,999",Suburb: Large,18944,,,,58,45,58,0,0.19,,
200314,Dakota College at Bottineau,2023,Participates in Title IV federal financial aid programs,"1,000 - 4,999",1180,78,874,239,12,,18867,"1,000 - 4,999",Rural: Remote,10242,,,,,,,0,0.07,,
173416,Dakota County Technical College,2023,Participates in Title IV federal financial aid programs,"1,000 - 4,999",2662,393,1285,781,27,,20501,"1,000 - 4,999",Rural: Fringe,10938,,,,,,,0,0.15,,
219082,Dakota State University,2023,Participates in Title IV federal financial aid programs,"1,000 - 4,999",2950,242,1417,561,16,98,28366,"1,000 - 4,999",Town: Distant,19115,660,680,26,46,35,48,1340,0.08,,
219091,Dakota Wesleyan University,2023,Participates in Title IV federal financial aid programs,"Under 1,000",767,57,149,79,26,73,45390,"Under 1,000",Town: Remote,21901,,,,50,35,40,0,0.07,,
224226,Dallas Baptist University,2023,Participates in Title IV federal financial aid programs,"1,000 - 4,999",2850,269,691,346,24,91,58081,"1,000 - 4,999",City: Large,30275,620,597,27,61,46,60,1217,0.09,,
224244,Dallas Christian College,2023,Participates in Title IV federal financial aid programs,"Under 1,000",278,52,35,58,52,84,37161,"Under 1,000",Suburb: Large,22463,565,560,21,19,16,25,1125,0.19,,
224615,Dallas College,2023,Participates in Title IV federal financial aid programs,"20,000 and above",66592,2583,49798,14249,23,,18737,"20,000 and above",City: Large,4068,,,,,,,0,0.04,,
224271,Dallas Institute of Funeral Service,2023,Participates in Title IV federal financial aid programs,"Under 1,000",483,61,218,325,47,,30857,"Under 1,000",City: Large,19555,,,,,,,0,0.13,,
224305,Dallas Theological Seminary,2023,Participates in Title IV federal financial aid programs,"1,000 - 4,999",0,0,0,0,,,,"1,000 - 4,999",City: Large,,,,,,,,0,,,
139463,Dalton State College,2023,Participates in Title IV federal financial aid programs,"1,000 - 4,999",4902,308,2157,832,50,,18226,"1,000 - 4,999",City: Small,5083,,,,34,14,31,0,0.06,,
144564,Danville Area Community College,2023,Participates in Title IV federal financial aid programs,"1,000 - 4,999",2149,47,1292,611,24,,17075,"1,000 - 4,999",Town: Distant,4323,,,,,,,0,0.02,,
231882,Danville Community College,2023,Participates in Title IV federal financial aid programs,"1,000 - 4,999",2489,80,1580,497,37,,21048,"1,000 - 4,999",Town: Distant,7221,,,,,,,0,0.03,,
182670,Dartmouth College,2023,Participates in Title IV federal financial aid programs,"5,000 - 9,999",4447,30,28,29,15,6,,"5,000 - 9,999",Town: Remote,17322,780,790,35,95,84,96,1570,0.01,,
169479,Davenport University,2023,Participates in Title IV federal financial aid programs,"1,000 - 4,999",3833,399,1848,1242,30,97,35276,"1,000 - 4,999",Suburb: Large,19799,,,,50,37,51,0,0.10,,
198385,Davidson College,2023,Participates in Title IV federal financial aid programs,"1,000 - 4,999",1904,14,0,1,17,14,,"1,000 - 4,999",Suburb: Large,26510,750,760,34,90,89,92,1510,0.01,,
198376,Davidson-Davie Community College,2023,Participates in Title IV federal financial aid programs,"1,000 - 4,999",3959,158,2549,943,30,,21022,"1,000 - 4,999",Rural: Fringe,7197,,,,,,,0,0.04,,
237358,Davis & Elkins College,2023,Participates in Title IV federal financial aid programs,"Under 1,000",683,63,11,52,40,58,45542,"Under 1,000",Town: Remote,19762,575,550,14,49,30,36,1125,0.09,,
194569,Davis College,2023,Participates in Title IV federal financial aid programs,"Under 1,000",137,28,82,23,36,33,27280,"Under 1,000",Rural: Distant,14320,,,,57,15,31,0,0.20,,
230162,Davis Technical College,2023,Participates in Title IV federal financial aid programs,"1,000 - 4,999",3859,0,3334,1076,9,,,"1,000 - 4,999",Suburb: Large,10885,,,,,,,0,0.00,,
180151,Dawson Community College,2023,Participates in Title IV federal financial aid programs,"Under 1,000",406,35,212,25,27,,18381,"Under 1,000",Town: Remote,10919,,,,,,,0,0.09,,
496469,Daybreak University,2023,"Not currently participating in Title IV, does not have OPE ID number","Under 1,000",0,0,0,0,,,,"Under 1,000",City: Large,,,,,,,,0,,,
133386,Daytona State College,2023,Participates in Title IV federal financial aid programs,"10,000 - 19,999",11807,617,7277,3829,34,,16230,"10,000 - 19,999",City: Small,6119,,,,,,,0,0.05,,
113333,De Anza College,2023,Participates in Title IV federal financial aid programs,"10,000 - 19,999",16990,1351,10849,4667,18,,30647,"10,000 - 19,999",City: Small,8421,,,,,,,0,0.08,,
165574,Dean College,2023,Participates in Title IV federal financial aid programs,"1,000 - 4,999",1151,48,68,60,30,74,57435,"1,000 - 4,999",Suburb: Large,31472,,,,44,31,37,0,0.04,,
202514,Defiance College,2023,Participates in Title IV federal financial aid programs,"Under 1,000",464,23,34,21,48,42,57592,"Under 1,000",Town: Distant,24098,,,,50,29,37,0,0.05,,
224350,Del Mar College,2023,Participates in Title IV federal financial aid programs,"5,000 - 9,999",9720,239,8147,2657,33,,18373,"5,000 - 9,999",City: Large,4322,,,,,,,0,0.02,,
406361,Delaware Chenango Madison Otsego BOCES-Practical Nursing Program,2023,Participates in Title IV federal financial aid programs,"Under 1,000",34,0,0,21,92,,,"Under 1,000",Rural: Fringe,16331,,,,,,,0,0.00,,
432524,Delaware College of Art and Design,2023,Participates in Title IV federal financial aid programs,"Under 1,000",104,4,4,2,40,61,52930,"Under 1,000",City: Small,32604,,,,,,,0,0.04,,
211927,Delaware County Community College,2023,Participates in Title IV federal financial aid programs,"5,000 - 9,999",7638,354,5641,2877,40,,24800,"5,000 - 9,999",Suburb: Large,7514,,,,,,,0,0.05,,
430971,Delaware County Technical School-Practical Nursing Program,2023,Participates in Title IV federal financial aid programs,"Under 1,000",42,0,0,30,51,100,,"Under 1,000",Suburb: Large,19656,,,,,,,0,0.00,,
130934,Delaware State University,2023,Participates in Title IV federal financial aid programs,"5,000 - 9,999",4941,210,844,258,43,62,31091,"5,000 - 9,999",City: Small,15555,550,520,26,49,28,39,1070,0.04,,
130907,Delaware Technical Community College-Terry,2023,Participates in Title IV federal financial aid programs,"10,000 - 19,999",13231,997,9252,4119,38,,27875,"10,000 - 19,999",City: Small,7847,,,,,,,0,0.08,,
211981,Delaware Valley University,2023,Participates in Title IV federal financial aid programs,"1,000 - 4,999",1759,106,176,88,29,92,61090,"1,000 - 4,999",Suburb: Large,28401,650,620,27,56,41,52,1270,0.06,,
158662,Delgado Community College,2023,Participates in Title IV federal financial aid programs,"10,000 - 19,999",12130,1365,8007,6457,62,,23239,"10,000 - 19,999",City: Large,11926,,,,,,,0,0.11,,
113537,Dell'Arte International School of Physical Theatre,2023,"Not currently participating in Title IV, has an OPE ID number","Under 1,000",,,,,13,,,"Under 1,000",Rural: Distant,36768,,,,,,,0,,,
169521,Delta College,2023,Participates in Title IV federal financial aid programs,"5,000 - 9,999",7646,331,5454,2675,35,,20884,"5,000 - 9,999",Rural: Fringe,5977,,,,,,,0,0.04,,
175616,Delta State University,2023,Participates in Title IV federal financial aid programs,"1,000 - 4,999",1964,329,557,274,43,100,23605,"1,000 - 4,999",Town: Remote,13457,600,590,24,45,31,47,1190,0.17,,
202523,Denison University,2023,Participates in Title IV federal financial aid programs,"1,000 - 4,999",2405,23,14,6,13,17,81900,"1,000 - 4,999",Suburb: Small,42177,710,760,32,82,73,80,1470,0.01,,
217989,Denmark Technical College,2023,Participates in Title IV federal financial aid programs,"Under 1,000",646,16,298,106,40,,27191,"Under 1,000",Rural: Remote,20583,,,,,,,0,0.02,,
126979,Denver Seminary,2023,Participates in Title IV federal financial aid programs,"Under 1,000",0,0,0,0,,,,"Under 1,000",Suburb: Large,,,,,,,,0,,,
144740,DePaul University,2023,Participates in Title IV federal financial aid programs,"20,000 and above",14374,1094,1019,1383,31,74,66798,"20,000 and above",City: Large,32129,680,660,31,71,56,70,1340,0.08,,
150400,DePauw University,2023,Participates in Title IV federal financial aid programs,"1,000 - 4,999",1819,13,27,3,16,54,70370,"1,000 - 4,999",Town: Distant,30507,680,750,31,83,73,80,1430,0.01,,
494463,Derech Hachaim Seminary,2023,Participates in Title IV federal financial aid programs,"Under 1,000",285,0,0,0,62,93,36000,"Under 1,000",City: Small,8649,,,,,,,0,0.00,,
153214,Des Moines Area Community College,2023,Participates in Title IV federal financial aid programs,"20,000 and above",24418,1293,18863,3933,16,,19968,"20,000 and above",Suburb: Large,10119,,,,,,,0,0.05,,
154156,Des Moines University-Osteopathic Medical Center,2023,Participates in Title IV federal financial aid programs,"1,000 - 4,999",0,0,0,0,,,,"1,000 - 4,999",Rural: Fringe,,,,,,,,0,,,
210739,DeSales University,2023,Participates in Title IV federal financial aid programs,"1,000 - 4,999",2149,108,302,306,23,79,62216,"1,000 - 4,999",Suburb: Large,30524,650,640,28,70,62,71,1290,0.05,,
434900,Dewey University-Carolina,2023,Participates in Title IV federal financial aid programs,"Under 1,000",356,10,147,280,85,,15830,"Under 1,000",Suburb: Large,3397,,,,13,6,25,0,0.03,,
443562,Dewey University-Hato Rey,2023,Branch campus of a main campus that participates in Title IV,"Under 1,000",270,6,103,187,90,,16068,"Under 1,000",City: Large,2528,,,,6,4,16,0,0.02,,
449135,Dewey University-Juana Díaz,2023,Participates in Title IV federal financial aid programs,"Under 1,000",243,5,55,189,92,,15830,"Under 1,000",Suburb: Small,3731,,,,11,8,33,0,0.02,,
469416,Dewey University-Manati,2023,Participates in Title IV federal financial aid programs,"Under 1,000",255,7,69,200,89,,16030,"Under 1,000",Suburb: Large,3688,,,,6,3,24,0,0.03,,
113634,Diablo Valley College,2023,Participates in Title IV federal financial aid programs,"10,000 - 19,999",16424,1507,10181,4708,17,,32832,"10,000 - 19,999",Suburb: Large,8761,,,,,,,0,0.09,,
212009,Dickinson College,2023,Participates in Title IV federal financial aid programs,"1,000 - 4,999",2204,12,30,9,14,43,83290,"1,000 - 4,999",City: Small,40242,,,,82,73,83,0,0.01,,
200059,Dickinson State University,2023,Participates in Title IV federal financial aid programs,"1,000 - 4,999",1392,140,443,203,22,60,21558,"1,000 - 4,999",Town: Remote,15490,,,,37,19,40,0,0.10,,
490498,Digital Media Institute,2023,Participates in Title IV federal financial aid programs,"Under 1,000",13,2,0,3,27,32,,"Under 1,000",City: Midsize,11872,,,,,,,0,0.15,,
158802,Dillard University,2023,Participates in Title IV federal financial aid programs,"1,000 - 4,999",1117,64,46,63,68,41,40755,"1,000 - 4,999",City: Large,18551,590,563,23,54,35,45,1153,0.06,,
165608,Diman Regional Technical Institute,2023,Participates in Title IV federal financial aid programs,"Under 1,000",56,0,16,29,59,64,,"Under 1,000",Suburb: Large,11447,,,,,,,0,0.00,,
105297,Dine College,2023,Participates in Title IV federal financial aid programs,"1,000 - 4,999",1828,97,1003,938,39,,14680,"1,000 - 4,999",Rural: Remote,10354,,,,,,,0,0.05,,
445869,Divine Mercy University,2023,Participates in Title IV federal financial aid programs,"Under 1,000",0,0,0,0,,,,"Under 1,000",Suburb: Large,,,,,,,,0,,,
153241,Divine Word College,2023,Participates in Title IV federal financial aid programs,"Under 1,000",61,9,3,54,12,,22500,"Under 1,000",Rural: Distant,,,,,100,100,100,0,0.15,,
451583,Dixie Technical College,2023,Participates in Title IV federal financial aid programs,"1,000 - 4,999",1172,0,877,307,8,,,"1,000 - 4,999",City: Midsize,,,,,,,,0,0.00,,
181020,Doane University,2023,Participates in Title IV federal financial aid programs,"1,000 - 4,999",1190,83,271,116,28,90,,"1,000 - 4,999",Town: Distant,26112,,,,59,52,56,0,0.07,,
154998,Dodge City Community College,2023,Participates in Title IV federal financial aid programs,"1,000 - 4,999",1757,15,949,276,28,,18418,"1,000 - 4,999",Town: Remote,5927,,,,,,,0,0.01,,
113704,Dominican School of Philosophy & Theology,2023,Participates in Title IV federal financial aid programs,"Under 1,000",0,0,0,0,,,,"Under 1,000",City: Midsize,,,,,,,,0,,,
148496,Dominican University,2023,Participates in Title IV federal financial aid programs,"1,000 - 4,999",2397,151,231,139,49,80,52948,"1,000 - 4,999",Suburb: Large,16969,570,570,22,52,49,62,1140,0.06,,
190761,Dominican University New York,2023,Participates in Title IV federal financial aid programs,"1,000 - 4,999",1089,91,67,121,41,79,48510,"1,000 - 4,999",Suburb: Large,23907,605,630,,44,46,57,1235,0.08,,
113698,Dominican University of California,2023,Participates in Title IV federal financial aid programs,"1,000 - 4,999",1182,122,125,137,30,96,74533,"1,000 - 4,999",City: Small,51292,673,618,30,77,61,76,1291,0.10,,
122117,Dongguk University Los Angeles,2023,Participates in Title IV federal financial aid programs,"Under 1,000",4,3,3,4,0,,,"Under 1,000",City: Large,,,,,,,,0,0.75,,
155007,Donnelly College,2023,Participates in Title IV federal financial aid programs,"Under 1,000",349,66,157,195,63,,31910,"Under 1,000",City: Midsize,14923,,,,,,,0,0.19,,
153250,Dordt University,2023,Participates in Title IV federal financial aid programs,"1,000 - 4,999",1695,38,164,23,18,71,52960,"1,000 - 4,999",Town: Remote,27925,620,610,27,76,63,67,1230,0.02,,
371690,Downey Adult School,2023,Participates in Title IV federal financial aid programs,"Under 1,000",844,0,731,507,60,,,"Under 1,000",Suburb: Large,13102,,,,,,,0,0.00,,
262466,Dr. Ida Rolf Institute,2023,Participates in Title IV federal financial aid programs,"Under 1,000",24,0,0,21,19,100,,"Under 1,000",City: Midsize,,,,,,,,0,0.00,,
449481,Dragon Rises College of Oriental Medicine,2023,Participates in Title IV federal financial aid programs,"Under 1,000",0,0,0,0,,,,"Under 1,000",City: Midsize,,,,,,,,0,,,
153269,Drake University,2023,Participates in Title IV federal financial aid programs,"1,000 - 4,999",2702,110,95,90,21,64,65023,"1,000 - 4,999",City: Midsize,30886,690,700,30,78,68,77,1390,0.04,,
184348,Drew University,2023,Participates in Title IV federal financial aid programs,"1,000 - 4,999",1624,66,56,50,27,69,71824,"1,000 - 4,999",Suburb: Large,28193,680,640,31,74,67,72,1320,0.04,,
212054,Drexel University,2023,Participates in Title IV federal financial aid programs,"20,000 and above",13589,605,1084,987,25,78,81737,"20,000 and above",City: Large,42342,700,730,33,79,31,77,1430,0.04,,
177214,Drury University,2023,Participates in Title IV federal financial aid programs,"1,000 - 4,999",1368,80,18,46,27,59,50621,"1,000 - 4,999",City: Midsize,22194,650,660,28,61,43,66,1310,0.06,,
492801,Drury University-College of Continuing Professional Studies,2023,Branch campus of a main campus that participates in Title IV,"Under 1,000",716,97,275,464,59,,24374,"Under 1,000",City: Midsize,13749,,,,23,0,21,0,0.14,,
198419,Duke University,2023,Participates in Title IV federal financial aid programs,"10,000 - 19,999",6488,56,53,20,13,7,,"10,000 - 19,999",City: Large,23422,770,800,35,96,88,96,1570,0.01,,
175227,Dunwoody College of Technology,2023,Participates in Title IV federal financial aid programs,"1,000 - 4,999",1424,208,240,433,29,98,44550,"1,000 - 4,999",City: Large,24789,,,23,33,54,79,0,0.15,,
212106,Duquesne University,2023,Participates in Title IV federal financial aid programs,"5,000 - 9,999",5226,197,73,126,18,79,69824,"5,000 - 9,999",City: Large,35125,680,670,31,78,67,75,1350,0.04,,
198455,Durham Technical Community College,2023,Participates in Title IV federal financial aid programs,"1,000 - 4,999",4354,175,3540,1569,31,,19078,"1,000 - 4,999",City: Large,4181,,,,,,,0,0.04,,
431105,Dutchess BOCES-Practical Nursing Program,2023,Participates in Title IV federal financial aid programs,"Under 1,000",85,0,38,66,50,,,"Under 1,000",Rural: Fringe,34342,,,,,,,0,0.00,,
190840,Dutchess Community College,2023,Participates in Title IV federal financial aid programs,"5,000 - 9,999",6387,195,3811,924,19,,25455,"5,000 - 9,999",Suburb: Large,8268,,,,,,,0,0.03,,
220057,Dyersburg State Community College,2023,Participates in Title IV federal financial aid programs,"1,000 - 4,999",3143,178,1885,823,37,,19850,"1,000 - 4,999",Town: Remote,5295,,,,,,,0,0.06,,
150455,Earlham College,2023,Participates in Title IV federal financial aid programs,"Under 1,000",635,23,7,8,25,74,63325,"Under 1,000",Town: Distant,26517,690,673,30,73,61,68,1363,0.04,,
106883,East Arkansas Community College,2023,Participates in Title IV federal financial aid programs,"1,000 - 4,999",1273,42,921,267,27,,18408,"1,000 - 4,999",Town: Distant,7173,,,,,,,0,0.03,,
198464,East Carolina University,2023,Participates in Title IV federal financial aid programs,"20,000 and above",21328,1656,4073,3480,31,90,24365,"20,000 and above",City: Small,14470,610,590,26,67,43,62,1200,0.08,,
177250,East Central College,2023,Participates in Title IV federal financial aid programs,"1,000 - 4,999",2638,106,1418,440,33,,31704,"1,000 - 4,999",Town: Distant,11989,,,,,,,0,0.04,,
175643,East Central Community College,2023,Participates in Title IV federal financial aid programs,"1,000 - 4,999",2523,204,1036,238,40,,15285,"1,000 - 4,999",Rural: Remote,6721,,,,,,,0,0.08,,
207041,East Central University,2023,Participates in Title IV federal financial aid programs,"1,000 - 4,999",2460,260,392,556,40,66,28762,"1,000 - 4,999",Town: Remote,9355,515,540,22,32,19,33,1055,0.11,,
139621,East Georgia State College,2023,Participates in Title IV federal financial aid programs,"1,000 - 4,999",1756,119,741,137,50,,16755,"1,000 - 4,999",Town: Remote,9314,,,,,4,4,0,0.07,,
113856,East Los Angeles College,2023,Participates in Title IV federal financial aid programs,"20,000 and above",30321,2604,25187,14901,22,,27799,"20,000 and above",Suburb: Large,11029,,,,,,,0,0.09,,
175652,East Mississippi Community College,2023,Participates in Title IV federal financial aid programs,"1,000 - 4,999",3642,356,1395,643,45,,15671,"1,000 - 4,999",Rural: Remote,4876,,,,,,,0,0.10,,
212115,East Stroudsburg University of Pennsylvania,2023,Participates in Title IV federal financial aid programs,"5,000 - 9,999",4697,362,390,372,40,93,32172,"5,000 - 9,999",Town: Fringe,15318,590,580,25,49,27,44,1170,0.08,,
220075,East Tennessee State University,2023,Participates in Title IV federal financial aid programs,"10,000 - 19,999",10633,926,2013,1462,35,87,31518,"10,000 - 19,999",City: Small,16033,600,570,26,53,34,50,1170,0.09,,
224527,East Texas Baptist University,2023,Participates in Title IV federal financial aid programs,"1,000 - 4,999",1659,112,408,123,31,60,42722,"1,000 - 4,999",Town: Distant,24388,,,,45,42,48,0,0.07,,
441210,East Valley Institute of Technology,2023,Participates in Title IV federal financial aid programs,"Under 1,000",522,0,484,125,18,,,"Under 1,000",City: Large,16847,,,,,,,0,0.00,,
144883,East-West University,2023,Participates in Title IV federal financial aid programs,"Under 1,000",528,15,0,75,80,,39291,"Under 1,000",City: Large,23140,,,,14,11,14,0,0.03,,
104577,Eastern Arizona College,2023,Participates in Title IV federal financial aid programs,"5,000 - 9,999",5076,241,3594,1337,17,,26182,"5,000 - 9,999",Town: Remote,10313,,,,,,,0,0.05,,
375966,Eastern Center for Arts and Technology,2023,Participates in Title IV federal financial aid programs,"Under 1,000",181,0,75,157,27,100,,"Under 1,000",Suburb: Large,20659,,,,,,,0,0.00,,
129215,Eastern Connecticut State University,2023,Participates in Title IV federal financial aid programs,"1,000 - 4,999",3839,254,655,208,28,81,26898,"1,000 - 4,999",Town: Fringe,21205,670,650,,58,47,58,1320,0.07,,
132693,Eastern Florida State College,2023,Participates in Title IV federal financial aid programs,"10,000 - 19,999",13601,468,9234,3904,28,,18132,"10,000 - 19,999",City: Small,5698,,,,,,,0,0.03,,
203331,Eastern Gateway Community College,2023,Participates in Title IV federal financial aid programs,"10,000 - 19,999",15493,48,10472,10745,30,,9485,"10,000 - 19,999",City: Small,672,,,,,,,0,0.00,,
144892,Eastern Illinois University,2023,Participates in Title IV federal financial aid programs,"5,000 - 9,999",6849,527,2953,667,31,68,26923,"5,000 - 9,999",Town: Remote,14621,570,540,,51,29,45,1110,0.08,,
153311,Eastern Iowa Community College District,2023,Participates in Title IV federal financial aid programs,"5,000 - 9,999",7128,291,5267,1452,22,,25472,"5,000 - 9,999",City: Midsize,8351,,,,,,,0,0.04,,
156620,Eastern Kentucky University,2023,Participates in Title IV federal financial aid programs,"10,000 - 19,999",12726,1008,2766,12610,39,78,26165,"10,000 - 19,999",Town: Distant,10852,600,590,24,53,40,55,1190,0.08,,
161138,Eastern Maine Community College,2023,Participates in Title IV federal financial aid programs,"1,000 - 4,999",2531,167,1464,614,28,,17359,"1,000 - 4,999",City: Small,9972,,,,,,,0,0.07,,
232043,Eastern Mennonite University,2023,Participates in Title IV federal financial aid programs,"1,000 - 4,999",863,45,90,43,27,100,56500,"1,000 - 4,999",City: Small,24710,,,,56,34,47,0,0.05,,
169798,Eastern Michigan University,2023,Participates in Title IV federal financial aid programs,"10,000 - 19,999",11129,814,3075,2098,37,81,32158,"10,000 - 19,999",Suburb: Large,17388,600,570,26,51,23,45,1170,0.07,,
165644,Eastern Nazarene College,2023,Participates in Title IV federal financial aid programs,"Under 1,000",379,74,20,38,35,59,43860,"Under 1,000",Suburb: Large,21370,585,595,,57,27,35,1180,0.20,,
383996,Eastern New Mexico University Ruidoso Branch Community College,2023,Participates in Title IV federal financial aid programs,"Under 1,000",745,51,579,257,12,,14750,"Under 1,000",Town: Remote,6557,,,,,,,0,0.07,,
187648,Eastern New Mexico University-Main Campus,2023,Participates in Title IV federal financial aid programs,"5,000 - 9,999",4072,524,1832,1424,32,55,20437,"5,000 - 9,999",Town: Remote,6683,540,530,21,37,23,34,1070,0.13,,
187666,Eastern New Mexico University-Roswell Campus,2023,Participates in Title IV federal financial aid programs,"1,000 - 4,999",2044,56,1282,584,27,,14892,"1,000 - 4,999",Town: Remote,6635,,,,,,,0,0.03,,
418348,Eastern Oklahoma County Technology Center,2023,Participates in Title IV federal financial aid programs,"Under 1,000",516,0,453,9,5,,,"Under 1,000",Rural: Fringe,9120,,,,,,,0,0.00,,
207050,Eastern Oklahoma State College,2023,Participates in Title IV federal financial aid programs,"1,000 - 4,999",1292,25,679,297,42,,17284,"1,000 - 4,999",Rural: Remote,11521,,,,,,,0,0.02,,
208646,Eastern Oregon University,2023,Participates in Title IV federal financial aid programs,"1,000 - 4,999",2515,390,1035,968,36,99,26709,"1,000 - 4,999",Town: Remote,17219,,,,41,25,37,0,0.16,,
232052,Eastern Shore Community College,2023,Participates in Title IV federal financial aid programs,"Under 1,000",720,19,509,138,37,,16606,"Under 1,000",Rural: Remote,5584,,,,,,,0,0.03,,
418065,Eastern Suffolk BOCES,2023,Participates in Title IV federal financial aid programs,"Under 1,000",275,0,62,170,48,96,,"Under 1,000",Suburb: Large,23648,,,,,,,0,0.00,,
486877,Eastern Suffolk BOCES,2023,Participates in Title IV federal financial aid programs,"Under 1,000",9,0,0,1,33,,,"Under 1,000",Suburb: Small,7999,,,,,,,0,0.00,,
486886,Eastern Suffolk BOCES,2023,Participates in Title IV federal financial aid programs,"Under 1,000",31,0,20,3,21,,,"Under 1,000",Suburb: Large,6007,,,,,,,0,0.00,,
212133,Eastern University,2023,Participates in Title IV federal financial aid programs,"5,000 - 9,999",2068,369,661,620,36,94,50310,"5,000 - 9,999",Suburb: Large,21900,,,,63,51,57,0,0.18,,
231970,Eastern Virginia Medical School,2023,Participates in Title IV federal financial aid programs,"1,000 - 4,999",0,0,0,0,,,,"1,000 - 4,999",City: Midsize,,,,,,,,0,,,
235097,Eastern Washington University,2023,Participates in Title IV federal financial aid programs,"10,000 - 19,999",7246,630,916,1108,35,92,27898,"10,000 - 19,999",Town: Fringe,13786,,,,53,30,47,0,0.09,,
438708,Eastern West Virginia Community and Technical College,2023,Participates in Title IV federal financial aid programs,"Under 1,000",416,21,288,102,30,,19808,"Under 1,000",Rural: Remote,9257,,,,,,,0,0.05,,
240596,Eastern Wyoming College,2023,Participates in Title IV federal financial aid programs,"1,000 - 4,999",1418,51,1007,148,13,,15830,"1,000 - 4,999",Town: Remote,6831,,,,,,,0,0.04,,
407461,Eastland-Fairfield Career and Technical Schools,2023,Participates in Title IV federal financial aid programs,"Under 1,000",84,0,1,47,43,,,"Under 1,000",Suburb: Large,13731,,,,,,,0,0.00,,
446233,Ecclesia College,2023,Participates in Title IV federal financial aid programs,"Under 1,000",138,22,13,15,53,48,32630,"Under 1,000",Rural: Fringe,24610,,,,20,29,32,0,0.16,,
133492,Eckerd College,2023,Participates in Title IV federal financial aid programs,"1,000 - 4,999",1986,65,59,15,16,79,69092,"1,000 - 4,999",City: Large,40122,678,658,29,69,58,68,1336,0.03,,
247162,Ecumenical Theological Seminary,2023,Participates in Title IV federal financial aid programs,"Under 1,000",11,0,11,10,0,,,"Under 1,000",City: Large,,,,,,,,0,0.00,,
177278,Eden Theological Seminary,2023,Participates in Title IV federal financial aid programs,"Under 1,000",0,0,0,0,,,,"Under 1,000",Suburb: Large,,,,,,,,0,,,
198491,Edgecombe Community College,2023,Participates in Title IV federal financial aid programs,"1,000 - 4,999",1036,35,867,333,47,,17787,"1,000 - 4,999",Rural: Fringe,4927,,,,,,,0,0.03,,
238661,Edgewood College,2023,Participates in Title IV federal financial aid programs,"1,000 - 4,999",1214,93,161,104,23,95,49760,"1,000 - 4,999",City: Large,26692,,,,62,47,67,0,0.08,,
202648,Edison State Community College,2023,Participates in Title IV federal financial aid programs,"1,000 - 4,999",4548,115,3427,613,17,,19509,"1,000 - 4,999",Rural: Fringe,7651,,,,,,,0,0.03,,
235103,Edmonds College,2023,Participates in Title IV federal financial aid programs,"5,000 - 9,999",6028,405,3445,2309,15,,27187,"5,000 - 9,999",Suburb: Large,14049,,,,,,,0,0.07,,
457794,EDP School,2023,Participates in Title IV federal financial aid programs,"Under 1,000",155,0,0,134,91,,,"Under 1,000",City: Large,11806,,,,,,,0,0.00,,
243832,EDP University of Puerto Rico Inc-San Juan,2023,Participates in Title IV federal financial aid programs,"1,000 - 4,999",1269,181,629,924,58,77,21250,"1,000 - 4,999",City: Large,4989,,,,50,15,27,0,0.14,,
241836,EDP University of Puerto Rico Inc-San Sebastian,2023,Participates in Title IV federal financial aid programs,"1,000 - 4,999",970,156,489,614,63,96,21250,"1,000 - 4,999",Suburb: Midsize,4496,,,,100,21,38,0,0.16,,
499635,EDP University of Puerto Rico-Caguas,2023,Participates in Title IV federal financial aid programs,Not applicable,,,,,,,21250,Not applicable,City: Small,,,,,,,,0,,,
494278,EDP University of Puerto Rico-Humacao,2023,Participates in Title IV federal financial aid programs,"Under 1,000",269,45,124,206,62,85,21250,"Under 1,000",Suburb: Large,8510,,,,,,,0,0.17,,
494287,EDP University of Puerto Rico-Manati,2023,Participates in Title IV federal financial aid programs,"Under 1,000",449,105,250,380,37,66,21250,"Under 1,000",Suburb: Large,7518,,,,,,,0,0.23,,
492476,EDP University of Puerto Rico-Villalba,2023,Participates in Title IV federal financial aid programs,"Under 1,000",281,32,136,235,70,88,21250,"Under 1,000",Suburb: Small,8121,,,,,,,0,0.11,,
442806,Edward Via College of Osteopathic Medicine,2023,Participates in Title IV federal financial aid programs,"1,000 - 4,999",0,0,0,0,,,,"1,000 - 4,999",City: Small,,,,,,,,0,,,
133526,Edward Waters University,2023,Participates in Title IV federal financial aid programs,"1,000 - 4,999",1113,98,21,150,76,85,28146,"1,000 - 4,999",City: Large,13763,,,,29,15,28,0,0.09,,
202657,EHOVE Career Center,2023,Participates in Title IV federal financial aid programs,"Under 1,000",375,0,344,233,35,,,"Under 1,000",Rural: Fringe,,,,,,,,0,0.00,,
113980,El Camino Community College District,2023,Participates in Title IV federal financial aid programs,"20,000 and above",21599,1218,14090,6034,29,,28903,"20,000 and above",Suburb: Large,7496,,,,,,,0,0.06,,
224642,El Paso Community College,2023,Participates in Title IV federal financial aid programs,"20,000 and above",24420,975,17188,4069,36,,21198,"20,000 and above",City: Large,4360,,,,,,,0,0.04,,
144944,Elgin Community College,2023,Participates in Title IV federal financial aid programs,"5,000 - 9,999",9614,359,6681,2980,22,,19890,"5,000 - 9,999",City: Midsize,4987,,,,,,,0,0.04,,
488305,Elim Bible Institute and College,2023,Participates in Title IV federal financial aid programs,"Under 1,000",98,13,27,34,47,100,24230,"Under 1,000",Rural: Distant,10516,,,,,,,0,0.13,,
198507,Elizabeth City State University,2023,Participates in Title IV federal financial aid programs,"1,000 - 4,999",2048,207,370,435,53,70,13712,"1,000 - 4,999",Town: Distant,7363,,,,41,30,48,0,0.10,,
212197,Elizabethtown College,2023,Participates in Title IV federal financial aid programs,"1,000 - 4,999",1857,48,138,115,19,77,47192,"1,000 - 4,999",Suburb: Large,27019,650,630,29,76,73,77,1280,0.03,,
156648,Elizabethtown Community and Technical College,2023,Participates in Title IV federal financial aid programs,"5,000 - 9,999",6204,267,4038,1602,36,,17914,"5,000 - 9,999",City: Small,7644,,,,,,,0,0.04,,
153296,Ellsworth Community College,2023,Participates in Title IV federal financial aid programs,"Under 1,000",685,54,181,57,35,,20904,"Under 1,000",Town: Remote,10219,,,,,,,0,0.08,,
486080,Elmezzi Graduate School of Molecular Medicine,2023,Deferment only - limited participation,"Under 1,000",0,0,0,0,,,,"Under 1,000",Suburb: Large,,,,,,,,0,,,
144962,Elmhurst University,2023,Participates in Title IV federal financial aid programs,"1,000 - 4,999",3138,405,200,307,37,76,60198,"1,000 - 4,999",Suburb: Large,22760,610,600,28,69,50,65,1210,0.13,,
190983,Elmira College,2023,Participates in Title IV federal financial aid programs,"Under 1,000",613,36,37,47,35,91,41582,"Under 1,000",City: Small,24551,650,682,,63,59,64,1332,0.06,,
198516,Elon University,2023,Participates in Title IV federal financial aid programs,"5,000 - 9,999",6402,87,154,39,9,67,62514,"5,000 - 9,999",Suburb: Midsize,41849,675,630,28,84,78,83,1305,0.01,,
490346,Elyon College,2023,Participates in Title IV federal financial aid programs,"Under 1,000",31,0,0,0,59,,40010,"Under 1,000",City: Large,12833,,,,,,,0,0.00,,
133553,Embry-Riddle Aeronautical University-Daytona Beach,2023,Participates in Title IV federal financial aid programs,"10,000 - 19,999",10274,235,3087,507,15,66,62936,"10,000 - 19,999",City: Small,41550,670,680,30,65,39,68,1350,0.02,,
104586,Embry-Riddle Aeronautical University-Prescott,2023,Participates in Title IV federal financial aid programs,"1,000 - 4,999",3250,104,164,219,17,75,63268,"1,000 - 4,999",City: Small,41209,680,680,29,71,47,70,1360,0.03,,
426314,Embry-Riddle Aeronautical University-Worldwide,2023,Branch campus of a main campus that participates in Title IV,"10,000 - 19,999",9037,1011,6639,6866,25,62,28621,"10,000 - 19,999",City: Small,20183,650,610,32,22,14,23,1260,0.11,,
457378,Emerald Coast Technical College,2023,Participates in Title IV federal financial aid programs,"Under 1,000",170,0,79,63,42,,,"Under 1,000",Town: Distant,16133,,,,,,,0,0.00,,
165662,Emerson College,2023,Participates in Title IV federal financial aid programs,"5,000 - 9,999",4171,162,64,48,15,47,77146,"5,000 - 9,999",City: Large,50703,720,690,33,80,73,79,1410,0.04,,
127158,Emily Griffith Technical College,2023,Participates in Title IV federal financial aid programs,"5,000 - 9,999",5914,0,4705,3932,7,,,"5,000 - 9,999",City: Large,7694,,,,,,,0,0.00,,
165671,Emmanuel College,2023,Participates in Title IV federal financial aid programs,"1,000 - 4,999",1973,61,151,51,20,81,67054,"1,000 - 4,999",City: Large,33214,680,650,31,70,59,66,1330,0.03,,
139630,Emmanuel University,2023,Participates in Title IV federal financial aid programs,"Under 1,000",861,74,159,23,30,53,41662,"Under 1,000",Rural: Distant,19006,,,,34,29,37,0,0.09,,
153302,Emmaus Bible College,2023,Participates in Title IV federal financial aid programs,"Under 1,000",197,14,32,19,40,98,26930,"Under 1,000",City: Small,14393,510,550,26,60,33,41,1060,0.07,,
232025,Emory & Henry University,2023,Participates in Title IV federal financial aid programs,"1,000 - 4,999",1107,60,21,15,41,96,47880,"1,000 - 4,999",Rural: Fringe,21714,630,610,30,52,45,54,1240,0.05,,
139658,Emory University,2023,Participates in Title IV federal financial aid programs,"10,000 - 19,999",7359,713,96,112,18,11,83622,"10,000 - 19,999",City: Large,27986,760,790,34,91,83,92,1550,0.10,,
487092,Emory University-Oxford College,2023,Participates in Title IV federal financial aid programs,"Under 1,000",973,0,0,0,16,17,83622,"Under 1,000",Suburb: Large,34262,760,790,35,,,,1550,0.00,,
196264,Empire State University,2023,Participates in Title IV federal financial aid programs,"5,000 - 9,999",7789,1467,4341,5665,35,,26208,"5,000 - 9,999",Suburb: Small,11065,,,,20,12,22,0,0.19,,
446242,Employment Solutions-College for Technical Education,2023,Participates in Title IV federal financial aid programs,"Under 1,000",200,0,0,89,67,,,"Under 1,000",City: Large,18427,,,,,,,0,0.00,,
155025,Emporia State University,2023,Participates in Title IV federal financial aid programs,"1,000 - 4,999",2412,241,219,249,34,98,23306,"1,000 - 4,999",Town: Remote,15441,,,24,51,39,54,0,0.10,,
165699,Endicott College,2023,Participates in Title IV federal financial aid programs,"1,000 - 4,999",3176,64,159,97,13,72,56691,"1,000 - 4,999",Suburb: Large,39988,680,660,29,78,72,75,1340,0.02,,
230418,Ensign College,2023,Participates in Title IV federal financial aid programs,"5,000 - 9,999",5973,706,4408,3819,11,,15660,"5,000 - 9,999",City: Midsize,11329,,,,,,,0,0.12,,
101143,Enterprise State Community College,2023,Participates in Title IV federal financial aid programs,"1,000 - 4,999",2248,125,1221,447,35,,26636,"1,000 - 4,999",Town: Distant,7462,,,,,,,0,0.06,,
124487,Epic Bible College & Graduate School,2023,Participates in Title IV federal financial aid programs,"Under 1,000",60,7,59,49,55,,30798,"Under 1,000",Suburb: Large,,,,,50,0,0,0,0.12,,
224712,Episcopal Theological Seminary of the Southwest,2023,Participates in Title IV federal financial aid programs,"Under 1,000",0,0,0,0,,,,"Under 1,000",City: Large,,,,,,,,0,,,
439622,Erie 1 BOCES,2023,Participates in Title IV federal financial aid programs,"Under 1,000",312,0,0,169,38,,,"Under 1,000",Suburb: Large,12501,,,,,,,0,0.00,,
383525,Erie 2 Chautauqua Cattaraugus BOCES-Practical Nursing Program,2023,Participates in Title IV federal financial aid programs,"Under 1,000",44,0,0,15,50,,,"Under 1,000",Rural: Fringe,13555,,,,,,,0,0.00,,
191083,Erie Community College,2023,Participates in Title IV federal financial aid programs,"5,000 - 9,999",7618,200,3222,2007,38,,24490,"5,000 - 9,999",City: Large,5740,,,,,,,0,0.03,,
409254,Erikson Institute,2023,Participates in Title IV federal financial aid programs,"Under 1,000",0,0,0,0,,,,"Under 1,000",City: Large,,,,,,,,0,,,
217998,Erskine College,2023,Participates in Title IV federal financial aid programs,"Under 1,000",854,16,42,7,40,61,53410,"Under 1,000",Rural: Distant,21982,,,,41,44,49,0,0.02,,
369419,Erwin Technical College,2023,Participates in Title IV federal financial aid programs,"Under 1,000",556,0,0,212,33,,,"Under 1,000",City: Large,15415,,,,,,,0,0.00,,
241951,Escuela de Artes Plasticas y Diseno de Puerto Rico,2023,Participates in Title IV federal financial aid programs,"Under 1,000",497,29,145,59,77,100,19346,"Under 1,000",City: Large,5047,583,513,,41,0,45,1096,0.06,,
452106,Escuela De Troqueleria Y Herramentaje,2023,Participates in Title IV federal financial aid programs,"Under 1,000",67,0,0,3,84,100,11550,"Under 1,000",City: Midsize,2507,,,,,,,0,0.00,,
184481,Essex County College,2023,Participates in Title IV federal financial aid programs,"5,000 - 9,999",6790,232,3774,2138,51,,23661,"5,000 - 9,999",City: Large,5035,,,,,,,0,0.03,,
384333,Estrella Mountain Community College,2023,Participates in Title IV federal financial aid programs,"10,000 - 19,999",10069,669,7576,1908,23,,25998,"10,000 - 19,999",Suburb: Large,12673,,,,,,,0,0.07,,
144971,Eureka College,2023,Participates in Title IV federal financial aid programs,"Under 1,000",527,57,19,22,23,88,43242,"Under 1,000",Town: Fringe,20215,,,,51,32,39,0,0.11,,
177339,Evangel University,2023,Participates in Title IV federal financial aid programs,"1,000 - 4,999",1427,57,213,22,36,69,39008,"1,000 - 4,999",City: Midsize,18748,,,,58,54,64,0,0.04,,
497824,Evangel University-College of Online Learning,2023,Branch campus of a main campus that participates in Title IV,"Under 1,000",241,20,124,158,53,45,26454,"Under 1,000",City: Midsize,19716,,,,,,,0,0.08,,
477233,Evangel University-James River Assembly of God Church,2023,Participates in Title IV federal financial aid programs,"Under 1,000",98,4,0,2,39,71,29556,"Under 1,000",Suburb: Large,21497,,,,,,,0,0.04,,
235149,Everett Community College,2023,Participates in Title IV federal financial aid programs,"5,000 - 9,999",6211,302,2916,1736,16,,26637,"5,000 - 9,999",City: Midsize,13184,,,,,,,0,0.05,,
385619,Everglades University,2023,Participates in Title IV federal financial aid programs,"1,000 - 4,999",2369,414,0,1748,51,86,41960,"1,000 - 4,999",City: Small,26561,,,,64,45,58,0,0.17,,
114266,Evergreen Valley College,2023,Participates in Title IV federal financial aid programs,"5,000 - 9,999",8989,1026,6868,2993,24,,27574,"5,000 - 9,999",City: Large,15540,,,,,,,0,0.11,,
494472,Evvaylois Academy School of Beauty,2023,Participates in Title IV federal financial aid programs,"Under 1,000",14,0,4,5,58,,,"Under 1,000",Town: Distant,25564,,,,,,,0,0.00,,
196680,Excelsior University,2023,Participates in Title IV federal financial aid programs,"10,000 - 19,999",12701,1151,12701,10860,25,,,"10,000 - 19,999",City: Midsize,,,,,,,,0,0.09,,
460376,Fairfax University of America,2023,"Not currently participating in Title IV, has an OPE ID number","Under 1,000",5,0,0,3,0,,24588,"Under 1,000",Suburb: Large,,,,,17,0,0,0,0.00,,
129242,Fairfield University,2023,Participates in Title IV federal financial aid programs,"5,000 - 9,999",4968,24,65,49,7,45,77040,"5,000 - 9,999",Suburb: Large,47630,690,690,32,84,81,84,1380,0.00,,
184694,Fairleigh Dickinson University-Florham Campus,2023,Participates in Title IV federal financial aid programs,"1,000 - 4,999",1997,96,114,60,35,95,59986,"1,000 - 4,999",Suburb: Large,26472,,,,63,64,72,0,0.05,,
184603,Fairleigh Dickinson University-Metropolitan Campus,2023,Participates in Title IV federal financial aid programs,"5,000 - 9,999",5440,229,3403,558,22,96,59986,"5,000 - 9,999",Suburb: Large,17121,,,,55,48,62,0,0.04,,
237367,Fairmont State University,2023,Participates in Title IV federal financial aid programs,"1,000 - 4,999",3060,216,722,392,33,99,22940,"1,000 - 4,999",Town: Distant,10993,560,480,23,45,32,45,1040,0.07,,
153320,Faith Baptist Bible College and Theological Seminary,2023,Participates in Title IV federal financial aid programs,"Under 1,000",518,19,182,28,37,50,33238,"Under 1,000",Suburb: Large,18288,620,560,25,55,36,48,1180,0.04,,
443049,Faith International University,2023,Participates in Title IV federal financial aid programs,"Under 1,000",196,49,103,134,47,,31368,"Under 1,000",City: Midsize,18361,,,,25,67,67,0,0.25,,
494597,Faith Theological Seminary and Christian College,2023,"Not currently participating in Title IV, does not have OPE ID number","Under 1,000",74,23,10,52,,,7720,"Under 1,000",Suburb: Large,,,,,33,0,50,0,0.31,,
443058,Family of Faith Christian University,2023,Participates in Title IV federal financial aid programs,"Under 1,000",89,6,85,80,41,100,34797,"Under 1,000",Rural: Distant,,,,,0,25,25,0,0.07,,
196042,Farmingdale State College,2023,Participates in Title IV federal financial aid programs,"5,000 - 9,999",9508,924,1886,1385,36,69,40120,"5,000 - 9,999",Suburb: Large,8224,600,600,27,55,41,59,1200,0.10,,
191126,Fashion Institute of Technology,2023,Participates in Title IV federal financial aid programs,"5,000 - 9,999",7843,652,1026,867,32,58,39350,"5,000 - 9,999",City: Large,19649,,,,,,,0,0.08,,
101189,Faulkner University,2023,Participates in Title IV federal financial aid programs,"1,000 - 4,999",1793,277,565,732,44,66,38340,"1,000 - 4,999",City: Midsize,19908,585,550,23,17,20,37,1135,0.15,,
248624,Fayette County Career & Technical Institute Practical Nursing Program,2023,Participates in Title IV federal financial aid programs,"Under 1,000",69,0,0,38,84,,,"Under 1,000",Rural: Fringe,21404,,,,,,,0,0.00,,
413176,Fayette Institute of Technology,2023,Participates in Title IV federal financial aid programs,"Under 1,000",36,0,0,25,50,,,"Under 1,000",Suburb: Small,3863,,,,,,,0,0.00,,
198543,Fayetteville State University,2023,Participates in Title IV federal financial aid programs,"5,000 - 9,999",5845,924,1643,2218,53,80,18307,"5,000 - 9,999",City: Midsize,7298,520,525,20,39,21,35,1045,0.16,,
198534,Fayetteville Technical Community College,2023,Participates in Title IV federal financial aid programs,"10,000 - 19,999",10877,1442,6824,4855,34,,17202,"10,000 - 19,999",City: Midsize,3616,,,,,,,0,0.13,,
114433,Feather River Community College District,2023,Participates in Title IV federal financial aid programs,"1,000 - 4,999",1758,351,1307,982,20,,27936,"1,000 - 4,999",Rural: Remote,10949,,,,,10,40,0,0.20,,
184612,Felician University,2023,Participates in Title IV federal financial aid programs,"1,000 - 4,999",1833,233,150,339,52,94,54210,"1,000 - 4,999",Suburb: Large,15818,570,580,,54,26,49,1150,0.13,,
169910,Ferris State University,2023,Participates in Title IV federal financial aid programs,"5,000 - 9,999",8940,826,2398,1324,34,81,26378,"5,000 - 9,999",Town: Remote,13154,570,550,26,56,31,54,1120,0.09,,
232089,Ferrum College,2023,Participates in Title IV federal financial aid programs,"Under 1,000",747,66,17,24,47,100,55100,"Under 1,000",Rural: Distant,22521,580,520,,34,22,29,1100,0.09,,
114549,Fielding Graduate University,2023,Participates in Title IV federal financial aid programs,"Under 1,000",0,0,0,0,,,,"Under 1,000",City: Small,,,,,,,,0,,,
191199,Finger Lakes Community College,2023,Participates in Title IV federal financial aid programs,"5,000 - 9,999",5457,244,3387,1129,26,,24246,"5,000 - 9,999",Rural: Fringe,13035,,,,,,,0,0.04,,
475422,Finger Lakes Health College of Nursing & Health Sciences,2023,"Not currently participating in Title IV, has an OPE ID number","Under 1,000",65,22,64,41,42,,24550,"Under 1,000",Town: Distant,,,,,,,,0,0.34,,
172440,Finlandia University,2023,"Not currently participating in Title IV, has an OPE ID number",Not applicable,,,,,,,,Not applicable,Town: Remote,,,,,,,,0,,,
205090,Firelands Regional Medical Center School of Nursing,2023,Participates in Title IV federal financial aid programs,"Under 1,000",71,0,44,24,38,,,"Under 1,000",City: Small,,,,,,,,0,0.00,,
137023,First Coast Technical College,2023,Participates in Title IV federal financial aid programs,"Under 1,000",369,0,0,140,29,,,"Under 1,000",Suburb: Small,10843,,,,,,,0,0.00,,
165802,Fisher College,2023,Participates in Title IV federal financial aid programs,"1,000 - 4,999",1384,76,725,478,42,71,50213,"1,000 - 4,999",City: Large,27827,,,,38,23,31,0,0.05,,
220181,Fisk University,2023,Participates in Title IV federal financial aid programs,"1,000 - 4,999",950,0,25,33,48,58,41496,"1,000 - 4,999",City: Large,19836,700,780,25,45,39,44,1480,0.00,,
165820,Fitchburg State University,2023,Participates in Title IV federal financial aid programs,"5,000 - 9,999",3133,243,811,614,31,90,25446,"5,000 - 9,999",Suburb: Midsize,15820,620,600,25,58,38,53,1220,0.08,,
133711,Flagler College,2023,Participates in Title IV federal financial aid programs,"1,000 - 4,999",2432,121,65,116,28,78,44460,"1,000 - 4,999",Suburb: Small,31085,620,580,24,58,48,56,1200,0.05,,
461245,Flagler Technical College,2023,Participates in Title IV federal financial aid programs,"Under 1,000",106,0,85,43,6,,,"Under 1,000",Suburb: Large,5776,,,,,,,0,0.00,,
180197,Flathead Valley Community College,2023,Participates in Title IV federal financial aid programs,"1,000 - 4,999",2201,91,1586,517,16,,19773,"1,000 - 4,999",Town: Remote,9741,,,,,,,0,0.04,,
160481,Fletcher Technical Community College,2023,Participates in Title IV federal financial aid programs,"1,000 - 4,999",2426,254,1321,1003,58,,22780,"1,000 - 4,999",Rural: Fringe,10430,,,,,,,0,0.10,,
155052,Flint Hills Technical College,2023,Participates in Title IV federal financial aid programs,"1,000 - 4,999",1639,49,1372,85,11,,24220,"1,000 - 4,999",Town: Remote,15976,,,,,,,0,0.03,,
218025,Florence-Darlington Technical College,2023,Participates in Title IV federal financial aid programs,"1,000 - 4,999",3521,201,2291,1069,45,,15598,"1,000 - 4,999",Rural: Fringe,1598,,,,,,,0,0.06,,
133650,Florida Agricultural and Mechanical University,2023,Participates in Title IV federal financial aid programs,"5,000 - 9,999",7796,661,1012,686,56,21,23345,"5,000 - 9,999",City: Midsize,15491,590,560,24,58,27,52,1150,0.08,,
133669,Florida Atlantic University,2023,Participates in Title IV federal financial aid programs,"20,000 and above",24614,2380,6866,3454,35,73,28619,"20,000 and above",City: Small,9839,620,590,26,57,50,64,1210,0.10,,
133809,Florida College,2023,Participates in Title IV federal financial aid programs,"Under 1,000",657,44,77,13,21,66,36970,"Under 1,000",Suburb: Large,23885,640,610,20,29,46,48,1250,0.07,,
135160,Florida Gateway College,2023,Participates in Title IV federal financial aid programs,"1,000 - 4,999",2837,167,1844,942,38,,22100,"1,000 - 4,999",Town: Distant,4428,,,,,,,0,0.06,,
433660,Florida Gulf Coast University,2023,Participates in Title IV federal financial aid programs,"10,000 - 19,999",14227,1145,2724,1301,29,77,23732,"10,000 - 19,999",Suburb: Large,10548,620,590,25,58,42,56,1210,0.08,,
133881,Florida Institute of Technology,2023,Participates in Title IV federal financial aid programs,"5,000 - 9,999",3458,159,338,199,20,63,63500,"5,000 - 9,999",City: Small,36364,660,660,28,67,48,65,1320,0.05,,
480569,Florida Institute of Technology-Online,2023,Branch campus of a main campus that participates in Title IV,"1,000 - 4,999",629,63,261,469,49,44,31380,"1,000 - 4,999",City: Small,24146,,,,,,,0,0.10,,
133951,Florida International University,2023,Participates in Title IV federal financial aid programs,"20,000 and above",44363,4266,18336,8236,40,59,27399,"20,000 and above",Suburb: Large,10742,640,610,26,71,59,74,1250,0.10,,
133979,Florida Memorial University,2023,Participates in Title IV federal financial aid programs,"1,000 - 4,999",1299,65,85,87,66,74,43210,"1,000 - 4,999",Suburb: Large,18366,,,,33,9,28,0,0.05,,
138284,Florida Panhandle Technical College,2023,Participates in Title IV federal financial aid programs,"Under 1,000",201,0,5,43,34,,,"Under 1,000",Rural: Remote,4997,,,,,,,0,0.00,,
482936,Florida Polytechnic University,2023,Participates in Title IV federal financial aid programs,"1,000 - 4,999",1569,70,106,73,33,56,23080,"1,000 - 4,999",Rural: Fringe,11923,680,690,30,56,38,53,1370,0.04,,
457350,Florida School of Traditional Midwifery,2023,Participates in Title IV federal financial aid programs,"Under 1,000",73,0,73,46,38,,,"Under 1,000",City: Midsize,,,,,,,,0,0.00,,
134079,Florida Southern College,2023,Participates in Title IV federal financial aid programs,"1,000 - 4,999",2626,102,99,109,26,59,60800,"1,000 - 4,999",City: Midsize,30462,660,650,30,68,64,69,1310,0.04,,
133508,Florida SouthWestern State College,2023,Participates in Title IV federal financial aid programs,"10,000 - 19,999",13860,475,8466,2928,34,,22700,"10,000 - 19,999",Suburb: Large,9030,,,,,,,0,0.03,,
133702,Florida State College at Jacksonville,2023,Participates in Title IV federal financial aid programs,"20,000 and above",20530,1816,14285,8885,33,,14674,"20,000 and above",City: Large,2789,,,,,,,0,0.09,,
134097,Florida State University,2023,Participates in Title IV federal financial aid programs,"20,000 and above",32217,1897,3206,1011,24,25,25872,"20,000 and above",City: Midsize,14903,700,690,31,84,73,83,1390,0.06,,
444219,Folsom Lake College,2023,Participates in Title IV federal financial aid programs,"10,000 - 19,999",10214,1923,7967,3329,16,,30106,"10,000 - 19,999",City: Small,6616,,,,,,,0,0.19,,
380368,Fond du Lac Tribal and Community College,2023,Participates in Title IV federal financial aid programs,"1,000 - 4,999",1749,67,1329,261,19,,22185,"1,000 - 4,999",Town: Fringe,10601,,,,,,,0,0.04,,
177418,Fontbonne University,2023,Participates in Title IV federal financial aid programs,"Under 1,000",650,56,55,65,48,95,46004,"Under 1,000",Suburb: Large,19519,,,,62,44,57,0,0.09,,
114716,Foothill College,2023,Participates in Title IV federal financial aid programs,"10,000 - 19,999",12931,1597,10286,5092,8,,30653,"10,000 - 19,999",Suburb: Large,9665,,,,,,,0,0.12,,
191241,Fordham University,2023,Participates in Title IV federal financial aid programs,"10,000 - 19,999",10307,317,444,365,21,56,81338,"10,000 - 19,999",City: Large,45368,730,760,33,84,76,80,1490,0.03,,
198552,Forsyth Technical Community College,2023,Participates in Title IV federal financial aid programs,"5,000 - 9,999",8716,979,6175,2943,41,,22929,"5,000 - 9,999",City: Large,5147,,,,,,,0,0.11,,
155061,Fort Hays State University,2023,Participates in Title IV federal financial aid programs,"10,000 - 19,999",10206,1655,5637,2434,22,92,20377,"10,000 - 19,999",Town: Remote,13774,600,600,25,52,33,48,1200,0.16,,
127185,Fort Lewis College,2023,Participates in Title IV federal financial aid programs,"1,000 - 4,999",3313,199,487,385,36,93,29700,"1,000 - 4,999",Town: Distant,16074,630,590,24,46,30,43,1220,0.06,,
135267,Fort Myers Technical College,2023,Participates in Title IV federal financial aid programs,"Under 1,000",696,0,0,201,27,,,"Under 1,000",City: Small,14072,,,,,,,0,0.00,,
180212,Fort Peck Community College,2023,Participates in Title IV federal financial aid programs,"Under 1,000",534,11,234,294,21,,15100,"Under 1,000",Rural: Remote,4410,,,,,,,0,0.02,,
155098,Fort Scott Community College,2023,Participates in Title IV federal financial aid programs,"1,000 - 4,999",1464,275,904,107,26,,15698,"1,000 - 4,999",Town: Remote,2940,,,,,,,0,0.19,,
139719,Fort Valley State University,2023,Participates in Title IV federal financial aid programs,"1,000 - 4,999",2558,131,270,190,72,63,15392,"1,000 - 4,999",Town: Fringe,11457,480,440,19,47,18,45,920,0.05,,
457873,Four County Career Center,2023,Participates in Title IV federal financial aid programs,"Under 1,000",129,0,64,83,1,,,"Under 1,000",Rural: Distant,,,,,,,,0,0.00,,
177436,Four Rivers Career Center,2023,Participates in Title IV federal financial aid programs,"Under 1,000",24,0,0,18,62,,40136,"Under 1,000",Town: Distant,18452,,,,,,,0,0.00,,
238722,Fox Valley Technical College,2023,Participates in Title IV federal financial aid programs,"10,000 - 19,999",10995,1648,9043,2949,12,,20846,"10,000 - 19,999",Suburb: Midsize,10187,,,,,,,0,0.15,,
165866,Framingham State University,2023,Participates in Title IV federal financial aid programs,"1,000 - 4,999",2817,239,493,359,34,85,28994,"1,000 - 4,999",City: Small,16640,655,600,,51,37,50,1255,0.08,,
218061,Francis Marion University,2023,Participates in Title IV federal financial aid programs,"1,000 - 4,999",3623,183,1115,259,39,82,25742,"1,000 - 4,999",Rural: Fringe,11231,590,548,23,46,27,43,1138,0.05,,
245999,Francis Tuttle Technology Center,2023,Participates in Title IV federal financial aid programs,"1,000 - 4,999",2595,0,2211,225,9,,,"1,000 - 4,999",City: Large,6903,,,,,,,0,0.00,,
160074,Franciscan Missionaries of Our Lady University,2023,Participates in Title IV federal financial aid programs,"1,000 - 4,999",862,158,400,292,36,83,37814,"1,000 - 4,999",City: Midsize,15239,,,,32,26,47,0,0.18,,
114734,Franciscan School of Theology,2023,Participates in Title IV federal financial aid programs,"Under 1,000",0,0,0,0,,,,"Under 1,000",City: Large,,,,,,,,0,,,
205957,Franciscan University of Steubenville,2023,Participates in Title IV federal financial aid programs,"1,000 - 4,999",2978,149,407,181,21,72,41980,"1,000 - 4,999",City: Small,24490,660,630,29,72,68,75,1290,0.05,,
224891,Frank Phillips College,2023,Participates in Title IV federal financial aid programs,"1,000 - 4,999",1748,33,1108,141,24,,22701,"1,000 - 4,999",Town: Distant,12303,,,,,,,0,0.02,,
212577,Franklin and Marshall College,2023,Participates in Title IV federal financial aid programs,"1,000 - 4,999",1911,9,9,4,17,32,86018,"1,000 - 4,999",City: Small,37475,730,730,32,83,80,86,1460,0.00,,
150604,Franklin College,2023,Participates in Title IV federal financial aid programs,"Under 1,000",911,37,46,28,39,71,58400,"Under 1,000",Suburb: Large,23843,600,600,27,61,61,63,1200,0.04,,
248633,Franklin County Career and Technology Center,2023,Participates in Title IV federal financial aid programs,"Under 1,000",51,0,0,24,30,92,,"Under 1,000",Rural: Fringe,19671,,,,,,,0,0.00,,
182795,Franklin Pierce University,2023,Participates in Title IV federal financial aid programs,"1,000 - 4,999",1058,45,186,75,27,90,65185,"1,000 - 4,999",Rural: Distant,25557,580,560,,41,43,46,1140,0.04,,
409120,Franklin Technology Center Adult Education,2023,Participates in Title IV federal financial aid programs,"Under 1,000",57,0,0,35,55,,,"Under 1,000",City: Small,25251,,,,,,,0,0.00,,
202806,Franklin University,2023,Participates in Title IV federal financial aid programs,"5,000 - 9,999",5815,1189,3838,4247,33,,32833,"5,000 - 9,999",City: Large,22252,,,,25,31,31,0,0.20,,
441982,Franklin W Olin College of Engineering,2023,Participates in Title IV federal financial aid programs,"Under 1,000",402,0,29,0,13,22,,"Under 1,000",Suburb: Large,40370,770,790,35,97,73,92,1560,0.00,,
459329,Fred K Marchman Technical College,2023,Participates in Title IV federal financial aid programs,"Under 1,000",561,0,239,102,34,,,"Under 1,000",Suburb: Large,7960,,,,,,,0,0.00,,
237844,Fred W Eberle Technical Center,2023,Participates in Title IV federal financial aid programs,"Under 1,000",119,0,0,32,96,,,"Under 1,000",Town: Remote,2101,,,,,,,0,0.00,,
162557,Frederick Community College,2023,Participates in Title IV federal financial aid programs,"5,000 - 9,999",6796,308,4932,1315,18,,19544,"5,000 - 9,999",City: Small,3840,,,,,,,0,0.05,,
220215,Freed-Hardeman University,2023,Participates in Title IV federal financial aid programs,"1,000 - 4,999",1878,38,642,30,22,91,33800,"1,000 - 4,999",Town: Distant,18267,542,542,26,65,59,68,1084,0.02,,
114789,Fresno City College,2023,Participates in Title IV federal financial aid programs,"20,000 and above",25285,2286,18619,9042,28,,28802,"20,000 and above",City: Large,3822,,,,,,,0,0.09,,
114813,Fresno Pacific University,2023,Participates in Title IV federal financial aid programs,"1,000 - 4,999",1616,331,658,660,59,58,51586,"1,000 - 4,999",City: Large,15668,,,,71,44,56,0,0.20,,
155089,Friends University,2023,Participates in Title IV federal financial aid programs,"1,000 - 4,999",1460,107,496,137,34,56,50140,"1,000 - 4,999",City: Large,22579,550,540,22,41,52,61,1090,0.07,,
127200,Front Range Community College,2023,Participates in Title IV federal financial aid programs,"20,000 and above",21096,1343,16659,4463,16,,28765,"20,000 and above",Suburb: Large,9256,,,,,,,0,0.06,,
403469,Frontier Community College,2023,Participates in Title IV federal financial aid programs,"1,000 - 4,999",2364,21,2131,1455,8,,28920,"1,000 - 4,999",Town: Remote,11350,,,,,,,0,0.01,,
156727,Frontier Nursing University,2023,Participates in Title IV federal financial aid programs,"1,000 - 4,999",0,0,0,0,,,,"1,000 - 4,999",Rural: Fringe,,,,,,,,0,,,
162584,Frostburg State University,2023,Participates in Title IV federal financial aid programs,"1,000 - 4,999",3344,293,821,324,33,89,27056,"1,000 - 4,999",Town: Remote,16521,,,,49,33,52,0,0.09,,
114840,Fuller Theological Seminary,2023,Participates in Title IV federal financial aid programs,"1,000 - 4,999",0,0,0,0,,,,"1,000 - 4,999",City: Midsize,,,,,,,,0,,,
114859,Fullerton College,2023,Participates in Title IV federal financial aid programs,"10,000 - 19,999",18569,1517,11274,5002,26,,28826,"10,000 - 19,999",Suburb: Large,10316,,,,,,,0,0.08,,
191302,Fulton-Montgomery Community College,2023,Participates in Title IV federal financial aid programs,"1,000 - 4,999",1761,35,1155,257,28,,21148,"1,000 - 4,999",Rural: Fringe,7267,,,,,,,0,0.02,,
218070,Furman University,2023,Participates in Title IV federal financial aid programs,"1,000 - 4,999",2327,0,31,10,11,53,77180,"1,000 - 4,999",Suburb: Large,32901,720,705,32,82,74,81,1425,0.00,,
481030,Future Generations University,2023,Participates in Title IV federal financial aid programs,"Under 1,000",0,0,0,0,,,,"Under 1,000",Rural: Remote,,,,,,,,0,,,
101240,Gadsden State Community College,2023,Participates in Title IV federal financial aid programs,"1,000 - 4,999",4728,337,2595,1206,47,,13048,"1,000 - 4,999",City: Small,5410,,,,,,,0,0.07,,
490090,Gadsden Technical College,2023,Participates in Title IV federal financial aid programs,"Under 1,000",114,0,71,33,30,,,"Under 1,000",Rural: Fringe,22969,,,,,,,0,0.00,,
131450,Gallaudet University,2023,Participates in Title IV federal financial aid programs,"1,000 - 4,999",919,65,96,222,54,61,42598,"1,000 - 4,999",City: Large,15025,463,470,18,63,17,47,933,0.07,,
224961,Galveston College,2023,Participates in Title IV federal financial aid programs,"1,000 - 4,999",2119,177,1416,614,42,,20755,"1,000 - 4,999",City: Small,8085,,,,,,,0,0.08,,
212601,Gannon University,2023,Participates in Title IV federal financial aid programs,"1,000 - 4,999",2920,71,495,93,22,77,57635,"1,000 - 4,999",City: Small,23942,,,,68,56,71,0,0.02,,
155104,Garden City Community College,2023,Participates in Title IV federal financial aid programs,"1,000 - 4,999",1904,85,883,232,29,,20939,"1,000 - 4,999",Town: Remote,10633,,,,,,,0,0.04,,
198561,Gardner-Webb University,2023,Participates in Title IV federal financial aid programs,"1,000 - 4,999",1840,243,262,457,27,87,42750,"1,000 - 4,999",Rural: Distant,24035,640,620,26,46,6,59,1260,0.13,,
162609,Garrett College,2023,Participates in Title IV federal financial aid programs,"Under 1,000",701,35,335,49,31,,20944,"Under 1,000",Rural: Distant,5465,,,,,,,0,0.05,,
145275,Garrett-Evangelical Theological Seminary,2023,Participates in Title IV federal financial aid programs,"Under 1,000",0,0,0,0,,,,"Under 1,000",City: Small,,,,,,,,0,,,
198570,Gaston College,2023,Participates in Title IV federal financial aid programs,"5,000 - 9,999",5871,289,4265,1328,26,,22658,"5,000 - 9,999",Suburb: Midsize,8199,,,,,,,0,0.05,,
157438,Gateway Community and Technical College,2023,Participates in Title IV federal financial aid programs,"1,000 - 4,999",4752,296,3540,1246,29,,17914,"1,000 - 4,999",Suburb: Large,8317,,,,,,,0,0.06,,
105145,GateWay Community College,2023,Participates in Title IV federal financial aid programs,"5,000 - 9,999",5123,813,4066,1978,29,,25998,"5,000 - 9,999",City: Large,13317,,,,,,,0,0.16,,
246895,GateWay Community College-Central City,2023,Participates in Title IV federal financial aid programs,"Under 1,000",477,0,252,199,24,,,"Under 1,000",City: Large,4239,,,,,,,0,0.00,,
238759,Gateway Technical College,2023,Participates in Title IV federal financial aid programs,"10,000 - 19,999",10134,213,8904,2268,22,,20780,"10,000 - 19,999",City: Small,7902,,,,,,,0,0.02,,
114938,Gavilan College,2023,Participates in Title IV federal financial aid programs,"5,000 - 9,999",5484,662,3760,1922,24,,27095,"5,000 - 9,999",Rural: Fringe,4607,,,,,,,0,0.12,,
456542,Geisinger Commonwealth School of Medicine,2023,Participates in Title IV federal financial aid programs,"Under 1,000",63,30,0,21,0,,35475,"Under 1,000",City: Small,,,,,,,,0,0.48,,
460385,Geisinger-Lewistown Hospital School of Nursing,2023,Participates in Title IV federal financial aid programs,"Under 1,000",,,,,,,,"Under 1,000",Town: Distant,,,,,,,,0,,,
114947,Gemological Institute of America-Carlsbad,2023,Participates in Title IV federal financial aid programs,"Under 1,000",308,0,0,159,13,,,"Under 1,000",City: Midsize,27697,,,,,,,0,0.00,,
191311,Gemological Institute of America-New York,2023,Participates in Title IV federal financial aid programs,"Under 1,000",313,0,0,165,5,,,"Under 1,000",City: Large,31241,,,,,,,0,0.00,,
146816,Generations College,2023,Participates in Title IV federal financial aid programs,"Under 1,000",317,118,33,269,78,,25660,"Under 1,000",City: Large,19164,,,,,,,0,0.37,,
191339,Genesee Community College,2023,Participates in Title IV federal financial aid programs,"1,000 - 4,999",4288,252,2845,818,22,,18930,"1,000 - 4,999",Town: Distant,7519,,,,,,,0,0.06,,
431196,Genesee Valley BOCES-Practical Nursing Program,2023,Participates in Title IV federal financial aid programs,"Under 1,000",61,0,0,42,76,,,"Under 1,000",Town: Distant,21529,,,,,,,0,0.00,,
212656,Geneva College,2023,Participates in Title IV federal financial aid programs,"1,000 - 4,999",1149,37,190,68,32,,40410,"1,000 - 4,999",Suburb: Large,22145,,,,71,52,61,0,0.03,,
101286,George C Wallace Community College-Dothan,2023,Participates in Title IV federal financial aid programs,"1,000 - 4,999",4010,250,2798,1162,49,,16570,"1,000 - 4,999",City: Small,2916,,,,,,,0,0.06,,
101295,George C Wallace State Community College-Hanceville,2023,Participates in Title IV federal financial aid programs,"5,000 - 9,999",6023,543,3560,1230,32,,29240,"5,000 - 9,999",Rural: Distant,12785,,,,,,,0,0.09,,
101301,George C Wallace State Community College-Selma,2023,Participates in Title IV federal financial aid programs,"1,000 - 4,999",1935,74,1400,267,37,,28080,"1,000 - 4,999",Town: Distant,1425,,,,,,,0,0.04,,
208822,George Fox University,2023,Participates in Title IV federal financial aid programs,"1,000 - 4,999",3004,204,643,320,27,96,58540,"1,000 - 4,999",Town: Fringe,30649,670,660,28,70,58,69,1330,0.07,,
232186,George Mason University,2023,Participates in Title IV federal financial aid programs,"20,000 and above",27666,2657,5551,4579,30,89,38034,"20,000 and above",Suburb: Large,18900,670,670,30,73,48,69,1340,0.10,,
134291,George Stone Technical College,2023,Participates in Title IV federal financial aid programs,"Under 1,000",652,0,118,222,21,,,"Under 1,000",Suburb: Large,10993,,,,,,,0,0.00,,
134307,George T Baker Aviation Technical College,2023,Participates in Title IV federal financial aid programs,"Under 1,000",922,0,701,364,26,,,"Under 1,000",Suburb: Large,5899,,,,,,,0,0.00,,
131469,George Washington University,2023,Participates in Title IV federal financial aid programs,"20,000 and above",11387,590,1001,836,15,44,84315,"20,000 and above",City: Large,45466,750,750,34,84,79,85,1500,0.05,,
156745,Georgetown College,2023,Participates in Title IV federal financial aid programs,"1,000 - 4,999",1200,42,26,12,34,74,57462,"1,000 - 4,999",Town: Fringe,14878,610,620,26,57,42,48,1230,0.04,,
131496,Georgetown University,2023,Participates in Title IV federal financial aid programs,"20,000 and above",7968,184,748,321,10,13,,"20,000 and above",City: Large,37967,770,780,34,96,87,94,1550,0.02,,
139861,Georgia College & State University,2023,Participates in Title IV federal financial aid programs,"5,000 - 9,999",5681,180,440,48,16,88,27903,"5,000 - 9,999",Town: Distant,19769,640,600,26,62,50,62,1240,0.03,,
447689,Georgia Gwinnett College,2023,Participates in Title IV federal financial aid programs,"10,000 - 19,999",11907,713,4112,2068,50,96,30088,"10,000 - 19,999",Suburb: Large,11037,,,,25,6,20,0,0.06,,
139700,Georgia Highlands College,2023,Participates in Title IV federal financial aid programs,"1,000 - 4,999",4955,424,2984,1384,39,,22669,"1,000 - 4,999",Suburb: Small,6779,,,,,0,0,0,0.09,,
139755,Georgia Institute of Technology-Main Campus,2023,Participates in Title IV federal financial aid programs,"20,000 and above",19505,1113,2334,319,14,16,28524,"20,000 and above",City: Large,15901,740,790,34,93,57,92,1530,0.06,,
485111,Georgia Military College,2023,Participates in Title IV federal financial aid programs,"5,000 - 9,999",6765,548,4285,1480,33,,27912,"5,000 - 9,999",Town: Distant,11571,,,,,,,0,0.08,,
139384,Georgia Northwestern Technical College,2023,Participates in Title IV federal financial aid programs,"5,000 - 9,999",6742,473,5079,1850,39,,21865,"5,000 - 9,999",City: Small,2310,,,,,,,0,0.07,,
244446,Georgia Piedmont Technical College,2023,Participates in Title IV federal financial aid programs,"1,000 - 4,999",2977,465,2214,1170,42,,30016,"1,000 - 4,999",Suburb: Large,7845,,,,,,,0,0.16,,
139931,Georgia Southern University,2023,Participates in Title IV federal financial aid programs,"20,000 and above",22295,1275,4132,2360,35,90,24661,"20,000 and above",Town: Distant,16957,590,570,23,57,34,53,1160,0.06,,
139764,Georgia Southwestern State University,2023,Participates in Title IV federal financial aid programs,"1,000 - 4,999",2753,323,1024,626,41,77,20900,"1,000 - 4,999",Town: Distant,11779,590,540,21,36,20,32,1130,0.12,,
139940,Georgia State University,2023,Participates in Title IV federal financial aid programs,"20,000 and above",27588,1334,6662,4102,50,62,31942,"20,000 and above",City: Large,16390,640,640,26,59,34,54,1280,0.05,,
244437,Georgia State University-Perimeter College,2023,Participates in Title IV federal financial aid programs,"10,000 - 19,999",15522,1050,9608,3482,43,100,26424,"10,000 - 19,999",City: Large,10013,560,540,21,,,,1100,0.07,,
184773,Georgian Court University,2023,Participates in Title IV federal financial aid programs,"1,000 - 4,999",1478,185,388,193,30,71,53534,"1,000 - 4,999",City: Small,21072,,,,59,39,55,0,0.13,,
232195,Germanna Community College,2023,Participates in Title IV federal financial aid programs,"5,000 - 9,999",8082,362,5825,1741,25,,20436,"5,000 - 9,999",Rural: Fringe,5996,,,,,,,0,0.04,,
212674,Gettysburg College,2023,Participates in Title IV federal financial aid programs,"1,000 - 4,999",2216,14,6,5,21,48,81960,"1,000 - 4,999",Town: Fringe,35729,720,740,32,82,74,83,1460,0.01,,
494551,Glasgow Caledonian New York College,2023,Participates in Title IV federal financial aid programs,"Under 1,000",0,0,0,0,,,,"Under 1,000",City: Large,,,,,,,,0,,,
169974,Glen Oaks Community College,2023,Participates in Title IV federal financial aid programs,"1,000 - 4,999",1215,34,828,245,26,,18880,"1,000 - 4,999",Rural: Distant,9066,,,,,,,0,0.03,,
115001,Glendale Community College,2023,Participates in Title IV federal financial aid programs,"10,000 - 19,999",11176,663,5391,4107,35,,27743,"10,000 - 19,999",City: Midsize,9328,,,,,,,0,0.06,,
104708,Glendale Community College,2023,Participates in Title IV federal financial aid programs,"10,000 - 19,999",13480,1034,9742,3676,26,,25998,"10,000 - 19,999",Suburb: Large,13166,,,,,,,0,0.08,,
237385,Glenville State University,2023,Participates in Title IV federal financial aid programs,"1,000 - 4,999",1583,111,622,257,42,,25484,"1,000 - 4,999",Rural: Remote,16745,,,,45,28,39,0,0.07,,
230889,Goddard College,2023,Participates in Title IV federal financial aid programs,"Under 1,000",113,24,25,94,53,20,40354,"Under 1,000",Rural: Distant,29344,,,,50,50,75,0,0.21,,
202903,Gods Bible School and College,2023,Participates in Title IV federal financial aid programs,"Under 1,000",417,17,233,104,23,64,25255,"Under 1,000",City: Large,7233,,,,60,32,64,0,0.04,,
169992,Gogebic Community College,2023,Participates in Title IV federal financial aid programs,"Under 1,000",844,50,464,167,35,,21009,"Under 1,000",Town: Remote,6425,,,,,,,0,0.06,,
115083,Golden Gate University,2023,Participates in Title IV federal financial aid programs,"1,000 - 4,999",575,229,291,449,22,,50763,"1,000 - 4,999",City: Large,,,,,,,,0,0.40,,
115126,Golden West College,2023,Participates in Title IV federal financial aid programs,"10,000 - 19,999",10433,1388,7589,2653,23,,30748,"10,000 - 19,999",Suburb: Large,5438,,,,,,,0,0.13,,
130989,Goldey-Beacom College,2023,Participates in Title IV federal financial aid programs,"1,000 - 4,999",702,81,149,79,39,77,22193,"1,000 - 4,999",Suburb: Large,17417,,,,56,48,57,0,0.12,,
235316,Gonzaga University,2023,Participates in Title IV federal financial aid programs,"5,000 - 9,999",5163,162,82,85,13,76,77512,"5,000 - 9,999",City: Midsize,40295,710,700,31,85,78,87,1410,0.03,,
202912,Good Samaritan College of Nursing and Health Science,2023,Participates in Title IV federal financial aid programs,"Under 1,000",457,148,301,243,43,17,31708,"Under 1,000",City: Large,19728,,,,,,,0,0.32,,
129154,Goodwin University,2023,Participates in Title IV federal financial aid programs,"1,000 - 4,999",2911,542,2572,2069,48,,48547,"1,000 - 4,999",City: Small,29131,,,,31,,,0,0.19,,
165936,Gordon College,2023,Participates in Title IV federal financial aid programs,"1,000 - 4,999",1293,46,72,26,21,59,43550,"1,000 - 4,999",Rural: Fringe,25250,690,680,32,73,60,68,1370,0.04,,
375683,Gordon Cooper Technology Center,2023,Participates in Title IV federal financial aid programs,"Under 1,000",879,0,763,48,12,,,"Under 1,000",Town: Distant,6351,,,,,,,0,0.00,,
139968,Gordon State College,2023,Participates in Title IV federal financial aid programs,"1,000 - 4,999",3129,224,1318,620,47,87,15388,"1,000 - 4,999",Town: Distant,8255,,,21,16,7,16,0,0.07,,
165945,Gordon-Conwell Theological Seminary,2023,Participates in Title IV federal financial aid programs,"1,000 - 4,999",0,0,0,0,,,,"1,000 - 4,999",Suburb: Large,,,,,,,,0,,,
150668,Goshen College,2023,Participates in Title IV federal financial aid programs,"Under 1,000",773,102,105,114,37,89,51490,"Under 1,000",City: Small,17040,570,563,27,66,48,60,1133,0.13,,
162654,Goucher College,2023,Participates in Title IV federal financial aid programs,"1,000 - 4,999",964,39,32,21,31,73,65250,"1,000 - 4,999",City: Small,28749,683,683,30,59,52,60,1366,0.04,,
145336,Governors State University,2023,Participates in Title IV federal financial aid programs,"1,000 - 4,999",2536,404,860,1056,52,,26780,"1,000 - 4,999",Suburb: Large,10833,,,,17,13,20,0,0.16,,
170000,Grace Christian University,2023,Participates in Title IV federal financial aid programs,"Under 1,000",891,70,446,382,50,99,27148,"Under 1,000",City: Small,14127,,,,50,23,46,0,0.08,,
150677,Grace College and Theological Seminary,2023,Participates in Title IV federal financial aid programs,"1,000 - 4,999",1817,60,284,86,29,81,43234,"1,000 - 4,999",Town: Distant,21680,600,600,27,72,68,70,1200,0.03,,
481058,Grace Mission University,2023,Participates in Title IV federal financial aid programs,"Under 1,000",72,1,28,65,19,,25398,"Under 1,000",Suburb: Large,,,,,56,0,0,0,0.01,,
481401,Grace School of Theology,2023,Participates in Title IV federal financial aid programs,"Under 1,000",220,3,216,177,12,,35173,"Under 1,000",City: Midsize,,,,,0,,,0,0.01,,
153366,Graceland University-Lamoni,2023,Participates in Title IV federal financial aid programs,"1,000 - 4,999",902,113,34,103,45,83,48460,"1,000 - 4,999",Rural: Remote,16632,,,,48,30,38,0,0.13,,
115214,Graduate Theological Union,2023,Participates in Title IV federal financial aid programs,"Under 1,000",0,0,0,0,,,,"Under 1,000",City: Midsize,,,,,,,,0,,,
139746,Grady Health System Professional Schools,2023,Participates in Title IV federal financial aid programs,"Under 1,000",60,0,0,40,25,,,"Under 1,000",City: Large,,,,,,,,0,0.00,,
145354,Graham Hospital School of Nursing,2023,Participates in Title IV federal financial aid programs,"Under 1,000",36,0,26,18,73,100,34053,"Under 1,000",Town: Distant,12520,,,,,,,0,0.00,,
159009,Grambling State University,2023,Participates in Title IV federal financial aid programs,"5,000 - 9,999",4279,158,576,494,72,24,24605,"5,000 - 9,999",Town: Distant,19092,590,560,19,32,9,32,1150,0.04,,
170055,Grand Rapids Community College,2023,Participates in Title IV federal financial aid programs,"10,000 - 19,999",12142,687,8597,3770,27,,22962,"10,000 - 19,999",City: Midsize,11137,,,,,,,0,0.06,,
176983,Grand River Technical School,2023,Participates in Title IV federal financial aid programs,"Under 1,000",39,0,14,8,38,100,,"Under 1,000",Town: Remote,11029,,,,,,,0,0.00,,
170082,Grand Valley State University,2023,Participates in Title IV federal financial aid programs,"20,000 and above",19243,1222,2013,1368,26,95,26714,"20,000 and above",Town: Fringe,17995,600,590,28,69,45,69,1190,0.06,,
153375,Grand View University,2023,Participates in Title IV federal financial aid programs,"1,000 - 4,999",1483,170,120,190,38,98,52892,"1,000 - 4,999",City: Midsize,22296,,,,52,46,56,0,0.11,,
212771,Gratz College,2023,Participates in Title IV federal financial aid programs,"Under 1,000",221,118,168,4,1,,,"Under 1,000",Suburb: Large,,,,,,,,0,0.53,,
235334,Grays Harbor College,2023,Participates in Title IV federal financial aid programs,"1,000 - 4,999",1663,104,637,664,28,,23183,"1,000 - 4,999",Rural: Fringe,6475,,,,,,,0,0.06,,
225070,Grayson College,2023,Participates in Title IV federal financial aid programs,"1,000 - 4,999",4176,383,2654,997,31,,27615,"1,000 - 4,999",Rural: Fringe,6394,,,,,,,0,0.09,,
182306,Great Basin College,2023,Participates in Title IV federal financial aid programs,"1,000 - 4,999",2936,87,1987,1114,20,,15425,"1,000 - 4,999",Town: Remote,7472,,,,4,4,9,0,0.03,,
183150,Great Bay Community College,2023,Participates in Title IV federal financial aid programs,"1,000 - 4,999",1440,188,1016,486,26,,33196,"1,000 - 4,999",Suburb: Small,17658,,,,,,,0,0.13,,
180249,Great Falls College Montana State University,2023,Participates in Title IV federal financial aid programs,"1,000 - 4,999",1318,110,788,447,30,,20530,"1,000 - 4,999",City: Small,9589,,,,,,,0,0.08,,
495110,Great Lakes Boat Building School,2023,Participates in Title IV federal financial aid programs,"Under 1,000",28,0,0,8,35,,39034,"Under 1,000",Rural: Remote,25339,,,,,,,0,0.00,,
170091,Great Lakes Christian College,2023,Participates in Title IV federal financial aid programs,"Under 1,000",130,27,10,8,62,,35180,"Under 1,000",Suburb: Large,19390,,,,23,22,22,0,0.21,,
497213,Great Northern University,2023,Participates in Title IV federal financial aid programs,"Under 1,000",36,4,16,9,46,100,34171,"Under 1,000",City: Midsize,29650,,,,,,,0,0.11,,
202949,Great Oaks Career Campuses,2023,Participates in Title IV federal financial aid programs,"Under 1,000",138,0,0,52,31,,,"Under 1,000",Suburb: Large,11149,,,,,,,0,0.00,,
364548,Great Plains Technology Center,2023,Participates in Title IV federal financial aid programs,"Under 1,000",152,0,44,87,23,,,"Under 1,000",City: Small,9300,,,,,,,0,0.00,,
383367,Greater Altoona Career & Technology Center,2023,Participates in Title IV federal financial aid programs,"Under 1,000",174,0,25,91,48,,,"Under 1,000",City: Small,11499,,,,,,,0,0.00,,
418454,Greater Johnstown Career and Technology Center,2023,Participates in Title IV federal financial aid programs,"Under 1,000",102,0,0,52,41,,,"Under 1,000",Rural: Fringe,14606,,,,,,,0,0.00,,
382416,Greater Lowell Technical School,2023,Participates in Title IV federal financial aid programs,"Under 1,000",77,0,0,59,34,100,,"Under 1,000",Suburb: Large,22505,,,,,,,0,0.00,,
428019,Green Country Technology Center,2023,Participates in Title IV federal financial aid programs,"Under 1,000",315,0,274,29,16,,,"Under 1,000",Rural: Fringe,1915,,,,,,,0,0.00,,
235343,Green River College,2023,Participates in Title IV federal financial aid programs,"5,000 - 9,999",7361,385,2892,1717,19,,27098,"5,000 - 9,999",City: Small,13621,,,,,,,0,0.05,,
260363,Greene County Career and Technology Center,2023,Participates in Title IV federal financial aid programs,"Under 1,000",19,0,0,7,73,85,,"Under 1,000",Town: Distant,14695,,,,,,,0,0.00,,
365240,Greene County Career Center,2023,Participates in Title IV federal financial aid programs,"Under 1,000",22,0,0,11,24,,,"Under 1,000",Rural: Fringe,12602,,,,,,,0,0.00,,
165981,Greenfield Community College,2023,Participates in Title IV federal financial aid programs,"1,000 - 4,999",1544,141,1152,657,30,,19530,"1,000 - 4,999",Town: Distant,7674,,,,,,,0,0.09,,
198598,Greensboro College,2023,Participates in Title IV federal financial aid programs,"Under 1,000",809,51,170,121,45,92,35845,"Under 1,000",City: Large,19783,,,,30,31,41,0,0.06,,
218113,Greenville Technical College,2023,Participates in Title IV federal financial aid programs,"10,000 - 19,999",10661,494,6653,3009,33,,30744,"10,000 - 19,999",City: Small,6267,,,,,,,0,0.05,,
145372,Greenville University,2023,Participates in Title IV federal financial aid programs,"1,000 - 4,999",905,78,66,92,38,95,48520,"1,000 - 4,999",Town: Distant,21442,608,611,24,49,46,51,1219,0.09,,
153384,Grinnell College,2023,Participates in Title IV federal financial aid programs,"1,000 - 4,999",1775,7,68,3,17,13,,"1,000 - 4,999",Town: Remote,33446,760,790,34,87,74,87,1550,0.00,,
115296,Grossmont College,2023,Participates in Title IV federal financial aid programs,"10,000 - 19,999",13591,1124,9067,4034,24,,27432,"10,000 - 19,999",Suburb: Large,6298,,,,,,,0,0.08,,
212805,Grove City College,2023,Deferment only - limited participation,"1,000 - 4,999",2365,42,159,610,0,73,34510,"1,000 - 4,999",Town: Distant,24184,684,690,31,88,75,80,1374,0.02,,
240745,Guam Community College,2023,Participates in Title IV federal financial aid programs,"1,000 - 4,999",1450,46,849,468,52,,17764,"1,000 - 4,999",Suburb: Midsize,5345,,,,,,,0,0.03,,
198613,Guilford College,2023,Participates in Title IV federal financial aid programs,"1,000 - 4,999",1160,57,75,64,44,84,57010,"1,000 - 4,999",City: Large,22620,630,620,26,55,37,48,1250,0.05,,
198622,Guilford Technical Community College,2023,Participates in Title IV federal financial aid programs,"10,000 - 19,999",10443,1128,6731,3137,41,,24290,"10,000 - 19,999",Suburb: Large,13374,,,,,,,0,0.11,,
134343,Gulf Coast State College,2023,Participates in Title IV federal financial aid programs,"1,000 - 4,999",4959,103,3018,1407,28,,22020,"1,000 - 4,999",City: Small,6525,,,,,,,0,0.02,,
139995,Gupton Jones College of Funeral Service,2023,Participates in Title IV federal financial aid programs,"Under 1,000",451,0,216,327,37,,38875,"Under 1,000",Suburb: Large,21563,,,,,,,0,0.00,,
173647,Gustavus Adolphus College,2023,Participates in Title IV federal financial aid programs,"1,000 - 4,999",1952,17,50,16,21,62,67680,"1,000 - 4,999",Town: Fringe,28805,,,31,78,63,76,0,0.01,,
140012,Gwinnett Technical College,2023,Participates in Title IV federal financial aid programs,"5,000 - 9,999",9726,1221,7745,3168,39,,26201,"5,000 - 9,999",Suburb: Large,12116,,,,,,,0,0.13,,
212832,Gwynedd Mercy University,2023,Participates in Title IV federal financial aid programs,"1,000 - 4,999",1457,102,416,269,30,94,61430,"1,000 - 4,999",Suburb: Large,26733,590,590,,68,51,66,1180,0.07,,
102313,H Councill Trenholm State Community College,2023,Participates in Title IV federal financial aid programs,"1,000 - 4,999",1907,222,1085,603,55,,26542,"1,000 - 4,999",City: Midsize,5701,,,,,,,0,0.12,,
367875,H W Brewster Technical College,2023,Participates in Title IV federal financial aid programs,"1,000 - 4,999",2203,0,752,25,5,,,"1,000 - 4,999",City: Large,11726,,,,,,,0,0.00,,
383084,Hacienda La Puente Adult Education,2023,Participates in Title IV federal financial aid programs,"Under 1,000",496,0,120,350,27,84,,"Under 1,000",Suburb: Large,1504,,,,,,,0,0.00,,
495314,Hackensack Meridian School of Medicine,2023,Participates in Title IV federal financial aid programs,"Under 1,000",0,0,0,0,,,,"Under 1,000",Suburb: Large,,,,,,,,0,,,
162690,Hagerstown Community College,2023,Participates in Title IV federal financial aid programs,"5,000 - 9,999",5433,197,4034,911,30,,24498,"5,000 - 9,999",Suburb: Midsize,7188,,,,,,,0,0.04,,
198640,Halifax Community College,2023,Participates in Title IV federal financial aid programs,"1,000 - 4,999",1013,52,823,275,31,,22158,"1,000 - 4,999",Rural: Fringe,5002,,,,,,,0,0.05,,
225201,Hallmark University,2023,Participates in Title IV federal financial aid programs,"Under 1,000",782,171,0,540,50,98,,"Under 1,000",City: Large,10153,,,,58,58,58,0,0.22,,
191515,Hamilton College,2023,Participates in Title IV federal financial aid programs,"1,000 - 4,999",2048,11,4,5,18,12,,"1,000 - 4,999",Suburb: Midsize,26021,770,780,35,92,81,91,1550,0.01,,
173665,Hamline University,2023,Participates in Title IV federal financial aid programs,"1,000 - 4,999",1710,122,76,85,40,90,62261,"1,000 - 4,999",City: Large,22759,695,698,28,62,48,58,1393,0.07,,
232256,Hampden-Sydney College,2023,Participates in Title IV federal financial aid programs,"Under 1,000",876,7,3,1,22,50,66868,"Under 1,000",Rural: Distant,29578,620,610,31,66,59,65,1230,0.01,,
166018,Hampshire College,2023,Participates in Title IV federal financial aid programs,"Under 1,000",717,72,0,33,38,70,74274,"Under 1,000",Rural: Fringe,27556,,,,63,51,57,0,0.10,,
232265,Hampton University,2023,Participates in Title IV federal financial aid programs,"1,000 - 4,999",3255,125,123,149,38,48,47748,"1,000 - 4,999",Suburb: Large,28576,626,600,24,58,36,56,1226,0.04,,
202985,Hannah E Mullins School of Practical Nursing,2023,Participates in Title IV federal financial aid programs,"Under 1,000",30,0,8,20,55,50,,"Under 1,000",Town: Fringe,17937,,,,,,,0,0.00,,
177542,Hannibal-LaGrange University,2023,Participates in Title IV federal financial aid programs,"Under 1,000",402,51,102,124,29,59,42380,"Under 1,000",Town: Remote,20640,,,25,36,31,39,0,0.13,,
150756,Hanover College,2023,Participates in Title IV federal financial aid programs,"1,000 - 4,999",962,20,8,2,26,84,59152,"1,000 - 4,999",Town: Distant,22929,640,600,30,64,59,64,1240,0.02,,
212869,Harcum College,2023,Participates in Title IV federal financial aid programs,"Under 1,000",936,223,298,419,53,,43262,"Under 1,000",Suburb: Large,22246,,,,,,,0,0.24,,
225247,Hardin-Simmons University,2023,Participates in Title IV federal financial aid programs,"1,000 - 4,999",1283,66,56,71,38,97,46682,"1,000 - 4,999",City: Midsize,21321,600,590,24,52,39,50,1190,0.05,,
107044,Harding University,2023,Participates in Title IV federal financial aid programs,"1,000 - 4,999",3496,128,362,183,19,100,42240,"1,000 - 4,999",Town: Distant,21069,650,630,28,68,55,71,1280,0.04,,
162706,Harford Community College,2023,Participates in Title IV federal financial aid programs,"5,000 - 9,999",5108,239,3481,1141,22,,22358,"5,000 - 9,999",Rural: Fringe,9855,,,,,,,0,0.05,,
177551,Harris-Stowe State University,2023,Participates in Title IV federal financial aid programs,"1,000 - 4,999",1098,75,179,161,73,,24082,"1,000 - 4,999",City: Large,9302,,,,22,14,27,0,0.07,,
212878,Harrisburg Area Community College,2023,Participates in Title IV federal financial aid programs,"10,000 - 19,999",12880,866,9403,3970,33,,26133,"10,000 - 19,999",City: Small,9904,,,,,,,0,0.07,,
446640,Harrisburg University of Science and Technology,2023,Participates in Title IV federal financial aid programs,"1,000 - 4,999",718,71,158,114,48,82,37800,"1,000 - 4,999",City: Small,14882,,,,33,26,43,0,0.10,,
129491,Hartford International University for Religion and Peace,2023,Participates in Title IV federal financial aid programs,"Under 1,000",0,0,0,0,,,,"Under 1,000",City: Midsize,,,,,,,,0,,,
115393,Hartnell College,2023,Participates in Title IV federal financial aid programs,"5,000 - 9,999",8478,330,5608,2008,27,,26201,"5,000 - 9,999",City: Midsize,5641,,,,,,,0,0.04,,
191533,Hartwick College,2023,Participates in Title IV federal financial aid programs,"1,000 - 4,999",1112,38,19,19,35,69,60049,"1,000 - 4,999",Town: Remote,26818,640,640,,58,38,46,1280,0.03,,
166027,Harvard University,2023,Participates in Title IV federal financial aid programs,"20,000 and above",9095,14,1779,1465,16,3,,"20,000 and above",City: Midsize,17900,780,800,36,98,66,97,1580,0.00,,
115409,Harvey Mudd College,2023,Participates in Title IV federal financial aid programs,"Under 1,000",949,7,38,4,14,13,79637,"Under 1,000",Suburb: Large,42720,770,790,36,94,78,94,1560,0.01,,
155140,Haskell Indian Nations University,2023,Participates in Title IV federal financial aid programs,"Under 1,000",878,111,73,139,62,88,20537,"Under 1,000",City: Small,4537,,,,,,,0,0.13,,
181127,Hastings College,2023,Participates in Title IV federal financial aid programs,"1,000 - 4,999",990,41,25,11,29,70,51240,"1,000 - 4,999",Town: Distant,21821,,,,49,47,53,0,0.04,,
111045,Haven University,2023,Participates in Title IV federal financial aid programs,"Under 1,000",31,4,4,23,10,,20510,"Under 1,000",Suburb: Large,,,,,100,,,0,0.13,,
212911,Haverford College,2023,Participates in Title IV federal financial aid programs,"1,000 - 4,999",1424,11,5,3,14,13,90382,"1,000 - 4,999",Suburb: Large,22828,760,780,35,90,82,89,1540,0.01,,
383190,Hawaii Community College,2023,Participates in Title IV federal financial aid programs,"1,000 - 4,999",2260,169,1569,744,31,,23504,"1,000 - 4,999",Town: Remote,8200,,,,,,,0,0.07,,
141644,Hawaii Pacific University,2023,Participates in Title IV federal financial aid programs,"1,000 - 4,999",3814,284,1430,601,20,84,49040,"1,000 - 4,999",City: Large,32204,650,630,29,44,30,41,1280,0.07,,
497657,Hawaii Tokai International College,2023,"Not currently participating in Title IV, does not have OPE ID number",Not reported,,,,,,,26910,Not reported,Suburb: Large,,,,,,,,0,,,
153445,Hawkeye Community College,2023,Participates in Title IV federal financial aid programs,"1,000 - 4,999",4796,197,3005,662,22,,19956,"1,000 - 4,999",Rural: Fringe,9308,,,,,,,0,0.04,,
198668,Haywood Community College,2023,Participates in Title IV federal financial aid programs,"1,000 - 4,999",1260,113,857,398,31,,25441,"1,000 - 4,999",Rural: Fringe,4435,,,,,,,0,0.09,,
156790,Hazard Community and Technical College,2023,Participates in Title IV federal financial aid programs,"1,000 - 4,999",3039,49,2236,857,37,,17914,"1,000 - 4,999",Town: Remote,4602,,,,,,,0,0.02,,
173683,Hazelden Betty Ford Graduate School,2023,Participates in Title IV federal financial aid programs,"Under 1,000",0,0,0,0,,,,"Under 1,000",Rural: Fringe,,,,,,,,0,,,
418612,Hazleton Area Career Center,2023,Participates in Title IV federal financial aid programs,"Under 1,000",7,0,0,4,78,,,"Under 1,000",Suburb: Small,11992,,,,,,,0,0.00,,
493585,Health and Technology Training Institute,2023,Participates in Title IV federal financial aid programs,"Under 1,000",57,0,0,41,49,,,"Under 1,000",City: Large,24653,,,,,,,0,0.00,,
384342,Heartland Community College,2023,Participates in Title IV federal financial aid programs,"1,000 - 4,999",4795,261,3236,1076,21,,25036,"1,000 - 4,999",Suburb: Midsize,11099,,,,,,,0,0.05,,
166045,Hebrew College,2023,Participates in Title IV federal financial aid programs,"Under 1,000",93,0,20,0,0,,,"Under 1,000",City: Small,,,,,,,,0,0.00,,
145497,Hebrew Theological College,2023,Participates in Title IV federal financial aid programs,"Under 1,000",197,10,140,11,12,92,43660,"Under 1,000",City: Small,11197,,,,6,65,73,0,0.05,,
203067,Hebrew Union College-Jewish Institute of Religion,2023,Participates in Title IV federal financial aid programs,"Under 1,000",0,0,0,0,,,,"Under 1,000",City: Large,,,,,,,,0,,,
203085,Heidelberg University,2023,Participates in Title IV federal financial aid programs,"1,000 - 4,999",905,22,25,8,29,68,43378,"1,000 - 4,999",Town: Distant,19620,,,,58,44,50,0,0.02,,
180276,Helena College University of Montana,2023,Participates in Title IV federal financial aid programs,"1,000 - 4,999",1485,69,1129,303,19,,20415,"1,000 - 4,999",City: Small,12930,,,,,,,0,0.05,,
191597,Helene Fuld College of Nursing,2023,Participates in Title IV federal financial aid programs,"Under 1,000",722,243,181,618,37,24,51340,"Under 1,000",City: Large,37732,,,,,,,0,0.34,,
166054,Hellenic College-Holy Cross Greek Orthodox School of Theology,2023,Participates in Title IV federal financial aid programs,"Under 1,000",64,10,3,12,18,90,43690,"Under 1,000",Suburb: Large,23317,,,,62,44,44,0,0.16,,
481155,Helms College,2023,Participates in Title IV federal financial aid programs,"Under 1,000",150,25,0,88,44,,34901,"Under 1,000",City: Midsize,18875,,,,,,,0,0.17,,
156851,Henderson Community College,2023,Participates in Title IV federal financial aid programs,"1,000 - 4,999",1606,65,1209,394,33,,17914,"1,000 - 4,999",Rural: Fringe,6997,,,,,,,0,0.04,,
107071,Henderson State University,2023,Participates in Title IV federal financial aid programs,"1,000 - 4,999",1493,125,173,167,48,82,27151,"1,000 - 4,999",Town: Distant,16929,,,,38,29,39,0,0.08,,
107080,Hendrix College,2023,Participates in Title IV federal financial aid programs,"1,000 - 4,999",1098,21,9,6,23,53,52200,"1,000 - 4,999",City: Small,24236,695,690,31,73,62,69,1385,0.02,,
173708,Hennepin Technical College,2023,Participates in Title IV federal financial aid programs,"1,000 - 4,999",3891,609,2410,1460,26,,21315,"1,000 - 4,999",Suburb: Large,10232,,,,,,,0,0.16,,
431266,Henrico County-Saint Marys Hospital School of Practical Nursing,2023,Participates in Title IV federal financial aid programs,"Under 1,000",79,0,41,30,19,67,,"Under 1,000",Suburb: Large,,,,,,,,0,0.00,,
170240,Henry Ford College,2023,Participates in Title IV federal financial aid programs,"10,000 - 19,999",11239,290,7226,2678,45,,22000,"10,000 - 19,999",City: Midsize,738,,,,,,,0,0.03,,
198677,Heritage Bible College,2023,Participates in Title IV federal financial aid programs,"Under 1,000",28,3,17,23,77,,24868,"Under 1,000",Rural: Fringe,14219,,,,25,25,25,0,0.11,,
101453,Heritage Christian University,2023,Participates in Title IV federal financial aid programs,"Under 1,000",70,9,43,37,35,100,33319,"Under 1,000",City: Small,8499,,,,25,50,50,0,0.13,,
235422,Heritage University,2023,Participates in Title IV federal financial aid programs,"Under 1,000",783,125,79,243,63,,42466,"Under 1,000",Rural: Fringe,11934,,,,53,23,40,0,0.16,,
214476,Heritage Valley Health System School of Nursing,2023,Participates in Title IV federal financial aid programs,"Under 1,000",52,0,3,40,3,41,32600,"Under 1,000",Suburb: Large,,,,,,,,0,0.00,,
431275,Herkimer County BOCES-Practical Nursing Program,2023,Participates in Title IV federal financial aid programs,"Under 1,000",62,0,55,50,80,,,"Under 1,000",Town: Fringe,15867,,,,,,,0,0.00,,
191612,Herkimer County Community College,2023,Participates in Title IV federal financial aid programs,"1,000 - 4,999",1863,118,923,409,40,,23572,"1,000 - 4,999",Town: Fringe,9577,,,,,,,0,0.06,,
200785,Herzing University-Akron,2023,Participates in Title IV federal financial aid programs,"Under 1,000",381,9,212,276,78,94,28414,"Under 1,000",Suburb: Large,20429,,,,0,14,14,0,0.02,,
140340,Herzing University-Atlanta,2023,Participates in Title IV federal financial aid programs,"Under 1,000",499,18,232,361,68,94,28414,"Under 1,000",City: Large,22886,,,,19,23,31,0,0.04,,
101365,Herzing University-Birmingham,2023,Participates in Title IV federal financial aid programs,"Under 1,000",446,32,277,354,64,94,28414,"Under 1,000",Suburb: Large,21338,,,,,0,0,0,0.07,,
459851,Herzing University-Brookfield,2023,Participates in Title IV federal financial aid programs,"Under 1,000",379,27,198,295,60,91,28414,"Under 1,000",Suburb: Large,19425,,,,40,33,33,0,0.07,,
459842,Herzing University-Kenosha,2023,Participates in Title IV federal financial aid programs,"Under 1,000",543,26,333,419,62,89,28414,"Under 1,000",City: Small,16286,,,,44,27,45,0,0.05,,
240392,Herzing University-Madison,2023,Participates in Title IV federal financial aid programs,"1,000 - 4,999",2181,94,1344,1737,67,94,28414,"1,000 - 4,999",City: Large,20679,,,,27,8,8,0,0.04,,
174154,Herzing University-Minneapolis,2023,Participates in Title IV federal financial aid programs,"Under 1,000",748,34,406,448,52,94,28414,"Under 1,000",City: Small,15275,,,,50,33,40,0,0.05,,
499149,Herzing University-Nashville,2023,Participates in Title IV federal financial aid programs,"Under 1,000",75,11,39,59,,91,28414,"Under 1,000",City: Large,,,,,,,,0,0.15,,
433536,Herzing University-New Orleans,2023,Participates in Title IV federal financial aid programs,"Under 1,000",361,35,134,273,72,89,28414,"Under 1,000",City: Midsize,20824,,,,32,0,0,0,0.10,,
386472,Herzing University-Orlando,2023,Participates in Title IV federal financial aid programs,"Under 1,000",702,55,360,510,60,90,28414,"Under 1,000",Suburb: Large,19644,,,,33,25,25,0,0.08,,
496973,Herzing University-Tampa,2023,Participates in Title IV federal financial aid programs,"Under 1,000",237,33,140,168,49,87,28414,"Under 1,000",Suburb: Large,19944,,,,,,,0,0.14,,
155177,Hesston College,2023,Participates in Title IV federal financial aid programs,"Under 1,000",308,41,17,42,30,,47468,"Under 1,000",Rural: Distant,22691,,,,75,46,54,0,0.13,,
208053,High Plains Technology Center,2023,Participates in Title IV federal financial aid programs,"Under 1,000",332,0,290,21,7,,,"Under 1,000",Rural: Fringe,7057,,,,,,,0,0.00,,
198695,High Point University,2023,Participates in Title IV federal financial aid programs,"5,000 - 9,999",5006,71,57,44,11,77,60208,"5,000 - 9,999",City: Midsize,43578,650,650,31,70,66,69,1300,0.01,,
485403,High Tech High Graduate School of Education,2023,Participates in Title IV federal financial aid programs,"Under 1,000",0,0,0,0,,,,"Under 1,000",City: Large,,,,,,,,0,,,
145521,Highland Community College,2023,Participates in Title IV federal financial aid programs,"1,000 - 4,999",1369,37,798,324,30,,19579,"1,000 - 4,999",Rural: Fringe,5542,,,,,,,0,0.03,,
155186,Highland Community College,2023,Participates in Title IV federal financial aid programs,"1,000 - 4,999",2182,289,1434,386,17,,16207,"1,000 - 4,999",Rural: Distant,9980,,,,,,,0,0.13,,
180081,Highlands College of Montana Tech,2023,Participates in Title IV federal financial aid programs,"Under 1,000",699,18,408,33,16,,20818,"Under 1,000",Town: Remote,11206,,,,,,,0,0.03,,
235431,Highline College,2023,Participates in Title IV federal financial aid programs,"5,000 - 9,999",5126,382,2314,1640,17,,25299,"5,000 - 9,999",Suburb: Large,13467,,,,,,,0,0.07,,
191621,Hilbert College,2023,Participates in Title IV federal financial aid programs,"Under 1,000",939,137,65,108,44,98,42170,"Under 1,000",Suburb: Large,22224,550,630,,53,42,46,1180,0.15,,
225371,Hill College,2023,Participates in Title IV federal financial aid programs,"1,000 - 4,999",4000,179,2861,687,30,,19719,"1,000 - 4,999",Town: Distant,6651,,,,,,,0,0.04,,
134495,Hillsborough Community College,2023,Participates in Title IV federal financial aid programs,"20,000 and above",20004,1862,10353,5774,42,,18208,"20,000 and above",City: Large,4387,,,,,,,0,0.09,,
170286,Hillsdale College,2023,"Not currently participating in Title IV, has an OPE ID number","1,000 - 4,999",1688,21,157,24,0,21,48472,"1,000 - 4,999",Town: Distant,26030,760,750,33,88,72,85,1510,0.01,,
175786,Hinds Community College,2023,Participates in Title IV federal financial aid programs,"5,000 - 9,999",9332,368,4157,2281,38,,15157,"5,000 - 9,999",Rural: Distant,3644,,,,,,,0,0.04,,
203128,Hiram College,2023,Participates in Title IV federal financial aid programs,"1,000 - 4,999",983,29,282,33,32,93,39321,"1,000 - 4,999",Rural: Distant,21362,,,,54,50,59,0,0.03,,
246789,HJ International Graduate School for Peace and Public Leadership,2023,Participates in Title IV federal financial aid programs,"Under 1,000",0,0,0,0,,,,"Under 1,000",City: Large,,,,,,,,0,,,
203146,Hobart Institute of Welding Technology,2023,Participates in Title IV federal financial aid programs,"Under 1,000",327,0,0,32,23,,,"Under 1,000",Town: Fringe,18668,,,,,,,0,0.00,,
191630,Hobart William Smith Colleges,2023,Participates in Title IV federal financial aid programs,"1,000 - 4,999",1618,27,21,9,24,57,80143,"1,000 - 4,999",Town: Distant,33172,690,670,32,73,66,73,1360,0.02,,
134510,Hobe Sound Bible College,2023,Participates in Title IV federal financial aid programs,"Under 1,000",141,7,68,61,27,,20768,"Under 1,000",Suburb: Large,10226,,,,31,50,67,0,0.05,,
203155,Hocking College,2023,Participates in Title IV federal financial aid programs,"1,000 - 4,999",1846,237,493,313,46,,23440,"1,000 - 4,999",Rural: Fringe,12334,,,,,,,0,0.13,,
367884,Hodges University,2023,Participates in Title IV federal financial aid programs,"Under 1,000",173,27,64,112,25,,33380,"Under 1,000",City: Small,22535,,,,17,3,3,0,0.16,,
191649,Hofstra University,2023,Participates in Title IV federal financial aid programs,"10,000 - 19,999",6224,214,223,128,24,71,84525,"10,000 - 19,999",Suburb: Large,35687,690,690,31,70,57,67,1380,0.03,,
232308,Hollins University,2023,Participates in Title IV federal financial aid programs,"Under 1,000",673,13,1,20,33,71,60085,"Under 1,000",Suburb: Midsize,23444,710,620,29,59,61,68,1330,0.02,,
175810,Holmes Community College,2023,Participates in Title IV federal financial aid programs,"1,000 - 4,999",4959,1532,1922,1256,42,,14510,"1,000 - 4,999",Rural: Remote,7079,,,,,,,0,0.31,,
129534,Holy Apostles College and Seminary,2023,Participates in Title IV federal financial aid programs,"Under 1,000",270,28,176,105,16,,26480,"Under 1,000",Suburb: Large,16073,,,,57,20,40,0,0.10,,
150774,Holy Cross College,2023,Participates in Title IV federal financial aid programs,"Under 1,000",547,33,57,51,29,74,52946,"Under 1,000",Suburb: Large,24214,660,640,31,38,24,27,1300,0.06,,
212984,Holy Family University,2023,Participates in Title IV federal financial aid programs,"1,000 - 4,999",2446,328,375,453,40,74,48094,"1,000 - 4,999",City: Large,13016,565,565,,57,39,58,1130,0.13,,
184968,Holy Name Medical Center-Sister Claire Tynan School of Nursing,2023,Participates in Title IV federal financial aid programs,"Under 1,000",181,0,147,128,34,25,39275,"Under 1,000",Suburb: Large,21187,,,,,,,0,0.00,,
115728,Holy Names University,2023,"Not currently participating in Title IV, has an OPE ID number",Not applicable,,,,,,,,Not applicable,City: Large,,,,,,,,0,,,
166133,Holyoke Community College,2023,Participates in Title IV federal financial aid programs,"1,000 - 4,999",3706,292,2496,1358,39,,22786,"1,000 - 4,999",Rural: Fringe,6899,,,,,,,0,0.08,,
457086,Homestead Schools,2023,Participates in Title IV federal financial aid programs,"Under 1,000",176,0,43,137,59,,,"Under 1,000",City: Midsize,14190,,,,,,,0,0.00,,
499103,Homestead Schools-Costa Mesa,2023,Participates in Title IV federal financial aid programs,"Under 1,000",24,0,0,15,67,,,"Under 1,000",City: Midsize,,,,,,,,0,0.00,,
141680,Honolulu Community College,2023,Participates in Title IV federal financial aid programs,"1,000 - 4,999",3204,336,2312,1081,17,,25073,"1,000 - 4,999",City: Large,7213,,,,,,,0,0.10,,
162760,Hood College,2023,Participates in Title IV federal financial aid programs,"1,000 - 4,999",1209,91,35,67,36,78,65418,"1,000 - 4,999",City: Small,23462,,,,66,46,55,0,0.08,,
443076,Hood Theological Seminary,2023,Participates in Title IV federal financial aid programs,"Under 1,000",0,0,0,0,,,,"Under 1,000",Suburb: Large,,,,,,,,0,,,
170301,Hope College,2023,Participates in Title IV federal financial aid programs,"1,000 - 4,999",3368,60,164,72,16,76,47630,"1,000 - 4,999",City: Small,28643,660,650,31,82,69,82,1310,0.02,,
120537,Hope International University,2023,Participates in Title IV federal financial aid programs,"1,000 - 4,999",549,94,84,82,43,35,61047,"1,000 - 4,999",Suburb: Large,30514,,,,45,46,46,0,0.17,,
156860,Hopkinsville Community College,2023,Participates in Title IV federal financial aid programs,"1,000 - 4,999",2156,213,1430,790,43,,17914,"1,000 - 4,999",Town: Distant,6790,,,,,,,0,0.10,,
457226,Horizon University,2023,Participates in Title IV federal financial aid programs,"Under 1,000",58,8,31,21,15,,29680,"Under 1,000",Suburb: Large,,,,,100,,,0,0.14,,
218140,Horry-Georgetown Technical College,2023,Participates in Title IV federal financial aid programs,"5,000 - 9,999",7353,415,4105,2119,39,,19416,"5,000 - 9,999",City: Small,5406,,,,,,,0,0.06,,
191676,Houghton University,2023,Participates in Title IV federal financial aid programs,"1,000 - 4,999",975,51,148,52,34,93,28690,"1,000 - 4,999",Rural: Remote,22358,700,690,28,67,60,66,1390,0.05,,
225399,Houston Christian University,2023,Participates in Title IV federal financial aid programs,"1,000 - 4,999",2787,239,596,400,54,85,56386,"1,000 - 4,999",City: Large,20530,610,590,28,45,37,50,1200,0.09,,
225423,Houston Community College,2023,Participates in Title IV federal financial aid programs,"20,000 and above",49749,3762,34492,16207,37,,20224,"20,000 and above",City: Large,6033,,,,,,,0,0.08,,
246345,Houston Graduate School of Theology,2023,"Not currently participating in Title IV, has an OPE ID number","Under 1,000",,,,,,,,"Under 1,000",City: Large,,,,,,,,0,,,
225520,Howard College,2023,Participates in Title IV federal financial aid programs,"1,000 - 4,999",4136,127,3186,616,19,,19762,"1,000 - 4,999",Town: Remote,8998,,,,,,,0,0.03,,
162779,Howard Community College,2023,Participates in Title IV federal financial aid programs,"5,000 - 9,999",8540,464,6263,2293,28,,33870,"5,000 - 9,999",City: Midsize,10654,,,,,,,0,0.05,,
225548,Howard Payne University,2023,Participates in Title IV federal financial aid programs,"Under 1,000",768,63,110,71,42,68,46614,"Under 1,000",Town: Remote,25768,570,530,25,36,25,31,1100,0.08,,
131520,Howard University,2023,Participates in Title IV federal financial aid programs,"10,000 - 19,999",10190,183,829,175,41,35,63696,"10,000 - 19,999",City: Large,30028,660,638,28,65,60,69,1298,0.02,,
184995,Hudson County Community College,2023,Participates in Title IV federal financial aid programs,"5,000 - 9,999",7229,386,3560,2583,56,,29364,"5,000 - 9,999",City: Large,7013,,,,,,,0,0.05,,
191719,Hudson Valley Community College,2023,Participates in Title IV federal financial aid programs,"5,000 - 9,999",9443,669,4768,1844,29,,29164,"5,000 - 9,999",City: Small,6959,,,,,,,0,0.07,,
164368,Hult International Business School,2023,Participates in Title IV federal financial aid programs,"1,000 - 4,999",694,32,0,21,8,53,79075,"1,000 - 4,999",City: Midsize,51986,,,,24,63,66,0,0.05,,
242121,Humacao Community College,2023,Participates in Title IV federal financial aid programs,"Under 1,000",207,6,116,96,97,,11960,"Under 1,000",Suburb: Large,2879,,,,60,39,39,0,0.03,,
115773,Humphreys University-Stockton and Modesto Campuses,2023,Participates in Title IV federal financial aid programs,"Under 1,000",183,41,109,134,55,,41321,"Under 1,000",City: Large,7108,,,,100,100,100,0,0.22,,
101435,Huntingdon College,2023,Participates in Title IV federal financial aid programs,"Under 1,000",866,37,17,6,39,71,39940,"Under 1,000",City: Midsize,22642,613,598,25,45,39,47,1211,0.04,,
237437,Huntington Junior College,2023,Participates in Title IV federal financial aid programs,"Under 1,000",209,31,16,183,87,,18522,"Under 1,000",City: Small,10729,,,,,,,0,0.15,,
150941,Huntington University,2023,Participates in Title IV federal financial aid programs,"1,000 - 4,999",1286,63,388,70,29,71,41990,"1,000 - 4,999",Town: Distant,21149,590,600,25,69,61,68,1190,0.05,,
449348,Huntsville Bible College,2023,Participates in Title IV federal financial aid programs,"Under 1,000",82,5,72,63,45,,17595,"Under 1,000",City: Midsize,11562,,,,,0,0,0,0.06,,
487524,Husson University,2023,Participates in Title IV federal financial aid programs,"1,000 - 4,999",2525,180,543,311,35,86,36794,"1,000 - 4,999",City: Small,21101,620,600,,55,37,57,1220,0.07,,
225575,Huston-Tillotson University,2023,Participates in Title IV federal financial aid programs,"1,000 - 4,999",982,37,271,266,62,,27913,"1,000 - 4,999",City: Large,19638,,,,35,30,33,0,0.04,,
155195,Hutchinson Community College,2023,Participates in Title IV federal financial aid programs,"1,000 - 4,999",4983,375,3298,1136,24,,20249,"1,000 - 4,999",Town: Distant,6456,,,,,,,0,0.08,,
368771,Hypnosis Motivation Institute,2023,Participates in Title IV federal financial aid programs,"Under 1,000",335,0,0,319,49,,,"Under 1,000",City: Large,41290,,,,,,,0,0.00,,
193405,Icahn School of Medicine at Mount Sinai,2023,Participates in Title IV federal financial aid programs,"1,000 - 4,999",0,0,0,0,,,,"1,000 - 4,999",City: Large,,,,,,,,0,,,
491659,ICOHS College,2023,Participates in Title IV federal financial aid programs,"Under 1,000",215,0,0,185,29,,,"Under 1,000",City: Large,57640,,,,,,,0,0.00,,
142276,Idaho State University,2023,Participates in Title IV federal financial aid programs,"10,000 - 19,999",10406,524,4561,1925,27,,23656,"10,000 - 19,999",City: Small,12353,,,,39,24,35,0,0.05,,
127273,Iliff School of Theology,2023,Participates in Title IV federal financial aid programs,"Under 1,000",0,0,0,0,,,,"Under 1,000",City: Large,,,,,,,,0,,,
434584,Ilisagvik College,2023,Participates in Title IV federal financial aid programs,"Under 1,000",311,16,258,185,11,,23670,"Under 1,000",Rural: Remote,10365,,,,,,,0,0.05,,
145682,Illinois Central College,2023,Participates in Title IV federal financial aid programs,"5,000 - 9,999",7578,127,5345,1782,22,,29300,"5,000 - 9,999",Suburb: Large,11546,,,,,,,0,0.02,,
145691,Illinois College,2023,Participates in Title IV federal financial aid programs,"Under 1,000",956,57,45,62,35,75,45270,"Under 1,000",Town: Distant,17255,583,600,25,64,55,61,1183,0.06,,
145628,Illinois College of Optometry,2023,Participates in Title IV federal financial aid programs,"Under 1,000",0,0,0,0,,,,"Under 1,000",City: Large,,,,,,,,0,,,
443368,Illinois Eastern Community College-System Office,2023,Participates in Title IV federal financial aid programs,Not applicable,,,,,,,,Not applicable,Town: Remote,,,,,,,,0,,,
145725,Illinois Institute of Technology,2023,Participates in Title IV federal financial aid programs,"5,000 - 9,999",3316,148,654,312,29,55,73463,"5,000 - 9,999",City: Large,25001,690,720,31,73,35,72,1410,0.04,,
145813,Illinois State University,2023,Participates in Title IV federal financial aid programs,"20,000 and above",18450,1814,1034,763,30,89,36237,"20,000 and above",Suburb: Midsize,20871,620,610,27,68,51,66,1230,0.10,,
145831,Illinois Valley Community College,2023,Participates in Title IV federal financial aid programs,"1,000 - 4,999",2594,46,1644,591,29,,26425,"1,000 - 4,999",Town: Distant,7493,,,,,,,0,0.02,,
145646,Illinois Wesleyan University,2023,Participates in Title IV federal financial aid programs,"1,000 - 4,999",1576,50,4,10,23,45,71134,"1,000 - 4,999",City: Small,31310,660,670,29,82,78,83,1330,0.03,,
213011,Immaculata University,2023,Participates in Title IV federal financial aid programs,"1,000 - 4,999",1529,92,512,264,21,78,45704,"1,000 - 4,999",Suburb: Large,29499,640,620,28,69,57,64,1260,0.06,,
457387,Immokalee Technical College,2023,Participates in Title IV federal financial aid programs,"Under 1,000",517,0,237,66,35,,,"Under 1,000",Town: Distant,682,,,,,,,0,0.00,,
115861,Imperial Valley College,2023,Participates in Title IV federal financial aid programs,"5,000 - 9,999",8111,165,4462,2193,50,,27687,"5,000 - 9,999",Rural: Fringe,2730,,,,,,,0,0.02,,
155201,Independence Community College,2023,Participates in Title IV federal financial aid programs,"Under 1,000",821,85,388,85,40,,14056,"Under 1,000",Rural: Fringe,6956,,,,,,,0,0.10,,
495280,Indian Bible College,2023,Participates in Title IV federal financial aid programs,"Under 1,000",33,5,11,18,66,,18760,"Under 1,000",City: Small,7265,,,,100,0,33,0,0.15,,
418296,Indian Capital Technology Center-Muskogee,2023,Participates in Title IV federal financial aid programs,"1,000 - 4,999",1535,0,1073,73,9,,,"1,000 - 4,999",Town: Distant,5137,,,,,,,0,0.00,,
153472,Indian Hills Community College,2023,Participates in Title IV federal financial aid programs,"1,000 - 4,999",3236,152,1616,294,22,,21792,"1,000 - 4,999",Town: Remote,7529,,,,,,,0,0.05,,
134608,Indian River State College,2023,Participates in Title IV federal financial aid programs,"10,000 - 19,999",15104,451,9189,3531,33,,18054,"10,000 - 19,999",Suburb: Large,5927,,,,,,,0,0.03,,
418560,Indiana County Technology Center,2023,Participates in Title IV federal financial aid programs,"Under 1,000",90,0,68,60,55,,,"Under 1,000",Rural: Fringe,11553,,,,,,,0,0.00,,
151290,Indiana Institute of Technology,2023,Participates in Title IV federal financial aid programs,"1,000 - 4,999",1642,67,316,27,34,57,48296,"1,000 - 4,999",City: Large,22148,,,,41,21,35,0,0.04,,
492962,Indiana Institute of Technology-College of Professional Studies,2023,Branch campus of a main campus that participates in Title IV,"1,000 - 4,999",2535,247,1319,2077,53,,26033,"1,000 - 4,999",City: Large,18950,,,,15,,,0,0.10,,
151324,Indiana State University,2023,Participates in Title IV federal financial aid programs,"5,000 - 9,999",6668,510,1089,1261,39,92,25499,"5,000 - 9,999",City: Small,13321,,,,42,30,41,0,0.08,,
213020,Indiana University of Pennsylvania-Main Campus,2023,Participates in Title IV federal financial aid programs,"5,000 - 9,999",7432,300,948,663,36,91,27362,"5,000 - 9,999",Town: Distant,17665,600,570,24,58,37,53,1170,0.04,,
151351,Indiana University-Bloomington,2023,Participates in Title IV federal financial aid programs,"20,000 and above",36833,639,962,461,17,80,28900,"20,000 and above",City: Small,16282,690,710,32,82,71,81,1400,0.02,,
151388,Indiana University-East,2023,Participates in Title IV federal financial aid programs,"1,000 - 4,999",2746,302,1164,1066,34,71,23617,"1,000 - 4,999",Town: Distant,9484,610,610,25,44,33,45,1220,0.11,,
151111,Indiana University-Indianapolis,2023,Participates in Title IV federal financial aid programs,"20,000 and above",17037,1144,2723,2654,36,81,28699,"20,000 and above",City: Large,11592,620,610,28,59,39,54,1230,0.07,,
151333,Indiana University-Kokomo,2023,Participates in Title IV federal financial aid programs,"1,000 - 4,999",2674,170,751,484,35,85,23617,"1,000 - 4,999",City: Small,6459,590,590,26,46,31,44,1180,0.06,,
151360,Indiana University-Northwest,2023,Participates in Title IV federal financial aid programs,"1,000 - 4,999",2787,211,857,669,43,77,23617,"1,000 - 4,999",Suburb: Large,5553,580,590,27,40,22,36,1170,0.08,,
151342,Indiana University-South Bend,2023,Participates in Title IV federal financial aid programs,"1,000 - 4,999",3918,309,924,788,41,86,23617,"1,000 - 4,999",City: Midsize,8090,590,580,25,42,20,36,1170,0.08,,
151379,Indiana University-Southeast,2023,Participates in Title IV federal financial aid programs,"1,000 - 4,999",3286,237,999,705,34,83,23617,"1,000 - 4,999",Suburb: Large,8829,610,580,26,42,26,33,1190,0.07,,
151801,Indiana Wesleyan University-Marion,2023,Participates in Title IV federal financial aid programs,"1,000 - 4,999",2079,55,186,27,25,82,42284,"1,000 - 4,999",Town: Distant,23364,600,580,28,72,58,66,1180,0.03,,
488679,Indiana Wesleyan University-National & Global,2023,Participates in Title IV federal financial aid programs,"10,000 - 19,999",6118,1318,780,4911,48,,22992,"10,000 - 19,999",Rural: Fringe,16162,,,,,,,0,0.22,,
145886,Institute for Clinical Social Work,2023,Participates in Title IV federal financial aid programs,"Under 1,000",0,0,0,0,,,,"Under 1,000",City: Large,,,,,,,,0,,,
462044,Institute for Doctoral Studies in the Visual Arts,2023,Participates in Title IV federal financial aid programs,"Under 1,000",0,0,0,0,,,,"Under 1,000",City: Small,,,,,,,,0,,,
187745,Institute of American Indian and Alaska Native Culture and Arts Development,2023,Participates in Title IV federal financial aid programs,"Under 1,000",755,37,527,126,20,100,27449,"Under 1,000",Rural: Fringe,14334,,,,29,12,28,0,0.05,,
489335,Institute of Buddhist Studies,2023,"Not currently participating in Title IV, does not have OPE ID number","Under 1,000",0,0,0,0,,,,"Under 1,000",City: Midsize,,,,,,,,0,,,
493363,Institute of Lutheran Theology,2023,"Not currently participating in Title IV, does not have OPE ID number",Not reported,,,,,,,25981,Not reported,Town: Remote,,,,,,,,0,,,
454838,Institute of Taoist Education and Acupuncture,2023,Participates in Title IV federal financial aid programs,"Under 1,000",0,0,0,0,,,,"Under 1,000",Suburb: Small,,,,,,,,0,,,
455804,Institute of World Politics,2023,Participates in Title IV federal financial aid programs,"Under 1,000",0,0,0,0,,,,"Under 1,000",City: Large,,,,,,,,0,,,
242556,Instituto Tecnologico de Puerto Rico-Recinto de Guayama,2023,Participates in Title IV federal financial aid programs,"Under 1,000",262,0,12,32,93,85,12288,"Under 1,000",City: Small,3510,,,,,,,0,0.00,,
242042,Instituto Tecnologico de Puerto Rico-Recinto de Manati,2023,Participates in Title IV federal financial aid programs,"Under 1,000",297,0,32,35,91,100,7500,"Under 1,000",Suburb: Large,2389,,,,,,,0,0.00,,
242583,Instituto Tecnologico de Puerto Rico-Recinto de San Juan,2023,Participates in Title IV federal financial aid programs,"Under 1,000",190,17,40,45,72,76,9007,"Under 1,000",City: Large,625,,,,,,,0,0.09,,
242626,Inter American University of Puerto Rico-Aguadilla,2023,Participates in Title IV federal financial aid programs,"1,000 - 4,999",3090,216,531,640,84,47,23933,"1,000 - 4,999",Suburb: Midsize,7909,,,,36,8,28,0,0.07,,
242635,Inter American University of Puerto Rico-Arecibo,2023,Participates in Title IV federal financial aid programs,"1,000 - 4,999",2463,249,532,638,81,38,23971,"1,000 - 4,999",City: Small,8310,,,,41,6,31,0,0.10,,
242644,Inter American University of Puerto Rico-Barranquitas,2023,Participates in Title IV federal financial aid programs,"1,000 - 4,999",938,37,175,178,89,66,23933,"1,000 - 4,999",Suburb: Large,7407,,,,44,17,33,0,0.04,,
242705,Inter American University of Puerto Rico-Bayamon,2023,Participates in Title IV federal financial aid programs,"1,000 - 4,999",3480,258,639,474,81,36,23971,"1,000 - 4,999",City: Midsize,9003,,,,36,5,30,0,0.07,,
242680,Inter American University of Puerto Rico-Fajardo,2023,Participates in Title IV federal financial aid programs,"1,000 - 4,999",1192,80,269,277,83,36,23971,"1,000 - 4,999",Suburb: Small,8934,,,,39,9,31,0,0.07,,
242699,Inter American University of Puerto Rico-Guayama,2023,Participates in Title IV federal financial aid programs,"1,000 - 4,999",1669,434,279,705,75,49,23971,"1,000 - 4,999",City: Small,9320,,,,52,16,36,0,0.26,,
242653,Inter American University of Puerto Rico-Metro,2023,Participates in Title IV federal financial aid programs,"1,000 - 4,999",2844,360,821,862,66,66,23971,"1,000 - 4,999",City: Large,9729,,,,35,18,29,0,0.13,,
242662,Inter American University of Puerto Rico-Ponce,2023,Participates in Title IV federal financial aid programs,"1,000 - 4,999",2643,234,560,687,82,70,23971,"1,000 - 4,999",Rural: Fringe,8385,,,,37,12,34,0,0.09,,
242617,Inter American University of Puerto Rico-San German,2023,Participates in Title IV federal financial aid programs,"1,000 - 4,999",2688,157,402,271,82,51,23971,"1,000 - 4,999",Suburb: Small,9192,,,,45,12,38,0,0.06,,
242723,Inter American University of Puerto Rico-School of Law,2023,Participates in Title IV federal financial aid programs,"Under 1,000",0,0,0,0,,,,"Under 1,000",City: Large,,,,,,,,0,,,
404222,Inter American University of Puerto Rico-School of Optometry,2023,Participates in Title IV federal financial aid programs,"Under 1,000",0,0,0,0,,,,"Under 1,000",City: Midsize,,,,,,,,0,,,
140146,Interdenominational Theological Center,2023,Participates in Title IV federal financial aid programs,"Under 1,000",0,0,0,0,,,,"Under 1,000",City: Large,,,,,,,,0,,,
436614,International Baptist College and Seminary,2023,Participates in Title IV federal financial aid programs,"Under 1,000",58,4,26,10,31,,35776,"Under 1,000",City: Large,18210,,,,67,33,33,0,0.07,,
448691,International Institute for Restorative Practices,2023,Deferment only - limited participation,"Under 1,000",0,0,0,0,,,,"Under 1,000",City: Small,,,,,,,,0,,,
439686,International Training Careers,2023,"Not currently participating in Title IV, has an OPE ID number","Under 1,000",,,,,100,,,"Under 1,000",Suburb: Large,21987,,,,,,,0,,,
173799,Inver Hills Community College,2023,Participates in Title IV federal financial aid programs,"1,000 - 4,999",3689,426,2530,830,23,,20523,"1,000 - 4,999",Suburb: Large,10733,,,,,,,0,0.12,,
191931,Iona University,2023,Participates in Title IV federal financial aid programs,"1,000 - 4,999",3134,103,433,47,26,91,67000,"1,000 - 4,999",Suburb: Large,28557,645,620,28,63,51,57,1265,0.03,,
153524,Iowa Central Community College,2023,Participates in Title IV federal financial aid programs,"1,000 - 4,999",4909,318,2242,813,31,,17875,"1,000 - 4,999",Town: Remote,10037,,,,,,,0,0.06,,
153533,Iowa Lakes Community College,2023,Participates in Title IV federal financial aid programs,"1,000 - 4,999",2024,51,1267,189,20,,23338,"1,000 - 4,999",Town: Remote,10523,,,,,,,0,0.03,,
153603,Iowa State University,2023,Participates in Title IV federal financial aid programs,"20,000 and above",25332,1314,1221,866,18,89,24204,"20,000 and above",City: Small,17354,660,690,28,77,54,75,1350,0.05,,
153621,Iowa Wesleyan University,2023,"Not currently participating in Title IV, has an OPE ID number",Not applicable,,,,,,,,Not applicable,Town: Remote,,,,,,,,0,,,
153630,Iowa Western Community College,2023,Participates in Title IV federal financial aid programs,"5,000 - 9,999",5503,1009,3133,757,26,,21556,"5,000 - 9,999",Suburb: Large,11552,,,,,,,0,0.18,,
441238,Irell & Manella Graduate School of Biological Sciences at City of Hope,2023,Deferment only - limited participation,Not reported,,,,,,,,Not reported,Suburb: Large,,,,,,,,0,,,
116439,Irvine Valley College,2023,Participates in Title IV federal financial aid programs,"10,000 - 19,999",11994,993,7508,2513,21,,29985,"10,000 - 19,999",City: Large,5189,,,,,,,0,0.08,,
191940,Isabella Graham Hart School of Practical Nursing,2023,Participates in Title IV federal financial aid programs,"Under 1,000",160,0,0,109,65,96,,"Under 1,000",Suburb: Large,15498,,,,,,,0,0.00,,
198710,Isothermal Community College,2023,Participates in Title IV federal financial aid programs,"1,000 - 4,999",1810,82,1123,458,34,,30967,"1,000 - 4,999",Town: Distant,7846,,,,,,,0,0.05,,
175829,Itawamba Community College,2023,Participates in Title IV federal financial aid programs,"1,000 - 4,999",4937,160,1801,659,46,,15550,"1,000 - 4,999",Rural: Remote,5644,,,,,,,0,0.03,,
191968,Ithaca College,2023,Participates in Title IV federal financial aid programs,"1,000 - 4,999",4368,83,83,23,19,70,68716,"1,000 - 4,999",Suburb: Small,34297,700,670,31,77,68,74,1370,0.02,,
150987,Ivy Tech Community College,2023,Participates in Title IV federal financial aid programs,"20,000 and above",100077,2383,81959,26373,23,,20786,"20,000 and above",City: Large,7391,,,,,,,0,0.02,,
437237,IYRS School of Technology & Trades,2023,Participates in Title IV federal financial aid programs,"Under 1,000",76,0,0,30,19,80,,"Under 1,000",Suburb: Large,20215,,,,,,,0,0.00,,
101471,J F Ingram State Technical College,2023,Participates in Title IV federal financial aid programs,"Under 1,000",826,0,187,756,0,,,"Under 1,000",Rural: Fringe,2183,,,,,,,0,0.00,,
232414,J Sargeant Reynolds Community College,2023,Participates in Title IV federal financial aid programs,"5,000 - 9,999",7707,500,5151,2353,30,,19336,"5,000 - 9,999",Suburb: Large,5101,,,,,,,0,0.06,,
101462,J. F. Drake State Community and Technical College,2023,Participates in Title IV federal financial aid programs,"1,000 - 4,999",1011,165,726,368,44,,20630,"1,000 - 4,999",City: Midsize,4736,,,,,,,0,0.16,,
170444,Jackson College,2023,Participates in Title IV federal financial aid programs,"1,000 - 4,999",4975,313,3966,1750,34,,21527,"1,000 - 4,999",Rural: Fringe,8361,,,,20,,,0,0.06,,
220400,Jackson State Community College,2023,Participates in Title IV federal financial aid programs,"1,000 - 4,999",3078,150,1404,697,41,,21322,"1,000 - 4,999",City: Small,8204,,,,,,,0,0.05,,
175856,Jackson State University,2023,Participates in Title IV federal financial aid programs,"5,000 - 9,999",4769,433,499,889,68,91,32988,"5,000 - 9,999",City: Midsize,19892,550,530,20,41,19,32,1080,0.09,,
497453,Jackson Theological Seminary,2023,Participates in Title IV federal financial aid programs,"Under 1,000",1,0,1,1,0,,,"Under 1,000",City: Small,,,,,,,,0,0.00,,
225876,Jacksonville College-Main Campus,2023,Participates in Title IV federal financial aid programs,"Under 1,000",509,19,323,21,24,,21270,"Under 1,000",Town: Distant,11368,,,,,,,0,0.04,,
101480,Jacksonville State University,2023,Participates in Title IV federal financial aid programs,"5,000 - 9,999",8378,476,1881,893,43,76,27682,"5,000 - 9,999",Suburb: Small,14511,620,640,24,52,32,51,1260,0.06,,
134945,Jacksonville University,2023,Participates in Title IV federal financial aid programs,"1,000 - 4,999",2662,207,208,365,30,57,68586,"1,000 - 4,999",City: Large,25745,640,620,28,48,45,57,1260,0.08,,
203678,James A. Rhodes State College,2023,Participates in Title IV federal financial aid programs,"1,000 - 4,999",3968,142,3353,532,15,,18757,"1,000 - 4,999",Rural: Fringe,8979,,,,,,,0,0.04,,
232423,James Madison University,2023,Participates in Title IV federal financial aid programs,"20,000 and above",21006,733,1514,609,17,76,31974,"20,000 and above",City: Small,26317,670,650,29,82,67,81,1320,0.03,,
237473,James Rumsey Technical Institute,2023,Participates in Title IV federal financial aid programs,"Under 1,000",137,0,0,35,30,,,"Under 1,000",Rural: Fringe,12026,,,,,,,0,0.00,,
198729,James Sprunt Community College,2023,Participates in Title IV federal financial aid programs,"1,000 - 4,999",1376,68,905,316,38,,19092,"1,000 - 4,999",Rural: Distant,3851,,,,,,,0,0.05,,
191986,Jamestown Community College,2023,Participates in Title IV federal financial aid programs,"1,000 - 4,999",3772,161,2291,522,21,,21570,"1,000 - 4,999",Town: Distant,9919,,,,,,,0,0.04,,
225885,Jarvis Christian University,2023,Participates in Title IV federal financial aid programs,"Under 1,000",730,62,50,115,52,,24015,"Under 1,000",Rural: Distant,10674,,,,36,12,15,0,0.08,,
177676,Jefferson College,2023,Participates in Title IV federal financial aid programs,"1,000 - 4,999",3769,159,2077,594,30,,20462,"1,000 - 4,999",Rural: Fringe,7437,,,,,,,0,0.04,,
156921,Jefferson Community and Technical College,2023,Participates in Title IV federal financial aid programs,"10,000 - 19,999",12574,647,9680,3157,29,,17964,"10,000 - 19,999",City: Large,8102,,,,,,,0,0.05,,
192022,Jefferson Community College,2023,Participates in Title IV federal financial aid programs,"1,000 - 4,999",2252,107,1166,567,33,,23372,"1,000 - 4,999",City: Small,10487,,,,,,,0,0.05,,
418445,Jefferson County Dubois Area Vocational Technical Practical Nursing Program,2023,Participates in Title IV federal financial aid programs,"Under 1,000",25,0,8,18,62,77,,"Under 1,000",Rural: Distant,9775,,,,,,,0,0.00,,
417886,Jefferson Lewis BOCES-Practical Nursing Program,2023,Participates in Title IV federal financial aid programs,"Under 1,000",23,0,0,14,70,,33271,"Under 1,000",Rural: Fringe,,,,,,,,0,0.00,,
107123,Jefferson Regional School of Nursing,2023,Participates in Title IV federal financial aid programs,"Under 1,000",80,36,0,36,58,,,"Under 1,000",Town: Distant,,,,,,,,0,0.45,,
101505,Jefferson State Community College,2023,Participates in Title IV federal financial aid programs,"5,000 - 9,999",8839,741,6752,1941,29,,27589,"5,000 - 9,999",City: Midsize,8825,,,,,,,0,0.08,,
192040,Jewish Theological Seminary of America,2023,Participates in Title IV federal financial aid programs,"Under 1,000",172,5,3,0,5,45,,"Under 1,000",City: Large,54588,779,780,35,87,84,87,1559,0.03,,
185679,JFK Muhlenberg Harold B. and Dorothy A. Snyder Schools,2023,Participates in Title IV federal financial aid programs,"Under 1,000",572,0,541,402,36,96,47124,"Under 1,000",Suburb: Large,32817,,,,,,,0,0.00,,
220464,John A Gupton College,2023,Participates in Title IV federal financial aid programs,"Under 1,000",160,51,96,98,36,84,33556,"Under 1,000",City: Large,21014,,,23,,,,0,0.32,,
146205,John A Logan College,2023,Participates in Title IV federal financial aid programs,"1,000 - 4,999",3120,67,1797,702,29,,21606,"1,000 - 4,999",Town: Remote,6079,,,,,,,0,0.02,,
107141,John Brown University,2023,Participates in Title IV federal financial aid programs,"1,000 - 4,999",1882,87,555,135,21,68,36982,"1,000 - 4,999",Town: Distant,21464,675,670,30,72,60,67,1345,0.05,,
101514,John C Calhoun State Community College,2023,Participates in Title IV federal financial aid programs,"5,000 - 9,999",8736,624,5698,2202,31,,17760,"5,000 - 9,999",City: Small,7004,,,,,,,0,0.07,,
203368,John Carroll University,2023,Participates in Title IV federal financial aid programs,"1,000 - 4,999",2287,69,52,29,20,81,60530,"1,000 - 4,999",Suburb: Large,30790,670,680,30,76,69,76,1350,0.03,,
446349,John D Rockefeller IV Career Center,2023,Participates in Title IV federal financial aid programs,"Under 1,000",14,0,0,5,58,,53028,"Under 1,000",Rural: Fringe,12819,,,,,,,0,0.00,,
462354,John Paul the Great Catholic University,2023,Participates in Title IV federal financial aid programs,"Under 1,000",298,23,17,26,38,79,53326,"Under 1,000",Suburb: Large,31811,690,570,27,62,65,65,1260,0.08,,
146278,John Wood Community College,2023,Participates in Title IV federal financial aid programs,"1,000 - 4,999",1866,155,1069,487,39,,23700,"1,000 - 4,999",Town: Remote,7504,,,,,,,0,0.08,,
162928,Johns Hopkins University,2023,Participates in Title IV federal financial aid programs,"20,000 and above",6089,55,482,307,20,8,80653,"20,000 and above",City: Large,22844,780,800,35,95,87,95,1580,0.01,,
445708,Johnson & Wales University-Charlotte,2023,Participates in Title IV federal financial aid programs,"1,000 - 4,999",1128,40,33,37,52,75,54566,"1,000 - 4,999",City: Large,29481,600,540,22,36,30,34,1140,0.04,,
460349,Johnson & Wales University-Online,2023,Branch campus of a main campus that participates in Title IV,"1,000 - 4,999",1990,511,1478,1388,36,54,27523,"1,000 - 4,999",City: Midsize,18265,,,,0,0,0,0,0.26,,
217235,Johnson & Wales University-Providence,2023,Participates in Title IV federal financial aid programs,"1,000 - 4,999",3952,145,172,150,30,84,54566,"1,000 - 4,999",City: Midsize,33480,630,600,26,58,42,49,1230,0.04,,
198756,Johnson C Smith University,2023,Participates in Title IV federal financial aid programs,"1,000 - 4,999",1058,72,49,143,68,43,37330,"1,000 - 4,999",City: Large,19326,,,,41,25,34,0,0.07,,
213233,Johnson College,2023,Participates in Title IV federal financial aid programs,"Under 1,000",627,37,109,102,46,96,33953,"Under 1,000",City: Small,18135,570,570,,,,,1140,0.06,,
155210,Johnson County Community College,2023,Participates in Title IV federal financial aid programs,"10,000 - 19,999",17121,951,11889,3995,16,,29484,"10,000 - 19,999",City: Midsize,13949,,,,,,,0,0.06,,
220473,Johnson University,2023,Participates in Title IV federal financial aid programs,"Under 1,000",708,57,82,80,38,54,36863,"Under 1,000",Rural: Fringe,20713,530,560,24,67,56,63,1090,0.08,,
132879,Johnson University Florida,2023,Participates in Title IV federal financial aid programs,"Under 1,000",136,33,6,10,46,23,37441,"Under 1,000",Suburb: Large,21149,500,520,,33,7,24,1020,0.24,,
198774,Johnston Community College,2023,Participates in Title IV federal financial aid programs,"1,000 - 4,999",4680,231,3133,861,23,,19065,"1,000 - 4,999",Town: Fringe,5282,,,,,,,0,0.05,,
146296,Joliet Junior College,2023,Participates in Title IV federal financial aid programs,"5,000 - 9,999",9863,212,6118,2459,23,,26172,"5,000 - 9,999",Suburb: Large,4905,,,,,,,0,0.02,,
175883,Jones County Junior College,2023,Participates in Title IV federal financial aid programs,"1,000 - 4,999",4305,293,1617,553,38,,18108,"1,000 - 4,999",Town: Distant,8982,,,,,,,0,0.07,,
487311,Jones Technical Institute,2023,Participates in Title IV federal financial aid programs,"Under 1,000",522,27,0,221,63,,39135,"Under 1,000",City: Large,20645,,,,,,,0,0.05,,
215479,Joseph F McCloskey School of Nursing,2023,Participates in Title IV federal financial aid programs,"Under 1,000",55,0,0,27,42,,,"Under 1,000",Town: Distant,,,,,,,,0,0.00,,
146339,Judson University,2023,Participates in Title IV federal financial aid programs,"1,000 - 4,999",793,108,49,104,40,63,44180,"1,000 - 4,999",City: Midsize,21331,540,540,23,68,43,53,1080,0.14,,
461139,Jung Tao School of Classical Chinese Medicine,2023,Participates in Title IV federal financial aid programs,"Under 1,000",0,0,0,0,,,,"Under 1,000",Rural: Distant,,,,,,,,0,,,
213251,Juniata College,2023,Participates in Title IV federal financial aid programs,"1,000 - 4,999",1212,31,13,13,26,72,71198,"1,000 - 4,999",Town: Distant,28925,660,620,29,76,64,69,1280,0.03,,
219240,Kairos University,2023,Participates in Title IV federal financial aid programs,"1,000 - 4,999",36,10,31,25,0,74,,"1,000 - 4,999",City: Midsize,,,,,,,,0,0.28,,
170532,Kalamazoo College,2023,Participates in Title IV federal financial aid programs,"1,000 - 4,999",1196,11,6,4,23,76,74208,"1,000 - 4,999",City: Small,26050,700,673,,78,72,82,1373,0.01,,
170541,Kalamazoo Valley Community College,2023,Participates in Title IV federal financial aid programs,"5,000 - 9,999",6320,423,4529,2038,27,,19762,"5,000 - 9,999",Suburb: Midsize,3860,,,,,,,0,0.07,,
146348,Kankakee Community College,2023,Participates in Title IV federal financial aid programs,"1,000 - 4,999",2404,97,1464,728,37,,26952,"1,000 - 4,999",City: Small,5642,,,,,,,0,0.04,,
155308,Kansas Christian College,2023,Participates in Title IV federal financial aid programs,"Under 1,000",143,38,7,5,58,,27691,"Under 1,000",City: Midsize,15996,,,,100,14,14,0,0.27,,
177746,Kansas City Art Institute,2023,Participates in Title IV federal financial aid programs,"Under 1,000",789,47,15,41,42,60,57650,"Under 1,000",City: Large,30142,,,,62,53,65,0,0.06,,
155292,Kansas City Kansas Community College,2023,Participates in Title IV federal financial aid programs,"1,000 - 4,999",4803,30,3168,1239,31,,26624,"1,000 - 4,999",City: Midsize,13563,,,,,,,0,0.01,,
179812,Kansas City University,2023,Participates in Title IV federal financial aid programs,"1,000 - 4,999",0,0,0,0,,,,"1,000 - 4,999",City: Large,,,,,,,,0,,,
490601,Kansas City University,2023,Participates in Title IV federal financial aid programs,Not applicable,,,,,,,,Not applicable,City: Small,,,,,,,,0,,,
497693,Kansas Health Science Center,2023,Participates in Title IV federal financial aid programs,"Under 1,000",0,0,0,0,,,,"Under 1,000",City: Large,,,,,,,,0,,,
155399,Kansas State University,2023,Participates in Title IV federal financial aid programs,"10,000 - 19,999",15113,1210,1560,1370,19,79,26658,"10,000 - 19,999",City: Small,18745,630,630,27,70,47,70,1260,0.08,,
155414,Kansas Wesleyan University,2023,Participates in Title IV federal financial aid programs,"Under 1,000",899,117,40,41,41,85,46238,"Under 1,000",Town: Remote,23419,,,,39,34,38,0,0.13,,
141796,Kapiolani Community College,2023,Participates in Title IV federal financial aid programs,"5,000 - 9,999",5822,694,4270,2041,17,,23637,"5,000 - 9,999",City: Large,5854,,,,,,,0,0.12,,
146366,Kaskaskia College,2023,Participates in Title IV federal financial aid programs,"1,000 - 4,999",3447,291,2277,610,22,,22783,"1,000 - 4,999",Rural: Fringe,5905,,,,,,,0,0.08,,
141802,Kauai Community College,2023,Participates in Title IV federal financial aid programs,"1,000 - 4,999",1298,75,1052,258,24,,27467,"1,000 - 4,999",Rural: Fringe,6547,,,,,,,0,0.06,,
185262,Kean University,2023,Participates in Title IV federal financial aid programs,"10,000 - 19,999",11234,1291,1838,2166,46,77,35420,"10,000 - 19,999",Suburb: Large,11593,598,600,,51,24,43,1198,0.11,,
440031,Keck Graduate Institute,2023,Participates in Title IV federal financial aid programs,"Under 1,000",0,0,0,0,,,,"Under 1,000",Suburb: Large,,,,,,,,0,,,
183062,Keene State College,2023,Participates in Title IV federal financial aid programs,"1,000 - 4,999",2718,86,63,94,24,89,29434,"1,000 - 4,999",Town: Distant,20405,,,,60,50,58,0,0.03,,
192165,Kehilath Yakov Rabbinical Seminary,2023,Participates in Title IV federal financial aid programs,"Under 1,000",206,0,0,0,87,,17550,"Under 1,000",Rural: Fringe,4090,,,,57,0,47,0,0.00,,
135081,Keiser University-Ft Lauderdale,2023,Participates in Title IV federal financial aid programs,"20,000 and above",17634,237,6399,10659,58,97,47432,"20,000 and above",City: Midsize,33865,,,,56,38,43,0,0.01,,
170550,Kellogg Community College,2023,Participates in Title IV federal financial aid programs,"1,000 - 4,999",3734,327,2907,1359,23,,16320,"1,000 - 4,999",City: Small,4977,,,,,,,0,0.09,,
161192,Kennebec Valley Community College,2023,Participates in Title IV federal financial aid programs,"1,000 - 4,999",2381,196,1780,690,31,,17202,"1,000 - 4,999",Town: Remote,7268,,,,,,,0,0.08,,
486840,Kennesaw State University,2023,Participates in Title IV federal financial aid programs,"20,000 and above",40509,2594,10306,4921,35,69,28747,"20,000 and above",Suburb: Large,17566,620,600,25,53,21,48,1220,0.06,,
177816,Kenrick Glennon Seminary,2023,Deferment only - limited participation,"Under 1,000",0,0,0,0,,,,"Under 1,000",Suburb: Large,,,,,69,,,0,,,
203447,Kent State University at Ashtabula,2023,Participates in Title IV federal financial aid programs,"1,000 - 4,999",1762,56,1603,501,34,,26410,"1,000 - 4,999",Town: Distant,10502,,,,1,0,0,0,0.03,,
203456,Kent State University at East Liverpool,2023,Participates in Title IV federal financial aid programs,"1,000 - 4,999",1056,46,1036,226,24,,26410,"1,000 - 4,999",Town: Fringe,9788,,,,0,0,0,0,0.04,,
203526,Kent State University at Geauga,2023,Participates in Title IV federal financial aid programs,"1,000 - 4,999",2154,105,1910,461,27,,26410,"1,000 - 4,999",Rural: Distant,10524,,,,2,0,0,0,0.05,,
203517,Kent State University at Kent,2023,Participates in Title IV federal financial aid programs,"20,000 and above",20485,792,3779,1636,27,87,32416,"20,000 and above",Suburb: Large,20333,620,610,25,69,49,65,1230,0.04,,
203492,Kent State University at Salem,2023,Participates in Title IV federal financial aid programs,"1,000 - 4,999",1463,85,1192,310,31,,26410,"1,000 - 4,999",Rural: Fringe,10796,,,,4,1,2,0,0.06,,
203465,Kent State University at Stark,2023,Participates in Title IV federal financial aid programs,"1,000 - 4,999",3423,156,2516,602,29,,26410,"1,000 - 4,999",Suburb: Large,10977,,,,1,1,2,0,0.05,,
203474,Kent State University at Trumbull,2023,Participates in Title IV federal financial aid programs,"1,000 - 4,999",2029,90,1693,549,37,,26410,"1,000 - 4,999",Rural: Fringe,10075,,,,1,1,1,0,0.04,,
203483,Kent State University at Tuscarawas,2023,Participates in Title IV federal financial aid programs,"1,000 - 4,999",1885,83,1475,435,31,,26410,"1,000 - 4,999",Town: Distant,11448,,,,6,1,5,0,0.04,,
157100,Kentucky Christian University,2023,Participates in Title IV federal financial aid programs,"Under 1,000",503,42,74,24,37,62,51596,"Under 1,000",Town: Distant,22209,510,530,23,36,29,34,1040,0.08,,
157030,Kentucky Mountain Bible College,2023,Participates in Title IV federal financial aid programs,"Under 1,000",87,5,43,19,55,36,17810,"Under 1,000",Rural: Remote,11160,,,22,73,8,25,0,0.06,,
157058,Kentucky State University,2023,Participates in Title IV federal financial aid programs,"1,000 - 4,999",1546,72,338,113,57,93,22692,"1,000 - 4,999",Town: Distant,9672,500,510,20,38,15,28,1010,0.05,,
157076,Kentucky Wesleyan College,2023,Participates in Title IV federal financial aid programs,"Under 1,000",834,75,58,81,42,67,49729,"Under 1,000",City: Small,20867,550,580,24,46,39,49,1130,0.09,,
203535,Kenyon College,2023,Participates in Title IV federal financial aid programs,"1,000 - 4,999",2184,15,432,3,10,31,,"1,000 - 4,999",Rural: Fringe,44470,750,750,34,87,67,87,1500,0.01,,
461847,Keser Torah-Mayan Hatalmud,2023,Participates in Title IV federal financial aid programs,"Under 1,000",59,12,1,4,19,71,36060,"Under 1,000",Suburb: Large,11708,,,,0,33,33,0,0.20,,
203544,Kettering College,2023,Participates in Title IV federal financial aid programs,"Under 1,000",639,58,275,174,24,83,41551,"Under 1,000",City: Small,4048,,,26,47,57,60,0,0.09,,
169983,Kettering University,2023,Participates in Title IV federal financial aid programs,"1,000 - 4,999",1290,22,57,44,17,79,61250,"1,000 - 4,999",City: Small,33616,640,670,29,74,16,71,1310,0.02,,
192192,Keuka College,2023,Participates in Title IV federal financial aid programs,"1,000 - 4,999",922,103,71,119,44,94,46960,"1,000 - 4,999",Town: Distant,26153,590,593,,50,44,49,1183,0.11,,
461315,Keweenaw Bay Ojibwa Community College,2023,Participates in Title IV federal financial aid programs,"Under 1,000",222,49,182,105,52,,14936,"Under 1,000",Rural: Remote,1840,,,,,,,0,0.22,,
213303,Keystone College,2023,Participates in Title IV federal financial aid programs,"1,000 - 4,999",978,69,234,239,45,80,26650,"1,000 - 4,999",Suburb: Large,21461,570,560,,46,28,41,1130,0.07,,
375726,Kiamichi Technology Center-McAlester,2023,Participates in Title IV federal financial aid programs,"Under 1,000",575,0,205,166,11,,,"Under 1,000",Town: Remote,8698,,,,,,,0,0.00,,
226019,Kilgore College,2023,Participates in Title IV federal financial aid programs,"5,000 - 9,999",6067,269,4010,1002,37,,21270,"5,000 - 9,999",Town: Fringe,7832,,,,,,,0,0.04,,
220516,King University,2023,Participates in Title IV federal financial aid programs,"1,000 - 4,999",1076,187,193,293,42,54,50556,"1,000 - 4,999",City: Small,23282,,,,46,42,47,0,0.17,,
213321,King's College,2023,Participates in Title IV federal financial aid programs,"1,000 - 4,999",1590,47,96,44,27,93,61289,"1,000 - 4,999",City: Small,25608,620,620,25,68,50,60,1240,0.03,,
417628,Kirksville Area Technical Center,2023,Participates in Title IV federal financial aid programs,"Under 1,000",21,0,1,8,80,50,,"Under 1,000",Town: Remote,5501,,,,,,,0,0.00,,
153737,Kirkwood Community College,2023,Participates in Title IV federal financial aid programs,"10,000 - 19,999",12660,383,8524,2064,24,,17931,"10,000 - 19,999",City: Midsize,8499,,,,,,,0,0.03,,
170587,Kirtland Community College,2023,Participates in Title IV federal financial aid programs,"1,000 - 4,999",1538,60,1057,544,34,,21975,"1,000 - 4,999",Rural: Distant,10407,,,,,,,0,0.04,,
146418,Kishwaukee College,2023,Participates in Title IV federal financial aid programs,"1,000 - 4,999",2807,104,1801,624,25,,23797,"1,000 - 4,999",Rural: Fringe,7477,,,,,,,0,0.04,,
428392,Klamath Community College,2023,Participates in Title IV federal financial aid programs,"1,000 - 4,999",1936,57,1361,596,33,,24249,"1,000 - 4,999",Town: Remote,8501,,,,,,,0,0.03,,
146427,Knox College,2023,Participates in Title IV federal financial aid programs,"1,000 - 4,999",1001,21,5,17,30,71,66834,"1,000 - 4,999",Town: Distant,25524,680,705,30,76,52,68,1385,0.02,,
375373,Knox County Career Center,2023,Participates in Title IV federal financial aid programs,"Under 1,000",110,0,102,53,31,,,"Under 1,000",Town: Distant,,,,,,,,0,0.00,,
213349,Kutztown University of Pennsylvania,2023,Participates in Title IV federal financial aid programs,"5,000 - 9,999",6420,396,370,324,31,95,29866,"5,000 - 9,999",Town: Fringe,21856,650,620,,55,41,54,1270,0.06,,
171881,Kuyper College,2023,Participates in Title IV federal financial aid programs,"Under 1,000",153,33,51,17,32,34,38570,"Under 1,000",Suburb: Large,27708,,,,42,40,52,0,0.22,,
213358,La Roche University,2023,Participates in Title IV federal financial aid programs,"1,000 - 4,999",2300,82,1597,127,14,78,46816,"1,000 - 4,999",Suburb: Large,24638,640,595,,52,48,57,1235,0.04,,
213367,La Salle University,2023,Participates in Title IV federal financial aid programs,"1,000 - 4,999",2426,70,721,295,33,86,48070,"1,000 - 4,999",City: Large,20119,,,,60,52,58,0,0.03,,
117627,La Sierra University,2023,Participates in Title IV federal financial aid programs,"1,000 - 4,999",1244,104,146,80,47,93,62874,"1,000 - 4,999",City: Large,28076,,,,61,4,60,0,0.08,,
155450,Labette Community College,2023,Participates in Title IV federal financial aid programs,"1,000 - 4,999",1454,105,922,228,22,,17518,"1,000 - 4,999",Town: Remote,9247,,,,,,,0,0.07,,
165264,Laboure College of Healthcare,2023,Participates in Title IV federal financial aid programs,"Under 1,000",717,73,650,626,37,41,48863,"Under 1,000",Suburb: Large,,,,,,,,0,0.10,,
260372,Lac Courte Oreilles Ojibwe University,2023,Participates in Title IV federal financial aid programs,"Under 1,000",213,13,143,147,74,,17230,"Under 1,000",Rural: Remote,11536,,,,,,,0,0.06,,
213376,Lackawanna College,2023,Participates in Title IV federal financial aid programs,"1,000 - 4,999",1939,266,550,617,58,,30288,"1,000 - 4,999",City: Small,20382,,,,,20,20,0,0.14,,
213385,Lafayette College,2023,Participates in Title IV federal financial aid programs,"1,000 - 4,999",2764,19,30,7,10,31,83364,"1,000 - 4,999",Suburb: Large,34728,730,760,33,88,80,88,1490,0.01,,
140234,LaGrange College,2023,Participates in Title IV federal financial aid programs,"Under 1,000",582,45,20,22,44,63,51795,"Under 1,000",Town: Distant,24564,,,,46,35,42,0,0.08,,
117168,Laguna College of Art and Design,2023,Participates in Title IV federal financial aid programs,"Under 1,000",776,75,88,141,31,78,63597,"Under 1,000",Rural: Fringe,44285,,,,70,47,63,0,0.10,,
219143,Lake Area Technical College,2023,Participates in Title IV federal financial aid programs,"1,000 - 4,999",2179,107,780,259,26,,20668,"1,000 - 4,999",Town: Remote,12554,,,,,,,0,0.05,,
203580,Lake Erie College,2023,Participates in Title IV federal financial aid programs,"Under 1,000",744,102,66,57,29,64,59552,"Under 1,000",Suburb: Large,22322,560,555,24,45,32,42,1115,0.14,,
407629,Lake Erie College of Osteopathic Medicine,2023,Participates in Title IV federal financial aid programs,"1,000 - 4,999",10,10,0,6,0,,,"1,000 - 4,999",City: Small,,,,,,,,0,1.00,,
146481,Lake Forest College,2023,Participates in Title IV federal financial aid programs,"1,000 - 4,999",1796,82,32,47,35,59,71350,"1,000 - 4,999",Suburb: Large,29894,685,680,31,73,64,70,1365,0.05,,
146490,Lake Forest Graduate School of Management,2023,Participates in Title IV federal financial aid programs,"Under 1,000",0,0,0,0,,,,"Under 1,000",Suburb: Large,,,,,,,,0,,,
146506,Lake Land College,2023,Participates in Title IV federal financial aid programs,"1,000 - 4,999",3699,114,1993,733,27,,16084,"1,000 - 4,999",Rural: Fringe,5155,,,,,,,0,0.03,,
170620,Lake Michigan College,2023,Participates in Title IV federal financial aid programs,"1,000 - 4,999",2904,190,2103,672,18,,22430,"1,000 - 4,999",Rural: Fringe,10460,,,,,,,0,0.07,,
200192,Lake Region State College,2023,Participates in Title IV federal financial aid programs,"1,000 - 4,999",1810,111,1367,310,11,,19527,"1,000 - 4,999",Town: Remote,10867,,,,,,,0,0.06,,
173461,Lake Superior College,2023,Participates in Title IV federal financial aid programs,"1,000 - 4,999",4001,338,2556,849,19,,23173,"1,000 - 4,999",City: Small,14602,,,,,,,0,0.08,,
170639,Lake Superior State University,2023,Participates in Title IV federal financial aid programs,"1,000 - 4,999",1669,142,451,198,29,68,28456,"1,000 - 4,999",Town: Remote,14345,,,,54,38,56,0,0.09,,
117195,Lake Tahoe Community College,2023,Participates in Title IV federal financial aid programs,"1,000 - 4,999",3376,932,2609,1964,15,,26145,"1,000 - 4,999",Rural: Fringe,14384,,,,,,,0,0.28,,
135179,Lake Technical College,2023,Participates in Title IV federal financial aid programs,"Under 1,000",822,0,293,299,28,,,"Under 1,000",Suburb: Midsize,15231,,,,,,,0,0.00,,
235699,Lake Washington Institute of Technology,2023,Participates in Title IV federal financial aid programs,"1,000 - 4,999",3357,291,1716,1735,12,,22673,"1,000 - 4,999",Suburb: Large,8545,,,,,,,0,0.09,,
135188,Lake-Sumter State College,2023,Participates in Title IV federal financial aid programs,"5,000 - 9,999",5064,252,3359,1043,30,,20626,"5,000 - 9,999",Suburb: Midsize,6242,,,,,,,0,0.05,,
203599,Lakeland Community College,2023,Participates in Title IV federal financial aid programs,"1,000 - 4,999",4654,176,3483,1284,22,,16564,"1,000 - 4,999",Suburb: Large,7501,,,,,,,0,0.04,,
238980,Lakeland University,2023,Participates in Title IV federal financial aid programs,"1,000 - 4,999",2318,141,1568,519,29,91,49262,"1,000 - 4,999",Rural: Fringe,22593,,,,43,50,56,0,0.06,,
183123,Lakes Region Community College,2023,Participates in Title IV federal financial aid programs,"Under 1,000",695,65,477,185,28,,29604,"Under 1,000",Town: Distant,18473,,,,,,,0,0.09,,
239008,Lakeshore Technical College,2023,Participates in Title IV federal financial aid programs,"1,000 - 4,999",2981,200,2635,1129,18,,20660,"1,000 - 4,999",Rural: Distant,8821,,,,,,,0,0.07,,
146533,Lakeview College of Nursing,2023,Participates in Title IV federal financial aid programs,"Under 1,000",81,23,25,39,48,,,"Under 1,000",Town: Distant,,,,,,,,0,0.28,,
496706,Lakewood University,2023,Participates in Title IV federal financial aid programs,"Under 1,000",100,29,0,96,5,,14480,"Under 1,000",Suburb: Large,2705,,,,,,,0,0.29,,
127389,Lamar Community College,2023,Participates in Title IV federal financial aid programs,"Under 1,000",711,46,343,86,32,,26987,"Under 1,000",Town: Remote,11354,,,,,,,0,0.06,,
441760,Lamar Institute of Technology,2023,Participates in Title IV federal financial aid programs,"5,000 - 9,999",5302,293,3862,1040,27,,23648,"5,000 - 9,999",City: Midsize,8381,,,,,,,0,0.06,,
226107,Lamar State College-Orange,2023,Participates in Title IV federal financial aid programs,"1,000 - 4,999",3162,151,2332,667,24,,9182,"1,000 - 4,999",Town: Fringe,1265,,,,,,,0,0.05,,
226116,Lamar State College-Port Arthur,2023,Participates in Title IV federal financial aid programs,"1,000 - 4,999",3802,269,2993,550,29,,18887,"1,000 - 4,999",City: Small,4386,,,,,,,0,0.07,,
226091,Lamar University,2023,Participates in Title IV federal financial aid programs,"10,000 - 19,999",7998,869,1991,2564,44,86,24496,"10,000 - 19,999",City: Midsize,10999,580,550,24,41,18,37,1130,0.11,,
213400,Lancaster Bible College,2023,Participates in Title IV federal financial aid programs,"1,000 - 4,999",1778,450,850,675,30,95,45869,"1,000 - 4,999",Suburb: Large,22872,660,610,23,59,65,71,1270,0.25,,
418533,Lancaster County Career and Technology Center,2023,Participates in Title IV federal financial aid programs,"Under 1,000",250,64,40,99,50,,,"Under 1,000",Suburb: Large,14561,,,,,,,0,0.26,,
213446,Lancaster Theological Seminary,2023,Participates in Title IV federal financial aid programs,"Under 1,000",0,0,0,0,,,,"Under 1,000",City: Small,,,,,,,,0,,,
218229,Lander University,2023,Participates in Title IV federal financial aid programs,"1,000 - 4,999",3669,264,449,222,40,68,28070,"1,000 - 4,999",Town: Distant,14657,590,570,24,55,35,49,1160,0.07,,
247649,Landmark College,2023,Participates in Title IV federal financial aid programs,"Under 1,000",598,74,206,55,14,44,84100,"Under 1,000",Rural: Distant,57640,,,,,,,0,0.12,,
220598,Lane College,2023,Participates in Title IV federal financial aid programs,"Under 1,000",822,101,37,70,79,,22870,"Under 1,000",City: Small,13384,,,,26,12,17,0,0.12,,
209038,Lane Community College,2023,Participates in Title IV federal financial aid programs,"5,000 - 9,999",6507,292,3660,2283,29,,23149,"5,000 - 9,999",Suburb: Large,9238,,,,,,,0,0.04,,
117247,Laney College,2023,Participates in Title IV federal financial aid programs,"10,000 - 19,999",10211,1312,8440,4410,16,,31734,"10,000 - 19,999",City: Large,17691,,,,,,,0,0.13,,
207209,Langston University,2023,Participates in Title IV federal financial aid programs,"1,000 - 4,999",1743,80,90,142,68,,21490,"1,000 - 4,999",Rural: Distant,10589,,,,30,14,19,0,0.05,,
140243,Lanier Technical College,2023,Participates in Title IV federal financial aid programs,"5,000 - 9,999",6145,588,4815,1364,28,,21902,"5,000 - 9,999",City: Small,6823,,,,,,,0,0.10,,
170657,Lansing Community College,2023,Participates in Title IV federal financial aid programs,"5,000 - 9,999",9207,672,6424,2730,28,,26520,"5,000 - 9,999",City: Midsize,3031,,,,,,,0,0.07,,
240620,Laramie County Community College,2023,Participates in Title IV federal financial aid programs,"1,000 - 4,999",4008,237,2531,998,24,,16013,"1,000 - 4,999",Rural: Fringe,7131,,,,,,,0,0.06,,
226134,Laredo College,2023,Participates in Title IV federal financial aid programs,"10,000 - 19,999",10191,173,6609,1205,38,,18219,"10,000 - 19,999",City: Large,5053,,,,,,,0,0.02,,
498234,Larkin University,2023,"Not currently participating in Title IV, has an OPE ID number","Under 1,000",,,,,,,,"Under 1,000",Suburb: Large,,,,,,,,0,,,
366401,Las Positas College,2023,Participates in Title IV federal financial aid programs,"5,000 - 9,999",7448,718,4847,2055,14,,31264,"5,000 - 9,999",City: Small,7312,,,,,,,0,0.10,,
166391,Lasell University,2023,Participates in Title IV federal financial aid programs,"1,000 - 4,999",1183,78,86,53,32,82,36000,"1,000 - 4,999",City: Small,28477,650,610,26,67,49,53,1260,0.07,,
117274,Lassen Community College,2023,Participates in Title IV federal financial aid programs,"1,000 - 4,999",1783,275,1352,1131,13,,27706,"1,000 - 4,999",Town: Remote,10336,,,,,,,0,0.15,,
117283,Latin American Bible Institute,2023,Participates in Title IV federal financial aid programs,"Under 1,000",78,5,53,62,52,68,38520,"Under 1,000",Suburb: Large,9140,,,,,,,0,0.06,,
232575,Laurel Ridge Community College,2023,Participates in Title IV federal financial aid programs,"5,000 - 9,999",5935,208,4027,987,18,,20298,"5,000 - 9,999",Rural: Fringe,6153,,,,,,,0,0.04,,
166407,Lawrence Memorial Hospital School of Nursing,2023,Participates in Title IV federal financial aid programs,"Under 1,000",195,115,182,145,48,,52167,"Under 1,000",Suburb: Large,,,,,,,,0,0.59,,
170675,Lawrence Technological University,2023,Participates in Title IV federal financial aid programs,"1,000 - 4,999",2367,87,790,122,17,80,60454,"1,000 - 4,999",City: Small,33807,,,,58,25,62,0,0.04,,
239017,Lawrence University,2023,Participates in Title IV federal financial aid programs,"1,000 - 4,999",1410,28,21,8,21,63,71091,"1,000 - 4,999",City: Small,27393,720,710,32,81,59,76,1430,0.02,,
101569,Lawson State Community College,2023,Participates in Title IV federal financial aid programs,"1,000 - 4,999",3153,338,2042,1037,60,,20647,"1,000 - 4,999",City: Midsize,7257,,,,,,,0,0.11,,
192323,Le Moyne College,2023,Participates in Title IV federal financial aid programs,"1,000 - 4,999",2551,187,366,176,30,75,56710,"1,000 - 4,999",Suburb: Large,22139,670,670,31,76,64,71,1340,0.07,,
220604,Le Moyne-Owen College,2023,Participates in Title IV federal financial aid programs,"Under 1,000",646,58,140,134,71,97,22826,"Under 1,000",City: Large,8362,,,,21,8,25,0,0.09,,
418542,Lebanon County Area Vocational Technical School,2023,Participates in Title IV federal financial aid programs,"Under 1,000",64,0,40,37,54,,,"Under 1,000",Suburb: Small,23400,,,,,,,0,0.00,,
213507,Lebanon Valley College,2023,Participates in Title IV federal financial aid programs,"1,000 - 4,999",1710,54,69,24,22,75,69528,"1,000 - 4,999",Suburb: Small,28640,660,640,,68,65,73,1300,0.03,,
226204,Lee College,2023,Participates in Title IV federal financial aid programs,"5,000 - 9,999",8143,293,6838,2237,32,,16626,"5,000 - 9,999",City: Small,7515,,,,,,,0,0.04,,
220613,Lee University,2023,Participates in Title IV federal financial aid programs,"1,000 - 4,999",3253,163,821,336,27,72,37300,"1,000 - 4,999",City: Small,20222,630,610,26,59,49,61,1240,0.05,,
413626,Leech Lake Tribal College,2023,Participates in Title IV federal financial aid programs,"Under 1,000",243,39,98,145,70,,21608,"Under 1,000",Rural: Distant,13746,,,,,,,0,0.16,,
198808,Lees-McRae College,2023,Participates in Title IV federal financial aid programs,"Under 1,000",818,114,23,106,37,81,51890,"Under 1,000",Rural: Distant,26009,,,,40,40,44,0,0.14,,
141811,Leeward Community College,2023,Participates in Title IV federal financial aid programs,"5,000 - 9,999",6059,464,4418,1776,20,,25114,"5,000 - 9,999",Suburb: Large,8015,,,,,,,0,0.08,,
213525,Lehigh Carbon Community College,2023,Participates in Title IV federal financial aid programs,"5,000 - 9,999",6385,245,4489,1641,33,,27010,"5,000 - 9,999",Rural: Fringe,8956,,,,,,,0,0.04,,
498739,Lehigh Career & Technical Institute,2023,Participates in Title IV federal financial aid programs,"Under 1,000",12,0,0,7,0,,,"Under 1,000",Rural: Fringe,,,,,,,,,,,
213543,Lehigh University,2023,Participates in Title IV federal financial aid programs,"5,000 - 9,999",5811,47,75,14,18,29,81150,"5,000 - 9,999",City: Small,33289,730,760,33,88,81,89,1490,0.01,,
448594,Lemoore College,2023,Participates in Title IV federal financial aid programs,"1,000 - 4,999",4160,384,2794,1095,38,,27946,"1,000 - 4,999",Rural: Fringe,10537,,,,,,,0,0.09,,
418515,Lenape Technical School Practical Nursing Program,2023,Participates in Title IV federal financial aid programs,"Under 1,000",71,0,9,47,52,,,"Under 1,000",Rural: Fringe,10318,,,,,,,0,0.00,,
198817,Lenoir Community College,2023,Participates in Title IV federal financial aid programs,"1,000 - 4,999",2387,383,1736,626,42,,19150,"1,000 - 4,999",Town: Distant,5116,,,,,,,0,0.16,,
198835,Lenoir-Rhyne University,2023,Participates in Title IV federal financial aid programs,"1,000 - 4,999",1477,92,167,83,40,81,48410,"1,000 - 4,999",City: Small,24042,,,,49,41,51,0,0.06,,
166452,Lesley University,2023,Participates in Title IV federal financial aid programs,"1,000 - 4,999",1342,146,449,249,28,94,48230,"1,000 - 4,999",City: Midsize,33111,,,,62,44,62,0,0.11,,
226231,LeTourneau University,2023,Participates in Title IV federal financial aid programs,"1,000 - 4,999",3227,87,1854,232,13,41,58219,"1,000 - 4,999",City: Small,27007,690,680,30,65,52,61,1370,0.03,,
209056,Lewis & Clark College,2023,Participates in Title IV federal financial aid programs,"1,000 - 4,999",2194,42,30,23,19,75,80454,"1,000 - 4,999",City: Large,38247,720,670,31,75,62,71,1390,0.02,,
146603,Lewis and Clark Community College,2023,Participates in Title IV federal financial aid programs,"1,000 - 4,999",4196,160,2869,646,21,,20262,"1,000 - 4,999",Suburb: Small,3255,,,,,,,0,0.04,,
146612,Lewis University,2023,Participates in Title IV federal financial aid programs,"5,000 - 9,999",3948,527,794,609,31,73,49667,"5,000 - 9,999",Suburb: Large,19472,610,610,26,61,48,62,1220,0.13,,
142328,Lewis-Clark State College,2023,Participates in Title IV federal financial aid programs,"1,000 - 4,999",3702,288,1681,736,24,90,22614,"1,000 - 4,999",City: Small,12508,,,,34,23,37,0,0.08,,
177931,Lex La-Ray Technical Center,2023,Participates in Title IV federal financial aid programs,"Under 1,000",22,0,0,12,60,75,,"Under 1,000",Rural: Distant,2655,,,,,,,0,0.00,,
157207,Lexington Theological Seminary,2023,Participates in Title IV federal financial aid programs,"Under 1,000",0,0,0,0,,,,"Under 1,000",City: Large,,,,,,,,0,,,
232557,Liberty University,2023,Participates in Title IV federal financial aid programs,"20,000 and above",52823,5321,20445,24941,39,99,41462,"20,000 and above",City: Small,29692,,,,67,52,66,0,0.10,,
117520,Life Chiropractic College West,2023,Participates in Title IV federal financial aid programs,"Under 1,000",0,0,0,0,,,,"Under 1,000",Suburb: Large,,,,,,,,0,,,
117104,Life Pacific University,2023,Participates in Title IV federal financial aid programs,"Under 1,000",396,70,58,108,49,94,47023,"Under 1,000",Suburb: Large,23311,,,,50,33,51,0,0.18,,
140252,Life University,2023,Participates in Title IV federal financial aid programs,"1,000 - 4,999",873,139,125,137,39,94,43749,"1,000 - 4,999",City: Small,30403,570,550,19,45,20,32,1120,0.16,,
218238,Limestone University,2023,Participates in Title IV federal financial aid programs,"1,000 - 4,999",1598,166,286,454,43,98,44170,"1,000 - 4,999",Town: Distant,21177,,,,31,20,26,0,0.10,,
146667,Lincoln Christian University,2023,Participates in Title IV federal financial aid programs,"Under 1,000",45,6,24,26,39,,29008,"Under 1,000",Town: Distant,19640,,,,43,42,54,0,0.13,,
146685,Lincoln Land Community College,2023,Participates in Title IV federal financial aid programs,"5,000 - 9,999",5238,188,3494,1377,37,,21929,"5,000 - 9,999",Rural: Fringe,4478,,,,,,,0,0.04,,
220631,Lincoln Memorial University,2023,Participates in Title IV federal financial aid programs,"5,000 - 9,999",1605,174,337,265,36,59,41233,"5,000 - 9,999",Town: Distant,19401,610,610,24,57,39,50,1220,0.11,,
403478,Lincoln Trail College,2023,Participates in Title IV federal financial aid programs,"Under 1,000",605,29,298,100,31,,28920,"Under 1,000",Rural: Fringe,10464,,,,,,,0,0.05,,
213598,Lincoln University,2023,Participates in Title IV federal financial aid programs,"1,000 - 4,999",1717,53,108,80,66,78,26345,"1,000 - 4,999",Suburb: Large,12910,530,520,22,50,39,52,1050,0.03,,
177940,Lincoln University,2023,Participates in Title IV federal financial aid programs,"1,000 - 4,999",1707,125,505,210,46,,22678,"1,000 - 4,999",City: Small,12673,,,,28,10,22,0,0.07,,
117557,Lincoln University,2023,"Not currently participating in Title IV, has an OPE ID number","Under 1,000",223,23,1,39,0,,22470,"Under 1,000",City: Large,30324,,,,76,50,75,0,0.10,,
177968,Lindenwood University,2023,Participates in Title IV federal financial aid programs,"5,000 - 9,999",4933,597,880,890,29,66,41600,"5,000 - 9,999",City: Small,18698,,,24,54,37,50,0,0.12,,
135294,Lindsey Hopkins Technical College,2023,Participates in Title IV federal financial aid programs,"Under 1,000",388,0,125,166,20,,,"Under 1,000",City: Large,7424,,,,,,,0,0.00,,
157216,Lindsey Wilson College,2023,Participates in Title IV federal financial aid programs,"1,000 - 4,999",1783,163,205,285,50,,45517,"1,000 - 4,999",Town: Remote,14422,,,,40,29,38,0,0.09,,
209065,Linfield University,2023,Participates in Title IV federal financial aid programs,"1,000 - 4,999",1678,151,103,180,28,88,66990,"1,000 - 4,999",Town: Distant,31462,,,,69,56,65,0,0.09,,
209074,Linn-Benton Community College,2023,Participates in Title IV federal financial aid programs,"1,000 - 4,999",4881,954,3169,1212,28,,24811,"1,000 - 4,999",City: Small,10759,,,,,,,0,0.20,,
219976,Lipscomb University,2023,Participates in Title IV federal financial aid programs,"5,000 - 9,999",3270,181,384,258,21,67,59364,"5,000 - 9,999",City: Large,27386,680,670,29,72,61,69,1350,0.06,,
180328,Little Big Horn College,2023,Participates in Title IV federal financial aid programs,"Under 1,000",378,2,119,174,36,,11635,"Under 1,000",Rural: Remote,6440,,,,,,,0,0.01,,
434016,Little Priest Tribal College,2023,Participates in Title IV federal financial aid programs,"Under 1,000",208,11,127,89,40,,17634,"Under 1,000",Rural: Distant,11072,,,,,,,0,0.05,,
135276,Lively Technical College,2023,Participates in Title IV federal financial aid programs,"1,000 - 4,999",1461,0,760,320,24,,,"1,000 - 4,999",City: Midsize,10175,,,,,,,0,0.00,,
198862,Livingstone College,2023,Participates in Title IV federal financial aid programs,"Under 1,000",799,39,4,47,84,74,26287,"Under 1,000",Suburb: Large,15162,,,,24,14,24,0,0.05,,
177986,Logan University,2023,Participates in Title IV federal financial aid programs,"1,000 - 4,999",272,76,132,145,40,90,32852,"1,000 - 4,999",Suburb: Large,11144,533,505,24,,0,0,1038,0.28,,
117636,Loma Linda University,2023,Participates in Title IV federal financial aid programs,"1,000 - 4,999",979,204,221,523,32,,,"1,000 - 4,999",Suburb: Large,,,,,,,,0,0.21,,
227182,Lone Star College System,2023,Participates in Title IV federal financial aid programs,"20,000 and above",70991,3428,51563,13526,23,,27076,"20,000 and above",City: Midsize,11049,,,,,,,0,0.05,,
117645,Long Beach City College,2023,Participates in Title IV federal financial aid programs,"20,000 and above",24425,2329,14954,8793,37,,28331,"20,000 and above",City: Large,6215,,,,,,,0,0.10,,
192448,Long Island University,2023,Participates in Title IV federal financial aid programs,"10,000 - 19,999",11753,585,6696,857,19,90,71142,"10,000 - 19,999",Suburb: Large,22620,670,680,30,50,44,53,1350,0.05,,
232566,Longwood University,2023,Participates in Title IV federal financial aid programs,"1,000 - 4,999",3223,144,376,172,26,85,36131,"1,000 - 4,999",Town: Distant,22900,620,570,25,66,47,62,1190,0.04,,
166489,Longy School of Music of Bard College,2023,Participates in Title IV federal financial aid programs,"Under 1,000",34,5,1,4,10,84,72450,"Under 1,000",City: Midsize,45752,,,,,,,0,0.15,,
203748,Lorain County Community College,2023,Participates in Title IV federal financial aid programs,"5,000 - 9,999",9410,330,7290,2174,27,,16190,"5,000 - 9,999",Suburb: Midsize,4397,,,,,,,0,0.04,,
409591,Lorain County Joint Vocational School District,2023,Participates in Title IV federal financial aid programs,"Under 1,000",108,0,36,38,23,,,"Under 1,000",Rural: Fringe,11108,,,,,,,0,0.00,,
153825,Loras College,2023,Participates in Title IV federal financial aid programs,"1,000 - 4,999",1130,46,64,57,25,92,49636,"1,000 - 4,999",City: Small,22338,,,,68,49,70,0,0.04,,
133155,Lorenzo Walker Technical College,2023,Participates in Title IV federal financial aid programs,"Under 1,000",767,0,317,109,17,,,"Under 1,000",Suburb: Large,11208,,,,,,,0,0.00,,
117788,Los Angeles City College,2023,Participates in Title IV federal financial aid programs,"10,000 - 19,999",14076,2229,11309,6012,26,,27799,"10,000 - 19,999",City: Large,8834,,,,,,,0,0.16,,
117803,Los Angeles County College of Nursing and Allied Health,2023,Participates in Title IV federal financial aid programs,"Under 1,000",220,46,220,161,36,,,"Under 1,000",City: Large,,,,,,,,0,0.21,,
117690,Los Angeles Harbor College,2023,Participates in Title IV federal financial aid programs,"5,000 - 9,999",8898,1707,7419,3063,23,,27799,"5,000 - 9,999",City: Large,12165,,,,,,,0,0.19,,
117867,Los Angeles Mission College,2023,Participates in Title IV federal financial aid programs,"10,000 - 19,999",10425,1897,8694,3618,21,,27799,"10,000 - 19,999",City: Large,13383,,,,,,,0,0.18,,
474863,Los Angeles Pacific University,2023,Participates in Title IV federal financial aid programs,"1,000 - 4,999",1617,316,991,1367,48,,34384,"1,000 - 4,999",Suburb: Large,19075,,,,27,27,40,0,0.20,,
117706,Los Angeles Pierce College,2023,Participates in Title IV federal financial aid programs,"10,000 - 19,999",16186,1389,11978,4929,27,,27799,"10,000 - 19,999",City: Large,12822,,,,,,,0,0.09,,
117715,Los Angeles Southwest College,2023,Participates in Title IV federal financial aid programs,"5,000 - 9,999",5267,1142,4788,2412,25,,27799,"5,000 - 9,999",Suburb: Large,8538,,,,,,,0,0.22,,
117724,Los Angeles Trade Technical College,2023,Participates in Title IV federal financial aid programs,"10,000 - 19,999",12655,1646,9900,4801,31,,27799,"10,000 - 19,999",City: Large,11761,,,,,,,0,0.13,,
117733,Los Angeles Valley College,2023,Participates in Title IV federal financial aid programs,"10,000 - 19,999",15733,2103,12650,6196,26,,27799,"10,000 - 19,999",City: Large,11547,,,,,,,0,0.13,,
117894,Los Medanos College,2023,Participates in Title IV federal financial aid programs,"5,000 - 9,999",8230,669,5327,1996,25,,32832,"5,000 - 9,999",Suburb: Large,8413,,,,,,,0,0.08,,
198871,Louisburg College,2023,Participates in Title IV federal financial aid programs,"Under 1,000",413,19,3,1,64,32,34128,"Under 1,000",Rural: Distant,25326,,,,,,,0,0.05,,
159568,Louisiana Christian University,2023,Participates in Title IV federal financial aid programs,"Under 1,000",803,69,84,52,41,84,36978,"Under 1,000",Suburb: Small,15470,,,,27,28,42,0,0.09,,
483212,Louisiana Delta Community College,2023,Participates in Title IV federal financial aid programs,"1,000 - 4,999",3775,421,2223,1467,53,,18371,"1,000 - 4,999",City: Small,7869,,,,,,,0,0.11,,
159391,Louisiana State University and Agricultural & Mechanical College,2023,Participates in Title IV federal financial aid programs,"20,000 and above",32574,1033,4724,1608,26,74,37144,"20,000 and above",City: Midsize,21808,670,660,29,67,46,68,1330,0.03,,
159373,Louisiana State University Health Sciences Center-New Orleans,2023,Participates in Title IV federal financial aid programs,"1,000 - 4,999",843,189,85,213,22,,,"1,000 - 4,999",City: Large,,,,,,,,0,0.22,,
435000,Louisiana State University Health Sciences Center-Shreveport,2023,Participates in Title IV federal financial aid programs,"1,000 - 4,999",20,3,0,12,17,,,"1,000 - 4,999",City: Midsize,,,,,,,,0,0.15,,
159382,Louisiana State University-Alexandria,2023,Participates in Title IV federal financial aid programs,"5,000 - 9,999",5330,1074,2573,2324,36,93,21839,"5,000 - 9,999",Rural: Fringe,8081,580,560,22,28,33,40,1140,0.20,,
159407,Louisiana State University-Eunice,2023,Participates in Title IV federal financial aid programs,"1,000 - 4,999",3623,252,2031,769,39,,23290,"1,000 - 4,999",Town: Distant,9596,,,,,,,0,0.07,,
159416,Louisiana State University-Shreveport,2023,Participates in Title IV federal financial aid programs,"5,000 - 9,999",2548,334,949,686,38,83,25888,"5,000 - 9,999",City: Midsize,7554,590,560,24,40,19,33,1150,0.13,,
159647,Louisiana Tech University,2023,Participates in Title IV federal financial aid programs,"10,000 - 19,999",10401,198,2544,278,20,73,26568,"10,000 - 19,999",Town: Distant,12593,630,660,27,60,41,57,1290,0.02,,
157298,Louisville Presbyterian Theological Seminary,2023,Participates in Title IV federal financial aid programs,"Under 1,000",0,0,0,0,,,,"Under 1,000",City: Large,,,,,,,,0,,,
203757,Lourdes University,2023,Participates in Title IV federal financial aid programs,"1,000 - 4,999",827,48,235,182,27,74,50549,"1,000 - 4,999",Suburb: Large,22614,,,,60,38,38,0,0.06,,
235750,Lower Columbia College,2023,Participates in Title IV federal financial aid programs,"1,000 - 4,999",2412,160,1141,955,31,,26864,"1,000 - 4,999",City: Small,10613,,,,,,,0,0.07,,
117946,Loyola Marymount University,2023,Participates in Title IV federal financial aid programs,"10,000 - 19,999",7336,417,183,117,13,40,87967,"10,000 - 19,999",City: Large,54471,,,,79,71,80,0,0.06,,
146719,Loyola University Chicago,2023,Participates in Title IV federal financial aid programs,"10,000 - 19,999",12487,355,1321,576,23,81,70072,"10,000 - 19,999",City: Large,37592,680,660,31,72,69,76,1340,0.03,,
163046,Loyola University Maryland,2023,Participates in Title IV federal financial aid programs,"5,000 - 9,999",3987,57,34,20,18,76,67330,"5,000 - 9,999",City: Large,31857,690,660,32,81,76,80,1350,0.01,,
159656,Loyola University New Orleans,2023,Participates in Title IV federal financial aid programs,"1,000 - 4,999",3205,113,337,220,37,88,67040,"1,000 - 4,999",City: Large,26150,,,,63,59,67,0,0.04,,
226383,Lubbock Christian University,2023,Participates in Title IV federal financial aid programs,"1,000 - 4,999",1320,131,183,123,33,73,42984,"1,000 - 4,999",City: Large,25351,590,570,25,44,30,49,1160,0.10,,
363633,Luna Community College,2023,Participates in Title IV federal financial aid programs,"Under 1,000",757,7,494,246,25,,13100,"Under 1,000",Rural: Fringe,7962,,,,,,,0,0.01,,
101602,Lurleen B Wallace Community College,2023,Participates in Title IV federal financial aid programs,"1,000 - 4,999",2130,94,1377,256,36,,19247,"1,000 - 4,999",Rural: Fringe,3842,,,,,,,0,0.04,,
153834,Luther College,2023,Participates in Title IV federal financial aid programs,"1,000 - 4,999",1463,25,21,7,19,73,65555,"1,000 - 4,999",Town: Remote,24790,650,668,29,73,63,75,1318,0.02,,
135364,Luther Rice College & Seminary,2023,Participates in Title IV federal financial aid programs,"Under 1,000",214,126,187,174,50,34,31650,"Under 1,000",Suburb: Large,3935,,,,,0,0,0,0.59,,
173896,Luther Seminary,2023,Participates in Title IV federal financial aid programs,"Under 1,000",0,0,0,0,,,,"Under 1,000",City: Large,,,,,,,,0,,,
146728,Lutheran School of Theology at Chicago,2023,Participates in Title IV federal financial aid programs,"Under 1,000",0,0,0,0,,,,"Under 1,000",City: Large,,,,,,,,0,,,
213659,Luzerne County Community College,2023,Participates in Title IV federal financial aid programs,"1,000 - 4,999",4315,254,2927,1277,35,,24130,"1,000 - 4,999",Suburb: Large,9467,,,,,,,0,0.06,,
213668,Lycoming College,2023,Participates in Title IV federal financial aid programs,"1,000 - 4,999",1063,21,14,12,40,68,65767,"1,000 - 4,999",City: Small,20733,643,630,30,67,48,60,1273,0.02,,
132657,Lynn University,2023,Participates in Title IV federal financial aid programs,"1,000 - 4,999",2823,174,200,270,23,74,67816,"1,000 - 4,999",City: Small,39582,620,580,27,51,45,53,1200,0.06,,
106342,Lyon College,2023,Participates in Title IV federal financial aid programs,"Under 1,000",584,40,21,16,36,66,46100,"Under 1,000",Town: Remote,22675,,,,46,44,56,0,0.07,,
441414,M-DCPS The English Center,2023,Participates in Title IV federal financial aid programs,"Under 1,000",157,0,66,123,14,,,"Under 1,000",City: Large,3034,,,,,,,0,0.00,,
173902,Macalester College,2023,Participates in Title IV federal financial aid programs,"1,000 - 4,999",2142,10,32,5,17,28,,"1,000 - 4,999",City: Large,38571,750,760,33,90,82,90,1510,0.00,,
192624,Machzikei Hadath Rabbinical College,2023,Participates in Title IV federal financial aid programs,"Under 1,000",129,14,0,6,84,95,38500,"Under 1,000",City: Large,9182,,,,26,0,28,0,0.11,,
170790,Macomb Community College,2023,Participates in Title IV federal financial aid programs,"10,000 - 19,999",15983,717,11000,5093,33,,20784,"10,000 - 19,999",City: Midsize,5317,,,,,,,0,0.04,,
497046,Madera Community College,2023,Participates in Title IV federal financial aid programs,"5,000 - 9,999",5825,1361,5040,1681,18,,28802,"5,000 - 9,999",Rural: Fringe,2684,,,,,,,0,0.23,,
375407,Madison Adult Career Center,2023,Participates in Title IV federal financial aid programs,"Under 1,000",91,0,11,53,46,,,"Under 1,000",Suburb: Small,8615,,,,,,,0,0.00,,
238263,Madison Area Technical College,2023,Participates in Title IV federal financial aid programs,"10,000 - 19,999",13238,635,9622,3891,19,,29104,"10,000 - 19,999",City: Large,12175,,,,,,,0,0.05,,
379621,Madison Oneida BOCES-Practical Nursing Program,2023,Participates in Title IV federal financial aid programs,"Under 1,000",88,0,23,62,86,92,,"Under 1,000",Rural: Distant,23603,,,,,,,0,0.00,,
157304,Madisonville Community College,2023,Participates in Title IV federal financial aid programs,"1,000 - 4,999",3535,169,2567,1232,29,,17914,"1,000 - 4,999",Town: Distant,7348,,,,,,,0,0.05,,
170806,Madonna University,2023,Participates in Title IV federal financial aid programs,"1,000 - 4,999",1740,261,430,316,30,93,44950,"1,000 - 4,999",City: Small,18583,560,560,,65,39,58,1120,0.15,,
182917,Magdalen College,2023,Participates in Title IV federal financial aid programs,"Under 1,000",58,1,0,1,46,44,35800,"Under 1,000",Rural: Distant,20058,,,,59,53,53,0,0.02,,
153861,Maharishi International University,2023,Participates in Title IV federal financial aid programs,"1,000 - 4,999",777,213,418,575,55,97,29330,"1,000 - 4,999",Town: Remote,18875,,,,35,18,18,0,0.27,,
407489,Mahoning County Career and Technical Center,2023,Participates in Title IV federal financial aid programs,"Under 1,000",74,0,74,33,7,,,"Under 1,000",Suburb: Large,11884,,,,,,,0,0.00,,
161509,Maine College of Art & Design,2023,Participates in Title IV federal financial aid programs,"Under 1,000",422,19,14,26,27,78,52848,"Under 1,000",City: Small,37132,,,,44,12,49,0,0.05,,
161022,Maine College of Health Professions,2023,Participates in Title IV federal financial aid programs,"Under 1,000",228,81,106,151,51,33,26827,"Under 1,000",City: Small,,480,490,,,,,970,0.36,,
161299,Maine Maritime Academy,2023,Participates in Title IV federal financial aid programs,"Under 1,000",889,23,28,44,25,61,31172,"Under 1,000",Rural: Distant,21433,640,630,30,73,46,62,1270,0.03,,
490753,Maine Media College,2023,Participates in Title IV federal financial aid programs,"Under 1,000",0,0,0,0,10,,,"Under 1,000",Town: Remote,,,,,,,,0,,,
203775,Malone University,2023,Participates in Title IV federal financial aid programs,"1,000 - 4,999",987,40,251,54,31,76,53310,"1,000 - 4,999",City: Small,23362,618,618,24,60,41,51,1236,0.04,,
135407,Manatee Technical College,2023,Participates in Title IV federal financial aid programs,"1,000 - 4,999",1117,0,272,364,28,,,"1,000 - 4,999",Suburb: Large,14742,,,,,,,0,0.00,,
183132,Manchester Community College,2023,Participates in Title IV federal financial aid programs,"1,000 - 4,999",2012,214,1392,701,25,,33098,"1,000 - 4,999",City: Midsize,14458,,,,,,,0,0.11,,
129695,Manchester Community College,2023,Participates in Title IV federal financial aid programs,Not applicable,,,,,,,,Not applicable,Suburb: Large,,,,,,,,0,,,
151777,Manchester University,2023,Participates in Title IV federal financial aid programs,"1,000 - 4,999",915,22,27,31,44,91,48612,"1,000 - 4,999",Town: Distant,19367,,,,54,37,45,0,0.02,,
155487,Manhattan Area Technical College,2023,Participates in Title IV federal financial aid programs,"Under 1,000",968,79,728,100,12,,21986,"Under 1,000",City: Small,10724,,,,,,,0,0.08,,
155496,Manhattan Christian College,2023,Participates in Title IV federal financial aid programs,"Under 1,000",145,18,39,9,45,100,37876,"Under 1,000",City: Small,23523,,,26,36,34,41,0,0.12,,
192703,Manhattan College,2023,Participates in Title IV federal financial aid programs,"1,000 - 4,999",2928,167,145,169,31,78,72890,"1,000 - 4,999",City: Large,28349,670,670,31,77,52,66,1340,0.06,,
420981,Manhattan School of Computer Technology,2023,Participates in Title IV federal financial aid programs,"Under 1,000",625,0,0,539,79,,,"Under 1,000",City: Large,11103,,,,,,,0,0.00,,
192712,Manhattan School of Music,2023,Participates in Title IV federal financial aid programs,"1,000 - 4,999",543,15,8,18,13,40,78050,"1,000 - 4,999",City: Large,51879,,,,73,72,78,0,0.03,,
192749,Manhattanville College,2023,Participates in Title IV federal financial aid programs,"1,000 - 4,999",1329,127,110,124,33,85,60652,"1,000 - 4,999",Suburb: Large,25017,,,,62,48,54,0,0.10,,
461528,Manna University,2023,Participates in Title IV federal financial aid programs,"Under 1,000",172,26,119,122,34,100,35540,"Under 1,000",City: Midsize,16384,,,,100,0,0,0,0.15,,
213774,Manor College,2023,Participates in Title IV federal financial aid programs,"Under 1,000",599,62,240,107,49,96,32544,"Under 1,000",Suburb: Large,15983,445,490,,,,,935,0.10,,
239071,Maranatha Baptist University,2023,Participates in Title IV federal financial aid programs,"Under 1,000",759,19,314,79,34,71,37812,"Under 1,000",Town: Fringe,26001,650,570,27,51,47,62,1220,0.03,,
130837,Margaret H Rollins School of Nursing at Beebe Medical Center,2023,Participates in Title IV federal financial aid programs,"Under 1,000",43,0,0,11,43,,,"Under 1,000",Town: Distant,,,,,,,,0,0.00,,
192785,Maria College of Albany,2023,Participates in Title IV federal financial aid programs,"Under 1,000",703,199,563,484,41,61,31374,"Under 1,000",City: Midsize,17290,535,560,,57,25,50,1095,0.28,,
151786,Marian University,2023,Participates in Title IV federal financial aid programs,"1,000 - 4,999",2492,173,339,522,23,95,53867,"1,000 - 4,999",City: Large,23225,,,,64,43,61,0,0.07,,
239080,Marian University,2023,Participates in Title IV federal financial aid programs,"1,000 - 4,999",1074,127,160,250,32,67,43609,"1,000 - 4,999",City: Small,23552,,,,56,30,41,0,0.12,,
497833,Marian University-Ancilla,2023,Participates in Title IV federal financial aid programs,"Under 1,000",218,8,3,8,51,90,38362,"Under 1,000",Rural: Distant,24675,,,,,,,0,0.04,,
203845,Marietta College,2023,Participates in Title IV federal financial aid programs,"1,000 - 4,999",1085,27,66,28,27,79,47586,"1,000 - 4,999",Town: Fringe,21333,640,655,24,52,48,58,1295,0.02,,
101648,Marion Military Institute,2023,Participates in Title IV federal financial aid programs,"Under 1,000",308,14,0,0,43,59,,"Under 1,000",Rural: Remote,10548,630,610,23,,,,1240,0.05,,
192800,Marion S Whelan School of Nursing of Geneva General Hospital,2023,Participates in Title IV federal financial aid programs,"Under 1,000",10,0,0,4,56,100,23786,"Under 1,000",Town: Distant,,,,,,,,0,0.00,,
419226,Marion Technical College,2023,Participates in Title IV federal financial aid programs,"Under 1,000",484,0,190,190,27,,,"Under 1,000",City: Small,5551,,,,,,,0,0.00,,
203881,Marion Technical College,2023,Participates in Title IV federal financial aid programs,"1,000 - 4,999",3008,124,2549,734,20,,15525,"1,000 - 4,999",Town: Distant,7625,,,,,,,0,0.04,,
192819,Marist College,2023,Participates in Title IV federal financial aid programs,"5,000 - 9,999",5545,115,664,112,15,65,70675,"5,000 - 9,999",Suburb: Large,40106,690,670,30,82,72,80,1360,0.02,,
239105,Marquette University,2023,Participates in Title IV federal financial aid programs,"10,000 - 19,999",7652,155,469,103,19,87,67030,"10,000 - 19,999",City: Large,32031,680,680,31,82,66,80,1360,0.02,,
198899,Mars Hill University,2023,Participates in Title IV federal financial aid programs,"1,000 - 4,999",1002,67,53,89,42,78,49726,"1,000 - 4,999",Rural: Fringe,19842,,,,34,35,42,0,0.07,,
123943,Marshall B Ketchum University,2023,Participates in Title IV federal financial aid programs,"Under 1,000",0,0,0,0,,,,"Under 1,000",Suburb: Large,,,,,,,,0,,,
237525,Marshall University,2023,Participates in Title IV federal financial aid programs,"10,000 - 19,999",8235,537,1659,924,38,96,24516,"10,000 - 19,999",City: Small,9734,580,550,24,55,34,49,1130,0.07,,
153922,Marshalltown Community College,2023,Participates in Title IV federal financial aid programs,"1,000 - 4,999",1870,65,1103,176,21,,22879,"1,000 - 4,999",Town: Distant,6024,,,,,,,0,0.03,,
198905,Martin Community College,2023,Participates in Title IV federal financial aid programs,"Under 1,000",819,42,596,109,25,,18359,"Under 1,000",Town: Distant,4188,,,,,,,0,0.05,,
173452,Martin Luther College,2023,Participates in Title IV federal financial aid programs,"Under 1,000",743,25,141,145,23,83,29250,"Under 1,000",Town: Distant,21072,653,603,27,75,46,71,1256,0.03,,
151810,Martin University,2023,Participates in Title IV federal financial aid programs,"Under 1,000",177,10,85,126,66,,24509,"Under 1,000",City: Large,13879,,,,25,27,33,0,0.06,,
232672,Mary Baldwin University,2023,Participates in Title IV federal financial aid programs,"1,000 - 4,999",1217,91,219,263,48,,48167,"1,000 - 4,999",City: Small,18838,,,,49,41,56,0,0.07,,
163295,Maryland Institute College of Art,2023,Participates in Title IV federal financial aid programs,"1,000 - 4,999",1324,39,82,111,21,77,80229,"1,000 - 4,999",City: Large,43066,580,640,30,75,52,71,1220,0.03,,
164085,Maryland University of Integrative Health,2023,Participates in Title IV federal financial aid programs,"Under 1,000",0,0,0,0,,,,"Under 1,000",Suburb: Large,,,,,,,,0,,,
192864,Marymount Manhattan College,2023,Participates in Title IV federal financial aid programs,"1,000 - 4,999",1648,78,175,178,28,79,60960,"1,000 - 4,999",City: Large,38426,670,630,29,60,43,50,1300,0.05,,
232706,Marymount University,2023,Participates in Title IV federal financial aid programs,"1,000 - 4,999",2216,168,521,275,22,81,61955,"1,000 - 4,999",City: Midsize,28147,,,,64,48,58,0,0.08,,
220710,Maryville College,2023,Participates in Title IV federal financial aid programs,"1,000 - 4,999",1142,46,119,41,35,66,55728,"1,000 - 4,999",Suburb: Large,20990,590,598,28,56,39,47,1188,0.04,,
178059,Maryville University of Saint Louis,2023,Participates in Title IV federal financial aid programs,"5,000 - 9,999",6062,959,2454,2240,36,94,44766,"5,000 - 9,999",Suburb: Large,26733,,,,74,61,72,0,0.16,,
213826,Marywood University,2023,Participates in Title IV federal financial aid programs,"1,000 - 4,999",1874,90,123,123,29,84,58510,"1,000 - 4,999",City: Small,24712,640,600,26,71,54,73,1240,0.05,,
166647,Massachusetts Bay Community College,2023,Participates in Title IV federal financial aid programs,"1,000 - 4,999",3973,293,2638,1605,25,,20150,"1,000 - 4,999",Suburb: Large,7462,,,,,,,0,0.07,,
166674,Massachusetts College of Art and Design,2023,Participates in Title IV federal financial aid programs,"1,000 - 4,999",1876,106,217,203,28,77,35860,"1,000 - 4,999",City: Large,24159,,,,75,53,69,0,0.06,,
167288,Massachusetts College of Liberal Arts,2023,Participates in Title IV federal financial aid programs,"Under 1,000",836,90,161,104,40,92,23609,"Under 1,000",Town: Fringe,17705,,,,59,39,49,0,0.11,,
166683,Massachusetts Institute of Technology,2023,Participates in Title IV federal financial aid programs,"10,000 - 19,999",4576,18,33,40,19,5,,"10,000 - 19,999",City: Midsize,21519,780,800,36,97,82,96,1580,0.00,,
166692,Massachusetts Maritime Academy,2023,Participates in Title IV federal financial aid programs,"1,000 - 4,999",1271,28,25,35,17,95,,"1,000 - 4,999",Suburb: Large,20759,,,,80,68,79,0,0.02,,
369002,Massachusetts School of Law,2023,Participates in Title IV federal financial aid programs,"Under 1,000",0,0,0,0,,,,"Under 1,000",Suburb: Large,,,,,,,,0,,,
166823,Massasoit Community College,2023,Participates in Title IV federal financial aid programs,"5,000 - 9,999",5029,316,3334,1718,28,,18222,"5,000 - 9,999",Suburb: Large,7510,,,,,,,0,0.06,,
198914,Mayland Community College,2023,Participates in Title IV federal financial aid programs,"Under 1,000",863,19,627,139,26,,20017,"Under 1,000",Rural: Distant,8296,,,,,,,0,0.02,,
173957,Mayo Clinic College of Medicine and Science,2023,Participates in Title IV federal financial aid programs,"1,000 - 4,999",296,153,0,105,1,39,17794,"1,000 - 4,999",City: Midsize,11577,,,,,,,0,0.52,,
157331,Maysville Community and Technical College,2023,Participates in Title IV federal financial aid programs,"1,000 - 4,999",4296,155,3105,1034,34,,17914,"1,000 - 4,999",Rural: Fringe,6552,,,,,,,0,0.04,,
200226,Mayville State University,2023,Participates in Title IV federal financial aid programs,"1,000 - 4,999",963,108,436,205,24,,21123,"1,000 - 4,999",Rural: Remote,14050,,,,32,28,42,0,0.11,,
146977,McCormick Theological Seminary,2023,Participates in Title IV federal financial aid programs,"Under 1,000",0,0,0,0,,,,"Under 1,000",City: Large,,,,,,,,0,,,
164270,McDaniel College,2023,Participates in Title IV federal financial aid programs,"1,000 - 4,999",1665,56,25,31,34,84,64251,"1,000 - 4,999",Town: Fringe,23088,,,,65,56,64,0,0.03,,
198923,McDowell Technical Community College,2023,Participates in Title IV federal financial aid programs,"1,000 - 4,999",1203,37,979,305,37,,21593,"1,000 - 4,999",Rural: Fringe,7203,,,,,,,0,0.03,,
147004,McHenry County College,2023,Participates in Title IV federal financial aid programs,"5,000 - 9,999",9051,647,6968,1489,12,,26349,"5,000 - 9,999",Rural: Fringe,7569,,,,,,,0,0.07,,
147013,McKendree University,2023,Participates in Title IV federal financial aid programs,"1,000 - 4,999",1605,201,118,214,29,64,46860,"1,000 - 4,999",Suburb: Large,25200,,,,56,50,60,0,0.13,,
226578,McLennan Community College,2023,Participates in Title IV federal financial aid programs,"5,000 - 9,999",7217,288,4913,1796,39,,18243,"5,000 - 9,999",City: Midsize,5785,,,,,,,0,0.04,,
226587,McMurry University,2023,Participates in Title IV federal financial aid programs,"1,000 - 4,999",2544,106,1488,179,45,58,43454,"1,000 - 4,999",City: Midsize,20817,580,590,25,32,27,39,1170,0.04,,
159717,McNeese State University,2023,Participates in Title IV federal financial aid programs,"5,000 - 9,999",5560,285,1034,714,31,68,27021,"5,000 - 9,999",City: Small,11393,560,560,24,43,34,51,1120,0.05,,
155511,McPherson College,2023,Participates in Title IV federal financial aid programs,"Under 1,000",788,50,7,12,34,84,55722,"Under 1,000",Town: Remote,25490,573,553,24,54,44,52,1126,0.06,,
166656,MCPHS University,2023,Participates in Title IV federal financial aid programs,"5,000 - 9,999",3477,378,197,576,28,85,67722,"5,000 - 9,999",City: Large,37182,640,700,33,67,49,64,1340,0.11,,
374592,MCVSD,2023,Participates in Title IV federal financial aid programs,"Under 1,000",63,0,0,40,38,,,"Under 1,000",Suburb: Large,24171,,,,,,,0,0.00,,
147031,Meadville Theological School of Lombard College,2023,Participates in Title IV federal financial aid programs,"Under 1,000",0,0,0,0,,,,"Under 1,000",City: Large,,,,,,,,0,,,
490328,Mechon L'hoyroa,2023,Participates in Title IV federal financial aid programs,"Under 1,000",124,6,0,12,83,,36800,"Under 1,000",Suburb: Large,,,,,,,,0,0.05,,
192925,Medaille University,2023,"Not currently participating in Title IV, has an OPE ID number",Not applicable,,,,,,,,Not applicable,City: Large,,,,,,,,0,,,
239169,Medical College of Wisconsin,2023,Participates in Title IV federal financial aid programs,"1,000 - 4,999",0,0,0,0,,,,"1,000 - 4,999",Suburb: Large,,,,,,,,0,,,
218335,Medical University of South Carolina,2023,Participates in Title IV federal financial aid programs,"1,000 - 4,999",281,107,12,122,12,,,"1,000 - 4,999",City: Midsize,,,,,,,,0,0.38,,
203942,Medina County Career Center,2023,Participates in Title IV federal financial aid programs,"Under 1,000",52,0,0,9,39,,,"Under 1,000",Rural: Fringe,18026,,,,,,,0,0.00,,
220792,Meharry Medical College,2023,Participates in Title IV federal financial aid programs,"1,000 - 4,999",0,0,0,0,,,,"1,000 - 4,999",City: Large,,,,,,,,0,,,
192970,Memorial Hospital School of Radiation Therapy Technology,2023,Participates in Title IV federal financial aid programs,"Under 1,000",12,0,0,10,0,,,"Under 1,000",City: Large,,,,,,,,0,0.00,,
220871,Memphis Theological Seminary,2023,Participates in Title IV federal financial aid programs,"Under 1,000",0,0,0,0,,,,"Under 1,000",City: Large,,,,,,,,0,,,
118684,Mendocino College,2023,Participates in Title IV federal financial aid programs,"1,000 - 4,999",4032,304,3182,1591,25,,23725,"1,000 - 4,999",Rural: Fringe,8081,,,,,,,0,0.08,,
118693,Menlo College,2023,Participates in Title IV federal financial aid programs,"Under 1,000",831,116,22,44,29,68,76920,"Under 1,000",Suburb: Large,28158,,,,55,31,51,0,0.14,,
118718,Merced College,2023,Participates in Title IV federal financial aid programs,"10,000 - 19,999",11835,673,6988,3453,33,,27755,"10,000 - 19,999",City: Small,6271,,,,,,,0,0.06,,
366632,Mercer County Career Center,2023,Deferment only - limited participation,"Under 1,000",,,,,,,,"Under 1,000",Rural: Distant,,,,,,,,0,,,
185509,Mercer County Community College,2023,Participates in Title IV federal financial aid programs,"5,000 - 9,999",6219,353,4190,1662,30,,20757,"5,000 - 9,999",Rural: Fringe,5333,,,,,,,0,0.06,,
237543,Mercer County Technical Education Center,2023,Participates in Title IV federal financial aid programs,"Under 1,000",102,0,37,42,47,,,"Under 1,000",Town: Distant,3430,,,,,,,0,0.00,,
140447,Mercer University,2023,Participates in Title IV federal financial aid programs,"5,000 - 9,999",4807,462,630,1109,33,66,59482,"5,000 - 9,999",City: Midsize,24197,680,670,31,74,64,73,1350,0.10,,
153977,Mercy College of Health Sciences,2023,Participates in Title IV federal financial aid programs,"Under 1,000",905,331,444,455,34,99,36170,"Under 1,000",City: Midsize,24881,,,,50,45,55,0,0.37,,
203960,Mercy College of Ohio,2023,Participates in Title IV federal financial aid programs,"1,000 - 4,999",999,187,736,625,36,43,33970,"1,000 - 4,999",City: Large,15705,570,500,22,58,4,38,1070,0.19,,
193016,Mercy University,2023,Participates in Title IV federal financial aid programs,"5,000 - 9,999",6482,603,1559,1584,47,85,37378,"5,000 - 9,999",Suburb: Large,16776,,,,50,34,48,0,0.09,,
366571,Mercy-St Luke's School of Radiologic Technology,2023,Participates in Title IV federal financial aid programs,"Under 1,000",21,0,0,3,27,,,"Under 1,000",City: Midsize,,,,,,,,0,0.00,,
213987,Mercyhurst University,2023,Participates in Title IV federal financial aid programs,"1,000 - 4,999",2292,74,163,154,30,83,59221,"1,000 - 4,999",City: Small,26962,,,,66,57,65,0,0.03,,
198950,Meredith College,2023,Participates in Title IV federal financial aid programs,"1,000 - 4,999",1309,64,67,54,33,75,59546,"1,000 - 4,999",City: Large,23405,650,610,30,69,58,65,1260,0.05,,
175935,Meridian Community College,2023,Participates in Title IV federal financial aid programs,"1,000 - 4,999",2556,821,852,682,40,,18312,"1,000 - 4,999",Town: Remote,7352,,,,,,,0,0.32,,
365480,Meridian Technology Center,2023,Participates in Title IV federal financial aid programs,"Under 1,000",896,0,779,104,11,,,"Under 1,000",Town: Distant,8778,,,,,,,0,0.00,,
427308,Merkaz Bnos-Business School,2023,Participates in Title IV federal financial aid programs,"Under 1,000",153,0,0,145,100,,,"Under 1,000",City: Large,25008,,,,,,,0,0.00,,
166850,Merrimack College,2023,Participates in Title IV federal financial aid programs,"5,000 - 9,999",4199,102,239,79,15,74,74281,"5,000 - 9,999",Suburb: Large,38849,,,,69,65,72,0,0.02,,
118772,Merritt College,2023,Participates in Title IV federal financial aid programs,"5,000 - 9,999",6716,1172,5693,3304,9,,31753,"5,000 - 9,999",City: Large,17718,,,,,,,0,0.17,,
105154,Mesa Community College,2023,Participates in Title IV federal financial aid programs,"10,000 - 19,999",16624,1701,12247,5419,20,,25998,"10,000 - 19,999",City: Large,13767,,,,,,,0,0.10,,
188261,Mesalands Community College,2023,Participates in Title IV federal financial aid programs,"Under 1,000",482,107,356,247,11,,18910,"Under 1,000",Town: Remote,11423,,,,,,,0,0.22,,
193061,Mesivta of Eastern Parkway-Yeshiva Zichron Meilech,2023,Participates in Title IV federal financial aid programs,"Under 1,000",41,1,0,0,66,63,,"Under 1,000",City: Large,9001,,,,0,0,25,0,0.02,,
193052,Mesivta Torah Vodaath Rabbinical Seminary,2023,Participates in Title IV federal financial aid programs,"Under 1,000",337,112,0,61,54,90,40430,"Under 1,000",City: Large,9775,,,,33,0,22,0,0.33,,
193070,Mesivtha Tifereth Jerusalem of America,2023,Participates in Title IV federal financial aid programs,"Under 1,000",45,0,0,1,35,61,18560,"Under 1,000",City: Large,10373,,,,11,0,17,0,0.00,,
417752,Messenger College,2023,Participates in Title IV federal financial aid programs,"Under 1,000",26,5,1,9,84,50,36481,"Under 1,000",Suburb: Large,18221,,,,46,33,56,0,0.19,,
213996,Messiah University,2023,Participates in Title IV federal financial aid programs,"1,000 - 4,999",2586,69,332,45,20,78,58090,"1,000 - 4,999",Suburb: Large,29882,670,670,30,77,74,78,1340,0.03,,
147129,Methodist College,2023,Participates in Title IV federal financial aid programs,"Under 1,000",374,46,205,242,56,31,46874,"Under 1,000",City: Midsize,35461,,,,56,75,75,0,0.12,,
203997,Methodist Theological School in Ohio,2023,Participates in Title IV federal financial aid programs,"Under 1,000",0,0,0,0,,,,"Under 1,000",Suburb: Large,,,,,,,,0,,,
198969,Methodist University,2023,Participates in Title IV federal financial aid programs,"1,000 - 4,999",1436,131,90,262,39,75,55714,"1,000 - 4,999",City: Midsize,25786,630,590,25,39,26,40,1220,0.09,,
490489,Metro Detroit Barber College,2023,Participates in Title IV federal financial aid programs,"Under 1,000",30,0,6,17,64,,,"Under 1,000",City: Large,15909,,,,,,,0,0.00,,
363165,Metro Technology Centers,2023,Participates in Title IV federal financial aid programs,"1,000 - 4,999",1337,0,955,192,15,,,"1,000 - 4,999",City: Large,7184,,,,,,,0,0.00,,
190114,Metropolitan College of New York,2023,Participates in Title IV federal financial aid programs,"Under 1,000",430,70,119,393,61,77,37998,"Under 1,000",City: Large,27481,,,,26,19,21,0,0.16,,
181303,Metropolitan Community College Area,2023,Participates in Title IV federal financial aid programs,"10,000 - 19,999",15964,971,11111,3616,20,,17376,"10,000 - 19,999",City: Large,4691,,,,,,,0,0.06,,
177995,Metropolitan Community College-Kansas City,2023,Participates in Title IV federal financial aid programs,"10,000 - 19,999",12994,1133,7414,3187,30,,25920,"10,000 - 19,999",City: Large,8711,,,,,,,0,0.09,,
441575,Metropolitan Learning Institute,2023,Participates in Title IV federal financial aid programs,"Under 1,000",318,0,0,283,78,,,"Under 1,000",City: Large,9526,,,,,,,0,0.00,,
174020,Metropolitan State University,2023,Participates in Title IV federal financial aid programs,"5,000 - 9,999",5271,1253,2719,2842,44,96,36208,"5,000 - 9,999",City: Large,18233,,,23,38,19,38,0,0.24,,
127565,Metropolitan State University of Denver,2023,Participates in Title IV federal financial aid programs,"10,000 - 19,999",16430,1867,7108,4800,35,99,33039,"10,000 - 19,999",City: Large,13727,570,540,23,34,13,30,1110,0.11,,
166869,MGH Institute of Health Professions,2023,Participates in Title IV federal financial aid programs,"1,000 - 4,999",311,0,208,161,0,,,"1,000 - 4,999",City: Large,,,,,,,,0,0.00,,
135717,Miami Dade College,2023,Participates in Title IV federal financial aid programs,"20,000 and above",39139,896,20780,9800,45,,37406,"20,000 and above",City: Large,5367,,,,,,,0,0.02,,
135647,Miami Lakes Educational Center and Technical College,2023,Participates in Title IV federal financial aid programs,"Under 1,000",730,0,512,160,10,,,"Under 1,000",Suburb: Large,2420,,,,,,,0,0.00,,
204006,Miami University-Hamilton,2023,Participates in Title IV federal financial aid programs,"1,000 - 4,999",2345,173,678,371,30,,21734,"1,000 - 4,999",Suburb: Large,12407,,,,19,10,20,0,0.07,,
204015,Miami University-Middletown,2023,Participates in Title IV federal financial aid programs,"1,000 - 4,999",1213,75,485,216,23,,21734,"1,000 - 4,999",Suburb: Small,13457,,,,19,11,22,0,0.06,,
204024,Miami University-Oxford,2023,Participates in Title IV federal financial aid programs,"10,000 - 19,999",16478,330,472,189,11,82,38757,"10,000 - 19,999",Town: Fringe,27928,690,690,31,83,73,82,1380,0.02,,
204158,Miami Valley Career Technology Center,2023,Participates in Title IV federal financial aid programs,"Under 1,000",84,0,0,62,38,,,"Under 1,000",Suburb: Large,,,,,,,,0,0.00,,
172422,Michigan Career and Technical Institute,2023,Participates in Title IV federal financial aid programs,"Under 1,000",118,0,0,6,34,,17050,"Under 1,000",Rural: Distant,10710,,,,,,,0,0.00,,
169220,Michigan School of Psychology,2023,Participates in Title IV federal financial aid programs,"Under 1,000",0,0,0,0,,,,"Under 1,000",City: Small,,,,,,,,0,,,
171100,Michigan State University,2023,Participates in Title IV federal financial aid programs,"20,000 and above",40483,1546,2991,739,20,84,32668,"20,000 and above",City: Small,24630,670,680,31,83,65,83,1350,0.04,,
171128,Michigan Technological University,2023,Participates in Title IV federal financial aid programs,"5,000 - 9,999",5892,173,277,168,18,88,34758,"5,000 - 9,999",Town: Remote,17928,660,670,31,71,34,69,1330,0.03,,
171155,Mid Michigan College,2023,Participates in Title IV federal financial aid programs,"1,000 - 4,999",3416,248,2427,676,32,,25462,"1,000 - 4,999",Rural: Fringe,8954,,,,,,,0,0.07,,
245953,Mid-America Christian University,2023,Participates in Title IV federal financial aid programs,"1,000 - 4,999",1636,263,640,901,40,,32943,"1,000 - 4,999",City: Large,16187,,,,36,30,32,0,0.16,,
151962,Mid-America College of Funeral Service,2023,Participates in Title IV federal financial aid programs,"Under 1,000",337,31,71,240,56,,36510,"Under 1,000",Suburb: Large,23905,,,,19,,,0,0.09,,
418320,Mid-America Technology Center,2023,Participates in Title IV federal financial aid programs,"1,000 - 4,999",1024,0,977,22,4,,,"1,000 - 4,999",Rural: Distant,1350,,,,,,,0,0.00,,
199458,Mid-Atlantic Christian University,2023,Participates in Title IV federal financial aid programs,"Under 1,000",177,14,44,38,47,76,35420,"Under 1,000",Town: Distant,26793,,,,46,35,43,0,0.08,,
431017,Mid-Del Technology Center,2023,Participates in Title IV federal financial aid programs,"Under 1,000",372,0,296,31,16,,,"Under 1,000",Suburb: Large,12555,,,,,,,0,0.00,,
389860,Mid-EastCTC-Adult Education,2023,Participates in Title IV federal financial aid programs,"Under 1,000",268,0,103,139,21,,,"Under 1,000",Rural: Fringe,,,,,,,,0,0.00,,
181312,Mid-Plains Community College,2023,Participates in Title IV federal financial aid programs,"1,000 - 4,999",2066,68,1356,334,18,,13870,"1,000 - 4,999",Rural: Fringe,7223,,,,,,,0,0.03,,
481225,Mid-South Christian College,2023,Participates in Title IV federal financial aid programs,"Under 1,000",24,4,3,14,35,100,31765,"Under 1,000",City: Large,15877,,,,100,75,75,0,0.17,,
239220,Mid-State Technical College,2023,Participates in Title IV federal financial aid programs,"1,000 - 4,999",2918,223,2231,993,24,,20900,"1,000 - 4,999",Town: Distant,10303,,,,,,,0,0.08,,
155520,MidAmerica Nazarene University,2023,Participates in Title IV federal financial aid programs,"1,000 - 4,999",1185,156,262,177,28,73,62706,"1,000 - 4,999",Suburb: Large,29992,570,548,23,45,37,46,1118,0.13,,
482158,Middle Georgia State University,2023,Participates in Title IV federal financial aid programs,"5,000 - 9,999",7485,755,3202,2026,41,100,23807,"5,000 - 9,999",City: Midsize,13326,610,570,22,29,11,26,1180,0.10,,
220996,Middle Tennessee School of Anesthesia Inc,2023,Participates in Title IV federal financial aid programs,"Under 1,000",0,0,0,0,,,,"Under 1,000",City: Large,,,,,,,,0,,,
220978,Middle Tennessee State University,2023,Participates in Title IV federal financial aid programs,"20,000 and above",17668,1573,3718,2408,31,68,28008,"20,000 and above",City: Midsize,12700,630,600,26,55,38,54,1230,0.09,,
230959,Middlebury College,2023,Participates in Title IV federal financial aid programs,"1,000 - 4,999",2800,6,22,10,17,10,80060,"1,000 - 4,999",Town: Distant,22912,770,780,34,91,71,93,1550,0.00,,
119058,Middlebury Institute of International Studies at Monterey,2023,Participates in Title IV federal financial aid programs,"Under 1,000",12,0,1,5,6,,,"Under 1,000",Suburb: Midsize,,,,,,,,0,0.00,,
185536,Middlesex College,2023,Participates in Title IV federal financial aid programs,"10,000 - 19,999",11471,304,7252,2028,35,,29482,"10,000 - 19,999",Suburb: Large,6958,,,,,,,0,0.03,,
166887,Middlesex Community College,2023,Participates in Title IV federal financial aid programs,"5,000 - 9,999",8280,551,6604,1999,19,,19748,"5,000 - 9,999",Suburb: Large,2985,,,,,,,0,0.07,,
129756,Middlesex Community College,2023,Participates in Title IV federal financial aid programs,Not applicable,,,,,,,,Not applicable,Rural: Fringe,,,,,,,,0,,,
487816,Midfield Institute of Cosmetology,2023,Participates in Title IV federal financial aid programs,"Under 1,000",13,0,0,8,100,,,"Under 1,000",Suburb: Large,10844,,,,,,,0,0.00,,
226806,Midland College,2023,Participates in Title IV federal financial aid programs,"5,000 - 9,999",5219,206,3676,1128,19,,24673,"5,000 - 9,999",City: Midsize,6396,,,,,,,0,0.04,,
181330,Midland University,2023,Participates in Title IV federal financial aid programs,"1,000 - 4,999",1333,98,154,72,28,67,56148,"1,000 - 4,999",Town: Distant,24143,550,560,24,45,35,43,1110,0.07,,
218353,Midlands Technical College,2023,Participates in Title IV federal financial aid programs,"5,000 - 9,999",8978,791,5309,2718,39,,26489,"5,000 - 9,999",Suburb: Large,5433,,,,,,,0,0.09,,
157377,Midway University,2023,Participates in Title IV federal financial aid programs,"1,000 - 4,999",1687,142,592,278,46,95,53080,"1,000 - 4,999",Rural: Distant,24739,590,530,25,59,46,46,1120,0.08,,
178208,Midwestern Baptist Theological Seminary,2023,Participates in Title IV federal financial aid programs,"1,000 - 4,999",1067,129,597,537,31,94,29828,"1,000 - 4,999",City: Large,25380,,,,36,33,67,0,0.12,,
226833,Midwestern State University,2023,Participates in Title IV federal financial aid programs,"5,000 - 9,999",4508,397,1334,971,40,87,25126,"5,000 - 9,999",City: Midsize,11798,,,,49,23,41,0,0.09,,
143853,Midwestern University-Downers Grove,2023,Participates in Title IV federal financial aid programs,"1,000 - 4,999",0,0,0,0,,,,"1,000 - 4,999",City: Small,,,,,,,,0,,,
423643,Midwestern University-Glendale,2023,Participates in Title IV federal financial aid programs,"1,000 - 4,999",0,0,0,0,,,,"1,000 - 4,999",Suburb: Large,,,,,,,,0,,,
480985,Midwives College of Utah,2023,Participates in Title IV federal financial aid programs,"Under 1,000",253,28,0,232,52,60,55776,"Under 1,000",City: Midsize,26463,,,,0,0,0,0,0.11,,
418481,Mifflin County Academy of Science and Technology,2023,Participates in Title IV federal financial aid programs,"Under 1,000",38,0,0,20,40,41,,"Under 1,000",Town: Distant,18214,,,,,,,0,0.00,,
101675,Miles College,2023,Participates in Title IV federal financial aid programs,"1,000 - 4,999",1151,54,45,161,76,,26801,"1,000 - 4,999",Suburb: Large,14633,,,,24,16,26,0,0.05,,
180373,Miles Community College,2023,Participates in Title IV federal financial aid programs,"Under 1,000",670,33,411,160,24,,20873,"Under 1,000",Town: Remote,9840,,,,,,,0,0.05,,
214041,Millersville University of Pennsylvania,2023,Participates in Title IV federal financial aid programs,"5,000 - 9,999",5724,431,1044,659,27,89,29222,"5,000 - 9,999",Suburb: Large,20860,620,590,,58,34,54,1210,0.08,,
486901,Milligan University,2023,Participates in Title IV federal financial aid programs,"1,000 - 4,999",834,58,68,33,23,70,53406,"1,000 - 4,999",Suburb: Midsize,21463,640,650,27,70,53,60,1290,0.07,,
147244,Millikin University,2023,Participates in Title IV federal financial aid programs,"1,000 - 4,999",1570,94,133,105,35,54,59480,"1,000 - 4,999",City: Small,10078,600,570,24,56,49,59,1170,0.06,,
175980,Millsaps College,2023,Participates in Title IV federal financial aid programs,"Under 1,000",582,24,4,9,36,49,60467,"Under 1,000",City: Midsize,26739,,,,62,58,60,0,0.04,,
239248,Milwaukee Area Technical College,2023,Participates in Title IV federal financial aid programs,"10,000 - 19,999",13190,1241,9977,6443,41,,21149,"10,000 - 19,999",City: Large,9047,,,,,,,0,0.09,,
239309,Milwaukee Institute of Art & Design,2023,Participates in Title IV federal financial aid programs,"Under 1,000",885,49,15,27,36,63,55602,"Under 1,000",City: Large,28024,620,520,28,53,53,63,1140,0.06,,
239318,Milwaukee School of Engineering,2023,Participates in Title IV federal financial aid programs,"1,000 - 4,999",2653,143,109,139,23,60,67749,"1,000 - 4,999",City: Large,26122,,,,67,50,72,0,0.05,,
178217,Mineral Area College,2023,Participates in Title IV federal financial aid programs,"1,000 - 4,999",2389,108,976,354,31,,24370,"1,000 - 4,999",Town: Distant,10959,,,,,,,0,0.05,,
368647,Mineral County Vocational Technical Center,2023,Participates in Title IV federal financial aid programs,"Under 1,000",14,0,0,6,44,,,"Under 1,000",Town: Remote,1209,,,,,,,0,0.00,,
484844,Minerva University,2023,"Not currently participating in Title IV, does not have OPE ID number","Under 1,000",603,0,0,5,0,4,,"Under 1,000",City: Large,16556,,,,81,76,89,0,0.00,,
486202,Mingo Extended Learning Center,2023,Participates in Title IV federal financial aid programs,"Under 1,000",13,0,0,5,57,100,,"Under 1,000",Rural: Remote,1185,,,,,,,0,0.00,,
174127,Minneapolis College of Art and Design,2023,Participates in Title IV federal financial aid programs,"Under 1,000",714,37,14,45,40,48,60374,"Under 1,000",City: Large,27031,750,680,24,66,60,69,1430,0.05,,
174136,Minneapolis Community and Technical College,2023,Participates in Title IV federal financial aid programs,"5,000 - 9,999",6269,731,4238,2354,40,,26098,"5,000 - 9,999",City: Large,13115,,,,,,,0,0.12,,
173735,Minnesota North College,2023,Participates in Title IV federal financial aid programs,"1,000 - 4,999",3020,289,1044,503,30,,19386,"1,000 - 4,999",Town: Remote,9957,,,,,,,0,0.10,,
175263,Minnesota State College Southeast,2023,Participates in Title IV federal financial aid programs,"1,000 - 4,999",2020,259,1246,581,22,,43620,"1,000 - 4,999",Town: Distant,14441,,,,,,,0,0.13,,
173559,Minnesota State Community and Technical College,2023,Participates in Title IV federal financial aid programs,"5,000 - 9,999",5414,345,3507,1017,25,,19760,"5,000 - 9,999",Rural: Fringe,9646,,,,,,,0,0.06,,
174358,Minnesota State University Moorhead,2023,Participates in Title IV federal financial aid programs,"1,000 - 4,999",3413,309,737,620,27,53,25700,"1,000 - 4,999",Suburb: Midsize,18231,,,24,59,36,54,0,0.09,,
173920,Minnesota State University-Mankato,2023,Participates in Title IV federal financial aid programs,"10,000 - 19,999",12897,1014,2976,1403,20,91,24428,"10,000 - 19,999",City: Small,17227,,,25,54,33,54,0,0.08,,
173638,Minnesota West Community and Technical College,2023,Participates in Title IV federal financial aid programs,"1,000 - 4,999",3438,181,2415,1058,14,,19084,"1,000 - 4,999",Rural: Remote,11067,,,,,,,0,0.05,,
200253,Minot State University,2023,Participates in Title IV federal financial aid programs,"1,000 - 4,999",2474,253,753,527,24,72,21694,"1,000 - 4,999",City: Small,12349,580,600,24,49,28,48,1180,0.10,,
118912,MiraCosta College,2023,Participates in Title IV federal financial aid programs,"10,000 - 19,999",11707,1093,7352,4079,27,,33798,"10,000 - 19,999",Suburb: Large,7972,,,,,96,96,0,0.09,,
193247,Mirrer Yeshiva Cent Institute,2023,Participates in Title IV federal financial aid programs,"Under 1,000",102,5,0,0,37,78,34205,"Under 1,000",City: Large,11993,,,,15,0,4,0,0.05,,
214069,Misericordia University,2023,Participates in Title IV federal financial aid programs,"1,000 - 4,999",1670,62,213,230,19,85,51744,"1,000 - 4,999",Suburb: Large,25090,,,,71,59,69,0,0.04,,
211130,Missio Theological Seminary,2023,Participates in Title IV federal financial aid programs,"Under 1,000",0,0,0,0,,,,"Under 1,000",City: Large,,,,,,,,0,,,
118930,Mission College,2023,Participates in Title IV federal financial aid programs,"5,000 - 9,999",6669,890,5103,2849,16,,28717,"5,000 - 9,999",City: Midsize,7771,,,,,,,0,0.13,,
176664,Mission University,2023,Participates in Title IV federal financial aid programs,"Under 1,000",342,34,54,66,49,,28430,"Under 1,000",City: Midsize,21138,,,,31,24,35,0,0.10,,
176053,Mississippi College,2023,Participates in Title IV federal financial aid programs,"1,000 - 4,999",2706,304,385,156,26,49,42118,"1,000 - 4,999",Suburb: Large,21135,,,26,63,54,63,0,0.11,,
176008,Mississippi Delta Community College,2023,Participates in Title IV federal financial aid programs,"1,000 - 4,999",2037,429,719,338,49,,16340,"1,000 - 4,999",Rural: Distant,2616,,,,,,,0,0.21,,
176071,Mississippi Gulf Coast Community College,2023,Participates in Title IV federal financial aid programs,"5,000 - 9,999",8091,353,3404,1798,41,,16325,"5,000 - 9,999",Rural: Distant,6638,,,,,,,0,0.04,,
176080,Mississippi State University,2023,Participates in Title IV federal financial aid programs,"20,000 and above",18230,1748,1647,1367,29,76,29677,"20,000 and above",Town: Remote,16480,690,720,29,61,43,63,1410,0.10,,
176035,Mississippi University for Women,2023,Participates in Title IV federal financial aid programs,"1,000 - 4,999",1995,493,535,418,42,100,22892,"1,000 - 4,999",Town: Remote,12617,,,23,45,24,37,0,0.25,,
176044,Mississippi Valley State University,2023,Participates in Title IV federal financial aid programs,"1,000 - 4,999",2005,172,878,276,60,51,24563,"1,000 - 4,999",Rural: Distant,12304,,,18,28,14,22,0,0.09,,
178244,Missouri Baptist University,2023,Participates in Title IV federal financial aid programs,"5,000 - 9,999",4889,281,3518,326,13,64,48729,"5,000 - 9,999",Suburb: Large,26117,560,610,19,42,33,48,1170,0.06,,
178341,Missouri Southern State University,2023,Participates in Title IV federal financial aid programs,"1,000 - 4,999",3930,378,1336,745,35,97,24840,"1,000 - 4,999",City: Small,11264,600,570,24,38,23,35,1170,0.10,,
179566,Missouri State University-Springfield,2023,Participates in Title IV federal financial aid programs,"20,000 and above",19259,1263,7646,1741,21,91,26358,"20,000 and above",City: Midsize,17104,620,600,25,61,42,57,1220,0.07,,
179344,Missouri State University-West Plains,2023,Participates in Title IV federal financial aid programs,"1,000 - 4,999",1726,45,1040,240,27,,23008,"1,000 - 4,999",Town: Remote,9340,,,,,,,0,0.03,,
178411,Missouri University of Science and Technology,2023,Participates in Title IV federal financial aid programs,"5,000 - 9,999",5510,279,556,221,21,73,,"5,000 - 9,999",Town: Remote,14414,670,708,31,65,27,64,1378,0.05,,
178369,Missouri Valley College,2023,Participates in Title IV federal financial aid programs,"1,000 - 4,999",1558,147,305,71,30,53,38730,"1,000 - 4,999",Town: Remote,18396,560,580,22,25,18,25,1140,0.09,,
178387,Missouri Western State University,2023,Participates in Title IV federal financial aid programs,"1,000 - 4,999",3604,172,1472,334,28,,24645,"1,000 - 4,999",City: Small,12764,,,,39,24,40,0,0.05,,
129774,Mitchell College,2023,Participates in Title IV federal financial aid programs,"Under 1,000",500,21,91,45,39,73,58490,"Under 1,000",City: Small,31760,,,,42,39,44,0,0.04,,
198987,Mitchell Community College,2023,Participates in Title IV federal financial aid programs,"1,000 - 4,999",3617,60,2722,496,21,,23307,"1,000 - 4,999",Town: Fringe,8177,,,,,,,0,0.02,,
175281,Mitchell Hamline School of Law,2023,Participates in Title IV federal financial aid programs,"1,000 - 4,999",0,0,0,0,,,,"1,000 - 4,999",City: Large,,,,,,,,0,,,
219189,Mitchell Technical College,2023,Participates in Title IV federal financial aid programs,"1,000 - 4,999",1132,67,305,133,30,,17624,"1,000 - 4,999",Town: Remote,12868,,,,,,,0,0.06,,
178448,Moberly Area Community College,2023,Participates in Title IV federal financial aid programs,"1,000 - 4,999",4997,173,2906,651,22,,19174,"1,000 - 4,999",Town: Distant,7046,,,,,,,0,0.03,,
118976,Modesto Junior College,2023,Participates in Title IV federal financial aid programs,"10,000 - 19,999",17152,789,11368,4989,26,,26068,"10,000 - 19,999",City: Midsize,13093,,,,,0,0,0,0.05,,
105206,Mohave Community College,2023,Participates in Title IV federal financial aid programs,"1,000 - 4,999",3693,111,2936,1469,31,,14202,"1,000 - 4,999",Rural: Fringe,6806,,,,,,,0,0.03,,
193283,Mohawk Valley Community College,2023,Participates in Title IV federal financial aid programs,"5,000 - 9,999",5762,172,3288,901,29,,22150,"5,000 - 9,999",City: Small,8149,,,,,,,0,0.03,,
193292,Molloy College,2023,Participates in Title IV federal financial aid programs,"1,000 - 4,999",3259,270,579,517,30,76,55831,"1,000 - 4,999",Suburb: Large,25938,660,650,29,71,49,73,1310,0.08,,
147341,Monmouth College,2023,Participates in Title IV federal financial aid programs,"Under 1,000",727,28,2,6,31,87,57870,"Under 1,000",Town: Distant,19088,630,600,27,57,50,57,1230,0.04,,
185572,Monmouth University,2023,Participates in Title IV federal financial aid programs,"1,000 - 4,999",3842,201,133,91,30,90,65465,"1,000 - 4,999",Suburb: Large,33228,640,630,28,70,62,70,1270,0.05,,
237561,Monongalia County Technical Education Center,2023,Participates in Title IV federal financial aid programs,"Under 1,000",48,0,0,18,39,50,,"Under 1,000",City: Small,4865,,,,,,,0,0.00,,
451459,Monroe 2 Orleans BOCES-Center for Workforce Development,2023,"Not currently participating in Title IV, has an OPE ID number","Under 1,000",,,,,88,,,"Under 1,000",Suburb: Large,,,,,,,,0,,,
193326,Monroe Community College,2023,Participates in Title IV federal financial aid programs,"5,000 - 9,999",8530,625,3836,2936,47,,18706,"5,000 - 9,999",Suburb: Large,6621,,,,,,,0,0.07,,
171225,Monroe County Community College,2023,Participates in Title IV federal financial aid programs,"1,000 - 4,999",2250,88,1742,583,25,,18904,"1,000 - 4,999",Rural: Fringe,4598,,,,,,,0,0.04,,
262165,Montana Bible College,2023,Deferment only - limited participation,"Under 1,000",47,8,16,9,0,85,24600,"Under 1,000",Suburb: Midsize,15030,,,,,57,57,0,0.17,,
180461,Montana State University,2023,Participates in Title IV federal financial aid programs,"10,000 - 19,999",14872,562,2043,1157,17,87,26671,"10,000 - 19,999",City: Small,18511,640,630,27,56,36,57,1270,0.04,,
180179,Montana State University Billings,2023,Participates in Title IV federal financial aid programs,"1,000 - 4,999",3765,278,1861,1144,26,,23696,"1,000 - 4,999",City: Midsize,13252,,,,28,15,28,0,0.07,,
180522,Montana State University-Northern,2023,Participates in Title IV federal financial aid programs,"1,000 - 4,999",982,61,300,212,30,,17895,"1,000 - 4,999",Town: Remote,11789,,,,39,23,35,0,0.06,,
180416,Montana Technological University,2023,Participates in Title IV federal financial aid programs,"1,000 - 4,999",1435,71,95,181,21,90,24888,"1,000 - 4,999",Town: Remote,15866,620,630,25,59,36,58,1250,0.05,,
171234,Montcalm Community College,2023,Participates in Title IV federal financial aid programs,"1,000 - 4,999",1587,100,1270,516,29,,22645,"1,000 - 4,999",Rural: Distant,4750,,,,,,,0,0.06,,
185590,Montclair State University,2023,Participates in Title IV federal financial aid programs,"20,000 and above",18062,1378,1794,1493,44,87,38564,"20,000 and above",Suburb: Large,13880,620,605,,69,46,64,1225,0.08,,
193380,Montefiore School of Nursing,2023,Participates in Title IV federal financial aid programs,"Under 1,000",115,26,114,100,37,,,"Under 1,000",Suburb: Large,,,,,,,,0,0.23,,
119067,Monterey Peninsula College,2023,Participates in Title IV federal financial aid programs,"5,000 - 9,999",7351,757,5219,2661,19,,40430,"5,000 - 9,999",Suburb: Midsize,14880,,,,,,,0,0.10,,
127954,Montessori Education Center of the Rockies,2023,Participates in Title IV federal financial aid programs,"Under 1,000",6,0,0,0,17,80,,"Under 1,000",City: Large,4012,,,,,,,0,0.00,,
163426,Montgomery College,2023,Participates in Title IV federal financial aid programs,"10,000 - 19,999",17780,796,11657,3870,25,,33259,"10,000 - 19,999",City: Small,8668,,,,,,,0,0.04,,
199023,Montgomery Community College,2023,Participates in Title IV federal financial aid programs,"1,000 - 4,999",1085,17,619,254,28,,19953,"1,000 - 4,999",Rural: Distant,9224,,,,,,,0,0.02,,
214111,Montgomery County Community College,2023,Participates in Title IV federal financial aid programs,"5,000 - 9,999",8895,692,6443,2501,29,,30156,"5,000 - 9,999",Suburb: Large,9436,,,,,,,0,0.08,,
199032,Montreat College,2023,Participates in Title IV federal financial aid programs,"Under 1,000",759,67,83,111,40,66,48560,"Under 1,000",Suburb: Large,26294,,,,31,28,41,0,0.09,,
166911,Montserrat College of Art,2023,Participates in Title IV federal financial aid programs,"Under 1,000",276,12,23,13,33,,59775,"Under 1,000",Suburb: Large,35885,,,,64,44,62,0,0.04,,
433040,Monty Tech,2023,Participates in Title IV federal financial aid programs,"Under 1,000",33,0,0,22,44,100,,"Under 1,000",Suburb: Midsize,29767,,,,,,,0,0.00,,
147369,Moody Bible Institute,2023,Participates in Title IV federal financial aid programs,"1,000 - 4,999",1624,224,354,432,33,98,35168,"1,000 - 4,999",City: Large,23950,,,,58,40,63,0,0.14,,
214148,Moore College of Art and Design,2023,Participates in Title IV federal financial aid programs,"Under 1,000",390,34,7,30,41,61,75147,"Under 1,000",City: Large,44371,688,723,31,57,53,63,1411,0.09,,
248606,Moore Norman Technology Center,2023,Participates in Title IV federal financial aid programs,"1,000 - 4,999",1242,0,1083,66,5,,,"1,000 - 4,999",Rural: Fringe,4730,,,,,,,0,0.00,,
119137,Moorpark College,2023,Participates in Title IV federal financial aid programs,"10,000 - 19,999",14091,1364,9259,3078,19,,25212,"10,000 - 19,999",Suburb: Midsize,4601,,,,,,,0,0.10,,
239372,Moraine Park Technical College,2023,Participates in Title IV federal financial aid programs,"1,000 - 4,999",3532,239,2713,1008,20,,20640,"1,000 - 4,999",City: Small,10074,,,,,,,0,0.07,,
147378,Moraine Valley Community College,2023,Participates in Title IV federal financial aid programs,"10,000 - 19,999",11144,263,7094,1893,29,,33985,"10,000 - 19,999",Suburb: Large,1704,,,,,,,0,0.02,,
214157,Moravian University,2023,Participates in Title IV federal financial aid programs,"1,000 - 4,999",2006,129,131,162,27,54,69684,"1,000 - 4,999",City: Small,30720,630,600,28,68,65,71,1230,0.06,,
157386,Morehead State University,2023,Participates in Title IV federal financial aid programs,"5,000 - 9,999",8058,233,3528,513,29,82,25464,"5,000 - 9,999",Town: Remote,10017,,,,46,37,49,0,0.03,,
140553,Morehouse College,2023,Participates in Title IV federal financial aid programs,"1,000 - 4,999",2738,78,364,349,44,51,62824,"1,000 - 4,999",City: Large,34733,,,23,51,36,53,0,0.03,,
140562,Morehouse School of Medicine,2023,Participates in Title IV federal financial aid programs,"Under 1,000",0,0,0,0,,,,"Under 1,000",City: Large,,,,,,,,0,,,
460394,Moreno Valley College,2023,Participates in Title IV federal financial aid programs,"10,000 - 19,999",10023,1850,8088,3638,20,,36070,"10,000 - 19,999",Suburb: Large,4543,,,,,,,0,0.18,,
127617,Morgan Community College,2023,Participates in Title IV federal financial aid programs,"1,000 - 4,999",1506,80,1195,299,21,,26728,"1,000 - 4,999",Rural: Fringe,9416,,,,,,,0,0.05,,
163453,Morgan State University,2023,Participates in Title IV federal financial aid programs,"5,000 - 9,999",8300,359,625,810,54,83,28338,"5,000 - 9,999",City: Large,15350,530,550,21,47,22,42,1080,0.04,,
154004,Morningside University,2023,Participates in Title IV federal financial aid programs,"1,000 - 4,999",1177,61,68,64,32,71,54804,"1,000 - 4,999",City: Small,23482,,,22,54,42,53,0,0.05,,
140571,MORRIS BROWN COLLEGE,2023,Participates in Title IV federal financial aid programs,"Under 1,000",343,59,82,171,62,,29613,"Under 1,000",City: Large,19468,,,,,50,100,0,0.17,,
218399,Morris College,2023,Participates in Title IV federal financial aid programs,"Under 1,000",421,50,12,67,82,,30744,"Under 1,000",City: Small,20397,,,,26,7,20,0,0.12,,
365763,Morris County Vocational School District,2023,Participates in Title IV federal financial aid programs,"Under 1,000",32,0,0,26,44,100,,"Under 1,000",Suburb: Large,15560,,,,,,,0,0.00,,
147396,Morrison Institute of Technology,2023,Participates in Title IV federal financial aid programs,"Under 1,000",54,3,2,4,38,,36250,"Under 1,000",Rural: Distant,24269,,,,,,,0,0.06,,
147411,Morton College,2023,Participates in Title IV federal financial aid programs,"1,000 - 4,999",3653,89,2578,785,35,,28180,"1,000 - 4,999",Suburb: Large,7037,,,,,,,0,0.02,,
221096,Motlow State Community College,2023,Participates in Title IV federal financial aid programs,"5,000 - 9,999",6060,308,2959,1024,29,,24326,"5,000 - 9,999",Rural: Fringe,12063,,,,,,,0,0.05,,
169275,Mott Community College,2023,Participates in Title IV federal financial aid programs,"5,000 - 9,999",6482,128,4634,2434,35,,22719,"5,000 - 9,999",City: Small,6367,,,,,,,0,0.02,,
214166,Mount Aloysius College,2023,Participates in Title IV federal financial aid programs,"1,000 - 4,999",2942,91,1840,198,16,90,41656,"1,000 - 4,999",Town: Fringe,20570,540,565,24,49,45,52,1105,0.03,,
209241,Mount Angel Seminary,2023,Participates in Title IV federal financial aid programs,"Under 1,000",34,8,6,19,21,100,49498,"Under 1,000",Rural: Fringe,,,,,54,33,33,0,0.24,,
204176,Mount Carmel College of Nursing,2023,Participates in Title IV federal financial aid programs,"Under 1,000",575,105,112,244,30,57,27430,"Under 1,000",City: Large,11686,,,21,81,65,71,0,0.18,,
166939,Mount Holyoke College,2023,Participates in Title IV federal financial aid programs,"1,000 - 4,999",2209,37,18,52,20,38,81062,"1,000 - 4,999",Suburb: Large,35782,750,750,33,85,74,85,1500,0.02,,
219198,Mount Marty University,2023,Participates in Title IV federal financial aid programs,"1,000 - 4,999",1096,79,476,106,19,48,49426,"1,000 - 4,999",Town: Remote,23163,,,24,61,50,60,0,0.07,,
239390,Mount Mary University,2023,Participates in Title IV federal financial aid programs,"1,000 - 4,999",781,64,106,112,58,93,49659,"1,000 - 4,999",City: Large,19409,,,24,51,50,59,0,0.08,,
154013,Mount Mercy University,2023,Participates in Title IV federal financial aid programs,"1,000 - 4,999",1185,150,205,205,26,79,60270,"1,000 - 4,999",City: Midsize,23972,,,25,60,52,56,0,0.13,,
193353,Mount Saint Mary College,2023,Participates in Title IV federal financial aid programs,"1,000 - 4,999",1897,113,799,239,30,82,59210,"1,000 - 4,999",City: Small,24588,640,615,,63,52,66,1255,0.06,,
119173,Mount Saint Mary's University,2023,Participates in Title IV federal financial aid programs,"1,000 - 4,999",1767,174,155,246,55,69,74150,"1,000 - 4,999",City: Large,27434,,,,64,40,55,0,0.10,,
189282,Mount Sinai Phillips School of Nursing,2023,Participates in Title IV federal financial aid programs,"Under 1,000",273,123,57,146,2,,,"Under 1,000",City: Large,,,,,,0,0,0,0.45,,
204200,Mount St. Joseph University,2023,Participates in Title IV federal financial aid programs,"1,000 - 4,999",1446,62,384,68,27,57,48650,"1,000 - 4,999",Suburb: Large,15887,548,535,24,53,45,55,1083,0.04,,
163462,Mount St. Mary's University,2023,Participates in Title IV federal financial aid programs,"1,000 - 4,999",1873,78,154,106,27,72,60840,"1,000 - 4,999",Rural: Distant,25298,660,620,23,62,49,58,1280,0.04,,
204194,Mount Vernon Nazarene University,2023,Participates in Title IV federal financial aid programs,"1,000 - 4,999",1631,73,246,258,29,84,50624,"1,000 - 4,999",Town: Distant,23293,610,618,25,61,55,64,1228,0.04,,
166957,Mount Wachusett Community College,2023,Participates in Title IV federal financial aid programs,"1,000 - 4,999",3204,316,2311,1201,38,,21825,"1,000 - 4,999",Suburb: Midsize,8168,,,,,,,0,0.10,,
232788,Mountain Empire Community College,2023,Participates in Title IV federal financial aid programs,"1,000 - 4,999",2015,37,1087,469,41,,18909,"1,000 - 4,999",Town: Distant,7900,,,,,,,0,0.02,,
231873,Mountain Gateway Community College,2023,Participates in Title IV federal financial aid programs,"1,000 - 4,999",1002,25,695,143,24,,19378,"1,000 - 4,999",Rural: Fringe,6595,,,,,,,0,0.02,,
448248,Mountainland Technical College,2023,Participates in Title IV federal financial aid programs,"1,000 - 4,999",3758,0,3396,818,3,,,"1,000 - 4,999",City: Small,,,,,,,,0,0.00,,
444954,Mountwest Community and Technical College,2023,Participates in Title IV federal financial aid programs,"1,000 - 4,999",1459,184,750,439,41,,20319,"1,000 - 4,999",Suburb: Midsize,10103,,,,,,,0,0.13,,
209250,Mt Hood Community College,2023,Participates in Title IV federal financial aid programs,"5,000 - 9,999",6271,85,4193,2665,21,,29755,"5,000 - 9,999",Suburb: Large,6667,,,,,,,0,0.01,,
119164,Mt San Antonio College,2023,Participates in Title IV federal financial aid programs,"20,000 and above",28742,2074,18722,8552,34,,34424,"20,000 and above",Suburb: Large,5186,,,,,,,0,0.07,,
119216,Mt San Jacinto Community College District,2023,Participates in Title IV federal financial aid programs,"10,000 - 19,999",17215,1616,11005,5273,33,,23825,"10,000 - 19,999",Suburb: Midsize,8561,,,,,,,0,0.09,,
382258,Mt. Diablo Adult Education-Mt. Diablo USD,2023,Participates in Title IV federal financial aid programs,"Under 1,000",153,0,72,63,21,,,"Under 1,000",Suburb: Large,12260,,,,,,,0,0.00,,
214175,Muhlenberg College,2023,Participates in Title IV federal financial aid programs,"1,000 - 4,999",1788,39,41,56,21,64,77890,"1,000 - 4,999",City: Midsize,31814,710,690,31,82,70,80,1400,0.02,,
209287,Multnomah University,2023,Participates in Title IV federal financial aid programs,"Under 1,000",330,79,34,62,47,50,45310,"Under 1,000",City: Large,23072,,,,55,43,51,0,0.24,,
207236,Murray State College,2023,Participates in Title IV federal financial aid programs,"1,000 - 4,999",2686,152,1683,646,29,,24352,"1,000 - 4,999",Rural: Remote,13412,,,,,,,0,0.06,,
157401,Murray State University,2023,Participates in Title IV federal financial aid programs,"5,000 - 9,999",7878,485,1790,670,31,86,28859,"5,000 - 9,999",Town: Distant,9738,600,590,26,58,48,63,1190,0.06,,
171304,Muskegon Community College,2023,Participates in Title IV federal financial aid programs,"1,000 - 4,999",3518,191,2523,926,28,,22272,"1,000 - 4,999",City: Small,7829,,,,,,,0,0.05,,
204264,Muskingum University,2023,Participates in Title IV federal financial aid programs,"1,000 - 4,999",1524,90,245,153,41,82,45748,"1,000 - 4,999",Rural: Distant,20269,550,570,22,52,41,53,1120,0.06,,
491589,Mystros Barber Academy,2023,Participates in Title IV federal financial aid programs,"Under 1,000",14,0,10,8,10,,,"Under 1,000",City: Large,,,,,,,,0,0.00,,
119331,Napa Valley College,2023,Participates in Title IV federal financial aid programs,"1,000 - 4,999",4213,220,2934,1030,19,,27717,"1,000 - 4,999",City: Small,18153,,,,,,,0,0.05,,
127653,Naropa University,2023,Participates in Title IV federal financial aid programs,"1,000 - 4,999",368,83,35,219,57,94,55294,"1,000 - 4,999",City: Midsize,31491,,,,34,19,46,0,0.23,,
199087,Nash Community College,2023,Participates in Title IV federal financial aid programs,"1,000 - 4,999",2425,4,1914,524,29,,15883,"1,000 - 4,999",Rural: Fringe,5870,,,,,,,0,0.00,,
239424,Nashotah House,2023,Participates in Title IV federal financial aid programs,"Under 1,000",0,0,0,0,,,,"Under 1,000",Suburb: Large,,,,,,,,0,,,
183141,Nashua Community College,2023,Participates in Title IV federal financial aid programs,"1,000 - 4,999",1262,145,917,423,25,,32944,"1,000 - 4,999",City: Small,13561,,,,,,,0,0.11,,
221184,Nashville State Community College,2023,Participates in Title IV federal financial aid programs,"5,000 - 9,999",6608,504,3831,2266,33,,22467,"5,000 - 9,999",City: Large,6519,,,,,,,0,0.08,,
193478,Nassau Community College,2023,Participates in Title IV federal financial aid programs,"10,000 - 19,999",11984,1084,5229,2801,36,,30912,"10,000 - 19,999",Suburb: Large,5497,,,,,,,0,0.09,,
131830,National Conservatory of Dramatic Arts,2023,Participates in Title IV federal financial aid programs,"Under 1,000",25,0,0,17,17,,37554,"Under 1,000",City: Large,,,,,,,,0,0.00,,
496618,National Institute for Medical Assistant Advancement (NIMAA),2023,Participates in Title IV federal financial aid programs,"Under 1,000",203,0,0,110,37,21,,"Under 1,000",City: Large,10195,,,,,,,0,0.00,,
148955,National Latino Education Institute,2023,Participates in Title IV federal financial aid programs,"Under 1,000",2,0,0,0,50,,,"Under 1,000",City: Large,19661,,,,,,,0,0.00,,
147536,National Louis University,2023,Participates in Title IV federal financial aid programs,"5,000 - 9,999",4239,694,1521,1706,57,93,33615,"5,000 - 9,999",City: Large,15724,,,,35,29,37,0,0.16,,
106980,National Park College,2023,Participates in Title IV federal financial aid programs,"1,000 - 4,999",2308,136,1095,476,47,,26232,"1,000 - 4,999",Suburb: Small,12350,,,,,,,0,0.06,,
119605,National University,2023,Participates in Title IV federal financial aid programs,"10,000 - 19,999",10151,2147,6112,8277,26,,39881,"10,000 - 19,999",City: Large,28115,,,,46,60,60,0,0.21,,
147590,National University of Health Sciences,2023,Participates in Title IV federal financial aid programs,"Under 1,000",28,5,11,19,18,,,"Under 1,000",Suburb: Large,,,,,,,,0,0.18,,
209296,National University of Natural Medicine,2023,Participates in Title IV federal financial aid programs,"Under 1,000",28,27,3,20,75,,,"Under 1,000",City: Large,,,,,,,,0,0.96,,
488721,NationsUniversity,2023,"Not currently participating in Title IV, does not have OPE ID number","1,000 - 4,999",447,1,403,397,0,,,"1,000 - 4,999",City: Large,,,,,,,,0,0.00,,
129729,Naugatuck Valley Community College,2023,Participates in Title IV federal financial aid programs,Not applicable,,,,,,,,Not applicable,City: Midsize,,,,,,,,0,,,
187596,Navajo Technical University,2023,Participates in Title IV federal financial aid programs,"1,000 - 4,999",1523,180,840,619,49,,17870,"1,000 - 4,999",Rural: Remote,4233,,,,24,0,11,0,0.12,,
227146,Navarro College,2023,Participates in Title IV federal financial aid programs,"5,000 - 9,999",6549,269,4308,1012,32,,22961,"5,000 - 9,999",Town: Distant,12099,,,,,,,0,0.04,,
127714,Nazarene Bible College,2023,Participates in Title IV federal financial aid programs,"Under 1,000",584,45,570,502,14,,23913,"Under 1,000",City: Large,,,,,0,,,0,0.08,,
178518,Nazarene Theological Seminary,2023,Participates in Title IV federal financial aid programs,"Under 1,000",0,0,0,0,,,,"Under 1,000",City: Large,,,,,,,,0,,,
193584,Nazareth University,2023,Participates in Title IV federal financial aid programs,"1,000 - 4,999",1900,93,56,46,26,79,59500,"1,000 - 4,999",Suburb: Large,31321,680,650,30,74,64,73,1330,0.05,,
181765,Nebraska College of Technical Agriculture,2023,Participates in Title IV federal financial aid programs,"Under 1,000",259,10,39,10,34,,21358,"Under 1,000",Rural: Remote,13757,,,,,,,0,0.04,,
181419,Nebraska Indian Community College,2023,Participates in Title IV federal financial aid programs,"Under 1,000",624,34,480,265,30,,35702,"Under 1,000",Rural: Distant,22666,,,,,,,0,0.05,,
181297,Nebraska Methodist College of Nursing & Allied Health,2023,Participates in Title IV federal financial aid programs,"1,000 - 4,999",752,197,211,237,32,88,40867,"1,000 - 4,999",City: Large,20650,,,,73,46,60,0,0.26,,
181446,Nebraska Wesleyan University,2023,Participates in Title IV federal financial aid programs,"1,000 - 4,999",1531,82,45,66,30,84,59106,"1,000 - 4,999",City: Large,24863,610,600,27,66,58,69,1210,0.05,,
193609,Neighborhood Playhouse School of the Theater,2023,Participates in Title IV federal financial aid programs,"Under 1,000",71,0,0,31,13,71,44715,"Under 1,000",City: Large,33096,,,,,,,0,0.00,,
155566,Neosho County Community College,2023,Participates in Title IV federal financial aid programs,"1,000 - 4,999",1783,109,1169,251,20,,20666,"1,000 - 4,999",Town: Remote,10285,,,,,,,0,0.06,,
163532,Ner Israel Rabbinical College,2023,Participates in Title IV federal financial aid programs,"Under 1,000",292,61,0,25,21,79,36850,"Under 1,000",Suburb: Large,11734,,,,41,34,44,0,0.21,,
214272,Neumann University,2023,Participates in Title IV federal financial aid programs,"1,000 - 4,999",1695,87,338,193,42,76,59960,"1,000 - 4,999",Suburb: Large,29298,,,,51,30,46,0,0.05,,
441900,Nevada State University,2023,Participates in Title IV federal financial aid programs,"5,000 - 9,999",7224,538,4972,1761,22,86,25418,"5,000 - 9,999",Rural: Fringe,16255,,,,33,12,31,0,0.07,,
185758,New Brunswick Theological Seminary,2023,Participates in Title IV federal financial aid programs,"Under 1,000",0,0,0,0,,,,"Under 1,000",City: Small,,,,,,,,0,,,
262129,New College of Florida,2023,Participates in Title IV federal financial aid programs,"Under 1,000",710,103,16,34,30,74,34583,"Under 1,000",City: Small,8368,650,600,27,67,55,62,1250,0.15,,
437723,New Community Career & Technical Institute,2023,Participates in Title IV federal financial aid programs,"Under 1,000",18,0,0,11,77,,,"Under 1,000",City: Large,5716,,,,,,,0,0.00,,
182980,New England College,2023,Participates in Title IV federal financial aid programs,"1,000 - 4,999",986,128,32,188,42,96,61834,"1,000 - 4,999",Rural: Distant,30280,,,,22,26,33,0,0.13,,
167093,New England College of Optometry,2023,Participates in Title IV federal financial aid programs,"Under 1,000",0,0,0,0,,,,"Under 1,000",City: Large,,,,,,,,0,,,
217305,New England Institute of Technology,2023,Participates in Title IV federal financial aid programs,"1,000 - 4,999",1712,205,140,551,44,73,48297,"1,000 - 4,999",Suburb: Large,36714,,,,,,,0,0.12,,
167215,New England Law-Boston,2023,Participates in Title IV federal financial aid programs,"1,000 - 4,999",0,0,0,0,,,,"1,000 - 4,999",City: Large,,,,,,,,0,,,
208725,New Hope Christian College-Eugene,2023,Participates in Title IV federal financial aid programs,"Under 1,000",46,3,8,11,78,66,38820,"Under 1,000",City: Midsize,16858,,,,44,25,25,0,0.07,,
185129,New Jersey City University,2023,Participates in Title IV federal financial aid programs,"5,000 - 9,999",4209,358,646,934,52,89,42011,"5,000 - 9,999",City: Large,12157,,,,42,21,39,0,0.09,,
185828,New Jersey Institute of Technology,2023,Participates in Title IV federal financial aid programs,"10,000 - 19,999",9523,676,1610,1100,39,67,45652,"10,000 - 19,999",City: Large,16736,710,760,32,78,49,73,1470,0.07,,
187897,New Mexico Highlands University,2023,Participates in Title IV federal financial aid programs,"1,000 - 4,999",1710,280,696,677,46,,22724,"1,000 - 4,999",Town: Remote,15106,,,,28,16,26,0,0.16,,
187967,New Mexico Institute of Mining and Technology,2023,Participates in Title IV federal financial aid programs,"1,000 - 4,999",1227,51,162,131,31,54,25200,"1,000 - 4,999",Town: Remote,9133,650,640,28,58,32,56,1290,0.04,,
187903,New Mexico Junior College,2023,Participates in Title IV federal financial aid programs,"1,000 - 4,999",2118,52,1112,450,26,,14551,"1,000 - 4,999",Town: Remote,5924,,,,,,,0,0.02,,
187912,New Mexico Military Institute,2023,Participates in Title IV federal financial aid programs,"Under 1,000",459,22,117,0,26,58,,"Under 1,000",Town: Remote,6968,,,,,,,0,0.05,,
187994,New Mexico State University-Alamogordo,2023,Participates in Title IV federal financial aid programs,"1,000 - 4,999",1088,31,799,413,26,,20955,"1,000 - 4,999",Rural: Fringe,7038,,,,,,,0,0.03,,
187620,New Mexico State University-Dona Ana,2023,Participates in Title IV federal financial aid programs,"5,000 - 9,999",6849,200,3951,1858,34,,21418,"5,000 - 9,999",City: Midsize,6212,,,,,,,0,0.03,,
188021,New Mexico State University-Grants,2023,Participates in Title IV federal financial aid programs,"Under 1,000",834,12,629,309,27,,20192,"Under 1,000",Town: Remote,9277,,,,,,,0,0.01,,
188030,New Mexico State University-Main Campus,2023,Participates in Title IV federal financial aid programs,"10,000 - 19,999",12113,662,2248,2317,40,76,26847,"10,000 - 19,999",Suburb: Midsize,8353,560,550,24,53,32,52,1110,0.05,,
159948,New Orleans Baptist Theological Seminary,2023,Deferment only - limited participation,"1,000 - 4,999",770,59,448,567,0,,36199,"1,000 - 4,999",City: Large,20904,,,,59,9,41,0,0.08,,
447582,New River Community and Technical College,2023,Participates in Title IV federal financial aid programs,"1,000 - 4,999",1262,165,622,328,45,,14552,"1,000 - 4,999",Rural: Fringe,3844,,,,,,,0,0.13,,
232867,New River Community College,2023,Participates in Title IV federal financial aid programs,"1,000 - 4,999",4156,106,2698,690,21,,18855,"1,000 - 4,999",Town: Distant,6929,,,,,,,0,0.03,,
440396,New Saint Andrews College,2023,Deferment only - limited participation,"Under 1,000",305,9,44,16,0,86,22750,"Under 1,000",Town: Distant,16064,680,650,29,55,48,52,1330,0.03,,
366368,New York Academy of Art,2023,Participates in Title IV federal financial aid programs,"Under 1,000",0,0,0,0,,,,"Under 1,000",City: Large,,,,,,,,0,,,
418126,New York College of Health Professions,2023,"Not currently participating in Title IV, has an OPE ID number","Under 1,000",34,6,18,33,32,,31860,"Under 1,000",Suburb: Large,42908,,,,,,,0,0.18,,
194073,New York College of Podiatric Medicine,2023,Participates in Title IV federal financial aid programs,"Under 1,000",0,0,0,0,,,,"Under 1,000",City: Large,,,,,,,,0,,,
439783,New York College of Traditional Chinese Medicine,2023,Participates in Title IV federal financial aid programs,"Under 1,000",7,0,3,7,0,,,"Under 1,000",Suburb: Large,,,,,,,,0,0.00,,
194091,New York Institute of Technology,2023,Participates in Title IV federal financial aid programs,"5,000 - 9,999",3355,136,300,231,44,78,68428,"5,000 - 9,999",Rural: Fringe,23074,680,710,33,56,41,56,1390,0.04,,
193821,New York Law School,2023,Participates in Title IV federal financial aid programs,"1,000 - 4,999",0,0,0,0,,,,"1,000 - 4,999",City: Large,,,,,,,,0,,,
193830,New York Medical College,2023,Participates in Title IV federal financial aid programs,"1,000 - 4,999",0,0,0,0,,,,"1,000 - 4,999",Suburb: Large,,,,,,,,0,,,
194116,New York School of Interior Design,2023,Participates in Title IV federal financial aid programs,"Under 1,000",440,101,316,284,15,60,60730,"Under 1,000",City: Large,39155,,,,100,40,80,0,0.23,,
493798,New York Seminary,2023,Participates in Title IV federal financial aid programs,"Under 1,000",120,0,9,0,37,70,37750,"Under 1,000",City: Large,12309,,,,,,,0,0.00,,
193894,New York Theological Seminary,2023,Participates in Title IV federal financial aid programs,"Under 1,000",0,0,0,0,,,,"Under 1,000",City: Large,,,,,,,,0,,,
193900,New York University,2023,Participates in Title IV federal financial aid programs,"20,000 and above",29760,1141,1068,974,19,9,87752,"20,000 and above",City: Large,30730,770,800,35,88,76,89,1570,0.04,,
218414,Newberry College,2023,Participates in Title IV federal financial aid programs,"1,000 - 4,999",1462,74,21,60,49,75,43514,"1,000 - 4,999",Town: Distant,20941,540,520,24,54,34,44,1060,0.05,,
155335,Newman University,2023,Participates in Title IV federal financial aid programs,"1,000 - 4,999",2398,125,1551,198,12,48,54916,"1,000 - 4,999",City: Large,19315,,,,61,38,55,0,0.05,,
496803,NewU University,2023,"Not currently participating in Title IV, does not have OPE ID number","Under 1,000",34,1,0,1,0,99,33000,"Under 1,000",City: Large,9390,,,,,,,0,0.03,,
183099,NHTI-Concord's Community College,2023,Participates in Title IV federal financial aid programs,"1,000 - 4,999",2613,264,1674,913,28,,33968,"1,000 - 4,999",Town: Fringe,16221,,,,,,,0,0.10,,
193946,Niagara County Community College,2023,Participates in Title IV federal financial aid programs,"1,000 - 4,999",4217,342,2022,813,33,,22380,"1,000 - 4,999",Rural: Fringe,6984,,,,,,,0,0.08,,
193973,Niagara University,2023,Participates in Title IV federal financial aid programs,"1,000 - 4,999",2747,181,62,306,26,85,54255,"1,000 - 4,999",Suburb: Large,17495,630,610,27,70,63,70,1240,0.07,,
159966,Nicholls State University,2023,Participates in Title IV federal financial aid programs,"5,000 - 9,999",5612,208,1330,583,35,96,26807,"5,000 - 9,999",City: Small,11029,600,545,24,50,30,53,1145,0.04,,
167260,Nichols College,2023,Participates in Title IV federal financial aid programs,"1,000 - 4,999",1152,55,94,71,30,88,53125,"1,000 - 4,999",Suburb: Large,31032,610,580,,58,57,64,1190,0.05,,
239442,Nicolet Area Technical College,2023,Participates in Title IV federal financial aid programs,"1,000 - 4,999",1206,76,1074,382,25,,18772,"1,000 - 4,999",Rural: Fringe,8939,,,,,,,0,0.06,,
460464,Norco College,2023,Participates in Title IV federal financial aid programs,"10,000 - 19,999",10787,1720,8719,3158,16,,29600,"10,000 - 19,999",Suburb: Large,6147,,,,,,,0,0.16,,
232937,Norfolk State University,2023,Participates in Title IV federal financial aid programs,"5,000 - 9,999",5510,314,611,742,62,87,27502,"5,000 - 9,999",City: Midsize,12272,575,525,21,39,8,33,1100,0.06,,
174428,Normandale Community College,2023,Participates in Title IV federal financial aid programs,"5,000 - 9,999",9620,866,6295,1535,28,,25171,"5,000 - 9,999",City: Small,11987,,,,,,,0,0.09,,
461795,North American University,2023,Participates in Title IV federal financial aid programs,"Under 1,000",573,88,47,104,51,,29458,"Under 1,000",Suburb: Large,13702,,,,29,22,27,0,0.15,,
107460,North Arkansas College,2023,Participates in Title IV federal financial aid programs,"1,000 - 4,999",1930,92,1093,430,36,,21610,"1,000 - 4,999",Town: Remote,9914,,,,,,,0,0.05,,
167297,North Bennet Street School,2023,Participates in Title IV federal financial aid programs,"Under 1,000",151,0,0,103,14,,,"Under 1,000",City: Large,35199,,,,,,,0,0.00,,
199102,North Carolina A & T State University,2023,Participates in Title IV federal financial aid programs,"10,000 - 19,999",12216,699,1155,898,51,46,23842,"10,000 - 19,999",City: Large,10258,610,580,22,55,34,55,1190,0.06,,
199157,North Carolina Central University,2023,Participates in Title IV federal financial aid programs,"5,000 - 9,999",5973,473,1000,876,57,90,25295,"5,000 - 9,999",City: Large,13884,570,530,18,52,27,46,1100,0.08,,
199193,North Carolina State University at Raleigh,2023,Participates in Title IV federal financial aid programs,"20,000 and above",27323,1457,2398,1229,19,40,26604,"20,000 and above",City: Large,14860,720,740,32,86,68,85,1460,0.05,,
199209,North Carolina Wesleyan University,2023,Participates in Title IV federal financial aid programs,"1,000 - 4,999",1212,114,176,391,47,78,47836,"1,000 - 4,999",City: Small,19111,,,,40,28,39,0,0.09,,
147660,North Central College,2023,Participates in Title IV federal financial aid programs,"1,000 - 4,999",2397,273,71,102,25,58,64840,"1,000 - 4,999",City: Midsize,24190,650,630,27,65,64,71,1280,0.11,,
155593,North Central Kansas Technical College,2023,Participates in Title IV federal financial aid programs,"Under 1,000",957,58,552,118,20,,22342,"Under 1,000",Rural: Remote,16785,,,,,,,0,0.06,,
171395,North Central Michigan College,2023,Participates in Title IV federal financial aid programs,"1,000 - 4,999",1540,49,964,317,33,,27324,"1,000 - 4,999",Town: Remote,10545,,,,,,,0,0.03,,
179715,North Central Missouri College,2023,Participates in Title IV federal financial aid programs,"1,000 - 4,999",1847,98,1036,323,34,,25252,"1,000 - 4,999",Town: Remote,9299,,,,,,,0,0.05,,
204422,North Central State College,2023,Participates in Title IV federal financial aid programs,"1,000 - 4,999",2451,92,1768,466,24,,17011,"1,000 - 4,999",Rural: Fringe,3763,,,,,,,0,0.04,,
224110,North Central Texas College,2023,Participates in Title IV federal financial aid programs,"5,000 - 9,999",7544,1454,5402,1676,20,,16044,"5,000 - 9,999",Town: Distant,5639,,,,,,,0,0.19,,
174437,North Central University,2023,Participates in Title IV federal financial aid programs,"Under 1,000",865,59,109,85,43,91,44645,"Under 1,000",City: Large,23694,,,,60,57,62,0,0.07,,
194028,North Country Community College,2023,Participates in Title IV federal financial aid programs,"1,000 - 4,999",1615,90,975,363,28,,20358,"1,000 - 4,999",Town: Remote,11158,,,,,,,0,0.06,,
200305,North Dakota State College of Science,2023,Participates in Title IV federal financial aid programs,"1,000 - 4,999",3140,145,1635,274,17,,17986,"1,000 - 4,999",Town: Remote,10225,,,,,,,0,0.05,,
200332,North Dakota State University-Main Campus,2023,Participates in Title IV federal financial aid programs,"10,000 - 19,999",9791,481,994,561,19,96,24698,"10,000 - 19,999",City: Midsize,16461,,,24,66,45,64,0,0.05,,
136145,North Florida College,2023,Participates in Title IV federal financial aid programs,"1,000 - 4,999",1281,72,872,366,39,,12754,"1,000 - 4,999",Rural: Distant,2592,,,,,,,0,0.06,,
132675,North Florida Technical College,2023,Participates in Title IV federal financial aid programs,"Under 1,000",81,0,41,34,13,,,"Under 1,000",Town: Distant,6241,,,,,,,0,0.00,,
140678,North Georgia Technical College,2023,Participates in Title IV federal financial aid programs,"1,000 - 4,999",2696,207,1835,659,42,,16918,"1,000 - 4,999",Rural: Fringe,5881,,,,,,,0,0.08,,
218441,North Greenville University,2023,Participates in Title IV federal financial aid programs,"1,000 - 4,999",1944,154,304,197,32,63,43650,"1,000 - 4,999",Rural: Fringe,20264,640,610,28,58,46,55,1250,0.08,,
174376,North Hennepin Community College,2023,Participates in Title IV federal financial aid programs,"5,000 - 9,999",5195,548,3695,1216,29,,27481,"5,000 - 9,999",Suburb: Large,9245,,,,,,,0,0.11,,
142443,North Idaho College,2023,Participates in Title IV federal financial aid programs,"1,000 - 4,999",3979,141,2600,939,25,,27511,"1,000 - 4,999",City: Small,13674,,,,,,,0,0.04,,
154059,North Iowa Area Community College,2023,Participates in Title IV federal financial aid programs,"1,000 - 4,999",2471,67,1334,251,24,,25633,"1,000 - 4,999",Rural: Fringe,8091,,,,,,,0,0.03,,
147679,North Park University,2023,Participates in Title IV federal financial aid programs,"1,000 - 4,999",1876,136,117,159,43,73,52825,"1,000 - 4,999",City: Large,19910,,,,62,42,56,0,0.07,,
236072,North Seattle College,2023,Participates in Title IV federal financial aid programs,"5,000 - 9,999",5017,393,3435,2913,14,,27447,"5,000 - 9,999",City: Large,10864,,,,,,,0,0.08,,
167312,North Shore Community College,2023,Participates in Title IV federal financial aid programs,"1,000 - 4,999",4833,323,3572,1800,33,,25806,"1,000 - 4,999",Suburb: Large,6987,,,,,,,0,0.07,,
214379,Northampton County Area Community College,2023,Participates in Title IV federal financial aid programs,"5,000 - 9,999",8695,645,5642,2784,38,,31458,"5,000 - 9,999",Suburb: Large,10117,,,,,,,0,0.07,,
239460,Northcentral Technical College,2023,Participates in Title IV federal financial aid programs,"5,000 - 9,999",5838,260,4681,1589,17,,19788,"5,000 - 9,999",City: Small,11047,,,,,,,0,0.04,,
444130,Northcentral University,2023,Participates in Title IV federal financial aid programs,"10,000 - 19,999",98,12,92,86,25,,,"10,000 - 19,999",City: Large,,,,,,,,0,0.12,,
101897,Northeast Alabama Community College,2023,Participates in Title IV federal financial aid programs,"1,000 - 4,999",2905,52,2027,426,38,,21120,"1,000 - 4,999",Rural: Distant,1955,,,,,,,0,0.02,,
193751,Northeast College of Health Sciences,2023,Participates in Title IV federal financial aid programs,"Under 1,000",0,0,0,0,,,,"Under 1,000",Rural: Fringe,,,,,,,,0,,,
181491,Northeast Community College,2023,Participates in Title IV federal financial aid programs,"5,000 - 9,999",5595,132,3635,1278,17,,16172,"5,000 - 9,999",Town: Remote,8508,,,,,,,0,0.02,,
154110,Northeast Iowa Community College,2023,Participates in Title IV federal financial aid programs,"1,000 - 4,999",4378,115,3198,632,23,,22400,"1,000 - 4,999",Rural: Distant,9523,,,,,,,0,0.03,,
488730,Northeast Lakeview College,2023,Participates in Title IV federal financial aid programs,"5,000 - 9,999",8265,445,6540,1414,18,,24064,"5,000 - 9,999",Suburb: Large,5676,,,,,,,0,0.05,,
176169,Northeast Mississippi Community College,2023,Participates in Title IV federal financial aid programs,"1,000 - 4,999",3338,156,908,448,58,,23223,"1,000 - 4,999",Town: Remote,8794,,,,,,,0,0.05,,
204477,Northeast Ohio Medical University,2023,Participates in Title IV federal financial aid programs,"1,000 - 4,999",0,0,0,0,,,,"1,000 - 4,999",Suburb: Large,,,,,,,,0,,,
221908,Northeast State Community College,2023,Participates in Title IV federal financial aid programs,"5,000 - 9,999",5474,218,2802,1562,38,,23943,"5,000 - 9,999",Rural: Fringe,6819,,,,,,,0,0.04,,
461087,Northeast Technology Center,2023,Participates in Title IV federal financial aid programs,"1,000 - 4,999",1340,0,1132,74,10,,,"1,000 - 4,999",Town: Distant,8032,,,,,,,0,0.00,,
227225,Northeast Texas Community College,2023,Participates in Title IV federal financial aid programs,"1,000 - 4,999",3105,135,1912,735,49,,17989,"1,000 - 4,999",Rural: Distant,8749,,,,,,,0,0.04,,
239488,Northeast Wisconsin Technical College,2023,Participates in Title IV federal financial aid programs,"10,000 - 19,999",10815,629,8515,2797,17,,21620,"10,000 - 19,999",City: Midsize,9533,,,,,,,0,0.06,,
147776,Northeastern Illinois University,2023,Participates in Title IV federal financial aid programs,"5,000 - 9,999",4042,596,1548,1493,54,70,27041,"5,000 - 9,999",City: Large,14669,,,,22,4,17,0,0.15,,
127732,Northeastern Junior College,2023,Participates in Title IV federal financial aid programs,"1,000 - 4,999",1502,91,817,464,37,,28147,"1,000 - 4,999",Town: Remote,14488,,,,,,,0,0.06,,
207290,Northeastern Oklahoma A&M College,2023,Participates in Title IV federal financial aid programs,"1,000 - 4,999",1799,0,564,525,52,,23253,"1,000 - 4,999",Town: Distant,11129,,,,,,,0,0.00,,
439817,Northeastern Seminary,2023,Participates in Title IV federal financial aid programs,"Under 1,000",0,0,0,0,,,,"Under 1,000",Suburb: Large,,,,,,,,0,,,
207263,Northeastern State University,2023,Participates in Title IV federal financial aid programs,"5,000 - 9,999",5006,727,1463,1540,42,99,28003,"5,000 - 9,999",Town: Remote,11153,585,560,23,42,21,37,1145,0.15,,
217837,Northeastern Technical College,2023,Participates in Title IV federal financial aid programs,"1,000 - 4,999",1477,25,1225,512,33,,23052,"1,000 - 4,999",Rural: Fringe,7833,,,,,,,0,0.02,,
167358,Northeastern University,2023,Participates in Title IV federal financial aid programs,"20,000 and above",15891,947,34,115,12,6,84731,"20,000 and above",City: Large,34770,760,790,35,91,0,90,1550,0.06,,
118888,Northeastern University Oakland,2023,Participates in Title IV federal financial aid programs,"Under 1,000",542,3,0,10,,17,85539,"Under 1,000",City: Large,,740,780,33,,,,1520,0.01,,
482705,Northeastern University Professional Programs,2023,Branch campus of a main campus that participates in Title IV,"5,000 - 9,999",2525,526,1339,950,4,,,"5,000 - 9,999",City: Large,,,,,,,,0,0.21,,
105330,Northern Arizona University,2023,Participates in Title IV federal financial aid programs,"20,000 and above",23128,1718,3036,2928,30,91,35200,"20,000 and above",City: Small,16544,,,,60,45,57,0,0.07,,
147697,Northern Baptist Theological Seminary,2023,Participates in Title IV federal financial aid programs,"Under 1,000",0,0,0,0,,,,"Under 1,000",Suburb: Large,,,,,,,,0,,,
418223,Northern Career Institute,2023,Participates in Title IV federal financial aid programs,"Under 1,000",140,0,0,97,74,,28548,"Under 1,000",Suburb: Large,15262,,,,,,,0,0.00,,
167376,Northern Essex Community College,2023,Participates in Title IV federal financial aid programs,"1,000 - 4,999",4510,297,3368,1326,33,,23115,"1,000 - 4,999",Suburb: Large,5573,,,,,,,0,0.07,,
147703,Northern Illinois University,2023,Participates in Title IV federal financial aid programs,"10,000 - 19,999",11358,1325,1462,1079,46,70,29636,"10,000 - 19,999",Suburb: Small,13533,,,,53,33,50,0,0.12,,
157447,Northern Kentucky University,2023,Participates in Title IV federal financial aid programs,"10,000 - 19,999",9927,674,2916,1609,24,96,30576,"10,000 - 19,999",Suburb: Large,8151,573,560,25,52,35,49,1133,0.07,,
161484,Northern Maine Community College,2023,Participates in Title IV federal financial aid programs,"Under 1,000",772,126,396,207,42,,17496,"Under 1,000",Town: Remote,8462,,,,,,,0,0.16,,
240790,Northern Marianas College,2023,Participates in Title IV federal financial aid programs,"1,000 - 4,999",1253,5,338,238,74,,16038,"1,000 - 4,999",Town: Remote,3144,,,,26,4,22,0,0.00,,
171456,Northern Michigan University,2023,Participates in Title IV federal financial aid programs,"5,000 - 9,999",6584,440,975,725,27,70,27356,"5,000 - 9,999",Town: Remote,17937,,,,54,33,53,0,0.07,,
188058,Northern New Mexico College,2023,Participates in Title IV federal financial aid programs,"1,000 - 4,999",1310,110,812,560,36,,25630,"1,000 - 4,999",Town: Distant,6102,,,,22,9,22,0,0.08,,
207281,Northern Oklahoma College,2023,Participates in Title IV federal financial aid programs,"1,000 - 4,999",3083,204,1844,506,30,,16061,"1,000 - 4,999",Rural: Distant,7782,,,,,,,0,0.07,,
219259,Northern State University,2023,Participates in Title IV federal financial aid programs,"1,000 - 4,999",2932,97,1899,204,12,93,23345,"1,000 - 4,999",Town: Remote,16873,,,24,59,32,55,0,0.03,,
418588,Northern Tier Career Center,2023,Participates in Title IV federal financial aid programs,"Under 1,000",37,0,0,19,30,93,,"Under 1,000",Rural: Fringe,16614,,,,,,,0,0.00,,
230913,Northern Vermont University,2023,"Not currently participating in Title IV, has an OPE ID number",Not applicable,,,,,,,,Not applicable,Rural: Distant,,,,,,,,0,,,
232946,Northern Virginia Community College,2023,Participates in Title IV federal financial aid programs,"20,000 and above",53810,1561,39802,9259,20,,25651,"20,000 and above",Suburb: Large,8242,,,,,,,0,0.03,,
240666,Northern Wyoming Community College District,2023,Participates in Title IV federal financial aid programs,"1,000 - 4,999",3298,149,2061,615,17,,21802,"1,000 - 4,999",Town: Remote,8751,,,,,,,0,0.05,,
239512,Northland College,2023,Participates in Title IV federal financial aid programs,"Under 1,000",485,29,35,11,32,72,57041,"Under 1,000",Town: Remote,24020,720,598,25,57,37,43,1318,0.06,,
174473,Northland Community and Technical College,2023,Participates in Title IV federal financial aid programs,"1,000 - 4,999",2477,182,1620,720,22,,23000,"1,000 - 4,999",Town: Remote,12927,,,,,,,0,0.07,,
105349,Northland Pioneer College,2023,Participates in Title IV federal financial aid programs,"1,000 - 4,999",2825,281,2322,720,14,,17404,"1,000 - 4,999",Rural: Remote,10975,,,,,,,0,0.10,,
217606,Northpoint Bible College,2023,Participates in Title IV federal financial aid programs,"Under 1,000",92,5,25,39,63,,38060,"Under 1,000",Suburb: Large,26469,,,,53,43,46,0,0.05,,
160667,Northshore Technical Community College,2023,Participates in Title IV federal financial aid programs,"5,000 - 9,999",5716,397,4174,772,22,,22764,"5,000 - 9,999",Rural: Fringe,11053,,,,,,,0,0.07,,
443030,NorthShore University HealthSystem School of Nurse Anesthesia,2023,"Not currently participating in Title IV, has an OPE ID number","Under 1,000",0,0,0,0,,,,"Under 1,000",City: Small,,,,,,,,0,,,
367459,NorthWest Arkansas Community College,2023,Participates in Title IV federal financial aid programs,"5,000 - 9,999",7839,477,5855,1403,20,,21348,"5,000 - 9,999",City: Small,6287,,,,,,,0,0.06,,
240657,Northwest College,2023,Participates in Title IV federal financial aid programs,"1,000 - 4,999",1379,43,729,233,18,,23417,"1,000 - 4,999",Town: Remote,9254,,,,,,,0,0.03,,
136233,Northwest Florida State College,2023,Participates in Title IV federal financial aid programs,"5,000 - 9,999",5160,253,2987,1409,22,,18002,"5,000 - 9,999",Suburb: Midsize,6339,,,,,,,0,0.05,,
434362,Northwest HVAC/R Training Center,2023,Participates in Title IV federal financial aid programs,"Under 1,000",49,0,0,24,54,83,,"Under 1,000",City: Midsize,16124,,,,,,,0,0.00,,
380377,Northwest Indian College,2023,Participates in Title IV federal financial aid programs,"Under 1,000",696,17,216,473,49,,26688,"Under 1,000",Suburb: Midsize,9875,,,,29,0,29,0,0.02,,
154129,Northwest Iowa Community College,2023,Participates in Title IV federal financial aid programs,"1,000 - 4,999",1792,49,1164,260,15,,25578,"1,000 - 4,999",Town: Remote,13084,,,,,,,0,0.03,,
155618,Northwest Kansas Technical College,2023,Participates in Title IV federal financial aid programs,"Under 1,000",725,22,325,90,23,,,"Under 1,000",Town: Remote,13884,,,,,,,0,0.03,,
160010,Northwest Louisiana Technical Community College,2023,Participates in Title IV federal financial aid programs,"1,000 - 4,999",1044,106,625,367,50,,20558,"1,000 - 4,999",Rural: Fringe,10081,,,,,,,0,0.10,,
176178,Northwest Mississippi Community College,2023,Participates in Title IV federal financial aid programs,"5,000 - 9,999",7520,12,3004,898,33,,23794,"5,000 - 9,999",Town: Distant,7823,,,,,,,0,0.00,,
178624,Northwest Missouri State University,2023,Participates in Title IV federal financial aid programs,"5,000 - 9,999",5599,313,1413,493,27,86,24311,"5,000 - 9,999",Town: Remote,15497,600,600,23,52,43,57,1200,0.06,,
142461,Northwest Nazarene University,2023,Participates in Title IV federal financial aid programs,"1,000 - 4,999",1156,104,142,149,29,63,58752,"1,000 - 4,999",Suburb: Midsize,27291,620,590,31,63,48,63,1210,0.09,,
458140,Northwest School of Wooden Boat Building,2023,Participates in Title IV federal financial aid programs,"Under 1,000",43,28,0,34,31,,42317,"Under 1,000",Rural: Fringe,25416,,,,,,,0,0.65,,
101736,Northwest Shoals Community College,2023,Participates in Title IV federal financial aid programs,"1,000 - 4,999",4136,112,3200,500,28,,20377,"1,000 - 4,999",City: Small,3931,,,,,,,0,0.03,,
204440,Northwest State Community College,2023,Participates in Title IV federal financial aid programs,"1,000 - 4,999",4110,37,3512,1410,11,,23288,"1,000 - 4,999",Rural: Distant,10871,,,,,,,0,0.01,,
173115,Northwest Technical College,2023,Participates in Title IV federal financial aid programs,"Under 1,000",901,191,597,413,33,,20005,"Under 1,000",Town: Remote,11574,,,,,,,0,0.21,,
107488,Northwest Technical Institute,2023,Participates in Title IV federal financial aid programs,"Under 1,000",217,0,2,85,62,,21724,"Under 1,000",City: Small,11187,,,,,,,0,0.00,,
366623,Northwest Technology Center-Alva,2023,Participates in Title IV federal financial aid programs,"Under 1,000",265,0,242,5,9,,,"Under 1,000",Rural: Fringe,10038,,,,,,,0,0.00,,
236133,Northwest University,2023,Participates in Title IV federal financial aid programs,"Under 1,000",679,65,23,54,23,88,50847,"Under 1,000",Suburb: Large,25917,660,665,29,58,58,63,1325,0.10,,
487603,Northwest University-Center for Online and Extended Education,2023,Branch campus of a main campus that participates in Title IV,"1,000 - 4,999",1187,90,885,231,21,,50181,"1,000 - 4,999",Suburb: Large,24892,,,,45,12,20,0,0.08,,
420398,Northwest Vista College,2023,Participates in Title IV federal financial aid programs,"10,000 - 19,999",18808,1085,14839,3620,21,,24064,"10,000 - 19,999",City: Large,5655,,,,,,,0,0.06,,
154101,Northwestern College,2023,Participates in Title IV federal financial aid programs,"1,000 - 4,999",1146,27,126,103,23,87,50300,"1,000 - 4,999",Town: Distant,24737,,,,71,57,64,0,0.02,,
130040,Northwestern Connecticut Community College,2023,Participates in Title IV federal financial aid programs,Not applicable,,,,,,,,Not applicable,Town: Fringe,,,,,,,,0,,,
174507,Northwestern Health Sciences University,2023,Participates in Title IV federal financial aid programs,"1,000 - 4,999",366,63,236,208,19,,39863,"1,000 - 4,999",City: Small,29794,,,,,,,0,0.17,,
171483,Northwestern Michigan College,2023,Participates in Title IV federal financial aid programs,"1,000 - 4,999",3146,225,2042,865,29,,26081,"1,000 - 4,999",City: Small,5831,,,,81,63,70,0,0.07,,
207306,Northwestern Oklahoma State University,2023,Participates in Title IV federal financial aid programs,"1,000 - 4,999",1724,197,426,263,41,66,19090,"1,000 - 4,999",Town: Remote,12067,550,540,22,31,24,35,1090,0.11,,
160038,Northwestern State University of Louisiana,2023,Participates in Title IV federal financial aid programs,"5,000 - 9,999",7898,426,3370,1741,35,94,27425,"5,000 - 9,999",Town: Remote,13156,620,623,24,46,32,44,1243,0.05,,
147767,Northwestern University,2023,Participates in Title IV federal financial aid programs,"20,000 and above",9157,237,363,273,19,7,91290,"20,000 and above",City: Small,23341,770,790,35,96,88,96,1560,0.03,,
240198,Northwood Technical College,2023,Participates in Title IV federal financial aid programs,"1,000 - 4,999",2668,248,1780,1027,30,,19136,"1,000 - 4,999",Town: Remote,8654,,,,,,,0,0.09,,
171492,Northwood University,2023,Participates in Title IV federal financial aid programs,"1,000 - 4,999",1989,333,696,663,25,84,50490,"1,000 - 4,999",City: Small,26429,,,,63,51,61,0,0.17,,
230995,Norwich University,2023,Participates in Title IV federal financial aid programs,"1,000 - 4,999",2642,164,530,511,24,74,69600,"1,000 - 4,999",Rural: Distant,28196,650,670,27,63,54,61,1320,0.06,,
204468,Notre Dame College,2023,"Not currently participating in Title IV, has an OPE ID number","1,000 - 4,999",1336,135,405,183,39,80,48206,"1,000 - 4,999",Suburb: Large,20606,,,,39,33,36,0,0.10,,
120184,Notre Dame de Namur University,2023,Participates in Title IV federal financial aid programs,"Under 1,000",14,8,4,11,,,,"Under 1,000",Suburb: Large,,,,,55,32,32,0,0.57,,
163578,Notre Dame of Maryland University,2023,Participates in Title IV federal financial aid programs,"1,000 - 4,999",686,70,152,236,32,86,61445,"1,000 - 4,999",City: Large,22552,,,,59,45,52,0,0.10,,
136215,Nova Southeastern University,2023,Participates in Title IV federal financial aid programs,"20,000 and above",7219,498,508,552,37,73,65137,"20,000 and above",Suburb: Large,32756,660,650,28,61,58,64,1310,0.07,,
443207,NTMA Training Centers of Southern California,2023,Participates in Title IV federal financial aid programs,"Under 1,000",64,0,0,44,67,,,"Under 1,000",Suburb: Large,23098,,,,,,,0,0.00,,
200086,Nueta Hidatsa Sahnish College,2023,Participates in Title IV federal financial aid programs,"Under 1,000",158,3,60,94,31,,19310,"Under 1,000",Rural: Remote,3669,,,,0,100,100,0,0.02,,
158884,Nunez Community College,2023,Participates in Title IV federal financial aid programs,"1,000 - 4,999",2950,260,2063,852,42,,22816,"1,000 - 4,999",Suburb: Large,10081,,,,,,,0,0.09,,
174525,Oak Hills Christian College,2023,Participates in Title IV federal financial aid programs,"Under 1,000",117,13,45,30,45,,32539,"Under 1,000",Rural: Fringe,24674,,,,10,12,12,0,0.11,,
149763,Oak Point University,2023,"Not currently participating in Title IV, has an OPE ID number","Under 1,000",385,67,222,302,45,,,"Under 1,000",Suburb: Large,,,,,,,,0,0.17,,
495059,Oak Valley College,2023,Participates in Title IV federal financial aid programs,"Under 1,000",52,0,1,7,45,,31064,"Under 1,000",Suburb: Large,5351,,,,,43,43,0,0.00,,
152099,Oakland City University,2023,Participates in Title IV federal financial aid programs,"Under 1,000",522,36,44,42,32,68,40607,"Under 1,000",Rural: Distant,12268,,,,67,55,68,0,0.07,,
171535,Oakland Community College,2023,Participates in Title IV federal financial aid programs,"10,000 - 19,999",13831,2285,10184,5202,27,,19628,"10,000 - 19,999",Suburb: Large,4834,,,,,,,0,0.17,,
171571,Oakland University,2023,Participates in Title IV federal financial aid programs,"10,000 - 19,999",12719,1353,2578,1885,30,70,29038,"10,000 - 19,999",Suburb: Large,15734,620,565,,59,34,57,1185,0.11,,
147800,Oakton College,2023,Participates in Title IV federal financial aid programs,"5,000 - 9,999",7032,409,4891,2102,16,,24635,"5,000 - 9,999",City: Small,8161,,,,,,,0,0.06,,
101912,Oakwood University,2023,Participates in Title IV federal financial aid programs,"1,000 - 4,999",1279,48,83,105,47,51,44348,"1,000 - 4,999",City: Midsize,22833,,,,52,31,50,0,0.04,,
204501,Oberlin College,2023,Participates in Title IV federal financial aid programs,"1,000 - 4,999",2966,18,24,9,9,33,80732,"1,000 - 4,999",Town: Fringe,50484,760,750,33,83,63,79,1510,0.01,,
227289,Oblate School of Theology,2023,Participates in Title IV federal financial aid programs,"Under 1,000",0,0,0,0,,,,"Under 1,000",City: Large,,,,,,,,0,,,
120254,Occidental College,2023,Participates in Title IV federal financial aid programs,"1,000 - 4,999",1854,41,28,9,16,40,,"1,000 - 4,999",City: Large,47113,750,750,34,83,72,85,1500,0.02,,
185873,Ocean County College,2023,Participates in Title IV federal financial aid programs,"5,000 - 9,999",7429,186,4250,1474,27,,36090,"5,000 - 9,999",Suburb: Large,10650,,,,,,,0,0.03,,
431716,Ocean County Vocational-Technical School,2023,Participates in Title IV federal financial aid programs,"Under 1,000",450,0,0,93,42,,,"Under 1,000",Suburb: Large,10226,,,,,,,0,0.00,,
420431,Oconee Fall Line Technical College,2023,Participates in Title IV federal financial aid programs,"1,000 - 4,999",2000,275,1696,827,52,,36111,"1,000 - 4,999",Rural: Fringe,3722,,,,,,,0,0.14,,
227304,Odessa College,2023,Participates in Title IV federal financial aid programs,"5,000 - 9,999",8708,425,5957,1746,26,,22336,"5,000 - 9,999",City: Midsize,4300,,,,,,,0,0.05,,
230490,Ogden-Weber Technical College,2023,Participates in Title IV federal financial aid programs,"1,000 - 4,999",3096,0,2743,890,11,,,"1,000 - 4,999",City: Small,8450,,,,,,,0,0.00,,
366465,Ogeechee Technical College,2023,Participates in Title IV federal financial aid programs,"1,000 - 4,999",2264,404,1403,641,42,,21651,"1,000 - 4,999",Town: Distant,6860,,,,,,,0,0.18,,
219277,Oglala Lakota College,2023,Participates in Title IV federal financial aid programs,"1,000 - 4,999",1180,42,668,751,47,,15534,"1,000 - 4,999",Rural: Remote,3563,,,,8,0,4,0,0.04,,
140696,Oglethorpe University,2023,Participates in Title IV federal financial aid programs,"1,000 - 4,999",1499,38,90,59,34,60,66306,"1,000 - 4,999",Suburb: Large,22251,670,650,30,58,46,53,1320,0.03,,
493646,Ohel Margulia Seminary,2023,Participates in Title IV federal financial aid programs,"Under 1,000",243,6,0,0,82,92,34500,"Under 1,000",Suburb: Large,7897,,,,,,,0,0.02,,
201964,Ohio Christian University,2023,Participates in Title IV federal financial aid programs,"1,000 - 4,999",1340,97,774,383,34,40,36550,"1,000 - 4,999",Rural: Fringe,21092,,,17,44,45,48,0,0.07,,
204617,Ohio Dominican University,2023,Participates in Title IV federal financial aid programs,"1,000 - 4,999",894,70,152,134,39,85,51270,"1,000 - 4,999",City: Large,21006,,,28,54,40,49,0,0.08,,
483647,Ohio Institute of Allied Health,2023,Participates in Title IV federal financial aid programs,"Under 1,000",39,0,0,29,75,,49166,"Under 1,000",Suburb: Large,38315,,,,,,,0,0.00,,
204635,Ohio Northern University,2023,Participates in Title IV federal financial aid programs,"1,000 - 4,999",2592,53,244,41,19,73,51564,"1,000 - 4,999",Town: Fringe,26396,678,698,29,73,59,70,1376,0.02,,
204662,Ohio State University Agricultural Technical Institute,2023,Participates in Title IV federal financial aid programs,"Under 1,000",462,20,38,8,26,,24758,"Under 1,000",Town: Distant,16887,,,,,,,0,0.04,,
204671,Ohio State University-Lima Campus,2023,Participates in Title IV federal financial aid programs,"Under 1,000",739,44,123,56,31,,24660,"Under 1,000",Rural: Fringe,12727,,,,14,8,12,0,0.06,,
204796,Ohio State University-Main Campus,2023,Participates in Title IV federal financial aid programs,"20,000 and above",45728,3282,3745,2551,19,51,30997,"20,000 and above",City: Large,19575,720,760,32,89,71,88,1480,0.07,,
204680,Ohio State University-Mansfield Campus,2023,Participates in Title IV federal financial aid programs,"Under 1,000",843,59,160,66,31,,24660,"Under 1,000",Rural: Fringe,15920,,,,7,5,7,0,0.07,,
204699,Ohio State University-Marion Campus,2023,Participates in Title IV federal financial aid programs,"Under 1,000",884,69,145,87,26,,24660,"Under 1,000",Town: Distant,14514,,,,10,3,8,0,0.08,,
204705,Ohio State University-Newark Campus,2023,Participates in Title IV federal financial aid programs,"1,000 - 4,999",2422,138,409,133,34,,24660,"1,000 - 4,999",Suburb: Small,13843,,,,6,3,5,0,0.06,,
204820,Ohio University-Chillicothe Campus,2023,Participates in Title IV federal financial aid programs,"1,000 - 4,999",1941,41,1336,332,16,,17320,"1,000 - 4,999",Town: Distant,5304,,,,14,8,10,0,0.02,,
204802,Ohio University-Eastern Campus,2023,Participates in Title IV federal financial aid programs,"1,000 - 4,999",1149,19,880,152,9,,17320,"1,000 - 4,999",Rural: Fringe,3897,,,,18,12,19,0,0.02,,
204848,Ohio University-Lancaster Campus,2023,Participates in Title IV federal financial aid programs,"1,000 - 4,999",1977,33,1457,298,9,,17320,"1,000 - 4,999",Rural: Fringe,4935,,,,12,8,11,0,0.02,,
204857,Ohio University-Main Campus,2023,Participates in Title IV federal financial aid programs,"20,000 and above",19100,988,3382,2944,20,85,29856,"20,000 and above",Town: Distant,20550,650,640,28,68,53,66,1290,0.05,,
204839,Ohio University-Southern Campus,2023,Participates in Title IV federal financial aid programs,"1,000 - 4,999",1639,29,1236,274,12,,17320,"1,000 - 4,999",Suburb: Midsize,4682,,,,16,10,12,0,0.02,,
204866,Ohio University-Zanesville Campus,2023,Participates in Title IV federal financial aid programs,"1,000 - 4,999",1799,30,1368,298,10,,17320,"1,000 - 4,999",Town: Distant,5715,,,,19,12,18,0,0.02,,
204909,Ohio Wesleyan University,2023,Participates in Title IV federal financial aid programs,"1,000 - 4,999",1452,19,11,10,25,51,62402,"1,000 - 4,999",Suburb: Large,23826,685,665,31,64,55,62,1350,0.01,,
120290,Ohlone College,2023,Participates in Title IV federal financial aid programs,"5,000 - 9,999",8375,820,5405,2369,11,,29090,"5,000 - 9,999",City: Midsize,17755,,,,,,,0,0.10,,
194189,Ohr Hameir Theological Seminary,2023,Participates in Title IV federal financial aid programs,"Under 1,000",94,3,0,0,60,,,"Under 1,000",Suburb: Large,11890,,,,20,0,0,0,0.03,,
433068,Okaloosa Technical College,2023,Participates in Title IV federal financial aid programs,"Under 1,000",429,0,59,183,21,,,"Under 1,000",City: Small,15421,,,,,,,0,0.00,,
207403,Oklahoma Baptist University,2023,Participates in Title IV federal financial aid programs,"1,000 - 4,999",1409,55,137,84,31,56,48900,"1,000 - 4,999",Town: Distant,25099,600,590,28,54,41,50,1190,0.04,,
207324,Oklahoma Christian University,2023,Participates in Title IV federal financial aid programs,"1,000 - 4,999",2012,137,293,440,30,97,39950,"1,000 - 4,999",City: Large,21810,610,610,27,57,44,55,1220,0.07,,
207449,Oklahoma City Community College,2023,Participates in Title IV federal financial aid programs,"10,000 - 19,999",11469,734,8483,3436,28,,17699,"10,000 - 19,999",City: Large,6587,,,,,,,0,0.06,,
207458,Oklahoma City University,2023,Participates in Title IV federal financial aid programs,"1,000 - 4,999",1447,159,58,142,23,70,47438,"1,000 - 4,999",City: Large,23143,,,26,65,62,64,0,0.11,,
207351,Oklahoma Panhandle State University,2023,Participates in Title IV federal financial aid programs,"1,000 - 4,999",1071,255,268,327,44,,16412,"1,000 - 4,999",Rural: Distant,5274,,,,37,20,31,0,0.24,,
207315,Oklahoma State University Center for Health Sciences,2023,Participates in Title IV federal financial aid programs,"1,000 - 4,999",0,0,0,0,,,,"1,000 - 4,999",City: Large,,,,,,,,0,,,
207564,Oklahoma State University Institute of Technology,2023,Participates in Title IV federal financial aid programs,"1,000 - 4,999",2493,206,990,646,40,,18288,"1,000 - 4,999",Town: Distant,10889,,,,,,,0,0.08,,
207388,Oklahoma State University-Main Campus,2023,Participates in Title IV federal financial aid programs,"20,000 and above",21354,1556,2424,1860,26,71,29134,"20,000 and above",Town: Distant,18291,630,610,27,67,49,66,1240,0.07,,
207397,Oklahoma State University-Oklahoma City,2023,Participates in Title IV federal financial aid programs,"1,000 - 4,999",4134,491,3208,1759,30,,14920,"1,000 - 4,999",City: Large,5347,,,,,,,0,0.12,,
469629,Oklahoma Technical College,2023,Participates in Title IV federal financial aid programs,"Under 1,000",120,1,0,67,67,,,"Under 1,000",City: Large,27959,,,,,,,0,0.01,,
206835,Oklahoma Wesleyan University,2023,Participates in Title IV federal financial aid programs,"Under 1,000",824,91,243,83,39,77,45076,"Under 1,000",Town: Distant,26811,,,,33,23,28,0,0.11,,
232982,Old Dominion University,2023,Participates in Title IV federal financial aid programs,"20,000 and above",17736,1627,4146,4455,37,91,31654,"20,000 and above",City: Midsize,16150,660,630,27,51,26,44,1290,0.09,,
147828,Olivet Nazarene University,2023,Participates in Title IV federal financial aid programs,"1,000 - 4,999",2569,164,154,157,35,67,56630,"1,000 - 4,999",Suburb: Small,22707,600,590,28,64,52,60,1190,0.06,,
145707,Olney Central College,2023,Participates in Title IV federal financial aid programs,"Under 1,000",880,21,426,136,34,,28920,"Under 1,000",Town: Remote,10409,,,,,,,0,0.02,,
236188,Olympic College,2023,Participates in Title IV federal financial aid programs,"5,000 - 9,999",5413,231,2116,2170,16,,19805,"5,000 - 9,999",City: Small,11105,,,,,,,0,0.04,,
461120,Omega Graduate School,2023,Participates in Title IV federal financial aid programs,"Under 1,000",0,0,0,0,,,,"Under 1,000",Rural: Fringe,,,,,,,,0,,,
194222,Onondaga Community College,2023,Participates in Title IV federal financial aid programs,"5,000 - 9,999",8112,313,4951,1136,26,,19774,"5,000 - 9,999",Suburb: Large,6299,,,,,,,0,0.04,,
440730,Onondaga Cortland Madison BOCES,2023,Participates in Title IV federal financial aid programs,"Under 1,000",342,0,0,203,60,,,"Under 1,000",Suburb: Large,16401,,,,,,,0,0.00,,
207582,Oral Roberts University,2023,Participates in Title IV federal financial aid programs,"5,000 - 9,999",4565,216,1732,628,34,99,52926,"5,000 - 9,999",City: Large,24347,640,610,27,61,48,54,1250,0.05,,
120342,Orange Coast College,2023,Participates in Title IV federal financial aid programs,"10,000 - 19,999",17085,1600,10558,4246,24,,30760,"10,000 - 19,999",City: Midsize,7557,,,,,,,0,0.09,,
194240,Orange County Community College,2023,Participates in Title IV federal financial aid programs,"5,000 - 9,999",5372,274,3189,959,27,,24328,"5,000 - 9,999",Suburb: Small,7223,,,,,,,0,0.05,,
136303,Orange Technical College,2023,Participates in Title IV federal financial aid programs,"Under 1,000",994,0,846,72,10,,,"Under 1,000",City: Large,7826,,,,,,,0,0.00,,
138488,Orange Technical College-East Campus,2023,Participates in Title IV federal financial aid programs,"1,000 - 4,999",2803,0,2632,173,3,,,"1,000 - 4,999",Suburb: Large,27079,,,,,,,0,0.00,,
135735,Orange Technical College-South Campus,2023,Participates in Title IV federal financial aid programs,"1,000 - 4,999",2743,0,2347,571,8,,,"1,000 - 4,999",Suburb: Large,2786,,,,,,,0,0.00,,
138372,Orange Technical College-West Campus,2023,Participates in Title IV federal financial aid programs,"1,000 - 4,999",1418,0,1208,317,7,,,"1,000 - 4,999",Suburb: Large,12107,,,,,,,0,0.00,,
417992,Orange Ulster BOCES-Practical Nursing Program,2023,Participates in Title IV federal financial aid programs,"Under 1,000",72,0,37,47,59,79,,"Under 1,000",City: Small,20843,,,,,,,0,0.00,,
218487,Orangeburg Calhoun Technical College,2023,Participates in Title IV federal financial aid programs,"1,000 - 4,999",2146,196,1390,720,43,,18354,"1,000 - 4,999",Town: Distant,6609,,,,,,,0,0.09,,
423652,Oregon Coast Community College,2023,Participates in Title IV federal financial aid programs,"Under 1,000",467,55,285,187,37,,20277,"Under 1,000",Town: Distant,10866,,,,,,,0,0.12,,
369659,Oregon College of Oriental Medicine,2023,Participates in Title IV federal financial aid programs,"Under 1,000",0,0,0,0,,,,"Under 1,000",City: Large,,,,,,,,0,,,
209490,Oregon Health & Science University,2023,Participates in Title IV federal financial aid programs,"1,000 - 4,999",788,364,294,499,28,,,"1,000 - 4,999",City: Large,,,,,,,,0,0.46,,
209506,Oregon Institute of Technology,2023,Participates in Title IV federal financial aid programs,"5,000 - 9,999",5012,410,2935,956,19,92,32128,"5,000 - 9,999",Town: Remote,17274,650,650,26,56,26,59,1300,0.08,,
209542,Oregon State University,2023,Participates in Title IV federal financial aid programs,"20,000 and above",30021,2622,9202,7986,22,79,32205,"20,000 and above",City: Small,21868,,,,70,47,71,0,0.09,,
440828,Oregon State University-Cascades Campus,2023,Participates in Title IV federal financial aid programs,"1,000 - 4,999",1058,150,430,215,28,68,31305,"1,000 - 4,999",City: Midsize,18949,,,,50,33,51,0,0.14,,
441593,Orleans Niagara BOCES-Practical Nursing Program,2023,Participates in Title IV federal financial aid programs,"Under 1,000",,,,,58,,,"Under 1,000",Town: Fringe,,,,,,,,0,,,
214528,Orleans Technical College,2023,Participates in Title IV federal financial aid programs,"Under 1,000",245,0,60,119,49,50,,"Under 1,000",City: Large,17343,,,,,,,0,0.00,,
427991,Osceola Technical College,2023,Participates in Title IV federal financial aid programs,"Under 1,000",752,0,319,89,35,,,"Under 1,000",Suburb: Large,6669,,,,,,,0,0.00,,
127778,Otero College,2023,Participates in Title IV federal financial aid programs,"Under 1,000",972,83,502,210,34,,24062,"Under 1,000",Town: Remote,12602,,,,,,,0,0.09,,
120403,Otis College of Art and Design,2023,Participates in Title IV federal financial aid programs,"1,000 - 4,999",1243,124,27,129,31,84,81171,"1,000 - 4,999",City: Large,49440,,,,69,52,61,0,0.10,,
194259,Otsego Area BOCES-Practical Nursing Program,2023,Participates in Title IV federal financial aid programs,"Under 1,000",,,,,89,,,"Under 1,000",Town: Remote,7738,,,,,,,0,,,
155636,Ottawa University-Kansas City,2023,Participates in Title IV federal financial aid programs,"Under 1,000",226,40,143,163,46,,,"Under 1,000",City: Midsize,,,,,,,,0,0.18,,
428259,Ottawa University-Milwaukee,2023,Participates in Title IV federal financial aid programs,"Under 1,000",60,12,43,53,46,,,"Under 1,000",Suburb: Large,,,,,,,,0,0.20,,
454582,Ottawa University-Online,2023,Branch campus of a main campus that participates in Title IV,"Under 1,000",419,46,312,260,30,,,"Under 1,000",City: Midsize,,,,,,,,0,0.11,,
155627,Ottawa University-Ottawa,2023,Participates in Title IV federal financial aid programs,"1,000 - 4,999",936,104,48,35,35,80,50140,"1,000 - 4,999",Town: Distant,28126,590,550,21,34,23,29,1140,0.11,,
464226,Ottawa University-Surprise,2023,Participates in Title IV federal financial aid programs,"Under 1,000",768,125,45,32,37,40,49900,"Under 1,000",Suburb: Large,35030,530,520,21,,17,23,1050,0.16,,
204936,Otterbein University,2023,Participates in Title IV federal financial aid programs,"1,000 - 4,999",2119,81,129,72,29,83,53247,"1,000 - 4,999",Suburb: Large,22242,,,28,70,60,69,0,0.04,,
107512,Ouachita Baptist University,2023,Participates in Title IV federal financial aid programs,"1,000 - 4,999",1734,48,148,29,23,69,50418,"1,000 - 4,999",Town: Distant,22087,660,630,28,66,62,70,1290,0.03,,
227331,Our Lady of the Lake University,2023,Participates in Title IV federal financial aid programs,"1,000 - 4,999",1147,97,153,208,57,,45734,"1,000 - 4,999",City: Large,17961,,,,35,33,42,0,0.08,,
204945,Owens Community College,2023,Participates in Title IV federal financial aid programs,"5,000 - 9,999",7762,345,6024,2561,22,,17896,"5,000 - 9,999",Suburb: Large,9294,,,,,,,0,0.04,,
247940,Owensboro Community and Technical College,2023,Participates in Title IV federal financial aid programs,"1,000 - 4,999",4694,149,3195,1074,30,,17914,"1,000 - 4,999",Rural: Fringe,6969,,,,,,,0,0.03,,
120421,Oxnard College,2023,Participates in Title IV federal financial aid programs,"5,000 - 9,999",6911,804,5138,1860,35,,25212,"5,000 - 9,999",City: Midsize,1665,,,,,,,0,0.12,,
178679,Ozark Christian College,2023,Participates in Title IV federal financial aid programs,"Under 1,000",614,42,112,54,38,98,29642,"Under 1,000",City: Small,17968,,,,60,36,57,0,0.07,,
107549,Ozarka College,2023,Participates in Title IV federal financial aid programs,"1,000 - 4,999",1013,65,590,150,47,,16775,"1,000 - 4,999",Rural: Remote,4523,,,,,,,0,0.06,,
177472,Ozarks Technical Community College,2023,Participates in Title IV federal financial aid programs,"10,000 - 19,999",11036,886,6232,2628,37,,19092,"10,000 - 19,999",City: Midsize,6053,,,,,,,0,0.08,,
194310,Pace University,2023,Participates in Title IV federal financial aid programs,"10,000 - 19,999",8176,411,703,475,27,77,80902,"10,000 - 19,999",City: Large,34299,668,660,29,60,49,61,1328,0.05,,
407610,Pacific Bible College,2023,Participates in Title IV federal financial aid programs,"Under 1,000",44,10,38,33,31,93,26330,"Under 1,000",City: Small,,,,,,,,0,0.23,,
439862,Pacific Islands University,2023,Participates in Title IV federal financial aid programs,"Under 1,000",55,1,19,18,33,39,22250,"Under 1,000",Suburb: Midsize,5873,,,,25,0,100,0,0.02,,
236230,Pacific Lutheran University,2023,Participates in Title IV federal financial aid programs,"1,000 - 4,999",2393,184,85,211,33,81,66837,"1,000 - 4,999",Suburb: Large,23841,630,628,27,70,51,71,1258,0.08,,
495147,Pacific Northwest Christian College,2023,Participates in Title IV federal financial aid programs,"Under 1,000",129,11,7,5,47,,19650,"Under 1,000",City: Small,6874,,,,,,,0,0.09,,
209603,Pacific Northwest College of Art,2023,Participates in Title IV federal financial aid programs,"Under 1,000",412,46,16,58,44,69,70376,"Under 1,000",City: Large,42195,,,,36,33,46,0,0.11,,
455406,Pacific Northwest University of Health Sciences,2023,Participates in Title IV federal financial aid programs,"Under 1,000",0,0,0,0,,,,"Under 1,000",Suburb: Midsize,,,,,,,,0,,,
120768,Pacific Oaks College,2023,Participates in Title IV federal financial aid programs,"1,000 - 4,999",346,74,346,308,55,10,62492,"1,000 - 4,999",City: Midsize,,,,,,,,0,0.21,,
457484,Pacific Rim Christian University,2023,Participates in Title IV federal financial aid programs,"Under 1,000",114,5,50,56,86,,25767,"Under 1,000",City: Large,22668,,,,57,19,43,0,0.04,,
120795,Pacific School of Religion,2023,Participates in Title IV federal financial aid programs,"Under 1,000",0,0,0,0,,,,"Under 1,000",City: Midsize,,,,,,,,0,,,
120838,Pacific States University,2023,Participates in Title IV federal financial aid programs,"Under 1,000",17,0,0,7,0,100,31510,"Under 1,000",City: Large,,,,,0,100,100,0,0.00,,
120865,Pacific Union College,2023,Participates in Title IV federal financial aid programs,"Under 1,000",910,117,193,258,33,42,60011,"Under 1,000",Rural: Fringe,22799,605,585,24,43,39,52,1190,0.13,,
209612,Pacific University,2023,Participates in Title IV federal financial aid programs,"1,000 - 4,999",1613,114,140,135,27,92,67552,"1,000 - 4,999",Suburb: Large,34809,640,600,28,72,53,65,1240,0.07,,
140720,Paine College,2023,Participates in Title IV federal financial aid programs,"Under 1,000",344,30,40,52,71,83,27632,"Under 1,000",City: Midsize,17048,,,,10,6,22,0,0.09,,
243647,Palau Community College,2023,Participates in Title IV federal financial aid programs,"Under 1,000",387,1,157,96,72,,12830,"Under 1,000",{Not available},2810,,,,,,,0,0.00,,
136330,Palm Beach Atlantic University,2023,Participates in Title IV federal financial aid programs,"1,000 - 4,999",3094,203,778,190,25,88,57933,"1,000 - 4,999",City: Midsize,31103,620,590,26,61,49,59,1210,0.07,,
136358,Palm Beach State College,2023,Participates in Title IV federal financial aid programs,"20,000 and above",24369,1382,16958,6899,38,,25730,"20,000 and above",Suburb: Large,10320,,,,,,,0,0.06,,
154174,Palmer College of Chiropractic,2023,Participates in Title IV federal financial aid programs,"1,000 - 4,999",46,16,4,9,38,,,"1,000 - 4,999",City: Midsize,,,,,,,,0,0.35,,
246354,Palo Alto College,2023,Participates in Title IV federal financial aid programs,"10,000 - 19,999",10908,652,8645,2414,25,,24064,"10,000 - 19,999",City: Large,4848,,,,,,,0,0.06,,
120698,Palo Alto University,2023,Participates in Title IV federal financial aid programs,"1,000 - 4,999",19,13,1,16,19,,,"1,000 - 4,999",Rural: Fringe,,,,,,,,0,0.68,,
120953,Palo Verde College,2023,Participates in Title IV federal financial aid programs,"1,000 - 4,999",3461,378,2794,2804,6,,27325,"1,000 - 4,999",Rural: Distant,15556,,,,,,,0,0.11,,
120971,Palomar College,2023,Participates in Title IV federal financial aid programs,"10,000 - 19,999",18815,1547,12762,6037,17,,31560,"10,000 - 19,999",Suburb: Large,7951,,,,,,,0,0.08,,
199263,Pamlico Community College,2023,Participates in Title IV federal financial aid programs,"Under 1,000",379,83,302,176,32,,27347,"Under 1,000",Rural: Distant,9430,,,,,,,0,0.22,,
227386,Panola College,2023,Participates in Title IV federal financial aid programs,"1,000 - 4,999",2356,158,1402,414,32,,18804,"1,000 - 4,999",Town: Distant,6451,,,,,,,0,0.07,,
364016,Paradise Valley Community College,2023,Participates in Title IV federal financial aid programs,"5,000 - 9,999",5880,574,4328,1892,19,,25998,"5,000 - 9,999",City: Large,14322,,,,,,,0,0.10,,
121628,Pardee RAND Graduate School,2023,Participates in Title IV federal financial aid programs,"Under 1,000",0,0,0,0,,,,"Under 1,000",City: Small,,,,,,,,0,,,
227401,Paris Junior College,2023,Participates in Title IV federal financial aid programs,"1,000 - 4,999",4456,179,2914,777,23,,18768,"1,000 - 4,999",Town: Remote,7118,,,,,,,0,0.04,,
178721,Park University,2023,Participates in Title IV federal financial aid programs,"5,000 - 9,999",5376,830,2681,3279,39,,34300,"5,000 - 9,999",Suburb: Large,15637,,,,26,13,29,0,0.15,,
243823,Parker University,2023,Participates in Title IV federal financial aid programs,"1,000 - 4,999",504,104,183,350,48,,42167,"1,000 - 4,999",City: Large,27240,,,,,60,60,0,0.21,,
147916,Parkland College,2023,Participates in Title IV federal financial aid programs,"5,000 - 9,999",6018,147,3938,1334,25,,22742,"5,000 - 9,999",City: Small,8179,,,,,,,0,0.02,,
121044,Pasadena City College,2023,Participates in Title IV federal financial aid programs,"20,000 and above",23592,2216,14874,7179,30,,27955,"20,000 and above",City: Midsize,5492,,,,,,,0,0.09,,
136400,Pasco-Hernando State College,2023,Participates in Title IV federal financial aid programs,"5,000 - 9,999",9449,25,5751,1841,30,,18440,"5,000 - 9,999",Suburb: Large,5419,,,,,,,0,0.00,,
186034,Passaic County Community College,2023,Participates in Title IV federal financial aid programs,"5,000 - 9,999",5165,140,3045,1603,53,,24716,"5,000 - 9,999",Suburb: Large,7910,,,,,,,0,0.03,,
495916,Pathways College,2023,"Not currently participating in Title IV, has an OPE ID number","Under 1,000",81,0,72,6,0,,37524,"Under 1,000",City: Large,,,,,,,,0,0.00,,
498243,Pathways College-Arizona,2023,"Not currently participating in Title IV, does not have OPE ID number",Not applicable,,,,,,,,Not applicable,City: Large,,,,,,,,0,,,
233019,Patrick & Henry Community College,2023,Participates in Title IV federal financial aid programs,"1,000 - 4,999",1932,65,903,374,46,,20794,"1,000 - 4,999",Rural: Fringe,3591,,,,,,,0,0.03,,
451927,Patrick Henry College,2023,Deferment only - limited participation,"Under 1,000",408,3,52,10,0,82,38425,"Under 1,000",Town: Fringe,25128,750,680,31,72,55,65,1430,0.01,,
233037,Paul D Camp Community College,2023,Participates in Title IV federal financial aid programs,"1,000 - 4,999",1168,72,794,249,27,,22866,"1,000 - 4,999",Town: Distant,5150,,,,,,,0,0.06,,
227429,Paul Quinn College,2023,Participates in Title IV federal financial aid programs,"Under 1,000",600,56,222,215,70,34,26558,"Under 1,000",City: Large,18118,,,,27,33,38,0,0.09,,
194392,Paul Smiths College of Arts and Science,2023,Participates in Title IV federal financial aid programs,"Under 1,000",582,31,5,28,37,91,51655,"Under 1,000",Rural: Distant,26370,,,,50,45,49,0,0.05,,
204990,Payne Theological Seminary,2023,Participates in Title IV federal financial aid programs,"Under 1,000",0,0,0,0,,,,"Under 1,000",Rural: Fringe,,,,,,,,0,,,
176239,Pearl River Community College,2023,Participates in Title IV federal financial aid programs,"5,000 - 9,999",5620,1454,1658,1164,47,,23506,"5,000 - 9,999",Rural: Remote,5019,,,,,,,0,0.26,,
214883,Peirce College,2023,Participates in Title IV federal financial aid programs,"Under 1,000",790,164,641,711,52,,26660,"Under 1,000",City: Large,12905,,,,50,,,0,0.21,,
221643,Pellissippi State Community College,2023,Participates in Title IV federal financial aid programs,"5,000 - 9,999",8710,440,4427,1647,25,,19747,"5,000 - 9,999",Suburb: Large,6692,,,,,,,0,0.05,,
236258,Peninsula College,2023,Participates in Title IV federal financial aid programs,"1,000 - 4,999",1837,94,942,875,31,,27299,"1,000 - 4,999",Town: Remote,6525,,,,,,,0,0.05,,
214971,Pennsylvania Academy of the Fine Arts,2023,Participates in Title IV federal financial aid programs,"Under 1,000",99,9,2,15,32,88,71438,"Under 1,000",City: Large,45518,,,,47,71,79,0,0.09,,
215053,Pennsylvania College of Art and Design,2023,Participates in Title IV federal financial aid programs,"Under 1,000",323,36,34,24,46,46,46755,"Under 1,000",City: Small,30437,,,,58,64,64,0,0.11,,
442356,Pennsylvania College of Health Sciences,2023,Participates in Title IV federal financial aid programs,"1,000 - 4,999",1648,209,997,938,30,44,61700,"1,000 - 4,999",Rural: Fringe,33565,,,,,85,85,0,0.13,,
366252,Pennsylvania College of Technology,2023,Participates in Title IV federal financial aid programs,"1,000 - 4,999",4287,299,770,622,32,,35271,"1,000 - 4,999",City: Small,24650,,,,56,42,54,0,0.07,,
414911,Pennsylvania Highlands Community College,2023,Participates in Title IV federal financial aid programs,"1,000 - 4,999",2286,32,1722,286,19,,17860,"1,000 - 4,999",Rural: Fringe,5790,,,,,,,0,0.01,,
214582,Pennsylvania Institute of Technology,2023,Participates in Title IV federal financial aid programs,"Under 1,000",662,49,326,440,78,,27495,"Under 1,000",Suburb: Large,16303,,,,,,,0,0.07,,
214777,Pennsylvania State University-Main Campus,2023,Participates in Title IV federal financial aid programs,"20,000 and above",42223,372,1212,746,13,54,40310,"20,000 and above",City: Small,27450,690,710,32,87,70,86,1400,0.01,,
214801,Pennsylvania State University-Penn State Abington,2023,Participates in Title IV federal financial aid programs,"1,000 - 4,999",3095,191,234,218,38,92,35316,"1,000 - 4,999",Suburb: Large,17561,650,660,27,26,15,22,1310,0.06,,
214689,Pennsylvania State University-Penn State Altoona,2023,Participates in Title IV federal financial aid programs,"1,000 - 4,999",2421,96,63,101,26,97,36020,"1,000 - 4,999",City: Small,22506,630,630,27,14,14,18,1260,0.04,,
214698,Pennsylvania State University-Penn State Beaver,2023,Participates in Title IV federal financial aid programs,"Under 1,000",504,25,30,23,34,92,34456,"Under 1,000",Suburb: Large,19329,660,660,26,18,17,21,1320,0.05,,
214704,Pennsylvania State University-Penn State Berks,2023,Participates in Title IV federal financial aid programs,"1,000 - 4,999",1940,92,203,136,29,97,36020,"1,000 - 4,999",Suburb: Large,22450,650,660,29,28,16,23,1310,0.05,,
214731,Pennsylvania State University-Penn State Brandywine,2023,Participates in Title IV federal financial aid programs,"1,000 - 4,999",1223,48,96,52,35,95,35256,"1,000 - 4,999",Suburb: Large,21739,660,680,29,27,12,21,1340,0.04,,
214740,Pennsylvania State University-Penn State DuBois,2023,Participates in Title IV federal financial aid programs,"Under 1,000",353,13,46,18,25,93,34456,"Under 1,000",Town: Remote,18960,625,625,,11,15,22,1250,0.04,,
214591,Pennsylvania State University-Penn State Erie-Behrend College,2023,Participates in Title IV federal financial aid programs,"1,000 - 4,999",3226,91,163,139,27,96,36020,"1,000 - 4,999",Suburb: Midsize,20964,660,660,28,47,32,46,1320,0.03,,
214759,Pennsylvania State University-Penn State Fayette- Eberly,2023,Participates in Title IV federal financial aid programs,"Under 1,000",419,21,13,37,35,92,34456,"Under 1,000",Rural: Fringe,18780,630,635,,35,24,31,1265,0.05,,
214607,Pennsylvania State University-Penn State Great Valley,2023,Participates in Title IV federal financial aid programs,"Under 1,000",0,0,0,0,,,,"Under 1,000",Suburb: Large,,,,,,,,0,,,
214786,Pennsylvania State University-Penn State Greater Allegheny,2023,Participates in Title IV federal financial aid programs,"Under 1,000",361,20,17,25,44,95,34456,"Under 1,000",Suburb: Large,14933,635,580,,17,20,27,1215,0.06,,
214713,Pennsylvania State University-Penn State Harrisburg,2023,Participates in Title IV federal financial aid programs,"1,000 - 4,999",4164,257,208,290,26,96,36020,"1,000 - 4,999",Suburb: Large,22406,650,670,30,30,19,29,1320,0.06,,
214768,Pennsylvania State University-Penn State Hazleton,2023,Participates in Title IV federal financial aid programs,"Under 1,000",510,36,26,45,48,91,35256,"Under 1,000",Suburb: Small,19920,650,670,,18,11,14,1320,0.07,,
214670,Pennsylvania State University-Penn State Lehigh Valley,2023,Participates in Title IV federal financial aid programs,"Under 1,000",954,78,122,85,33,94,35256,"Under 1,000",Suburb: Large,19070,660,655,28,17,13,17,1315,0.08,,
214795,Pennsylvania State University-Penn State Mont Alto,2023,Participates in Title IV federal financial aid programs,"Under 1,000",587,29,86,60,26,90,34456,"Under 1,000",Rural: Fringe,20294,620,610,,18,14,18,1230,0.05,,
214625,Pennsylvania State University-Penn State New Kensington,2023,Participates in Title IV federal financial aid programs,"Under 1,000",456,24,69,50,32,93,34456,"Under 1,000",Rural: Fringe,19294,640,630,27,24,14,20,1270,0.05,,
214810,Pennsylvania State University-Penn State Schuylkill,2023,Participates in Title IV federal financial aid programs,"Under 1,000",650,28,74,39,38,91,35256,"Under 1,000",Town: Fringe,20317,590,590,,16,11,16,1180,0.04,,
214652,Pennsylvania State University-Penn State Scranton,2023,Participates in Title IV federal financial aid programs,"Under 1,000",837,42,48,67,43,95,35256,"Under 1,000",Suburb: Large,18239,640,640,,31,21,31,1280,0.05,,
214634,Pennsylvania State University-Penn State Shenango,2023,Participates in Title IV federal financial aid programs,"Under 1,000",332,37,120,57,41,91,34078,"Under 1,000",Town: Fringe,14895,620,610,,17,6,11,1230,0.11,,
214643,Pennsylvania State University-Penn State Wilkes-Barre,2023,Participates in Title IV federal financial aid programs,"Under 1,000",348,24,29,24,38,95,34334,"Under 1,000",Rural: Fringe,16275,660,645,,19,10,16,1305,0.07,,
214829,Pennsylvania State University-Penn State York,2023,Participates in Title IV federal financial aid programs,"Under 1,000",702,63,116,80,28,92,35256,"Under 1,000",Suburb: Midsize,19159,630,640,,16,8,12,1270,0.09,,
498571,Pennsylvania Western University,2023,Participates in Title IV federal financial aid programs,"10,000 - 19,999",8336,532,1347,1249,37,94,26878,"10,000 - 19,999",Town: Distant,19579,590,580,26,53,40,53,1170,0.06,,
136473,Pensacola State College,2023,Participates in Title IV federal financial aid programs,"5,000 - 9,999",8518,337,5121,2904,35,,16720,"5,000 - 9,999",City: Small,3436,,,,,,,0,0.04,,
418199,Penta County Joint Vocational School,2023,Participates in Title IV federal financial aid programs,"Under 1,000",67,0,67,38,4,,,"Under 1,000",Suburb: Large,9940,,,,,,,0,0.00,,
219842,Pentecostal Theological Seminary,2023,Participates in Title IV federal financial aid programs,"Under 1,000",116,0,116,89,0,,,"Under 1,000",City: Small,,,,,,,,0,0.00,,
121150,Pepperdine University,2023,Participates in Title IV federal financial aid programs,"5,000 - 9,999",3629,115,187,110,20,50,93512,"5,000 - 9,999",Suburb: Large,52216,710,740,32,84,75,85,1450,0.03,,
236212,Perry Technical Institute,2023,Participates in Title IV federal financial aid programs,"Under 1,000",973,41,0,235,49,,,"Under 1,000",City: Small,21784,,,,,,,0,0.04,,
181534,Peru State College,2023,Participates in Title IV federal financial aid programs,"1,000 - 4,999",1452,121,526,324,34,,22476,"1,000 - 4,999",Rural: Remote,11855,,,,40,27,38,0,0.08,,
199306,Pfeiffer University,2023,Participates in Title IV federal financial aid programs,"Under 1,000",654,51,30,37,56,95,48950,"Under 1,000",Rural: Fringe,21402,,,,34,34,43,0,0.08,,
215123,Philadelphia College of Osteopathic Medicine,2023,Participates in Title IV federal financial aid programs,"1,000 - 4,999",0,0,0,0,,,,"1,000 - 4,999",City: Large,,,,,,,,0,,,
483823,Philadelphia Technician Training,2023,Participates in Title IV federal financial aid programs,"Under 1,000",492,0,0,308,85,,,"Under 1,000",City: Large,22978,,,,,,,0,0.00,,
107600,Philander Smith University,2023,Participates in Title IV federal financial aid programs,"Under 1,000",848,49,179,193,71,,34368,"Under 1,000",City: Midsize,14986,,,,31,19,32,0,0.06,,
107619,Phillips Community College of the University of Arkansas,2023,Participates in Title IV federal financial aid programs,"1,000 - 4,999",1356,30,873,183,36,,17140,"1,000 - 4,999",Town: Remote,4196,,,,,,,0,0.02,,
414966,Phillips Theological Seminary,2023,Participates in Title IV federal financial aid programs,"Under 1,000",0,0,0,0,,,,"Under 1,000",City: Large,,,,,,,,0,,,
105428,Phoenix College,2023,Participates in Title IV federal financial aid programs,"10,000 - 19,999",10384,1180,8162,3713,29,,25638,"10,000 - 19,999",City: Large,12119,,,,,,,0,0.11,,
381459,Phoenix Seminary,2023,Participates in Title IV federal financial aid programs,"Under 1,000",0,0,0,0,,,,"Under 1,000",City: Midsize,,,,,,,,0,,,
407513,Pickaway Ross Joint Vocational School District,2023,Participates in Title IV federal financial aid programs,"Under 1,000",237,0,153,125,28,,,"Under 1,000",Town: Distant,,,,,,,,0,0.00,,
128151,Pickens Technical College,2023,Participates in Title IV federal financial aid programs,"1,000 - 4,999",1025,0,9,218,33,,17086,"1,000 - 4,999",City: Large,6596,,,,,,,0,0.00,,
199324,Piedmont Community College,2023,Participates in Title IV federal financial aid programs,"1,000 - 4,999",1250,39,1132,290,29,,16752,"1,000 - 4,999",Rural: Fringe,8281,,,,,,,0,0.03,,
218520,Piedmont Technical College,2023,Participates in Title IV federal financial aid programs,"1,000 - 4,999",4999,293,3177,1979,48,,31270,"1,000 - 4,999",Town: Distant,11126,,,,,,,0,0.06,,
140818,Piedmont University,2023,Participates in Title IV federal financial aid programs,"1,000 - 4,999",1261,113,90,189,41,93,46276,"1,000 - 4,999",Town: Distant,21599,600,570,24,49,29,40,1170,0.09,,
233116,Piedmont Virginia Community College,2023,Participates in Title IV federal financial aid programs,"5,000 - 9,999",5174,226,4098,1215,25,,21244,"5,000 - 9,999",Suburb: Midsize,6458,,,,,,,0,0.04,,
235237,Pierce College District,2023,Participates in Title IV federal financial aid programs,"5,000 - 9,999",7427,456,2535,2243,20,,27656,"5,000 - 9,999",City: Small,10851,,,,,,,0,0.06,,
443492,Pierpont Community and Technical College,2023,Participates in Title IV federal financial aid programs,"1,000 - 4,999",1939,155,1230,291,30,,19008,"1,000 - 4,999",Town: Distant,5777,,,,,,,0,0.08,,
409537,Pike County Joint Vocational School District,2023,"Not currently participating in Title IV, has an OPE ID number","Under 1,000",38,0,38,22,,,,"Under 1,000",Rural: Distant,,,,,,,,0,0.00,,
261773,Pike-Lincoln Technical Center,2023,Participates in Title IV federal financial aid programs,"Under 1,000",35,0,1,12,49,,,"Under 1,000",Rural: Remote,7360,,,,,,,0,0.00,,
127820,Pikes Peak State College,2023,Participates in Title IV federal financial aid programs,"10,000 - 19,999",12388,1452,8056,4479,31,,24418,"10,000 - 19,999",Suburb: Large,9311,,,,,,,0,0.12,,
440794,Pillar College,2023,Participates in Title IV federal financial aid programs,"Under 1,000",489,41,29,253,56,,56320,"Under 1,000",City: Large,5842,,,,27,0,5,0,0.08,,
105525,Pima Community College,2023,Participates in Title IV federal financial aid programs,"10,000 - 19,999",15819,1607,12207,5844,33,,18852,"10,000 - 19,999",City: Large,3057,,,,,,,0,0.10,,
174570,Pine Technical & Community College,2023,Participates in Title IV federal financial aid programs,"1,000 - 4,999",1913,102,1470,233,15,,22569,"1,000 - 4,999",Rural: Remote,9876,,,,,,,0,0.05,,
136491,Pinellas Technical College-Clearwater,2023,Participates in Title IV federal financial aid programs,"1,000 - 4,999",1018,0,440,318,19,,,"1,000 - 4,999",Suburb: Large,15592,,,,,,,0,0.00,,
137087,Pinellas Technical College-St. Petersburg,2023,Participates in Title IV federal financial aid programs,"1,000 - 4,999",1421,0,610,436,21,,,"1,000 - 4,999",City: Large,17981,,,,,,,0,0.00,,
407522,Pioneer Career and Technology Center,2023,Participates in Title IV federal financial aid programs,"Under 1,000",68,0,68,33,5,,,"Under 1,000",Town: Fringe,,,,,,,,0,0.00,,
364627,Pioneer Technology Center,2023,Participates in Title IV federal financial aid programs,"Under 1,000",410,0,324,50,14,,,"Under 1,000",Town: Remote,5256,,,,,,,0,0.00,,
199333,Pitt Community College,2023,Participates in Title IV federal financial aid programs,"5,000 - 9,999",7371,467,4878,1769,38,,20310,"5,000 - 9,999",Suburb: Midsize,7834,,,,,,,0,0.06,,
155681,Pittsburg State University,2023,Participates in Title IV federal financial aid programs,"5,000 - 9,999",4426,402,523,410,32,88,24588,"5,000 - 9,999",Town: Distant,19357,,,24,52,34,54,0,0.09,,
215381,Pittsburgh Institute of Aeronautics,2023,Participates in Title IV federal financial aid programs,"Under 1,000",591,49,0,119,38,,41363,"Under 1,000",Suburb: Large,29065,,,,,,,0,0.08,,
215390,Pittsburgh Institute of Mortuary Science Inc,2023,Participates in Title IV federal financial aid programs,"Under 1,000",402,83,309,224,25,49,,"Under 1,000",City: Large,,,,,,,,0,0.21,,
215415,Pittsburgh Technical College,2023,Participates in Title IV federal financial aid programs,"Under 1,000",864,44,169,233,45,,40808,"Under 1,000",Suburb: Large,26196,,,,,74,74,0,0.05,,
215424,Pittsburgh Theological Seminary,2023,Participates in Title IV federal financial aid programs,"Under 1,000",0,0,0,0,,,,"Under 1,000",City: Large,,,,,,,,0,,,
121257,Pitzer College,2023,Participates in Title IV federal financial aid programs,"1,000 - 4,999",1204,23,29,16,10,17,81524,"1,000 - 4,999",Suburb: Large,34801,,,,89,60,83,0,0.02,,
183080,Plymouth State University,2023,Participates in Title IV federal financial aid programs,"1,000 - 4,999",3336,151,89,76,26,91,30854,"1,000 - 4,999",Town: Remote,20280,,,,54,41,47,0,0.05,,
121309,Point Loma Nazarene University,2023,Participates in Title IV federal financial aid programs,"1,000 - 4,999",3158,320,412,435,23,82,70112,"1,000 - 4,999",City: Large,36370,710,700,30,74,68,74,1410,0.10,,
215442,Point Park University,2023,Participates in Title IV federal financial aid programs,"1,000 - 4,999",2323,189,213,277,37,98,44650,"1,000 - 4,999",City: Large,25477,650,590,27,62,52,59,1240,0.08,,
138868,Point University,2023,Participates in Title IV federal financial aid programs,"1,000 - 4,999",2617,510,1605,438,32,68,35300,"1,000 - 4,999",Town: Distant,22622,650,587,23,28,26,51,1237,0.19,,
390905,Polaris Career Center,2023,Participates in Title IV federal financial aid programs,"Under 1,000",230,0,177,95,45,,,"Under 1,000",Suburb: Large,13043,,,,,,,0,0.00,,
136516,Polk State College,2023,Participates in Title IV federal financial aid programs,"5,000 - 9,999",7963,343,5280,2207,33,,17401,"5,000 - 9,999",City: Small,9832,,,,,,,0,0.04,,
491473,Polytech Adult Education,2023,Participates in Title IV federal financial aid programs,"Under 1,000",631,0,589,312,3,,,"Under 1,000",Suburb: Midsize,,,,,,,,0,0.00,,
456481,Polytechnic University of Puerto Rico-Miami,2023,Participates in Title IV federal financial aid programs,"Under 1,000",29,0,29,26,71,,33572,"Under 1,000",City: Small,,,,,,0,0,0,0.00,,
456490,Polytechnic University of Puerto Rico-Orlando,2023,Participates in Title IV federal financial aid programs,"Under 1,000",102,3,71,61,59,,35792,"Under 1,000",Suburb: Large,18033,,,,50,0,8,0,0.03,,
190451,Pomeroy College of Nursing at Crouse Hospital,2023,Participates in Title IV federal financial aid programs,"Under 1,000",179,63,136,85,35,40,35709,"Under 1,000",Suburb: Large,24955,,,,,,,0,0.35,,
121345,Pomona College,2023,Participates in Title IV federal financial aid programs,"1,000 - 4,999",1664,19,18,10,19,7,82371,"1,000 - 4,999",Suburb: Large,17423,770,790,35,93,71,93,1560,0.01,,
372082,Pomona Unified School District Adult and Career Education,2023,Participates in Title IV federal financial aid programs,"Under 1,000",104,0,20,51,49,,,"Under 1,000",Suburb: Large,5701,,,,,,,0,0.00,,
498289,Pontifex University,2023,"Not currently participating in Title IV, does not have OPE ID number","Under 1,000",,,,,,,,"Under 1,000",City: Large,,,,,,,,0,,,
241395,Pontifical Catholic University of Puerto Rico-Arecibo,2023,Participates in Title IV federal financial aid programs,"Under 1,000",321,41,75,107,76,85,24020,"Under 1,000",Suburb: Small,9883,,,,35,14,38,0,0.13,,
243586,Pontifical Catholic University of Puerto Rico-Mayaguez,2023,Participates in Title IV federal financial aid programs,"Under 1,000",618,35,119,121,83,97,23066,"Under 1,000",City: Small,8132,,,,42,11,40,0,0.06,,
241410,Pontifical Catholic University of Puerto Rico-Ponce,2023,Participates in Title IV federal financial aid programs,"5,000 - 9,999",3963,101,592,377,81,90,24551,"5,000 - 9,999",City: Midsize,10275,658,678,,48,18,48,1336,0.03,,
205027,Pontifical College Josephinum,2023,Participates in Title IV federal financial aid programs,"Under 1,000",45,16,0,24,9,83,,"Under 1,000",City: Large,,,,,19,27,27,0,0.36,,
131405,Pontifical Faculty of the Immaculate Conception at the Dominican House of Studies,2023,Participates in Title IV federal financial aid programs,"Under 1,000",0,0,0,0,,,,"Under 1,000",City: Large,,,,,,,,0,,,
455813,Pontifical John Paul II Institute for Studies on Marriage and Family,2023,Participates in Title IV federal financial aid programs,"Under 1,000",0,0,0,0,,,,"Under 1,000",City: Large,,,,,,,,0,,,
206905,Pontotoc Technology Center,2023,Participates in Title IV federal financial aid programs,"Under 1,000",341,0,280,23,13,,,"Under 1,000",Rural: Fringe,3130,,,,,,,0,0.00,,
167464,Pope St John XXIII National Seminary,2023,"Not currently participating in Title IV, has an OPE ID number","Under 1,000",0,0,0,0,,,,"Under 1,000",Suburb: Large,,,,,,,,0,,,
178828,Poplar Bluff Technical Career Center,2023,Participates in Title IV federal financial aid programs,"Under 1,000",14,0,0,1,77,,,"Under 1,000",Town: Remote,21679,,,,,,,0,0.00,,
364636,Portage Lakes Career Center,2023,Participates in Title IV federal financial aid programs,"Under 1,000",217,0,37,101,39,,,"Under 1,000",Suburb: Large,19613,,,,,,,0,0.00,,
121363,Porterville College,2023,Participates in Title IV federal financial aid programs,"1,000 - 4,999",4939,344,3467,1261,36,,27970,"1,000 - 4,999",Suburb: Small,5238,,,,,,,0,0.07,,
457925,Portland Actors Conservatory,2023,Participates in Title IV federal financial aid programs,"Under 1,000",13,0,0,9,25,67,42975,"Under 1,000",City: Large,29915,,,,,,,0,0.00,,
209746,Portland Community College,2023,Participates in Title IV federal financial aid programs,"20,000 and above",20033,1141,11917,8123,31,,24789,"20,000 and above",City: Large,9131,,,,,,,0,0.06,,
209807,Portland State University,2023,Participates in Title IV federal financial aid programs,"20,000 and above",15960,1997,5542,5204,40,91,28023,"20,000 and above",City: Large,12509,,,,57,35,53,0,0.13,,
237701,Potomac State College of West Virginia University,2023,Participates in Title IV federal financial aid programs,"1,000 - 4,999",1143,38,277,116,39,,18860,"1,000 - 4,999",Town: Remote,7685,,,,,,,0,0.03,,
148007,Prairie State College,2023,Participates in Title IV federal financial aid programs,"1,000 - 4,999",3045,163,2152,1094,36,,25562,"1,000 - 4,999",Suburb: Large,5564,,,,,,,0,0.05,,
227526,Prairie View A & M University,2023,Participates in Title IV federal financial aid programs,"5,000 - 9,999",8527,591,665,594,62,75,26353,"5,000 - 9,999",Rural: Distant,14065,520,510,20,45,19,43,1030,0.07,,
155715,Pratt Community College,2023,Participates in Title IV federal financial aid programs,"1,000 - 4,999",1153,55,571,183,19,,23850,"1,000 - 4,999",Town: Remote,9147,,,,,,,0,0.05,,
194578,Pratt Institute-Main,2023,Participates in Title IV federal financial aid programs,"5,000 - 9,999",3814,55,93,137,17,53,88688,"5,000 - 9,999",City: Large,51702,700,720,32,73,49,73,1420,0.01,,
218539,Presbyterian College,2023,Participates in Title IV federal financial aid programs,"1,000 - 4,999",903,42,37,2,28,72,64018,"1,000 - 4,999",Town: Distant,20058,650,630,27,61,49,58,1280,0.05,,
490045,Presbyterian Theological Seminary in America,2023,Participates in Title IV federal financial aid programs,"Under 1,000",38,6,21,33,47,,35051,"Under 1,000",Suburb: Large,,,,,100,40,80,0,0.16,,
105589,Prescott College,2023,Participates in Title IV federal financial aid programs,"Under 1,000",257,36,55,79,47,99,47981,"Under 1,000",City: Small,23163,,,,40,30,36,0,0.14,,
219295,Presentation College,2023,"Not currently participating in Title IV, has an OPE ID number",Not applicable,,,,,,,,Not applicable,Rural: Fringe,,,,,,,,0,,,
486433,Presidio Graduate School,2023,Participates in Title IV federal financial aid programs,"Under 1,000",0,0,0,0,,,,"Under 1,000",City: Large,,,,,,,,0,,,
163657,Prince George's Community College,2023,Participates in Title IV federal financial aid programs,"10,000 - 19,999",10513,543,7488,2894,32,,29684,"10,000 - 19,999",Suburb: Large,10382,,,,,,,0,0.05,,
186122,Princeton Theological Seminary,2023,Participates in Title IV federal financial aid programs,"Under 1,000",0,0,0,0,,,,"Under 1,000",City: Small,,,,,,,,0,,,
186131,Princeton University,2023,Participates in Title IV federal financial aid programs,"5,000 - 9,999",5671,33,73,83,19,4,,"5,000 - 9,999",City: Small,19811,780,800,35,98,80,97,1580,0.01,,
148016,Principia College,2023,Deferment only - limited participation,"Under 1,000",338,19,6,19,0,44,45280,"Under 1,000",Rural: Fringe,14904,640,610,23,86,55,76,1250,0.06,,
455770,Providence Christian College,2023,Participates in Title IV federal financial aid programs,"Under 1,000",147,24,5,2,34,93,55454,"Under 1,000",City: Midsize,25354,,,,49,32,53,0,0.16,,
217402,Providence College,2023,Participates in Title IV federal financial aid programs,"1,000 - 4,999",4191,68,110,87,13,49,80028,"1,000 - 4,999",City: Midsize,46645,700,700,32,89,86,88,1400,0.02,,
127884,Pueblo Community College,2023,Participates in Title IV federal financial aid programs,"5,000 - 9,999",6767,474,5133,2175,28,,27484,"5,000 - 9,999",City: Midsize,10969,,,,,,,0,0.07,,
499538,Puerto Rico Advance Institute,2023,Participates in Title IV federal financial aid programs,"Under 1,000",25,0,0,22,0,,13952,"Under 1,000",City: Midsize,5882,,,,,,,0,0.00,,
241766,Puerto Rico Conservatory of Music,2023,Participates in Title IV federal financial aid programs,"Under 1,000",308,25,123,54,66,81,17920,"Under 1,000",City: Large,3905,,,,56,24,57,0,0.08,,
151102,Purdue University Fort Wayne,2023,Participates in Title IV federal financial aid programs,"5,000 - 9,999",8110,299,3503,796,23,86,26302,"5,000 - 9,999",City: Large,12619,600,590,26,39,21,32,1190,0.04,,
489779,Purdue University Global,2023,Participates in Title IV federal financial aid programs,"20,000 and above",31791,4936,26277,24889,48,,19560,"20,000 and above",City: Small,9494,,,,30,50,50,0,0.16,,
490805,Purdue University Northwest,2023,Participates in Title IV federal financial aid programs,"5,000 - 9,999",7902,418,3234,1113,28,71,23110,"5,000 - 9,999",Suburb: Large,9637,570,570,25,42,28,44,1140,0.05,,
243780,Purdue University-Main Campus,2023,Participates in Title IV federal financial aid programs,"20,000 and above",39864,1084,2186,1077,13,50,25622,"20,000 and above",City: Small,12421,710,750,34,84,64,83,1460,0.03,,
419420,Putnam Career and Technical Center,2023,Participates in Title IV federal financial aid programs,"Under 1,000",32,0,0,13,58,,,"Under 1,000",Suburb: Midsize,4611,,,,,,,0,0.00,,
199412,Queens University of Charlotte,2023,Participates in Title IV federal financial aid programs,"1,000 - 4,999",1373,139,49,96,22,68,67990,"1,000 - 4,999",City: Large,27178,650,650,29,65,60,66,1300,0.10,,
167525,Quincy College,2023,Participates in Title IV federal financial aid programs,"1,000 - 4,999",2603,246,1677,1318,34,,29065,"1,000 - 4,999",Suburb: Large,10859,,,,,,,0,0.09,,
148131,Quincy University,2023,Participates in Title IV federal financial aid programs,"1,000 - 4,999",1130,84,119,44,30,50,55640,"1,000 - 4,999",Town: Remote,17424,630,620,25,42,31,43,1250,0.07,,
130217,Quinebaug Valley Community College,2023,Participates in Title IV federal financial aid programs,Not applicable,,,,,,,,Not applicable,Town: Distant,,,,,,,,0,,,
130226,Quinnipiac University,2023,Participates in Title IV federal financial aid programs,"5,000 - 9,999",6248,212,178,189,16,77,72610,"5,000 - 9,999",Suburb: Large,39632,650,650,29,80,73,77,1300,0.03,,
167534,Quinsigamond Community College,2023,Participates in Title IV federal financial aid programs,"5,000 - 9,999",6930,502,4979,2508,39,,26350,"5,000 - 9,999",City: Midsize,7392,,,,,,,0,0.07,,
384421,Rabbi Jacob Joseph School,2023,Participates in Title IV federal financial aid programs,"Under 1,000",96,1,0,0,18,90,,"Under 1,000",Suburb: Large,9977,,,,4,0,4,0,0.01,,
194657,Rabbinical Academy Mesivta Rabbi Chaim Berlin,2023,Participates in Title IV federal financial aid programs,"Under 1,000",160,5,0,2,22,100,35800,"Under 1,000",City: Large,6209,,,,39,0,19,0,0.03,,
194693,Rabbinical College Beth Shraga,2023,Participates in Title IV federal financial aid programs,"Under 1,000",48,1,0,0,21,93,40750,"Under 1,000",Suburb: Large,16744,,,,14,0,9,0,0.02,,
194666,Rabbinical College Bobover Yeshiva Bnei Zion,2023,Participates in Title IV federal financial aid programs,"Under 1,000",436,31,0,0,88,,23480,"Under 1,000",City: Large,8586,,,,85,0,97,0,0.07,,
186186,Rabbinical College of America,2023,Participates in Title IV federal financial aid programs,"Under 1,000",197,51,0,2,38,87,38000,"Under 1,000",Suburb: Large,14947,,,,12,3,18,0,0.26,,
194736,Rabbinical College of Long Island,2023,Participates in Title IV federal financial aid programs,"Under 1,000",161,0,0,0,30,100,,"Under 1,000",Suburb: Large,7838,,,,39,0,34,0,0.00,,
405854,Rabbinical College of Ohr Shimon Yisroel,2023,Participates in Title IV federal financial aid programs,"Under 1,000",233,16,0,5,80,,44150,"Under 1,000",City: Large,13791,,,,44,0,40,0,0.07,,
484871,Rabbinical College Ohr Yisroel,2023,Participates in Title IV federal financial aid programs,"Under 1,000",116,1,0,0,38,,17850,"Under 1,000",City: Large,6147,,,,52,0,52,0,0.01,,
205124,Rabbinical College Telshe,2023,Participates in Title IV federal financial aid programs,"Under 1,000",57,1,0,0,36,81,39970,"Under 1,000",Suburb: Large,11403,,,,63,53,53,0,0.02,,
194718,Rabbinical Seminary Mkor Chaim,2023,Participates in Title IV federal financial aid programs,"Under 1,000",81,1,0,1,63,100,33450,"Under 1,000",Suburb: Large,6745,,,,0,0,25,0,0.01,,
194763,Rabbinical Seminary of America,2023,Participates in Title IV federal financial aid programs,"Under 1,000",379,0,0,11,14,98,39800,"Under 1,000",City: Large,9049,,,,46,8,34,0,0.00,,
136659,Radford M Locklin Technical College,2023,Participates in Title IV federal financial aid programs,"Under 1,000",410,0,244,60,16,,,"Under 1,000",Rural: Fringe,6067,,,,,,,0,0.00,,
233277,Radford University,2023,Participates in Title IV federal financial aid programs,"5,000 - 9,999",5704,577,528,719,35,91,29171,"5,000 - 9,999",Town: Fringe,18282,610,560,26,55,34,50,1170,0.10,,
237491,Ralph R Willis Career and Technical Center,2023,Participates in Title IV federal financial aid programs,"Under 1,000",28,0,0,14,85,,,"Under 1,000",Rural: Fringe,504,,,,,,,0,0.00,,
186201,Ramapo College of New Jersey,2023,Participates in Title IV federal financial aid programs,"5,000 - 9,999",5013,368,620,440,27,73,33894,"5,000 - 9,999",Suburb: Large,17348,640,630,26,72,59,72,1270,0.07,,
207157,Randall University,2023,Participates in Title IV federal financial aid programs,"Under 1,000",281,49,41,58,39,45,34790,"Under 1,000",Suburb: Large,17827,468,460,22,18,5,17,928,0.17,,
233301,Randolph College,2023,Participates in Title IV federal financial aid programs,"Under 1,000",541,28,18,15,41,95,,"Under 1,000",City: Small,20856,580,630,24,56,39,51,1210,0.05,,
199421,Randolph Community College,2023,Participates in Title IV federal financial aid programs,"1,000 - 4,999",2648,88,2045,465,32,,22799,"1,000 - 4,999",Town: Distant,8463,,,,,,,0,0.03,,
486406,Randolph Technical Center,2023,Participates in Title IV federal financial aid programs,"Under 1,000",11,0,0,6,81,,,"Under 1,000",Town: Remote,9436,,,,,,,0,0.00,,
233295,Randolph-Macon College,2023,Participates in Title IV federal financial aid programs,"1,000 - 4,999",1500,47,40,11,20,83,62866,"1,000 - 4,999",Suburb: Large,29058,630,580,29,72,68,75,1210,0.03,,
227687,Ranger College,2023,Participates in Title IV federal financial aid programs,"1,000 - 4,999",2498,140,1628,162,18,,20980,"1,000 - 4,999",Rural: Remote,6666,,,,,,,0,0.06,,
178891,Ranken Technical College,2023,Participates in Title IV federal financial aid programs,"1,000 - 4,999",1696,88,448,483,42,,42364,"1,000 - 4,999",City: Large,16136,,,,73,18,18,0,0.05,,
233310,Rappahannock Community College,2023,Participates in Title IV federal financial aid programs,"1,000 - 4,999",2767,74,2152,494,25,,18868,"1,000 - 4,999",Rural: Distant,6550,,,,,,,0,0.03,,
186645,Raritan Valley Community College,2023,Participates in Title IV federal financial aid programs,"5,000 - 9,999",6587,302,3840,1487,27,,24365,"5,000 - 9,999",Rural: Fringe,6334,,,,,,,0,0.05,,
497480,Reach University,2023,Participates in Title IV federal financial aid programs,"1,000 - 4,999",1226,319,68,1118,61,99,33544,"1,000 - 4,999",City: Large,14108,,,,,,,0,0.26,,
215585,Reading Area Community College,2023,Participates in Title IV federal financial aid programs,"1,000 - 4,999",4788,290,3896,1244,43,,28490,"1,000 - 4,999",City: Small,8869,,,,,,,0,0.06,,
215594,Reading Hospital School of Health Sciences,2023,Participates in Title IV federal financial aid programs,"Under 1,000",270,0,66,136,38,20,34744,"Under 1,000",City: Small,16689,,,,,,,0,0.00,,
215619,Reconstructionist Rabbinical College,2023,Participates in Title IV federal financial aid programs,"Under 1,000",0,0,0,0,,,,"Under 1,000",Suburb: Large,,,,,,,,0,,,
491844,Red Lake Nation College,2023,Participates in Title IV federal financial aid programs,"Under 1,000",256,8,81,145,89,,13670,"Under 1,000",Rural: Remote,8618,,,,,,,0,0.03,,
250993,Red River Technology Center,2023,Participates in Title IV federal financial aid programs,"Under 1,000",518,0,482,25,9,,,"Under 1,000",Rural: Fringe,8322,,,,,,,0,0.00,,
127909,Red Rocks Community College,2023,Participates in Title IV federal financial aid programs,"5,000 - 9,999",7286,758,5382,1962,19,,27272,"5,000 - 9,999",Suburb: Large,9250,,,,,,,0,0.10,,
497462,Redeemers University North America,2023,Participates in Title IV federal financial aid programs,"Under 1,000",24,0,0,24,1,92,15700,"Under 1,000",Rural: Distant,,,,,,,,0,0.00,,
207069,Redlands Community College,2023,Participates in Title IV federal financial aid programs,"1,000 - 4,999",1895,135,1380,266,22,,17360,"1,000 - 4,999",Town: Distant,8040,,,,,,,0,0.07,,
209922,Reed College,2023,Participates in Title IV federal financial aid programs,"1,000 - 4,999",1439,16,35,16,12,27,82410,"1,000 - 4,999",City: Large,36993,760,750,34,75,62,76,1510,0.01,,
117052,Reedley College,2023,Participates in Title IV federal financial aid programs,"5,000 - 9,999",8174,909,6152,1566,28,,28802,"5,000 - 9,999",Town: Distant,3803,,,,,,,0,0.11,,
490230,Reformed University,2023,Participates in Title IV federal financial aid programs,"Under 1,000",287,28,5,209,0,73,21210,"Under 1,000",Suburb: Large,,,,,,50,50,0,0.10,,
231651,Regent University,2023,Participates in Title IV federal financial aid programs,"10,000 - 19,999",4577,1300,2096,2592,48,41,36758,"10,000 - 19,999",City: Large,18314,640,610,26,64,43,53,1250,0.28,,
487889,Regional Center for Border Health,2023,Participates in Title IV federal financial aid programs,"Under 1,000",191,0,0,92,0,,,"Under 1,000",Town: Fringe,4599,,,,,,,0,0.00,,
167598,Regis College,2023,Participates in Title IV federal financial aid programs,"1,000 - 4,999",1096,34,230,226,28,89,69110,"1,000 - 4,999",Suburb: Large,30212,,,,61,57,69,0,0.03,,
127918,Regis University,2023,Participates in Title IV federal financial aid programs,"1,000 - 4,999",2680,204,821,870,26,87,63468,"1,000 - 4,999",City: Large,25062,,,,63,51,61,0,0.08,,
101994,Reid State Technical College,2023,Participates in Title IV federal financial aid programs,"Under 1,000",576,72,347,171,46,,15500,"Under 1,000",Rural: Remote,-187,,,,,,,0,0.13,,
140872,Reinhardt University,2023,Participates in Title IV federal financial aid programs,"1,000 - 4,999",1082,95,96,101,39,55,44520,"1,000 - 4,999",Rural: Fringe,27507,,,,36,28,36,0,0.09,,
492209,Reiss-Davis Graduate School,2023,Participates in Title IV federal financial aid programs,"Under 1,000",0,0,0,0,,,,"Under 1,000",City: Large,,,,,,,,0,,,
475033,Relay Graduate School of Education,2023,Participates in Title IV federal financial aid programs,"1,000 - 4,999",96,87,96,85,0,,,"1,000 - 4,999",City: Large,,,,,,,,0,0.91,,
440271,Remington College-Baton Rouge Campus,2023,Participates in Title IV federal financial aid programs,"Under 1,000",138,0,0,101,93,,30266,"Under 1,000",City: Midsize,22739,,,,,,,0,0.00,,
375416,Remington College-Cleveland Campus,2023,Participates in Title IV federal financial aid programs,"Under 1,000",133,0,0,84,98,,29911,"Under 1,000",Suburb: Large,22351,,,,,,,0,0.00,,
223463,Remington College-Dallas Campus,2023,Participates in Title IV federal financial aid programs,"Under 1,000",208,2,0,121,92,,38295,"Under 1,000",City: Large,27674,,,,70,33,33,0,0.01,,
377111,Remington College-Fort Worth Campus,2023,Participates in Title IV federal financial aid programs,"Under 1,000",164,7,0,104,85,,33757,"Under 1,000",Suburb: Large,24629,,,,,,,0,0.04,,
451857,Remington College-Houston Southeast Campus,2023,Participates in Title IV federal financial aid programs,"Under 1,000",65,0,0,41,92,,27924,"Under 1,000",Suburb: Large,20393,,,,,,,0,0.00,,
160524,Remington College-Lafayette Campus,2023,Participates in Title IV federal financial aid programs,"Under 1,000",247,6,0,147,97,,36976,"Under 1,000",City: Midsize,28860,,,,,,,0,0.02,,
412599,Remington College-Memphis Campus,2023,Participates in Title IV federal financial aid programs,"Under 1,000",391,11,0,253,91,,33539,"Under 1,000",City: Large,25332,,,,,,,0,0.03,,
366535,Remington College-Mobile Campus,2023,Participates in Title IV federal financial aid programs,"Under 1,000",244,3,0,146,93,,34397,"Under 1,000",City: Midsize,25567,,,,,,,0,0.01,,
445249,Remington College-Nashville Campus,2023,Participates in Title IV federal financial aid programs,"Under 1,000",279,3,0,168,72,,35947,"Under 1,000",City: Large,28106,,,,,,,0,0.01,,
445203,Remington College-North Houston Campus,2023,Participates in Title IV federal financial aid programs,"Under 1,000",163,1,0,74,93,,34108,"Under 1,000",City: Large,25628,,,,,,,0,0.01,,
497000,Remington College-Online Dallas,2023,Participates in Title IV federal financial aid programs,"Under 1,000",111,9,0,85,89,,29556,"Under 1,000",City: Large,21571,,,,,,,0,0.08,,
451866,Remington College-Shreveport Campus,2023,Participates in Title IV federal financial aid programs,"Under 1,000",342,6,0,213,91,,37520,"Under 1,000",City: Midsize,30209,,,,53,0,67,0,0.02,,
148256,Rend Lake College,2023,Participates in Title IV federal financial aid programs,"1,000 - 4,999",1871,25,916,325,31,,26193,"1,000 - 4,999",Rural: Distant,8518,,,,,,,0,0.01,,
129428,Rensselaer at Hartford,2023,Participates in Title IV federal financial aid programs,"Under 1,000",0,0,0,0,,,,"Under 1,000",City: Midsize,,,,,,,,0,,,
194824,Rensselaer Polytechnic Institute,2023,Participates in Title IV federal financial aid programs,"5,000 - 9,999",5954,67,65,42,19,58,82404,"5,000 - 9,999",City: Small,35940,730,770,34,85,71,83,1500,0.01,,
236382,Renton Technical College,2023,Participates in Title IV federal financial aid programs,"1,000 - 4,999",3060,260,1989,1904,18,,22713,"1,000 - 4,999",City: Midsize,7621,,,,,56,78,0,0.08,,
217420,Rhode Island College,2023,Participates in Title IV federal financial aid programs,"5,000 - 9,999",4785,592,775,1062,41,81,29074,"5,000 - 9,999",Suburb: Large,11549,600,560,,50,23,46,1160,0.12,,
217493,Rhode Island School of Design,2023,Participates in Title IV federal financial aid programs,"1,000 - 4,999",2092,41,0,33,14,14,81810,"1,000 - 4,999",City: Midsize,42106,760,780,33,91,58,88,1540,0.02,,
221351,Rhodes College,2023,Participates in Title IV federal financial aid programs,"1,000 - 4,999",1936,10,45,33,15,50,71546,"1,000 - 4,999",City: Large,30590,730,760,33,86,77,82,1490,0.01,,
227757,Rice University,2023,Participates in Title IV federal financial aid programs,"5,000 - 9,999",4574,41,91,17,16,8,78278,"5,000 - 9,999",City: Large,20587,770,800,36,93,89,96,1570,0.01,,
233338,Richard Bland College,2023,Participates in Title IV federal financial aid programs,"1,000 - 4,999",2598,64,1783,54,14,72,18070,"1,000 - 4,999",Rural: Fringe,8242,,,,,,,0,0.02,,
148292,Richland Community College,2023,Participates in Title IV federal financial aid programs,"1,000 - 4,999",2214,66,1763,720,33,,25220,"1,000 - 4,999",City: Small,6203,,,,,,,0,0.03,,
199449,Richmond Community College,2023,Participates in Title IV federal financial aid programs,"1,000 - 4,999",2411,173,1771,709,31,,24126,"1,000 - 4,999",Town: Distant,7459,,,,,,,0,0.07,,
441104,Richmont Graduate University,2023,Participates in Title IV federal financial aid programs,"Under 1,000",0,0,0,0,,,,"Under 1,000",City: Midsize,,,,,,,,0,,,
186283,Rider University,2023,Participates in Title IV federal financial aid programs,"1,000 - 4,999",3244,271,186,224,33,79,49400,"1,000 - 4,999",Suburb: Large,26618,660,650,29,61,57,63,1310,0.08,,
136765,Ridge Technical College,2023,Participates in Title IV federal financial aid programs,"Under 1,000",375,0,50,168,57,,27493,"Under 1,000",City: Small,23365,,,,,,,0,0.00,,
175236,Ridgewater College,2023,Participates in Title IV federal financial aid programs,"1,000 - 4,999",2855,265,1341,686,34,,19579,"1,000 - 4,999",Town: Remote,10484,,,,,,,0,0.09,,
136774,Ringling College of Art and Design,2023,Participates in Title IV federal financial aid programs,"1,000 - 4,999",1722,51,24,69,21,67,79163,"1,000 - 4,999",City: Small,60362,,,,81,59,71,0,0.03,,
121886,Rio Hondo College,2023,Participates in Title IV federal financial aid programs,"10,000 - 19,999",17193,1436,12597,7865,24,,27949,"10,000 - 19,999",Rural: Fringe,13920,,,,,,,0,0.08,,
105668,Rio Salado College,2023,Participates in Title IV federal financial aid programs,"10,000 - 19,999",18631,1349,16601,5615,7,,16646,"10,000 - 19,999",City: Midsize,9003,,,,,,,0,0.07,,
239628,Ripon College,2023,Participates in Title IV federal financial aid programs,"Under 1,000",734,15,14,4,33,84,60100,"Under 1,000",Town: Distant,22557,600,590,27,63,54,60,1190,0.02,,
436304,River Parishes Community College,2023,Participates in Title IV federal financial aid programs,"1,000 - 4,999",2406,282,1041,628,35,,22640,"1,000 - 4,999",Rural: Fringe,9379,,,,,,,0,0.12,,
183114,River Valley Community College,2023,Participates in Title IV federal financial aid programs,"Under 1,000",674,95,573,411,32,,31792,"Under 1,000",Rural: Fringe,15909,,,,,,,0,0.14,,
173063,Riverland Community College,2023,Participates in Title IV federal financial aid programs,"1,000 - 4,999",3591,243,2495,806,26,,17930,"1,000 - 4,999",Town: Distant,8715,,,,,,,0,0.07,,
137713,Riveroak Technical College,2023,Participates in Title IV federal financial aid programs,"Under 1,000",277,0,60,112,33,,,"Under 1,000",Town: Remote,11693,,,,,,,0,0.00,,
121901,Riverside City College,2023,Participates in Title IV federal financial aid programs,"20,000 and above",20437,1748,14903,5323,33,,36070,"20,000 and above",City: Large,5974,,,,,,,0,0.09,,
233408,Riverside College of Health Careers,2023,Participates in Title IV federal financial aid programs,"Under 1,000",325,0,64,184,48,17,27018,"Under 1,000",City: Midsize,23596,,,,,,,0,0.00,,
481191,Riverside County Office of Education-School of Career Education,2023,Participates in Title IV federal financial aid programs,"Under 1,000",108,0,0,42,67,,,"Under 1,000",Rural: Fringe,11857,,,,,,,0,0.00,,
183211,Rivier University,2023,Participates in Title IV federal financial aid programs,"1,000 - 4,999",1335,108,341,332,27,82,57772,"1,000 - 4,999",City: Small,28227,,,,61,49,58,0,0.08,,
221397,Roane State Community College,2023,Participates in Title IV federal financial aid programs,"1,000 - 4,999",4822,156,2418,996,26,,21213,"1,000 - 4,999",Town: Distant,3466,,,,,,,0,0.03,,
364575,Roane-Jackson Technical Center,2023,Participates in Title IV federal financial aid programs,"Under 1,000",11,0,0,2,77,,,"Under 1,000",Rural: Distant,1821,,,,,,,0,0.00,,
233426,Roanoke College,2023,Participates in Title IV federal financial aid programs,"1,000 - 4,999",1824,72,56,48,24,80,55588,"1,000 - 4,999",Suburb: Midsize,27695,650,620,30,70,57,66,1270,0.04,,
199467,Roanoke-Chowan Community College,2023,Participates in Title IV federal financial aid programs,"Under 1,000",591,8,474,149,34,,14242,"Under 1,000",Rural: Fringe,8076,,,,,,,0,0.01,,
136826,Robert Morgan Educational Center and Technical College,2023,Participates in Title IV federal financial aid programs,"Under 1,000",868,0,519,169,22,,,"Under 1,000",Suburb: Large,13078,,,,,,,0,0.00,,
215655,Robert Morris University,2023,Participates in Title IV federal financial aid programs,"1,000 - 4,999",3769,192,1028,241,22,91,52780,"1,000 - 4,999",Suburb: Large,26215,,,,65,53,66,0,0.05,,
194958,Roberts Wesleyan University,2023,Participates in Title IV federal financial aid programs,"1,000 - 4,999",1092,127,151,290,40,78,53202,"1,000 - 4,999",Suburb: Large,24202,640,610,,64,57,64,1250,0.12,,
199476,Robeson Community College,2023,Participates in Title IV federal financial aid programs,"1,000 - 4,999",1989,666,1195,681,47,,18301,"1,000 - 4,999",Town: Distant,5592,,,,,,,0,0.33,,
174738,Rochester Community and Technical College,2023,Participates in Title IV federal financial aid programs,"1,000 - 4,999",4714,351,2966,1206,29,,24559,"1,000 - 4,999",City: Midsize,12505,,,,,,,0,0.07,,
195003,Rochester Institute of Technology,2023,Participates in Title IV federal financial aid programs,"10,000 - 19,999",14076,292,1167,393,26,71,75332,"10,000 - 19,999",Suburb: Large,39753,720,740,33,73,28,73,1460,0.02,,
170967,Rochester University,2023,Participates in Title IV federal financial aid programs,"1,000 - 4,999",1144,89,404,207,31,65,48968,"1,000 - 4,999",Suburb: Large,19660,,,,41,23,41,0,0.08,,
148380,Rock Valley College,2023,Participates in Title IV federal financial aid programs,"5,000 - 9,999",5480,166,3075,1352,21,,25153,"5,000 - 9,999",City: Midsize,8328,,,,,,,0,0.03,,
148405,Rockford University,2023,Participates in Title IV federal financial aid programs,"1,000 - 4,999",968,148,78,169,42,57,50150,"1,000 - 4,999",City: Midsize,24098,535,535,23,40,5,38,1070,0.15,,
179043,Rockhurst University,2023,Participates in Title IV federal financial aid programs,"1,000 - 4,999",2430,180,797,218,19,69,69308,"1,000 - 4,999",City: Large,23785,638,608,27,74,69,76,1246,0.07,,
199485,Rockingham Community College,2023,Participates in Title IV federal financial aid programs,"1,000 - 4,999",1777,50,1358,376,44,,15616,"1,000 - 4,999",Rural: Fringe,4177,,,,,,,0,0.03,,
195058,Rockland Community College,2023,Participates in Title IV federal financial aid programs,"5,000 - 9,999",5763,267,3039,1107,26,,25388,"5,000 - 9,999",Suburb: Large,8765,,,,,,,0,0.05,,
418083,Rockland County BOCES-Practical Nursing Program,2023,Participates in Title IV federal financial aid programs,"Under 1,000",29,0,0,18,56,,,"Under 1,000",Suburb: Large,33113,,,,,,,0,0.00,,
180595,Rocky Mountain College,2023,Participates in Title IV federal financial aid programs,"Under 1,000",794,50,21,48,32,73,48296,"Under 1,000",City: Midsize,19173,620,620,24,53,32,46,1240,0.06,,
217518,Roger Williams University,2023,Participates in Title IV federal financial aid programs,"1,000 - 4,999",4050,298,372,310,16,88,61766,"1,000 - 4,999",Suburb: Large,37936,660,640,30,71,62,67,1300,0.07,,
409616,Roger Williams University School of Law,2023,Participates in Title IV federal financial aid programs,"Under 1,000",0,0,0,0,,,,"Under 1,000",Suburb: Large,,,,,,,,0,,,
207661,Rogers State University,2023,Participates in Title IV federal financial aid programs,"1,000 - 4,999",3094,226,1113,755,38,,25808,"1,000 - 4,999",Town: Fringe,13953,,,,39,19,31,0,0.07,,
209940,Rogue Community College,2023,Participates in Title IV federal financial aid programs,"1,000 - 4,999",3790,118,2289,1683,43,,25035,"1,000 - 4,999",Suburb: Small,8601,,,,,,,0,0.03,,
136950,Rollins College,2023,Participates in Title IV federal financial aid programs,"1,000 - 4,999",2595,104,60,162,22,41,75890,"1,000 - 4,999",Suburb: Large,37134,690,670,31,71,70,77,1360,0.04,,
148487,Roosevelt University,2023,Participates in Title IV federal financial aid programs,"1,000 - 4,999",2605,434,298,538,46,94,39140,"1,000 - 4,999",City: Large,21503,550,540,29,38,37,46,1090,0.17,,
145558,Rosalind Franklin University of Medicine and Science,2023,Participates in Title IV federal financial aid programs,"1,000 - 4,999",0,0,0,0,,,,"1,000 - 4,999",Suburb: Large,,,,,,,,0,,,
207670,Rose State College,2023,Participates in Title IV federal financial aid programs,"5,000 - 9,999",7313,238,5127,1699,29,,22706,"5,000 - 9,999",Suburb: Large,10867,,,,,,,0,0.03,,
152318,Rose-Hulman Institute of Technology,2023,Participates in Title IV federal financial aid programs,"1,000 - 4,999",2235,14,22,11,12,73,77890,"1,000 - 4,999",City: Small,44016,710,760,34,87,68,82,1470,0.01,,
439899,Rosedale Bible College,2023,Participates in Title IV federal financial aid programs,"Under 1,000",86,2,18,15,33,,16596,"Under 1,000",Rural: Distant,10067,,,,,,,0,0.02,,
215682,Rosedale Technical College,2023,Participates in Title IV federal financial aid programs,"Under 1,000",405,0,0,96,56,77,36800,"Under 1,000",Suburb: Large,15372,,,,,,,0,0.00,,
445735,Roseman University of Health Sciences,2023,Participates in Title IV federal financial aid programs,"1,000 - 4,999",554,74,0,265,23,,,"1,000 - 4,999",City: Large,,,,,,,,0,0.13,,
215691,Rosemont College,2023,Participates in Title IV federal financial aid programs,"Under 1,000",484,82,115,134,39,75,38922,"Under 1,000",Suburb: Large,19297,,,,42,9,34,0,0.17,,
183877,Rowan College at Burlington County,2023,Participates in Title IV federal financial aid programs,"5,000 - 9,999",6547,363,3322,1499,29,,19630,"5,000 - 9,999",Suburb: Large,5783,,,,,,,0,0.06,,
184205,Rowan College of South Jersey-Cumberland Campus,2023,Participates in Title IV federal financial aid programs,"1,000 - 4,999",2557,119,1538,666,39,,24191,"1,000 - 4,999",City: Small,6827,,,,,,,0,0.05,,
184791,Rowan College of South Jersey-Gloucester Campus,2023,Participates in Title IV federal financial aid programs,"5,000 - 9,999",5390,496,2508,1008,28,,25416,"5,000 - 9,999",Suburb: Large,9564,,,,,,,0,0.09,,
184782,Rowan University,2023,Participates in Title IV federal financial aid programs,"10,000 - 19,999",14869,1803,1859,1630,31,78,33450,"10,000 - 19,999",Suburb: Large,22237,660,650,30,71,51,68,1310,0.12,,
199494,Rowan-Cabarrus Community College,2023,Participates in Title IV federal financial aid programs,"5,000 - 9,999",6862,530,5136,1521,28,,28316,"5,000 - 9,999",Suburb: Large,7555,,,,,,,0,0.08,,
167631,Roxbury Community College,2023,Participates in Title IV federal financial aid programs,"1,000 - 4,999",1631,102,1193,887,60,,20542,"1,000 - 4,999",City: Large,12070,,,,,,,0,0.06,,
148511,Rush University,2023,Participates in Title IV federal financial aid programs,"1,000 - 4,999",120,51,68,74,36,,,"1,000 - 4,999",City: Large,,,,,,,,0,0.43,,
195128,Russell Sage College,2023,Participates in Title IV federal financial aid programs,"1,000 - 4,999",1080,132,26,106,43,76,56442,"1,000 - 4,999",City: Small,23588,,,,63,59,66,0,0.12,,
176318,Rust College,2023,Participates in Title IV federal financial aid programs,"Under 1,000",429,114,5,89,69,35,21590,"Under 1,000",Town: Distant,8234,,,,25,24,27,0,0.27,,
186371,Rutgers University-Camden,2023,Participates in Title IV federal financial aid programs,"5,000 - 9,999",3922,512,601,935,44,78,48644,"5,000 - 9,999",City: Small,18735,625,630,26,73,47,66,1255,0.13,,
186380,Rutgers University-New Brunswick,2023,Participates in Title IV federal financial aid programs,"20,000 and above",36588,2139,1506,1768,27,65,48804,"20,000 and above",City: Small,19052,720,760,33,85,71,85,1480,0.06,,
186399,Rutgers University-Newark,2023,Participates in Title IV federal financial aid programs,"10,000 - 19,999",7417,770,966,1255,56,79,48151,"10,000 - 19,999",City: Large,17425,,,,67,42,68,0,0.10,,
449506,SABER College,2023,Participates in Title IV federal financial aid programs,"Under 1,000",202,65,0,148,83,93,,"Under 1,000",City: Large,10311,,,,,,,0,0.32,,
122180,Sacramento City College,2023,Participates in Title IV federal financial aid programs,"10,000 - 19,999",19031,2844,14615,7119,25,,30106,"10,000 - 19,999",City: Large,6556,,,,,,,0,0.15,,
172033,Sacred Heart Major Seminary,2023,Participates in Title IV federal financial aid programs,"Under 1,000",188,76,160,139,6,100,43916,"Under 1,000",City: Large,10371,,,,60,67,67,0,0.40,,
239637,Sacred Heart Seminary and School of Theology,2023,"Not currently participating in Title IV, has an OPE ID number","Under 1,000",0,0,0,0,,,,"Under 1,000",Suburb: Large,,,,,,,,0,,,
130253,Sacred Heart University,2023,Participates in Title IV federal financial aid programs,"10,000 - 19,999",6960,138,428,261,15,68,66840,"10,000 - 19,999",Suburb: Large,46165,,,,74,68,74,0,0.02,,
122205,Saddleback College,2023,Participates in Title IV federal financial aid programs,"10,000 - 19,999",18370,2036,12648,5514,15,,31232,"10,000 - 19,999",Suburb: Large,6387,,,,,,,0,0.11,,
441070,Saginaw Chippewa Tribal College,2023,Participates in Title IV federal financial aid programs,"Under 1,000",147,0,119,76,38,,19424,"Under 1,000",Town: Distant,8790,,,,,,,0,0.00,,
172051,Saginaw Valley State University,2023,Participates in Title IV federal financial aid programs,"5,000 - 9,999",6184,338,872,683,32,73,27800,"5,000 - 9,999",Suburb: Midsize,15144,590,570,25,45,19,54,1160,0.05,,
154235,Saint Ambrose University,2023,Participates in Title IV federal financial aid programs,"1,000 - 4,999",2114,296,177,237,28,73,55998,"1,000 - 4,999",City: Midsize,23578,,,,64,54,63,0,0.14,,
183239,Saint Anselm College,2023,Participates in Title IV federal financial aid programs,"1,000 - 4,999",2052,41,34,5,11,78,66354,"1,000 - 4,999",Suburb: Midsize,35091,650,620,27,77,78,83,1270,0.02,,
149028,Saint Anthony College of Nursing,2023,Participates in Title IV federal financial aid programs,"Under 1,000",152,43,49,69,35,100,41877,"Under 1,000",City: Midsize,,,,,100,,,0,0.28,,
199582,Saint Augustine's University,2023,Participates in Title IV federal financial aid programs,"Under 1,000",930,139,121,105,52,59,32118,"Under 1,000",City: Large,18373,,,,23,13,20,0,0.15,,
216047,Saint Charles Borromeo Seminary-Overbrook,2023,Participates in Title IV federal financial aid programs,"Under 1,000",41,5,5,5,13,100,34523,"Under 1,000",Suburb: Large,32698,,,,57,11,44,0,0.12,,
174783,Saint Cloud State University,2023,Participates in Title IV federal financial aid programs,"10,000 - 19,999",8430,643,4028,1113,20,95,23747,"10,000 - 19,999",City: Small,14648,620,660,25,48,27,46,1280,0.08,,
227845,Saint Edward's University,2023,Participates in Title IV federal financial aid programs,"1,000 - 4,999",2731,207,150,181,39,84,73126,"1,000 - 4,999",City: Large,28351,640,595,25,67,54,64,1235,0.08,,
195702,Saint Elizabeth College of Nursing,2023,Participates in Title IV federal financial aid programs,"Under 1,000",146,81,62,51,40,100,28850,"Under 1,000",City: Small,19736,,,,,,,0,0.55,,
152497,Saint Elizabeth School of Nursing,2023,Participates in Title IV federal financial aid programs,"Under 1,000",131,0,18,57,53,100,41414,"Under 1,000",City: Small,27457,570,570,,,,,1140,0.00,,
186618,Saint Elizabeth University,2023,Participates in Title IV federal financial aid programs,"1,000 - 4,999",670,57,92,85,54,77,57642,"1,000 - 4,999",Suburb: Large,18412,,,,40,34,40,0,0.09,,
148575,Saint Francis Medical Center College of Nursing,2023,Participates in Title IV federal financial aid programs,"Under 1,000",267,101,97,113,32,,,"Under 1,000",City: Midsize,,,,,,,,0,0.38,,
215743,Saint Francis University,2023,Participates in Title IV federal financial aid programs,"1,000 - 4,999",2429,17,1036,155,18,77,63600,"1,000 - 4,999",Rural: Distant,27421,630,620,26,74,66,72,1250,0.01,,
167677,Saint John's Seminary,2023,Participates in Title IV federal financial aid programs,"Under 1,000",24,0,4,15,0,,,"Under 1,000",City: Large,,,,,,,,0,0.00,,
137281,Saint Johns River State College,2023,Participates in Title IV federal financial aid programs,"5,000 - 9,999",7066,188,5207,1138,19,,20023,"5,000 - 9,999",Town: Distant,7262,,,,,,,0,0.03,,
174792,Saint Johns University,2023,Participates in Title IV federal financial aid programs,"1,000 - 4,999",1481,39,29,6,18,90,68572,"1,000 - 4,999",Rural: Fringe,29473,635,645,28,79,66,76,1280,0.03,,
160409,Saint Joseph Seminary College,2023,Participates in Title IV federal financial aid programs,"Under 1,000",99,19,3,21,7,,,"Under 1,000",Rural: Fringe,33629,,,,35,33,40,0,0.19,,
161518,Saint Joseph's College of Maine,2023,Participates in Title IV federal financial aid programs,"1,000 - 4,999",1059,22,312,234,20,82,53934,"1,000 - 4,999",Rural: Fringe,28268,580,560,,68,59,69,1140,0.02,,
215770,Saint Joseph's University,2023,Participates in Title IV federal financial aid programs,"5,000 - 9,999",4828,208,234,103,18,86,69600,"5,000 - 9,999",City: Large,36392,670,660,31,82,75,80,1330,0.04,,
137032,Saint Leo University,2023,Participates in Title IV federal financial aid programs,"10,000 - 19,999",7603,1600,3487,3864,37,72,47416,"10,000 - 19,999",Town: Fringe,19478,,,,46,40,49,0,0.21,,
179308,Saint Louis Community College,2023,Participates in Title IV federal financial aid programs,"10,000 - 19,999",14627,840,9317,4739,29,,18686,"10,000 - 19,999",Suburb: Large,7173,,,,,,,0,0.06,,
179159,Saint Louis University,2023,Participates in Title IV federal financial aid programs,"10,000 - 19,999",10519,505,3775,705,15,81,73884,"10,000 - 19,999",City: Large,30911,710,720,31,80,73,80,1430,0.05,,
236452,Saint Martin's University,2023,Participates in Title IV federal financial aid programs,"1,000 - 4,999",1267,165,79,257,40,76,59650,"1,000 - 4,999",City: Small,22779,590,590,22,61,41,57,1180,0.13,,
152381,Saint Mary-of-the-Woods College,2023,Participates in Title IV federal financial aid programs,"1,000 - 4,999",898,105,103,251,51,76,45963,"1,000 - 4,999",Rural: Fringe,18470,540,530,18,62,48,53,1070,0.12,,
152390,Saint Mary's College,2023,Participates in Title IV federal financial aid programs,"1,000 - 4,999",1424,17,31,10,24,81,64630,"1,000 - 4,999",Suburb: Large,30389,650,660,30,75,71,77,1310,0.01,,
123554,Saint Mary's College of California,2023,Participates in Title IV federal financial aid programs,"1,000 - 4,999",2044,151,101,117,24,89,82695,"1,000 - 4,999",Suburb: Large,31615,,,,74,61,69,0,0.07,,
174817,Saint Mary's University of Minnesota,2023,Participates in Title IV federal financial aid programs,"1,000 - 4,999",1075,76,208,204,22,89,57380,"1,000 - 4,999",Town: Distant,22518,,,,57,62,68,0,0.07,,
152451,Saint Meinrad School of Theology,2023,Participates in Title IV federal financial aid programs,"Under 1,000",0,0,0,0,,,,"Under 1,000",Rural: Remote,,,,,,,,0,,,
231059,Saint Michael's College,2023,Participates in Title IV federal financial aid programs,"1,000 - 4,999",1178,33,35,14,18,92,69222,"1,000 - 4,999",Suburb: Midsize,30806,680,630,30,79,63,69,1310,0.03,,
239716,Saint Norbert College,2023,Participates in Title IV federal financial aid programs,"1,000 - 4,999",2089,26,343,12,14,92,56808,"1,000 - 4,999",Suburb: Midsize,27236,610,610,29,78,67,74,1220,0.01,,
175041,Saint Paul College,2023,Participates in Title IV federal financial aid programs,"5,000 - 9,999",5155,495,3221,1669,40,,24034,"5,000 - 9,999",City: Large,11795,,,,,,,0,0.10,,
179317,Saint Paul School of Theology,2023,Participates in Title IV federal financial aid programs,"Under 1,000",0,0,0,0,,,,"Under 1,000",Suburb: Large,,,,,,,,0,,,
186432,Saint Peter's University,2023,Participates in Title IV federal financial aid programs,"1,000 - 4,999",2101,314,248,217,54,91,52454,"1,000 - 4,999",City: Large,14486,,,,59,51,63,0,0.15,,
215798,Saint Vincent College,2023,Participates in Title IV federal financial aid programs,"1,000 - 4,999",1280,33,28,26,27,59,58318,"1,000 - 4,999",Suburb: Large,23857,613,618,25,73,64,72,1231,0.03,,
136701,Saint Vincent de Paul Regional Seminary,2023,Participates in Title IV federal financial aid programs,"Under 1,000",0,0,0,0,,,,"Under 1,000",Suburb: Large,,,,,,,,0,,,
195580,Saint Vladimirs Orthodox Theological Seminary,2023,Participates in Title IV federal financial aid programs,"Under 1,000",0,0,0,0,,,,"Under 1,000",Suburb: Large,,,,,,,,0,,,
148627,Saint Xavier University,2023,Participates in Title IV federal financial aid programs,"1,000 - 4,999",3039,258,175,164,56,86,50418,"1,000 - 4,999",City: Large,11943,,,,53,48,59,0,0.08,,
199607,Salem College,2023,Participates in Title IV federal financial aid programs,"Under 1,000",436,17,90,59,49,87,49086,"Under 1,000",City: Large,19000,685,630,27,67,51,56,1315,0.04,,
186469,Salem Community College,2023,Participates in Title IV federal financial aid programs,"1,000 - 4,999",1094,123,577,365,34,,24240,"1,000 - 4,999",Suburb: Large,9280,,,,,,,0,0.11,,
167729,Salem State University,2023,Participates in Title IV federal financial aid programs,"5,000 - 9,999",4853,349,1099,633,35,96,27426,"5,000 - 9,999",Suburb: Large,19324,590,570,,58,41,55,1160,0.07,,
155830,Salina Area Technical College,2023,Participates in Title IV federal financial aid programs,"1,000 - 4,999",1007,91,711,147,14,,19692,"1,000 - 4,999",Town: Remote,6045,,,,,,,0,0.09,,
417646,Saline County Career Center,2023,Participates in Title IV federal financial aid programs,"Under 1,000",23,0,0,9,78,70,,"Under 1,000",Town: Remote,19207,,,,,,,0,0.00,,
163851,Salisbury University,2023,Participates in Title IV federal financial aid programs,"5,000 - 9,999",6281,521,505,440,24,89,29530,"5,000 - 9,999",Suburb: Small,17931,670,640,28,73,49,67,1310,0.08,,
180647,Salish Kootenai College,2023,Participates in Title IV federal financial aid programs,"Under 1,000",636,43,152,378,58,,17319,"Under 1,000",Rural: Distant,9551,,,,47,8,15,0,0.07,,
230746,Salt Lake Community College,2023,Participates in Title IV federal financial aid programs,"20,000 and above",26764,1995,20695,6431,16,,24635,"20,000 and above",Suburb: Large,8853,,,,,,,0,0.07,,
214564,Salus University,2023,Participates in Title IV federal financial aid programs,"1,000 - 4,999",0,0,0,0,,,,"1,000 - 4,999",Suburb: Large,,,,,,,,0,,,
217536,Salve Regina University,2023,Participates in Title IV federal financial aid programs,"1,000 - 4,999",2117,135,53,55,15,70,66586,"1,000 - 4,999",Suburb: Large,37794,660,635,30,73,68,75,1295,0.06,,
227881,Sam Houston State University,2023,Participates in Title IV federal financial aid programs,"20,000 and above",18179,1845,3646,2587,40,85,26194,"20,000 and above",Town: Distant,14556,580,560,25,59,35,55,1140,0.10,,
195289,Samaritan Hospital School of Nursing,2023,Participates in Title IV federal financial aid programs,"Under 1,000",132,47,121,86,34,,36461,"Under 1,000",City: Small,24655,,,,,,,0,0.36,,
102049,Samford University,2023,Participates in Title IV federal financial aid programs,"5,000 - 9,999",3832,83,54,46,11,82,66170,"5,000 - 9,999",Suburb: Large,32176,650,610,29,79,72,80,1260,0.02,,
199625,Sampson Community College,2023,Participates in Title IV federal financial aid programs,"1,000 - 4,999",1680,65,1162,356,50,,26418,"1,000 - 4,999",Town: Distant,5064,,,,,,,0,0.04,,
122296,Samuel Merritt University,2023,Participates in Title IV federal financial aid programs,"1,000 - 4,999",741,216,184,604,18,,,"1,000 - 4,999",City: Large,,,,,,,,0,0.29,,
227924,San Antonio College,2023,Participates in Title IV federal financial aid programs,"10,000 - 19,999",18975,1254,14804,6122,34,,24064,"10,000 - 19,999",City: Large,5832,,,,,,,0,0.07,,
123527,San Bernardino Valley College,2023,Participates in Title IV federal financial aid programs,"10,000 - 19,999",12982,1281,10138,5364,27,,31035,"10,000 - 19,999",City: Midsize,8202,,,,,,,0,0.10,,
112084,San Diego Christian College,2023,Participates in Title IV federal financial aid programs,"Under 1,000",93,16,27,32,16,63,51712,"Under 1,000",Suburb: Large,26979,,,,28,16,24,0,0.17,,
122339,San Diego City College,2023,Participates in Title IV federal financial aid programs,"10,000 - 19,999",13197,2321,11163,5119,22,,37466,"10,000 - 19,999",City: Large,1970,,,,,,,0,0.18,,
122375,San Diego Mesa College,2023,Participates in Title IV federal financial aid programs,"10,000 - 19,999",19243,2708,15139,6075,16,,37252,"10,000 - 19,999",City: Large,3175,,,,,,,0,0.14,,
122384,San Diego Miramar College,2023,Participates in Title IV federal financial aid programs,"10,000 - 19,999",13569,2302,11477,5214,11,,37252,"10,000 - 19,999",City: Large,2682,,,,,,,0,0.17,,
122409,San Diego State University,2023,Participates in Title IV federal financial aid programs,"20,000 and above",34050,5218,3822,4008,31,34,31448,"20,000 and above",City: Large,19500,,,,77,57,78,0,0.15,,
120166,San Francisco Bay University,2023,"Not currently participating in Title IV, does not have OPE ID number","Under 1,000",62,12,0,9,0,69,24985,"Under 1,000",City: Midsize,13221,,,,27,,,0,0.19,,
122506,San Francisco Conservatory of Music,2023,Participates in Title IV federal financial aid programs,"Under 1,000",215,3,0,12,16,52,78850,"Under 1,000",City: Large,44360,,,,74,46,52,0,0.01,,
122597,San Francisco State University,2023,Participates in Title IV federal financial aid programs,"20,000 and above",20756,2460,4061,3814,41,96,34146,"20,000 and above",City: Large,13353,,,,56,27,50,0,0.12,,
227979,San Jacinto Community College,2023,Participates in Title IV federal financial aid programs,"20,000 and above",31494,1244,20853,6150,30,,28187,"20,000 and above",City: Midsize,7674,,,,,,,0,0.04,,
122649,San Joaquin College of Law,2023,Participates in Title IV federal financial aid programs,"Under 1,000",0,0,0,0,,,,"Under 1,000",Suburb: Large,,,,,,,,0,,,
122658,San Joaquin Delta College,2023,Participates in Title IV federal financial aid programs,"10,000 - 19,999",18226,777,10152,4508,23,,27561,"10,000 - 19,999",City: Large,11586,,,,,,,0,0.04,,
122746,San Jose City College,2023,Participates in Title IV federal financial aid programs,"5,000 - 9,999",8400,1178,6721,3240,21,,29293,"5,000 - 9,999",City: Large,19159,,,,,,,0,0.14,,
122755,San Jose State University,2023,Participates in Title IV federal financial aid programs,"20,000 and above",27111,3081,5304,4188,35,80,33271,"20,000 and above",City: Large,13833,,,,73,30,65,0,0.11,,
430670,San Juan Bautista School of Medicine,2023,Participates in Title IV federal financial aid programs,"Under 1,000",60,4,0,3,88,100,18641,"Under 1,000",City: Small,7589,,,,33,33,33,0,0.07,,
188100,San Juan College,2023,Participates in Title IV federal financial aid programs,"5,000 - 9,999",6196,305,4591,2439,33,,18654,"5,000 - 9,999",Rural: Fringe,6288,,,,,,,0,0.05,,
199634,Sandhills Community College,2023,Participates in Title IV federal financial aid programs,"1,000 - 4,999",3824,247,2582,807,32,,25538,"1,000 - 4,999",Rural: Fringe,11169,,,,,,,0,0.06,,
383330,Sandusky Career Center,2023,Participates in Title IV federal financial aid programs,"Under 1,000",81,0,0,52,50,,,"Under 1,000",City: Small,,,,,,,,0,0.00,,
481535,Sanford Burnham Prebys Medical Discovery Institute,2023,Deferment only - limited participation,"Under 1,000",0,0,0,0,,,,"Under 1,000",City: Large,,,,,,,,0,,,
219392,Sanford Medical Center,2023,Deferment only - limited participation,"Under 1,000",27,0,0,2,0,,,"Under 1,000",City: Midsize,,,,,,,,0,0.00,,
121619,Santa Ana College,2023,Participates in Title IV federal financial aid programs,"20,000 and above",26073,2639,21797,13240,16,,27768,"20,000 and above",City: Large,6914,,,,,,,0,0.10,,
122889,Santa Barbara City College,2023,Participates in Title IV federal financial aid programs,"10,000 - 19,999",12345,874,7123,2928,16,,27795,"10,000 - 19,999",City: Small,12883,,,,,,,0,0.07,,
122931,Santa Clara University,2023,Participates in Title IV federal financial aid programs,"5,000 - 9,999",6249,215,131,71,11,44,85803,"5,000 - 9,999",City: Midsize,49651,730,770,33,91,83,88,1500,0.03,,
137096,Santa Fe College,2023,Participates in Title IV federal financial aid programs,"10,000 - 19,999",12698,1043,9675,2756,28,,17305,"10,000 - 19,999",Suburb: Midsize,11790,,,,,,,0,0.08,,
188137,Santa Fe Community College,2023,Participates in Title IV federal financial aid programs,"1,000 - 4,999",3478,264,2798,1348,14,,27882,"1,000 - 4,999",Rural: Fringe,10349,,,,,,,0,0.08,,
122977,Santa Monica College,2023,Participates in Title IV federal financial aid programs,"20,000 and above",23164,2081,13700,7438,26,,18720,"20,000 and above",City: Small,5636,,,,,0,0,0,0.09,,
123013,Santa Rosa Junior College,2023,Participates in Title IV federal financial aid programs,"10,000 - 19,999",16803,860,11892,5895,16,,28620,"10,000 - 19,999",City: Midsize,7133,,,,,,,0,0.05,,
399212,Santiago Canyon College,2023,Participates in Title IV federal financial aid programs,"10,000 - 19,999",11979,1747,9609,4857,12,,28539,"10,000 - 19,999",City: Midsize,7144,,,,,,,0,0.15,,
195304,Sarah Lawrence College,2023,Participates in Title IV federal financial aid programs,"1,000 - 4,999",1521,35,23,11,13,59,82624,"1,000 - 4,999",Suburb: Large,43571,730,710,33,77,59,70,1440,0.02,,
494542,Sattler College,2023,"Not currently participating in Title IV, does not have OPE ID number","Under 1,000",58,0,7,9,0,54,24450,"Under 1,000",City: Large,18870,,,,,,,0,0.00,,
148672,Sauk Valley Community College,2023,Participates in Title IV federal financial aid programs,"1,000 - 4,999",1433,39,794,300,35,,26108,"1,000 - 4,999",Rural: Fringe,8793,,,,,,,0,0.03,,
140951,Savannah College of Art and Design,2023,Participates in Title IV federal financial aid programs,"10,000 - 19,999",14657,686,2015,889,19,84,60461,"10,000 - 19,999",City: Midsize,46524,670,610,28,72,53,70,1280,0.05,,
140960,Savannah State University,2023,Participates in Title IV federal financial aid programs,"1,000 - 4,999",2857,173,440,285,65,,17310,"1,000 - 4,999",City: Midsize,8506,,,,26,17,27,0,0.06,,
140942,Savannah Technical College,2023,Participates in Title IV federal financial aid programs,"1,000 - 4,999",3581,415,2317,1424,47,,19960,"1,000 - 4,999",City: Midsize,6514,,,,,,,0,0.12,,
123095,Saybrook University,2023,Participates in Title IV federal financial aid programs,"1,000 - 4,999",0,0,0,0,,,,"1,000 - 4,999",City: Midsize,,,,,,,,0,,,
195322,Schenectady County Community College,2023,Participates in Title IV federal financial aid programs,"1,000 - 4,999",3884,49,2824,553,24,,22892,"1,000 - 4,999",City: Small,5550,,,,,,,0,0.01,,
480727,School of Missionary Aviation Technology,2023,Participates in Title IV federal financial aid programs,"Under 1,000",36,0,0,12,35,,,"Under 1,000",Rural: Fringe,15590,,,,,,,0,0.00,,
392354,"School of Professional Horticulture, New York Botanical Garden",2023,Participates in Title IV federal financial aid programs,"Under 1,000",19,0,0,15,0,75,38250,"Under 1,000",City: Large,,,,,,,,0,0.00,,
143048,School of the Art Institute of Chicago,2023,Participates in Title IV federal financial aid programs,"1,000 - 4,999",2762,108,233,158,19,76,69590,"1,000 - 4,999",City: Large,55485,,,,67,39,64,0,0.04,,
172200,Schoolcraft Community College District,2023,Participates in Title IV federal financial aid programs,"5,000 - 9,999",7596,1013,5651,2508,27,,24306,"5,000 - 9,999",City: Small,7271,,,,,,,0,0.13,,
228042,Schreiner University,2023,Participates in Title IV federal financial aid programs,"1,000 - 4,999",1062,48,52,76,44,88,50466,"1,000 - 4,999",Town: Remote,21786,,,,46,38,43,0,0.05,,
406325,Schuyler Steuben Chemung Tioga Allegany BOCES,2023,Participates in Title IV federal financial aid programs,"Under 1,000",170,0,82,92,67,,,"Under 1,000",Rural: Fringe,20814,,,,,,,0,0.00,,
215886,Schuylkill Technology Center,2023,Participates in Title IV federal financial aid programs,"Under 1,000",74,0,55,61,39,,,"Under 1,000",Town: Distant,3569,,,,,,,0,0.00,,
407577,Scioto County Career Technical Center,2023,Participates in Title IV federal financial aid programs,"Under 1,000",125,0,30,58,68,,,"Under 1,000",Rural: Distant,21355,,,,,,,0,0.00,,
105747,Scottsdale Community College,2023,Participates in Title IV federal financial aid programs,"5,000 - 9,999",6875,720,5392,2085,14,,25638,"5,000 - 9,999",Rural: Fringe,15163,,,,,,,0,0.10,,
123165,Scripps College,2023,Participates in Title IV federal financial aid programs,"1,000 - 4,999",1082,14,7,2,11,34,87564,"1,000 - 4,999",Suburb: Large,45505,760,770,34,83,68,87,1530,0.01,,
236513,Seattle Central College,2023,Participates in Title IV federal financial aid programs,"5,000 - 9,999",5210,483,2334,1959,21,,27296,"5,000 - 9,999",City: Large,8093,,,,,,,0,0.09,,
439914,Seattle Institute of East Asian Medicine,2023,Participates in Title IV federal financial aid programs,"Under 1,000",0,0,0,0,,,,"Under 1,000",City: Large,,,,,,,,0,,,
236577,Seattle Pacific University,2023,Participates in Title IV federal financial aid programs,"1,000 - 4,999",2082,98,76,115,33,91,58968,"1,000 - 4,999",City: Large,26155,660,660,28,66,46,62,1320,0.05,,
236595,Seattle University,2023,Participates in Title IV federal financial aid programs,"5,000 - 9,999",4137,284,148,222,22,76,73613,"5,000 - 9,999",City: Large,37103,670,680,30,75,66,73,1350,0.07,,
102058,Selma University,2023,"Not currently participating in Title IV, has an OPE ID number","Under 1,000",47,1,32,37,0,,14000,"Under 1,000",Town: Distant,,,,,2,4,11,0,0.02,,
386153,Seminar L'moros Bais Yaakov,2023,Participates in Title IV federal financial aid programs,"Under 1,000",371,66,50,6,76,88,36500,"Under 1,000",City: Large,16607,,,,,,,0,0.18,,
243498,Seminario Evangelico de Puerto Rico,2023,Participates in Title IV federal financial aid programs,"Under 1,000",0,0,0,0,,,,"Under 1,000",City: Large,,,,,,,,0,,,
491817,Seminary Bnos Chaim,2023,Participates in Title IV federal financial aid programs,"Under 1,000",177,41,15,0,65,43,37600,"Under 1,000",City: Small,15091,,,,,,,0,0.23,,
207740,Seminole State College,2023,Participates in Title IV federal financial aid programs,"1,000 - 4,999",1471,100,767,339,36,,28898,"1,000 - 4,999",Town: Distant,15252,,,,,,,0,0.07,,
137209,Seminole State College of Florida,2023,Participates in Title IV federal financial aid programs,"10,000 - 19,999",14104,994,9234,4458,27,,31729,"10,000 - 19,999",City: Small,2889,,,,,,,0,0.07,,
232885,Sentara College of Health Sciences,2023,Participates in Title IV federal financial aid programs,"Under 1,000",245,119,11,135,34,,,"Under 1,000",City: Large,,,,,,,,0,0.49,,
186584,Seton Hall University,2023,Participates in Title IV federal financial aid programs,"5,000 - 9,999",6061,177,145,121,30,79,73920,"5,000 - 9,999",Suburb: Large,31642,700,700,31,72,65,71,1400,0.03,,
215947,Seton Hill University,2023,Participates in Title IV federal financial aid programs,"1,000 - 4,999",1597,61,147,200,30,76,56272,"1,000 - 4,999",Suburb: Large,23732,640,630,27,67,61,71,1270,0.04,,
155858,Seward County Community College,2023,Participates in Title IV federal financial aid programs,"1,000 - 4,999",1787,71,973,276,20,,19248,"1,000 - 4,999",Town: Remote,9033,,,,,,,0,0.04,,
195438,Sh'or Yoshuv Rabbinical College,2023,Participates in Title IV federal financial aid programs,"Under 1,000",147,145,0,0,4,,38200,"Under 1,000",Suburb: Large,11600,,,,0,0,0,0,0.99,,
123280,Shasta Bible College and Graduate School,2023,Participates in Title IV federal financial aid programs,"Under 1,000",13,1,9,11,54,100,34535,"Under 1,000",City: Small,17119,,,,0,0,0,0,0.08,,
123299,Shasta College,2023,Participates in Title IV federal financial aid programs,"5,000 - 9,999",8081,484,5115,2756,37,,29863,"5,000 - 9,999",Suburb: Midsize,7751,,,,,,,0,0.06,,
199643,Shaw University,2023,Participates in Title IV federal financial aid programs,"Under 1,000",843,73,87,113,65,30,30966,"Under 1,000",City: Large,14111,,,,18,12,20,0,0.09,,
148821,Shawnee Community College,2023,Participates in Title IV federal financial aid programs,"1,000 - 4,999",1142,75,656,287,34,,20838,"1,000 - 4,999",Rural: Distant,5614,,,,,,,0,0.07,,
205443,Shawnee State University,2023,Participates in Title IV federal financial aid programs,"1,000 - 4,999",2982,146,955,329,35,,25014,"1,000 - 4,999",Town: Distant,14815,,,,51,35,47,0,0.05,,
412535,Shawsheen Valley School of Practical Nursing,2023,Participates in Title IV federal financial aid programs,"Under 1,000",35,0,5,30,46,,,"Under 1,000",Suburb: Large,19727,,,,,,,0,0.00,,
102067,Shelton State Community College,2023,Participates in Title IV federal financial aid programs,"1,000 - 4,999",4536,332,2830,741,40,,25617,"1,000 - 4,999",City: Midsize,10410,,,,,,,0,0.07,,
233541,Shenandoah University,2023,Participates in Title IV federal financial aid programs,"1,000 - 4,999",2590,119,535,174,19,78,51928,"1,000 - 4,999",City: Small,26400,,,,65,61,70,0,0.05,,
237792,Shepherd University,2023,Participates in Title IV federal financial aid programs,"1,000 - 4,999",2906,231,742,538,27,96,23708,"1,000 - 4,999",Rural: Fringe,12651,580,560,24,44,33,49,1140,0.08,,
481137,Shepherds College,2023,Participates in Title IV federal financial aid programs,"Under 1,000",91,0,0,25,45,58,,"Under 1,000",Town: Fringe,29877,,,,,,,0,0.00,,
461485,Shepherds Theological Seminary,2023,Participates in Title IV federal financial aid programs,"Under 1,000",0,0,0,0,,,,"Under 1,000",City: Midsize,,,,,,,,0,,,
137245,Sheridan Technical College,2023,Participates in Title IV federal financial aid programs,"1,000 - 4,999",1469,0,0,671,27,,,"1,000 - 4,999",Suburb: Large,9315,,,,,,,0,0.00,,
218751,Sherman College of Chiropractic,2023,Participates in Title IV federal financial aid programs,"Under 1,000",0,0,0,0,,,,"Under 1,000",Suburb: Midsize,,,,,,,,0,,,
216010,Shippensburg University of Pennsylvania,2023,Participates in Title IV federal financial aid programs,"5,000 - 9,999",4421,200,494,212,30,86,29530,"5,000 - 9,999",Town: Fringe,23344,610,600,,59,36,52,1210,0.05,,
236610,Shoreline Community College,2023,Participates in Title IV federal financial aid programs,"1,000 - 4,999",4460,394,2443,1822,13,,26906,"1,000 - 4,999",Suburb: Large,11767,,,,,,,0,0.09,,
107840,Shorter College,2023,Participates in Title IV federal financial aid programs,"Under 1,000",290,24,38,215,83,,23219,"Under 1,000",City: Small,12921,,,,,,,0,0.08,,
140988,Shorter University,2023,Participates in Title IV federal financial aid programs,"1,000 - 4,999",1322,98,291,148,37,97,42195,"1,000 - 4,999",City: Small,16692,580,550,23,38,27,36,1130,0.07,,
195474,Siena College,2023,Participates in Title IV federal financial aid programs,"1,000 - 4,999",3497,160,115,80,23,71,60945,"1,000 - 4,999",Suburb: Large,32602,680,680,29,78,72,76,1360,0.05,,
172264,Siena Heights University,2023,Participates in Title IV federal financial aid programs,"1,000 - 4,999",1669,196,583,505,31,67,46254,"1,000 - 4,999",Town: Distant,17740,570,570,20,51,33,51,1140,0.12,,
123341,Sierra College,2023,Participates in Title IV federal financial aid programs,"10,000 - 19,999",17420,1048,11074,4077,20,,30054,"10,000 - 19,999",Suburb: Large,6970,,,,,,,0,0.06,,
165060,Signature Healthcare Brockton Hospital School of Nursing,2023,Participates in Title IV federal financial aid programs,"Under 1,000",152,0,67,100,37,52,,"Under 1,000",Suburb: Large,25162,,,,,,,0,0.00,,
461759,Simmons College of Kentucky,2023,Participates in Title IV federal financial aid programs,"Under 1,000",389,25,54,217,43,98,30160,"Under 1,000",City: Large,19083,,,,57,4,20,0,0.06,,
167783,Simmons University,2023,Participates in Title IV federal financial aid programs,"5,000 - 9,999",1760,126,198,207,30,66,66472,"5,000 - 9,999",City: Large,29575,710,680,31,71,67,71,1390,0.07,,
154350,Simpson College,2023,Participates in Title IV federal financial aid programs,"1,000 - 4,999",1140,48,50,58,33,89,60342,"1,000 - 4,999",Town: Fringe,23637,,,33,69,53,66,0,0.04,,
123457,Simpson University,2023,Participates in Title IV federal financial aid programs,"Under 1,000",755,158,96,216,42,99,63581,"Under 1,000",City: Small,28453,,,,51,34,42,0,0.21,,
205470,Sinclair Community College,2023,Participates in Title IV federal financial aid programs,"10,000 - 19,999",17431,1417,13875,5682,27,,16216,"10,000 - 19,999",City: Midsize,5824,,,,,,,0,0.08,,
219374,Sinte Gleska University,2023,Participates in Title IV federal financial aid programs,"Under 1,000",607,0,378,426,52,,22714,"Under 1,000",Rural: Remote,7439,,,,0,0,0,0,0.00,,
219408,Sisseton Wahpeton College,2023,Participates in Title IV federal financial aid programs,"Under 1,000",215,4,65,122,58,,15530,"Under 1,000",Rural: Remote,3284,,,,,,,0,0.02,,
231068,SIT Graduate Institute,2023,Participates in Title IV federal financial aid programs,"Under 1,000",558,0,0,1,0,,,"Under 1,000",Rural: Fringe,,,,,,,,0,0.00,,
200466,Sitting Bull College,2023,Participates in Title IV federal financial aid programs,"Under 1,000",229,13,42,127,69,,17560,"Under 1,000",Rural: Remote,4205,,,,,,,0,0.06,,
236638,Skagit Valley College,2023,Participates in Title IV federal financial aid programs,"1,000 - 4,999",4098,218,1970,1762,28,,19230,"1,000 - 4,999",City: Small,8365,,,,,,,0,0.05,,
195526,Skidmore College,2023,Participates in Title IV federal financial aid programs,"1,000 - 4,999",2776,24,37,18,14,23,,"1,000 - 4,999",Suburb: Small,32368,730,730,33,84,75,82,1460,0.01,,
123509,Skyline College,2023,Participates in Title IV federal financial aid programs,"5,000 - 9,999",9428,1108,7374,2656,10,,40504,"5,000 - 9,999",Suburb: Large,4652,,,,,,,0,0.12,,
216038,Slippery Rock University of Pennsylvania,2023,Participates in Title IV federal financial aid programs,"5,000 - 9,999",6803,519,458,336,28,75,27635,"5,000 - 9,999",Town: Distant,18407,600,590,25,69,53,66,1190,0.08,,
167835,Smith College,2023,Participates in Title IV federal financial aid programs,"1,000 - 4,999",2506,38,9,52,18,20,75138,"1,000 - 4,999",City: Small,27823,770,770,34,91,75,90,1540,0.02,,
102076,Snead State Community College,2023,Participates in Title IV federal financial aid programs,"1,000 - 4,999",2767,118,1771,380,34,,17216,"1,000 - 4,999",Town: Distant,6435,,,,,,,0,0.04,,
230597,Snow College,2023,Participates in Title IV federal financial aid programs,"5,000 - 9,999",5506,69,2305,320,21,,12564,"5,000 - 9,999",Town: Remote,7258,,,,100,0,0,0,0.01,,
399911,Soka University of America,2023,Participates in Title IV federal financial aid programs,"Under 1,000",464,0,0,3,17,70,63268,"Under 1,000",Suburb: Large,18807,690,770,,91,79,87,1460,0.00,,
123563,Solano Community College,2023,Participates in Title IV federal financial aid programs,"5,000 - 9,999",8868,677,6086,2984,21,,27733,"5,000 - 9,999",Suburb: Midsize,6317,,,,,,,0,0.08,,
157711,Somerset Community College,2023,Participates in Title IV federal financial aid programs,"5,000 - 9,999",5766,233,3536,1702,43,,17914,"5,000 - 9,999",Town: Remote,5607,,,,,,,0,0.04,,
457943,Somerset County Technology Center,2023,Participates in Title IV federal financial aid programs,"Under 1,000",50,0,0,18,25,,,"Under 1,000",Rural: Fringe,15988,,,,,,,0,0.00,,
123572,Sonoma State University,2023,Participates in Title IV federal financial aid programs,"5,000 - 9,999",5412,759,696,879,36,95,33332,"5,000 - 9,999",Suburb: Large,15113,,,,62,42,61,0,0.14,,
420246,Sonoran University of Health Sciences,2023,Participates in Title IV federal financial aid programs,"Under 1,000",0,0,0,0,,,,"Under 1,000",City: Midsize,,,,,,,,0,,,
107974,South Arkansas College,2023,Participates in Title IV federal financial aid programs,"1,000 - 4,999",1190,140,711,383,42,,21481,"1,000 - 4,999",Town: Remote,5897,,,,,,,0,0.12,,
123633,South Baylo University,2023,Participates in Title IV federal financial aid programs,"Under 1,000",0,0,0,0,,,,"Under 1,000",City: Large,,,,,,,,0,,,
218733,South Carolina State University,2023,Participates in Title IV federal financial aid programs,"1,000 - 4,999",2762,126,200,124,68,82,31060,"1,000 - 4,999",Town: Distant,17928,,,,32,14,29,0,0.05,,
173911,South Central College,2023,Participates in Title IV federal financial aid programs,"1,000 - 4,999",2652,298,1707,690,32,,19596,"1,000 - 4,999",Suburb: Small,9804,,,,,,,0,0.11,,
488891,South Dade Technical College-South Dade Skills Center Campus,2023,Participates in Title IV federal financial aid programs,"Under 1,000",401,0,0,104,17,,,"Under 1,000",Suburb: Large,4311,,,,,,,0,0.00,,
219347,South Dakota School of Mines and Technology,2023,Participates in Title IV federal financial aid programs,"1,000 - 4,999",2170,64,433,139,16,85,29000,"1,000 - 4,999",City: Small,20243,650,670,29,56,27,58,1320,0.03,,
219356,South Dakota State University,2023,Participates in Title IV federal financial aid programs,"10,000 - 19,999",10177,388,2461,625,16,99,26498,"10,000 - 19,999",Town: Remote,18233,640,660,26,60,42,59,1300,0.04,,
366003,South Florida Bible College and Theological Seminary,2023,Participates in Title IV federal financial aid programs,"Under 1,000",273,7,142,183,21,,25161,"Under 1,000",City: Small,,,,,0,0,0,0,0.03,,
137315,South Florida State College,2023,Participates in Title IV federal financial aid programs,"1,000 - 4,999",2976,30,1853,712,44,,14524,"1,000 - 4,999",Suburb: Small,4499,,,,,,,0,0.01,,
482699,South Georgia State College,2023,Participates in Title IV federal financial aid programs,"1,000 - 4,999",1853,104,764,312,52,,20570,"1,000 - 4,999",Town: Remote,9222,,,,,,,0,0.06,,
141006,South Georgia Technical College,2023,Participates in Title IV federal financial aid programs,"1,000 - 4,999",1725,131,1002,477,51,,19466,"1,000 - 4,999",Town: Distant,2851,,,,,,,0,0.08,,
434061,South Louisiana Community College,2023,Participates in Title IV federal financial aid programs,"5,000 - 9,999",5887,598,2611,1963,48,,25819,"5,000 - 9,999",City: Midsize,10071,,,,,,,0,0.10,,
105792,South Mountain Community College,2023,Participates in Title IV federal financial aid programs,"1,000 - 4,999",4157,538,3048,1136,27,,25638,"1,000 - 4,999",City: Large,12879,,,,,,,0,0.13,,
197850,South Piedmont Community College,2023,Participates in Title IV federal financial aid programs,"1,000 - 4,999",3548,193,2864,488,18,,27358,"1,000 - 4,999",Rural: Distant,5212,,,,,,,0,0.05,,
228158,South Plains College,2023,Participates in Title IV federal financial aid programs,"5,000 - 9,999",8866,387,5021,1911,40,,20414,"5,000 - 9,999",Town: Distant,6790,,,,,,,0,0.04,,
236656,South Puget Sound Community College,2023,Participates in Title IV federal financial aid programs,"1,000 - 4,999",4252,278,1624,1343,23,,27797,"1,000 - 4,999",City: Small,11896,,,,,,,0,0.07,,
236504,South Seattle College,2023,Participates in Title IV federal financial aid programs,"5,000 - 9,999",5295,209,3919,2911,10,,19307,"5,000 - 9,999",City: Large,8596,,,,,,,0,0.04,,
149365,South Suburban College,2023,Participates in Title IV federal financial aid programs,"1,000 - 4,999",3873,115,2781,1054,22,,17833,"1,000 - 4,999",Suburb: Large,4035,,,,,,,0,0.03,,
409315,South Texas College,2023,Participates in Title IV federal financial aid programs,"20,000 and above",26440,503,17169,4568,36,,17608,"20,000 and above",City: Midsize,1414,,,,15,9,11,0,0.02,,
228194,South Texas College of Law Houston,2023,Participates in Title IV federal financial aid programs,"1,000 - 4,999",0,0,0,0,,,,"1,000 - 4,999",City: Large,,,,,,,,0,,,
156338,Southcentral Kentucky Community and Technical College,2023,Participates in Title IV federal financial aid programs,"5,000 - 9,999",5084,231,3431,1049,32,,17914,"5,000 - 9,999",City: Small,6532,,,,,,,0,0.05,,
107637,Southeast Arkansas College,2023,Participates in Title IV federal financial aid programs,"Under 1,000",810,102,724,427,63,,22035,"Under 1,000",Town: Distant,11203,,,,,,,0,0.13,,
181640,Southeast Community College Area,2023,Participates in Title IV federal financial aid programs,"5,000 - 9,999",9799,613,6497,1831,21,,16511,"5,000 - 9,999",City: Large,8011,,,,,,,0,0.06,,
157739,Southeast Kentucky Community & Technical College,2023,Participates in Title IV federal financial aid programs,"1,000 - 4,999",3144,96,2028,841,40,,17914,"1,000 - 4,999",Rural: Remote,4614,,,,,,,0,0.03,,
417734,Southeast Missouri Hospital College of Nursing and Health Sciences,2023,Participates in Title IV federal financial aid programs,"Under 1,000",147,34,72,75,46,100,33595,"Under 1,000",City: Small,25189,,,19,,0,0,0,0.23,,
179557,Southeast Missouri State University,2023,Participates in Title IV federal financial aid programs,"5,000 - 9,999",8099,403,2132,820,29,79,27282,"5,000 - 9,999",City: Small,14843,550,480,21,56,39,56,1030,0.05,,
188003,Southeast New Mexico College,2023,Participates in Title IV federal financial aid programs,"1,000 - 4,999",1171,32,922,194,11,,22934,"1,000 - 4,999",Rural: Fringe,8126,,,,,,,0,0.03,,
219426,Southeast Technical College,2023,Participates in Title IV federal financial aid programs,"1,000 - 4,999",2478,167,1203,611,32,,22960,"1,000 - 4,999",City: Midsize,15265,,,,,,,0,0.07,,
176336,Southeastern Baptist College,2023,Participates in Title IV federal financial aid programs,"Under 1,000",69,19,7,8,71,,13375,"Under 1,000",Town: Distant,3941,,,,,20,60,0,0.28,,
199759,Southeastern Baptist Theological Seminary,2023,Participates in Title IV federal financial aid programs,"1,000 - 4,999",758,69,471,196,18,77,28323,"1,000 - 4,999",Suburb: Large,11395,630,600,26,59,0,47,1230,0.09,,
199722,Southeastern Community College,2023,Participates in Title IV federal financial aid programs,"1,000 - 4,999",1397,21,956,295,45,,18929,"1,000 - 4,999",Rural: Distant,5904,,,,,,,0,0.02,,
154378,Southeastern Community College,2023,Participates in Title IV federal financial aid programs,"1,000 - 4,999",2562,39,1355,495,27,,21466,"1,000 - 4,999",Town: Remote,9924,,,,,,,0,0.02,,
233602,Southeastern Free Will Baptist Bible College,2023,Participates in Title IV federal financial aid programs,"Under 1,000",74,1,9,6,36,,29350,"Under 1,000",Rural: Fringe,14423,,,,50,40,55,0,0.01,,
148937,Southeastern Illinois College,2023,Participates in Title IV federal financial aid programs,"1,000 - 4,999",1392,12,864,327,23,,21018,"1,000 - 4,999",Rural: Distant,8271,,,,,,,0,0.01,,
160612,Southeastern Louisiana University,2023,Participates in Title IV federal financial aid programs,"10,000 - 19,999",12684,509,4612,871,33,94,27409,"10,000 - 19,999",City: Small,12007,,,24,41,25,45,0,0.04,,
207847,Southeastern Oklahoma State University,2023,Participates in Title IV federal financial aid programs,"5,000 - 9,999",3207,363,1000,1132,40,80,20416,"5,000 - 9,999",Town: Distant,8064,580,570,23,34,21,33,1150,0.11,,
368911,Southeastern Technical College,2023,Participates in Title IV federal financial aid programs,"1,000 - 4,999",1887,124,1598,437,39,,26687,"1,000 - 4,999",Town: Remote,7116,,,,,,,0,0.07,,
167871,Southeastern Technical Institute,2023,Participates in Title IV federal financial aid programs,"Under 1,000",144,0,110,61,29,49,,"Under 1,000",Suburb: Large,11768,,,,,,,0,0.00,,
137564,Southeastern University,2023,Participates in Title IV federal financial aid programs,"10,000 - 19,999",9167,538,4911,807,22,74,50052,"10,000 - 19,999",City: Midsize,27935,,,,48,38,49,0,0.06,,
221661,Southern Adventist University,2023,Participates in Title IV federal financial aid programs,"1,000 - 4,999",2827,130,428,183,31,67,40290,"1,000 - 4,999",Suburb: Large,25374,650,620,26,59,38,62,1270,0.05,,
107983,Southern Arkansas University Main Campus,2023,Participates in Title IV federal financial aid programs,"5,000 - 9,999",3224,199,518,246,45,67,27261,"5,000 - 9,999",Town: Remote,14164,590,590,23,39,30,41,1180,0.06,,
107992,Southern Arkansas University Tech,2023,Participates in Title IV federal financial aid programs,"Under 1,000",939,92,475,199,41,,23024,"Under 1,000",Rural: Distant,6257,,,,,,,0,0.10,,
123952,Southern California Institute of Architecture,2023,Participates in Title IV federal financial aid programs,"Under 1,000",239,14,3,44,21,83,83379,"Under 1,000",City: Large,21514,,,,75,0,70,0,0.06,,
117575,Southern California Seminary,2023,Participates in Title IV federal financial aid programs,"Under 1,000",31,3,23,21,32,,45281,"Under 1,000",Suburb: Large,,,,,,,,0,0.10,,
117672,Southern California University of Health Sciences,2023,Participates in Title IV federal financial aid programs,"1,000 - 4,999",720,18,615,299,9,,57740,"1,000 - 4,999",Suburb: Large,26443,,,,,,,0,0.03,,
221670,Southern College of Optometry,2023,Participates in Title IV federal financial aid programs,"Under 1,000",0,0,0,0,,,,"Under 1,000",City: Large,,,,,,,,0,,,
130493,Southern Connecticut State University,2023,Participates in Title IV federal financial aid programs,"5,000 - 9,999",6781,766,1389,920,37,81,31542,"5,000 - 9,999",City: Midsize,19870,,,,54,30,48,0,0.11,,
139986,Southern Crescent Technical College,2023,Participates in Title IV federal financial aid programs,"5,000 - 9,999",5804,498,4373,2025,49,,22322,"5,000 - 9,999",Town: Fringe,5158,,,,,,,0,0.09,,
149222,Southern Illinois University-Carbondale,2023,Participates in Title IV federal financial aid programs,"10,000 - 19,999",8195,1188,1327,1547,37,90,29963,"10,000 - 19,999",Town: Distant,16131,580,560,27,46,40,54,1140,0.14,,
149231,Southern Illinois University-Edwardsville,2023,Participates in Title IV federal financial aid programs,"10,000 - 19,999",8975,910,1445,1110,32,97,30246,"10,000 - 19,999",Suburb: Large,15182,590,570,26,52,33,53,1160,0.10,,
161545,Southern Maine Community College,2023,Participates in Title IV federal financial aid programs,"5,000 - 9,999",7205,395,4264,1632,25,,18983,"5,000 - 9,999",City: Small,9762,,,,,,,0,0.05,,
228246,Southern Methodist University,2023,Participates in Title IV federal financial aid programs,"10,000 - 19,999",7115,282,167,136,12,61,78668,"10,000 - 19,999",Suburb: Large,45792,730,750,34,83,76,83,1480,0.04,,
417637,Southern Missouri Technical Institute,2023,Participates in Title IV federal financial aid programs,"Under 1,000",58,0,0,27,65,,,"Under 1,000",Town: Remote,20905,,,,,,,0,0.00,,
206862,Southern Nazarene University,2023,Participates in Title IV federal financial aid programs,"1,000 - 4,999",1465,121,21,449,45,,47932,"1,000 - 4,999",Suburb: Large,19825,,,,48,31,37,0,0.08,,
183026,Southern New Hampshire University,2023,Participates in Title IV federal financial aid programs,"20,000 and above",159653,24357,110546,118529,47,96,43192,"20,000 and above",Suburb: Midsize,33163,,,,38,38,48,0,0.15,,
365198,Southern Oklahoma Technology Center,2023,Participates in Title IV federal financial aid programs,"Under 1,000",694,0,642,65,14,,,"Under 1,000",Rural: Fringe,4777,,,,,,,0,0.00,,
210146,Southern Oregon University,2023,Participates in Title IV federal financial aid programs,"5,000 - 9,999",4368,312,1928,769,24,83,30032,"5,000 - 9,999",Suburb: Midsize,17433,,,,43,31,44,0,0.07,,
487162,Southern Regional Technical College,2023,Participates in Title IV federal financial aid programs,"5,000 - 9,999",5072,365,3822,1355,44,,15199,"5,000 - 9,999",Town: Distant,1816,,,,,,,0,0.07,,
205966,Southern State Community College,2023,Participates in Title IV federal financial aid programs,"1,000 - 4,999",2000,93,1522,307,21,,19023,"1,000 - 4,999",Town: Distant,10764,,,,,,,0,0.05,,
251260,Southern Union State Community College,2023,Participates in Title IV federal financial aid programs,"1,000 - 4,999",4673,631,2268,753,35,,19630,"1,000 - 4,999",Rural: Remote,7718,,,,,,,0,0.14,,
160621,Southern University and A & M College,2023,Participates in Title IV federal financial aid programs,"5,000 - 9,999",5848,216,1099,485,65,50,27086,"5,000 - 9,999",City: Midsize,18937,510,490,19,35,10,28,1000,0.04,,
160630,Southern University at New Orleans,2023,Participates in Title IV federal financial aid programs,"1,000 - 4,999",1773,165,872,571,45,60,26051,"1,000 - 4,999",City: Large,14825,,,18,25,8,18,0,0.09,,
160649,Southern University at Shreveport,2023,Participates in Title IV federal financial aid programs,"1,000 - 4,999",3156,556,1676,990,51,,15400,"1,000 - 4,999",City: Midsize,11609,,,,,,,0,0.18,,
230603,Southern Utah University,2023,Participates in Title IV federal financial aid programs,"10,000 - 19,999",13043,802,4545,3463,24,80,20670,"10,000 - 19,999",Town: Remote,12375,,,,49,33,51,0,0.06,,
233611,Southern Virginia University,2023,Participates in Title IV federal financial aid programs,"Under 1,000",967,81,36,61,43,100,32040,"Under 1,000",Town: Distant,25440,658,595,25,45,21,38,1253,0.08,,
217776,Southern Wesleyan University,2023,Participates in Title IV federal financial aid programs,"1,000 - 4,999",887,84,260,177,29,100,40813,"1,000 - 4,999",Suburb: Midsize,20336,600,600,24,52,43,53,1200,0.09,,
237817,Southern West Virginia Community and Technical College,2023,Participates in Title IV federal financial aid programs,"1,000 - 4,999",1461,50,501,407,52,,22174,"1,000 - 4,999",Town: Distant,8262,,,,,,,0,0.03,,
457624,Southern Worcester County Regional Vocational School District,2023,Participates in Title IV federal financial aid programs,"Under 1,000",39,0,0,31,31,100,,"Under 1,000",Rural: Fringe,28418,,,,,,,0,0.00,,
233082,Southside College of Health Sciences,2023,Participates in Title IV federal financial aid programs,"Under 1,000",91,43,66,54,31,,,"Under 1,000",Suburb: Large,,,,,,,,0,0.47,,
233639,Southside Virginia Community College,2023,Participates in Title IV federal financial aid programs,"1,000 - 4,999",3258,110,2201,833,34,,18197,"1,000 - 4,999",Rural: Remote,6565,,,,,,,0,0.03,,
179326,Southwest Baptist University,2023,Participates in Title IV federal financial aid programs,"1,000 - 4,999",1622,111,526,266,35,100,39704,"1,000 - 4,999",Town: Distant,19781,600,600,24,51,51,64,1200,0.07,,
382911,Southwest College for the Deaf,2023,Participates in Title IV federal financial aid programs,"Under 1,000",47,3,11,3,74,,19762,"Under 1,000",Town: Remote,5214,,,,,,,0,0.06,,
175078,Southwest Minnesota State University,2023,Participates in Title IV federal financial aid programs,"5,000 - 9,999",6884,348,5293,623,11,69,25712,"5,000 - 9,999",Town: Remote,14839,,,23,49,29,43,0,0.05,,
176354,Southwest Mississippi Community College,2023,Participates in Title IV federal financial aid programs,"1,000 - 4,999",1752,92,428,349,55,,14300,"1,000 - 4,999",Rural: Fringe,4136,,,,,,,0,0.05,,
449816,Southwest Technical College,2023,Participates in Title IV federal financial aid programs,"Under 1,000",649,0,566,148,14,,,"Under 1,000",Town: Remote,,,,,,,,0,0.00,,
368364,Southwest Technology Center,2023,Participates in Title IV federal financial aid programs,"Under 1,000",309,0,188,65,21,,,"Under 1,000",Rural: Fringe,13712,,,,,,,0,0.00,,
221485,Southwest Tennessee Community College,2023,Participates in Title IV federal financial aid programs,"5,000 - 9,999",6980,393,4173,2035,42,,18516,"5,000 - 9,999",City: Large,5078,,,,,,,0,0.06,,
228316,Southwest Texas Junior College,2023,Participates in Title IV federal financial aid programs,"5,000 - 9,999",6579,76,4369,776,36,,18333,"5,000 - 9,999",Town: Remote,7037,,,,,,,0,0.01,,
233648,Southwest Virginia Community College,2023,Participates in Title IV federal financial aid programs,"1,000 - 4,999",2288,93,1207,543,45,,19891,"1,000 - 4,999",Rural: Distant,9217,,,,,,,0,0.04,,
239910,Southwest Wisconsin Technical College,2023,Participates in Title IV federal financial aid programs,"1,000 - 4,999",2717,84,2215,568,20,,21323,"1,000 - 4,999",Rural: Remote,10617,,,,,,,0,0.03,,
228468,Southwestern Adventist University,2023,Participates in Title IV federal financial aid programs,"Under 1,000",813,47,221,122,39,56,37820,"Under 1,000",Town: Fringe,20198,610,590,25,45,26,39,1200,0.06,,
228325,Southwestern Assemblies of God University,2023,Participates in Title IV federal financial aid programs,"1,000 - 4,999",1413,155,179,228,49,84,39984,"1,000 - 4,999",Suburb: Large,19834,560,550,22,52,30,42,1110,0.11,,
228486,Southwestern Christian College,2023,Participates in Title IV federal financial aid programs,"Under 1,000",128,19,13,22,91,,22966,"Under 1,000",Town: Distant,15275,,,,0,100,100,0,0.15,,
207856,Southwestern Christian University,2023,Participates in Title IV federal financial aid programs,"Under 1,000",351,33,19,26,41,,37126,"Under 1,000",Suburb: Large,20714,,,,23,6,13,0,0.09,,
123800,Southwestern College,2023,Participates in Title IV federal financial aid programs,"10,000 - 19,999",18469,1196,10679,5823,35,,31931,"10,000 - 19,999",City: Large,12723,,,,,,,0,0.06,,
155900,Southwestern College,2023,Participates in Title IV federal financial aid programs,"1,000 - 4,999",1038,117,407,413,39,65,57630,"1,000 - 4,999",Town: Distant,27337,,,,40,30,34,0,0.11,,
188207,Southwestern College,2023,Participates in Title IV federal financial aid programs,"Under 1,000",0,0,0,0,,,,"Under 1,000",City: Small,,,,,,,,0,,,
154396,Southwestern Community College,2023,Participates in Title IV federal financial aid programs,"1,000 - 4,999",1633,73,995,233,24,,19674,"1,000 - 4,999",Town: Remote,10809,,,,,,,0,0.04,,
199731,Southwestern Community College,2023,Participates in Title IV federal financial aid programs,"1,000 - 4,999",2109,170,1565,555,30,,23976,"1,000 - 4,999",Town: Distant,7131,,,,,,,0,0.08,,
143215,Southwestern Illinois College,2023,Participates in Title IV federal financial aid programs,"5,000 - 9,999",7955,350,5219,2310,26,,25786,"5,000 - 9,999",Suburb: Large,7295,,,,,,,0,0.04,,
188216,Southwestern Indian Polytechnic Institute,2023,Participates in Title IV federal financial aid programs,"Under 1,000",233,19,59,98,34,,23544,"Under 1,000",Suburb: Large,9701,,,,,,,0,0.08,,
123970,Southwestern Law School,2023,Participates in Title IV federal financial aid programs,"Under 1,000",0,0,0,0,,,,"Under 1,000",City: Large,,,,,,,,0,,,
172307,Southwestern Michigan College,2023,Participates in Title IV federal financial aid programs,"1,000 - 4,999",1953,78,998,408,38,,18610,"1,000 - 4,999",Rural: Fringe,7901,,,,,,,0,0.04,,
207865,Southwestern Oklahoma State University,2023,Participates in Title IV federal financial aid programs,"1,000 - 4,999",3995,331,1025,853,38,100,23443,"1,000 - 4,999",Town: Remote,14761,,,23,44,23,36,0,0.08,,
210155,Southwestern Oregon Community College,2023,Participates in Title IV federal financial aid programs,"1,000 - 4,999",1489,82,691,416,36,,18630,"1,000 - 4,999",Town: Remote,9331,,,,,,,0,0.06,,
228343,Southwestern University,2023,Participates in Title IV federal financial aid programs,"1,000 - 4,999",1457,58,14,38,23,39,71078,"1,000 - 4,999",City: Small,30687,690,650,30,74,61,69,1340,0.04,,
160579,SOWELA Technical Community College,2023,Participates in Title IV federal financial aid programs,"1,000 - 4,999",3316,373,1443,975,42,,21503,"1,000 - 4,999",City: Small,10021,,,,,,,0,0.11,,
157757,Spalding University,2023,Participates in Title IV federal financial aid programs,"1,000 - 4,999",734,89,221,158,36,99,55422,"1,000 - 4,999",City: Large,25539,570,533,22,43,46,57,1103,0.12,,
218830,Spartanburg Community College,2023,Participates in Title IV federal financial aid programs,"5,000 - 9,999",6330,558,3903,2071,38,,15053,"5,000 - 9,999",Suburb: Midsize,7330,,,,,,,0,0.09,,
218821,Spartanburg Methodist College,2023,Participates in Title IV federal financial aid programs,"1,000 - 4,999",1029,53,36,63,60,81,33314,"1,000 - 4,999",Suburb: Midsize,16556,,,,,,,0,0.05,,
141060,Spelman College,2023,Participates in Title IV federal financial aid programs,"1,000 - 4,999",3633,11,1101,917,29,34,51366,"1,000 - 4,999",City: Large,37403,660,610,27,77,68,76,1270,0.00,,
148982,Spertus College,2023,Participates in Title IV federal financial aid programs,"Under 1,000",0,0,0,0,,,,"Under 1,000",City: Large,,,,,,,,0,,,
236692,Spokane Community College,2023,Participates in Title IV federal financial aid programs,"5,000 - 9,999",6286,362,2721,3042,28,,24979,"5,000 - 9,999",City: Midsize,6773,,,,,,,0,0.06,,
236708,Spokane Falls Community College,2023,Participates in Title IV federal financial aid programs,"1,000 - 4,999",3903,263,1276,1151,29,,24980,"1,000 - 4,999",City: Midsize,8679,,,,,,,0,0.07,,
148991,Spoon River College,2023,Participates in Title IV federal financial aid programs,"1,000 - 4,999",1225,12,780,302,30,,20760,"1,000 - 4,999",Rural: Fringe,4520,,,,,,,0,0.01,,
172334,Spring Arbor University,2023,Participates in Title IV federal financial aid programs,"1,000 - 4,999",1091,106,204,199,26,37,46120,"1,000 - 4,999",Rural: Fringe,21720,595,570,25,65,43,59,1165,0.10,,
102234,Spring Hill College,2023,Participates in Title IV federal financial aid programs,"Under 1,000",851,61,28,36,33,59,46624,"Under 1,000",City: Midsize,20271,,,24,57,47,56,0,0.07,,
167899,Springfield College,2023,Participates in Title IV federal financial aid programs,"1,000 - 4,999",1924,48,20,20,22,70,61559,"1,000 - 4,999",City: Midsize,29198,650,610,,73,64,68,1260,0.02,,
475273,"Springfield College-Regional, Online, and Continuing Education",2023,Branch campus of a main campus that participates in Title IV,"Under 1,000",254,34,209,240,56,,,"Under 1,000",City: Midsize,,,,,,,,0,0.13,,
167905,Springfield Technical Community College,2023,Participates in Title IV federal financial aid programs,"1,000 - 4,999",4561,342,2887,1823,47,,21534,"1,000 - 4,999",City: Midsize,8042,,,,,,,0,0.07,,
195155,St Bernard's School of Theology and Ministry,2023,Participates in Title IV federal financial aid programs,"Under 1,000",0,0,0,0,,,,"Under 1,000",Suburb: Large,,,,,,,,0,,,
195164,St Bonaventure University,2023,Participates in Title IV federal financial aid programs,"1,000 - 4,999",1914,61,39,21,23,82,57650,"1,000 - 4,999",Town: Remote,27659,630,630,30,71,66,70,1260,0.03,,
175005,St Catherine University,2023,Participates in Title IV federal financial aid programs,"1,000 - 4,999",2431,349,752,758,36,94,64744,"1,000 - 4,999",City: Large,22357,,,26,61,51,64,0,0.14,,
262031,St Charles Community College,2023,Participates in Title IV federal financial aid programs,"5,000 - 9,999",5902,540,2745,1040,25,,23381,"5,000 - 9,999",Suburb: Large,2638,,,,,,,0,0.09,,
172291,St Clair County Community College,2023,Participates in Title IV federal financial aid programs,"1,000 - 4,999",3105,55,2050,680,25,,21978,"1,000 - 4,999",Suburb: Small,6926,,,,,,,0,0.02,,
174756,St Cloud Technical and Community College,2023,Participates in Title IV federal financial aid programs,"1,000 - 4,999",3565,486,1952,922,35,,18857,"1,000 - 4,999",City: Small,10140,,,,,,,0,0.14,,
183248,St Joseph School of Nursing,2023,Participates in Title IV federal financial aid programs,"Under 1,000",96,29,50,68,12,,32628,"Under 1,000",City: Small,,,,,,,,0,0.30,,
195216,St Lawrence University,2023,Participates in Title IV federal financial aid programs,"1,000 - 4,999",2060,15,18,8,21,58,72270,"1,000 - 4,999",Town: Remote,36175,710,700,32,82,71,80,1410,0.01,,
154262,St Luke's College,2023,Participates in Title IV federal financial aid programs,"Under 1,000",196,54,112,83,46,44,33803,"Under 1,000",City: Small,12771,,,19,,,,0,0.28,,
216162,St Lukes Hospital School of Nursing,2023,Participates in Title IV federal financial aid programs,"Under 1,000",340,0,0,263,42,,,"Under 1,000",Suburb: Large,,,,,,,,0,0.00,,
174844,St Olaf College,2023,Participates in Title IV federal financial aid programs,"1,000 - 4,999",3074,32,30,14,20,52,71870,"1,000 - 4,999",Town: Distant,27282,740,730,32,85,79,84,1470,0.01,,
137078,St Petersburg College,2023,Participates in Title IV federal financial aid programs,"20,000 and above",23350,1170,15928,9327,33,,27634,"20,000 and above",City: Large,300,,,,,,,0,0.05,,
227854,St Philip's College,2023,Participates in Title IV federal financial aid programs,"10,000 - 19,999",14281,937,12424,4198,21,,24064,"10,000 - 19,999",City: Large,5472,,,,,,,0,0.07,,
199698,St. Andrews University,2023,Participates in Title IV federal financial aid programs,"Under 1,000",806,89,111,158,48,,47512,"Under 1,000",Town: Distant,31503,,,,42,18,26,0,0.11,,
148876,St. Augustine College,2023,Participates in Title IV federal financial aid programs,"Under 1,000",774,3,296,591,73,,24588,"Under 1,000",City: Large,17008,,,,9,0,6,0,0.00,,
195173,St. Francis College,2023,Participates in Title IV federal financial aid programs,"1,000 - 4,999",1934,67,95,167,47,,53034,"1,000 - 4,999",City: Large,22766,,,,52,34,53,0,0.03,,
195720,St. John Fisher University,2023,Participates in Title IV federal financial aid programs,"1,000 - 4,999",2590,111,65,88,28,68,56608,"1,000 - 4,999",Suburb: Large,28969,640,640,29,73,64,74,1280,0.04,,
137272,St. John Vianney College Seminary,2023,Participates in Title IV federal financial aid programs,"Under 1,000",18,0,0,10,0,100,,"Under 1,000",Suburb: Large,,,,,100,100,100,0,0.00,,
163976,St. John's College,2023,Participates in Title IV federal financial aid programs,"Under 1,000",488,3,1,17,22,44,53886,"Under 1,000",Suburb: Large,27729,760,740,32,77,50,67,1500,0.01,,
245652,St. John's College,2023,Participates in Title IV federal financial aid programs,"Under 1,000",369,10,14,25,24,49,53356,"Under 1,000",Rural: Fringe,28368,750,700,31,72,39,60,1450,0.03,,
148593,St. John's College-Department of Nursing,2023,Participates in Title IV federal financial aid programs,"Under 1,000",76,24,14,37,32,,,"Under 1,000",City: Midsize,,,,,,,,0,0.32,,
195809,St. John's University-New York,2023,Participates in Title IV federal financial aid programs,"10,000 - 19,999",15699,320,6121,147,24,80,69169,"10,000 - 19,999",City: Large,28206,660,660,29,70,55,68,1320,0.02,,
195191,St. Joseph's College of Nursing,2023,Participates in Title IV federal financial aid programs,"Under 1,000",283,93,100,113,40,45,42181,"Under 1,000",City: Midsize,25611,,,,,,,0,0.33,,
195544,St. Joseph's University-New York,2023,Participates in Title IV federal financial aid programs,"1,000 - 4,999",3369,393,346,585,34,71,50035,"1,000 - 4,999",City: Large,18324,630,650,,71,56,64,1280,0.12,,
495226,St. Louis Med Tech,2023,Participates in Title IV federal financial aid programs,"Under 1,000",9,0,0,5,75,,18758,"Under 1,000",Suburb: Large,,,,,,,,0,0.00,,
163912,St. Mary's College of Maryland,2023,Participates in Title IV federal financial aid programs,"1,000 - 4,999",1577,72,32,28,20,75,30734,"1,000 - 4,999",Rural: Fringe,20679,690,640,30,73,58,68,1330,0.05,,
228149,St. Mary's University,2023,Participates in Title IV federal financial aid programs,"1,000 - 4,999",2147,99,306,96,42,89,44542,"1,000 - 4,999",City: Large,20562,590,560,23,59,6,59,1150,0.05,,
192961,St. Peter's Hospital College of Nursing,2023,Participates in Title IV federal financial aid programs,"Under 1,000",125,30,119,64,35,100,36546,"Under 1,000",City: Midsize,,,,,,,,0,0.24,,
195243,St. Thomas Aquinas College,2023,Participates in Title IV federal financial aid programs,"1,000 - 4,999",1795,92,806,42,18,82,47870,"1,000 - 4,999",Suburb: Large,21257,,,,56,48,60,0,0.05,,
137476,St. Thomas University,2023,Participates in Title IV federal financial aid programs,"5,000 - 9,999",3967,244,2177,370,25,99,56752,"5,000 - 9,999",Suburb: Large,27029,,,,41,35,43,0,0.06,,
243744,Stanford University,2023,Participates in Title IV federal financial aid programs,"10,000 - 19,999",8054,56,213,133,19,4,,"10,000 - 19,999",Suburb: Large,17998,780,800,35,97,58,93,1580,0.01,,
199740,Stanly Community College,2023,Participates in Title IV federal financial aid programs,"1,000 - 4,999",2527,92,1947,803,31,,20655,"1,000 - 4,999",Town: Distant,5001,,,,,,,0,0.04,,
205841,Stark State College,2023,Participates in Title IV federal financial aid programs,"5,000 - 9,999",9616,590,7167,2411,27,,17776,"5,000 - 9,999",Suburb: Large,6740,,,,,,,0,0.06,,
123916,Starr King School for the Ministry,2023,Participates in Title IV federal financial aid programs,"Under 1,000",0,0,0,0,,,,"Under 1,000",City: Large,,,,,,,,0,,,
135391,State College of Florida-Manatee-Sarasota,2023,Participates in Title IV federal financial aid programs,"5,000 - 9,999",8411,382,4624,2235,36,,35350,"5,000 - 9,999",Suburb: Large,22151,,,,,,,0,0.05,,
179539,State Fair Community College,2023,Participates in Title IV federal financial aid programs,"1,000 - 4,999",3754,174,1868,577,33,,22245,"1,000 - 4,999",Town: Remote,7080,,,,,,,0,0.05,,
177977,State Technical College of Missouri,2023,Participates in Title IV federal financial aid programs,"1,000 - 4,999",2259,159,359,140,30,,20186,"1,000 - 4,999",Rural: Distant,7358,,,,,,,0,0.07,,
196149,State University of New York at Cortland,2023,Participates in Title IV federal financial aid programs,"5,000 - 9,999",5905,475,133,135,27,51,28265,"5,000 - 9,999",Town: Distant,18474,,,,66,56,68,0,0.08,,
196176,State University of New York at New Paltz,2023,Participates in Title IV federal financial aid programs,"5,000 - 9,999",6504,613,940,453,33,59,29360,"5,000 - 9,999",Town: Fringe,17848,680,660,29,74,55,69,1340,0.09,,
196194,State University of New York at Oswego,2023,Participates in Title IV federal financial aid programs,"5,000 - 9,999",5652,519,347,428,39,80,27509,"5,000 - 9,999",Town: Distant,16923,640,630,27,67,48,60,1270,0.09,,
228431,Stephen F Austin State University,2023,Participates in Title IV federal financial aid programs,"10,000 - 19,999",9575,681,1787,1012,37,88,26804,"10,000 - 19,999",Town: Remote,15498,590,570,25,54,38,52,1160,0.07,,
179548,Stephens College,2023,Participates in Title IV federal financial aid programs,"Under 1,000",354,27,19,38,42,92,47359,"Under 1,000",City: Midsize,23261,650,620,23,53,1,47,1270,0.08,,
155937,Sterling College,2023,Participates in Title IV federal financial aid programs,"Under 1,000",680,48,165,76,32,53,47272,"Under 1,000",Rural: Remote,22996,,,,43,19,29,0,0.07,,
231095,Sterling College,2023,Participates in Title IV federal financial aid programs,"Under 1,000",78,13,19,16,35,92,54910,"Under 1,000",Rural: Remote,30785,,,,40,29,43,0,0.17,,
137546,Stetson University,2023,Participates in Title IV federal financial aid programs,"1,000 - 4,999",2338,105,78,73,35,86,74149,"1,000 - 4,999",City: Small,22914,660,630,29,64,57,63,1290,0.04,,
186867,Stevens Institute of Technology,2023,Participates in Title IV federal financial aid programs,"5,000 - 9,999",4092,32,23,21,20,43,81852,"5,000 - 9,999",Suburb: Large,43665,730,770,34,87,69,90,1500,0.01,,
164173,Stevenson University,2023,Participates in Title IV federal financial aid programs,"1,000 - 4,999",3028,210,275,282,29,83,56967,"1,000 - 4,999",Suburb: Large,28201,,,,60,60,66,0,0.07,,
102270,Stillman College,2023,Participates in Title IV federal financial aid programs,"Under 1,000",779,62,119,171,68,74,28092,"Under 1,000",City: Midsize,12479,,,,16,32,41,0,0.08,,
186876,Stockton University,2023,Participates in Title IV federal financial aid programs,"5,000 - 9,999",7812,728,357,865,41,88,33855,"5,000 - 9,999",Rural: Fringe,19752,640,620,27,77,56,72,1260,0.09,,
366340,Stone Child College,2023,Participates in Title IV federal financial aid programs,"Under 1,000",261,3,116,152,42,,19760,"Under 1,000",Rural: Remote,6359,,,,,,,0,0.01,,
167996,Stonehill College,2023,Participates in Title IV federal financial aid programs,"1,000 - 4,999",2515,55,67,13,15,73,69647,"1,000 - 4,999",Suburb: Large,31134,,,,85,75,81,0,0.02,,
196097,Stony Brook University,2023,Participates in Title IV federal financial aid programs,"20,000 and above",17549,1286,1056,966,38,49,34588,"20,000 and above",Suburb: Large,18601,720,770,33,79,66,78,1490,0.07,,
417275,Stratford School for Aviation Maintenance Technicians,2023,"Not currently participating in Title IV, has an OPE ID number","Under 1,000",27,0,0,5,0,,,"Under 1,000",Suburb: Large,,,,,,,,0,0.00,,
485856,Studio Incamminati,2023,Participates in Title IV federal financial aid programs,"Under 1,000",40,0,22,27,8,100,47948,"Under 1,000",City: Large,,,,,,,,0,0.00,,
366395,Suffolk County Community College,2023,Participates in Title IV federal financial aid programs,"20,000 and above",20053,700,10721,3109,23,,22033,"20,000 and above",Suburb: Large,4799,,,,,,,0,0.03,,
168005,Suffolk University,2023,Participates in Title IV federal financial aid programs,"5,000 - 9,999",4484,238,143,166,27,85,75856,"5,000 - 9,999",City: Large,33089,660,620,32,61,44,60,1280,0.05,,
228501,Sul Ross State University,2023,Participates in Title IV federal financial aid programs,"1,000 - 4,999",1441,186,565,365,52,96,24330,"1,000 - 4,999",Town: Remote,12240,568,530,21,31,17,27,1098,0.13,,
195988,Sullivan County Community College,2023,Participates in Title IV federal financial aid programs,"1,000 - 4,999",1809,110,1092,326,27,,21288,"1,000 - 4,999",Rural: Fringe,8916,,,,,,,0,0.06,,
447953,SUM Bible College and Theological Seminary,2023,Participates in Title IV federal financial aid programs,"Under 1,000",318,20,145,226,53,64,29299,"Under 1,000",Suburb: Large,23282,,,,25,42,46,0,0.06,,
175120,Summit Academy Opportunities Industrialization Center,2023,Participates in Title IV federal financial aid programs,"Under 1,000",270,0,0,129,45,,,"Under 1,000",City: Large,17093,,,,,,,0,0.00,,
181543,Summit Christian College,2023,Participates in Title IV federal financial aid programs,"Under 1,000",23,0,12,9,36,14,34155,"Under 1,000",Town: Remote,19951,,,,100,100,100,0,0.00,,
137120,Suncoast Technical College,2023,Participates in Title IV federal financial aid programs,"1,000 - 4,999",1102,0,604,220,11,,,"1,000 - 4,999",Suburb: Large,18052,,,,,,,0,0.00,,
188438,SUNY Adirondack,2023,Participates in Title IV federal financial aid programs,"1,000 - 4,999",2723,106,1384,474,41,,21828,"1,000 - 4,999",Suburb: Small,9844,,,,,,,0,0.04,,
196158,SUNY at Fredonia,2023,Participates in Title IV federal financial aid programs,"1,000 - 4,999",2877,157,93,97,37,79,26701,"1,000 - 4,999",Town: Distant,15830,650,640,28,63,40,53,1290,0.05,,
196219,SUNY at Purchase College,2023,Participates in Title IV federal financial aid programs,"1,000 - 4,999",3165,270,247,195,36,73,31099,"1,000 - 4,999",Suburb: Large,18651,700,663,32,65,51,62,1363,0.09,,
196121,SUNY Brockport,2023,Participates in Title IV federal financial aid programs,"5,000 - 9,999",5429,726,589,699,39,71,24374,"5,000 - 9,999",Town: Fringe,15343,620,620,26,64,43,57,1240,0.13,,
189547,SUNY Broome Community College,2023,Participates in Title IV federal financial aid programs,"5,000 - 9,999",5429,281,2967,964,36,,21155,"5,000 - 9,999",Suburb: Midsize,7808,,,,,,,0,0.05,,
196130,SUNY Buffalo State University,2023,Participates in Title IV federal financial aid programs,"5,000 - 9,999",5572,517,650,696,53,76,29564,"5,000 - 9,999",City: Large,13735,600,590,,42,25,36,1190,0.09,,
196167,SUNY College at Geneseo,2023,Participates in Title IV federal financial aid programs,"1,000 - 4,999",3868,176,150,57,25,64,26132,"1,000 - 4,999",Town: Distant,18698,690,690,31,77,65,72,1380,0.05,,
196246,SUNY College at Plattsburgh,2023,Participates in Title IV federal financial aid programs,"1,000 - 4,999",3856,274,452,513,39,75,29521,"1,000 - 4,999",Town: Distant,15982,640,630,,65,44,59,1270,0.07,,
196200,SUNY College at Potsdam,2023,Participates in Title IV federal financial aid programs,"1,000 - 4,999",2211,168,317,136,43,85,23391,"1,000 - 4,999",Town: Remote,14574,,,,50,34,48,0,0.08,,
196033,SUNY College of Agriculture and Technology at Cobleskill,2023,Participates in Title IV federal financial aid programs,"1,000 - 4,999",1792,158,119,120,43,83,28994,"1,000 - 4,999",Town: Distant,18122,590,580,,48,49,54,1170,0.09,,
196103,SUNY College of Environmental Science and Forestry,2023,Participates in Title IV federal financial aid programs,"1,000 - 4,999",2346,193,706,129,26,83,22076,"1,000 - 4,999",City: Midsize,19644,,,,75,59,68,0,0.08,,
196228,SUNY College of Optometry,2023,Participates in Title IV federal financial aid programs,"Under 1,000",0,0,0,0,,,,"Under 1,000",City: Large,,,,,,,,0,,,
196006,SUNY College of Technology at Alfred,2023,Participates in Title IV federal financial aid programs,"1,000 - 4,999",3749,255,510,360,45,82,23349,"1,000 - 4,999",Rural: Distant,14877,580,590,23,44,28,45,1170,0.07,,
196015,SUNY College of Technology at Canton,2023,Participates in Title IV federal financial aid programs,"1,000 - 4,999",2919,395,589,962,47,96,30599,"1,000 - 4,999",Town: Remote,14451,,,,44,42,51,0,0.14,,
196024,SUNY College of Technology at Delhi,2023,Participates in Title IV federal financial aid programs,"1,000 - 4,999",2634,280,411,505,46,88,27456,"1,000 - 4,999",Rural: Remote,16923,,,,50,44,56,0,0.11,,
190442,SUNY Corning Community College,2023,Participates in Title IV federal financial aid programs,"1,000 - 4,999",3637,71,2425,365,17,,18866,"1,000 - 4,999",Rural: Fringe,7161,,,,,,,0,0.02,,
196255,SUNY Downstate Health Sciences University,2023,Participates in Title IV federal financial aid programs,"1,000 - 4,999",286,164,16,142,8,,,"1,000 - 4,999",City: Large,,,,,,,,0,0.57,,
196291,SUNY Maritime College,2023,Participates in Title IV federal financial aid programs,"1,000 - 4,999",1243,39,76,68,21,79,29786,"1,000 - 4,999",City: Large,20398,640,645,26,75,52,76,1285,0.03,,
196051,SUNY Morrisville,2023,Participates in Title IV federal financial aid programs,"1,000 - 4,999",2030,134,330,203,55,91,27539,"1,000 - 4,999",Rural: Distant,16855,,,,35,24,34,0,0.07,,
196237,SUNY Old Westbury,2023,Participates in Title IV federal financial aid programs,"1,000 - 4,999",4040,786,593,697,47,85,37771,"1,000 - 4,999",Suburb: Large,10495,,,,50,32,47,0,0.19,,
196185,SUNY Oneonta,2023,Participates in Title IV federal financial aid programs,"5,000 - 9,999",4904,317,144,91,33,70,28922,"5,000 - 9,999",Town: Remote,17918,630,620,28,74,61,70,1250,0.06,,
196112,SUNY Polytechnic Institute,2023,Participates in Title IV federal financial aid programs,"1,000 - 4,999",1904,249,277,304,37,78,28578,"1,000 - 4,999",Suburb: Midsize,14646,650,680,27,66,48,59,1330,0.13,,
197294,SUNY Westchester Community College,2023,Participates in Title IV federal financial aid programs,"5,000 - 9,999",9031,602,4587,2373,35,,21996,"5,000 - 9,999",Suburb: Large,9267,,,,,,,0,0.07,,
195827,SUNY-System Office,2023,Participates in Title IV federal financial aid programs,Not applicable,,,,,,,,Not applicable,City: Midsize,,,,,,,,0,,,
199768,Surry Community College,2023,Participates in Title IV federal financial aid programs,"1,000 - 4,999",2758,81,1968,420,25,,18495,"1,000 - 4,999",Rural: Distant,8470,,,,,,,0,0.03,,
441672,Susquehanna County Career and Technology Center,2023,Participates in Title IV federal financial aid programs,"Under 1,000",59,0,0,13,86,,,"Under 1,000",Rural: Distant,3827,,,,,,,0,0.00,,
216278,Susquehanna University,2023,Participates in Title IV federal financial aid programs,"1,000 - 4,999",2241,41,128,40,24,79,77000,"1,000 - 4,999",Town: Distant,27258,660,630,31,74,67,74,1290,0.02,,
247603,Sussex County Community College,2023,Participates in Title IV federal financial aid programs,"1,000 - 4,999",2220,179,872,444,35,,20015,"1,000 - 4,999",Rural: Fringe,6833,,,,,,,0,0.08,,
216287,Swarthmore College,2023,Participates in Title IV federal financial aid programs,"1,000 - 4,999",1644,15,3,9,20,7,,"1,000 - 4,999",Suburb: Large,17930,770,790,34,95,76,94,1560,0.01,,
233718,Sweet Briar College,2023,Participates in Title IV federal financial aid programs,"Under 1,000",464,8,3,5,31,72,37360,"Under 1,000",Rural: Fringe,25598,670,640,27,42,47,48,1310,0.02,,
196413,Syracuse University,2023,Participates in Title IV federal financial aid programs,"20,000 and above",15739,324,658,526,16,42,85147,"20,000 and above",City: Midsize,51520,710,720,32,83,71,81,1430,0.02,,
155973,Tabor College,2023,Participates in Title IV federal financial aid programs,"Under 1,000",581,51,53,5,38,65,51365,"Under 1,000",Rural: Remote,19998,560,570,23,47,32,33,1130,0.09,,
236753,Tacoma Community College,2023,Participates in Title IV federal financial aid programs,"5,000 - 9,999",5771,413,2265,2187,24,,27438,"5,000 - 9,999",City: Midsize,10648,,,,,,,0,0.07,,
124113,Taft College,2023,Participates in Title IV federal financial aid programs,"1,000 - 4,999",4135,493,3227,1892,18,,27669,"1,000 - 4,999",Town: Distant,4627,,,,,,,0,0.12,,
102298,Talladega College,2023,Participates in Title IV federal financial aid programs,"Under 1,000",782,56,46,189,76,99,22150,"Under 1,000",Town: Distant,12450,,,,26,59,65,0,0.07,,
137759,Tallahassee Community College,2023,Participates in Title IV federal financial aid programs,"10,000 - 19,999",11699,1086,4779,1982,37,,15726,"10,000 - 19,999",City: Midsize,7841,,,,,,,0,0.09,,
137777,Talmudic College of Florida,2023,Participates in Title IV federal financial aid programs,"Under 1,000",26,0,0,0,39,,37250,"Under 1,000",City: Small,13952,,,,63,59,59,0,0.00,,
186900,Talmudical Academy-New Jersey,2023,Participates in Title IV federal financial aid programs,"Under 1,000",78,9,0,1,56,42,40800,"Under 1,000",Suburb: Large,8295,,,,6,0,10,0,0.12,,
196440,Talmudical Institute of Upstate New York,2023,Participates in Title IV federal financial aid programs,"Under 1,000",16,0,0,0,64,100,31150,"Under 1,000",City: Midsize,4545,,,,,0,17,0,0.00,,
451404,Talmudical Seminary of Bobov,2023,Participates in Title IV federal financial aid programs,"Under 1,000",515,24,0,0,95,98,35670,"Under 1,000",City: Large,2413,,,,30,0,43,0,0.05,,
196431,Talmudical Seminary Oholei Torah,2023,Participates in Title IV federal financial aid programs,"Under 1,000",353,250,2,0,60,78,32940,"Under 1,000",City: Large,10728,,,,5,9,14,0,0.71,,
216311,Talmudical Yeshiva of Philadelphia,2023,Participates in Title IV federal financial aid programs,"Under 1,000",120,3,0,0,28,76,,"Under 1,000",City: Large,11018,,,,47,82,82,0,0.03,,
228529,Tarleton State University,2023,Participates in Title IV federal financial aid programs,"10,000 - 19,999",13688,1227,4466,2045,37,94,26586,"10,000 - 19,999",Town: Remote,15363,580,570,24,51,35,51,1150,0.09,,
228547,Tarrant County College District,2023,Participates in Title IV federal financial aid programs,"20,000 and above",41472,1447,33992,9404,27,,20354,"20,000 and above",City: Large,6350,,,,,,,0,0.03,,
152530,Taylor University,2023,Participates in Title IV federal financial aid programs,"1,000 - 4,999",2372,40,509,15,13,76,51846,"1,000 - 4,999",Rural: Distant,25698,670,670,30,77,69,77,1340,0.02,,
196468,Teachers College at Columbia University,2023,Participates in Title IV federal financial aid programs,"1,000 - 4,999",0,0,0,0,,,,"1,000 - 4,999",City: Large,,,,,,,,0,,,
488800,Teachers College of San Joaquin,2023,Deferment only - limited participation,"Under 1,000",585,336,0,531,0,,,"Under 1,000",City: Large,,,,,,,,0,0.57,,
217712,Technical College of the Lowcountry,2023,Participates in Title IV federal financial aid programs,"1,000 - 4,999",2349,122,1812,731,34,,35710,"1,000 - 4,999",City: Small,7723,,,,,,,0,0.05,,
126915,Technical College of the Rockies,2023,Participates in Title IV federal financial aid programs,"Under 1,000",247,0,181,66,27,,,"Under 1,000",Rural: Fringe,3790,,,,,,,0,0.00,,
149329,Telshe Yeshiva-Chicago,2023,Participates in Title IV federal financial aid programs,"Under 1,000",78,0,0,0,38,100,40000,"Under 1,000",City: Large,8085,,,,5,0,8,0,0.00,,
228608,Temple College,2023,Participates in Title IV federal financial aid programs,"1,000 - 4,999",4732,1144,3168,1370,40,,27200,"1,000 - 4,999",City: Small,8869,,,,,,,0,0.24,,
216339,Temple University,2023,Participates in Title IV federal financial aid programs,"20,000 and above",21720,1008,1776,1702,30,83,44756,"20,000 and above",City: Large,29641,,,,77,57,75,0,0.05,,
248925,Tennessee College of Applied Technology Nashville,2023,Participates in Title IV federal financial aid programs,"1,000 - 4,999",1171,0,563,271,40,,,"1,000 - 4,999",City: Large,11675,,,,,,,0,0.00,,
221236,Tennessee College of Applied Technology Northwest,2023,Participates in Title IV federal financial aid programs,"1,000 - 4,999",2302,0,1759,277,32,,,"1,000 - 4,999",Rural: Distant,10903,,,,,,,0,0.00,,
219596,Tennessee College of Applied Technology-Athens,2023,Participates in Title IV federal financial aid programs,"Under 1,000",365,0,150,153,32,,,"Under 1,000",Town: Distant,4913,,,,,,,0,0.00,,
219921,Tennessee College of Applied Technology-Covington,2023,Participates in Title IV federal financial aid programs,Not applicable,,,,,,,,Not applicable,Town: Distant,,,,,,,,0,,,
221591,Tennessee College of Applied Technology-Crossville,2023,Participates in Title IV federal financial aid programs,"Under 1,000",706,0,401,107,42,,,"Under 1,000",Town: Remote,6335,,,,,,,0,0.00,,
221430,Tennessee College of Applied Technology-Crump,2023,Participates in Title IV federal financial aid programs,"1,000 - 4,999",1412,0,1176,95,15,,,"1,000 - 4,999",Rural: Distant,2640,,,,,,,0,0.00,,
219994,Tennessee College of Applied Technology-Dickson,2023,Participates in Title IV federal financial aid programs,"1,000 - 4,999",1229,0,638,198,40,,,"1,000 - 4,999",Rural: Fringe,9189,,,,,,,0,0.00,,
220127,Tennessee College of Applied Technology-Elizabethton,2023,Participates in Title IV federal financial aid programs,"1,000 - 4,999",1093,0,623,158,49,,,"1,000 - 4,999",Suburb: Midsize,9694,,,,,,,0,0.00,,
220251,Tennessee College of Applied Technology-Harriman,2023,Participates in Title IV federal financial aid programs,"Under 1,000",719,0,507,61,21,,,"Under 1,000",Rural: Fringe,10129,,,,,,,0,0.00,,
220279,Tennessee College of Applied Technology-Hartsville,2023,Participates in Title IV federal financial aid programs,"Under 1,000",701,0,534,50,19,,,"Under 1,000",Rural: Distant,6507,,,,,,,0,0.00,,
221281,Tennessee College of Applied Technology-Henry/Carroll,2023,Participates in Title IV federal financial aid programs,"Under 1,000",278,0,87,68,53,,,"Under 1,000",Town: Remote,7107,,,,,,,0,0.00,,
220321,Tennessee College of Applied Technology-Hohenwald,2023,Participates in Title IV federal financial aid programs,"1,000 - 4,999",1506,0,1228,72,25,,,"1,000 - 4,999",Rural: Remote,10042,,,,,,,0,0.00,,
220394,Tennessee College of Applied Technology-Jacksboro,2023,Participates in Title IV federal financial aid programs,"Under 1,000",422,0,208,54,47,,,"Under 1,000",Town: Distant,5661,,,,,,,0,0.00,,
221616,Tennessee College of Applied Technology-Jackson,2023,Participates in Title IV federal financial aid programs,"1,000 - 4,999",2427,0,1900,188,15,,,"1,000 - 4,999",Rural: Fringe,10412,,,,,,,0,0.00,,
221625,Tennessee College of Applied Technology-Knoxville,2023,Participates in Title IV federal financial aid programs,"1,000 - 4,999",1206,0,491,220,30,,,"1,000 - 4,999",City: Midsize,10112,,,,,,,0,0.00,,
220640,Tennessee College of Applied Technology-Livingston,2023,Participates in Title IV federal financial aid programs,"1,000 - 4,999",1093,0,793,88,18,,,"1,000 - 4,999",Rural: Remote,12526,,,,,,,0,0.00,,
220756,Tennessee College of Applied Technology-McKenzie,2023,Participates in Title IV federal financial aid programs,"Under 1,000",170,0,61,29,50,,,"Under 1,000",Rural: Fringe,3921,,,,,,,0,0.00,,
221607,Tennessee College of Applied Technology-McMinnville,2023,Participates in Title IV federal financial aid programs,"Under 1,000",656,0,455,74,30,,,"Under 1,000",Town: Distant,8487,,,,,,,0,0.00,,
220853,Tennessee College of Applied Technology-Memphis,2023,Participates in Title IV federal financial aid programs,"1,000 - 4,999",1691,0,821,434,44,,,"1,000 - 4,999",City: Large,9744,,,,,,,0,0.00,,
221050,Tennessee College of Applied Technology-Morristown,2023,Participates in Title IV federal financial aid programs,"Under 1,000",714,0,150,149,40,,,"Under 1,000",City: Small,10264,,,,,,,0,0.00,,
221102,Tennessee College of Applied Technology-Murfreesboro,2023,Participates in Title IV federal financial aid programs,"Under 1,000",630,0,207,189,46,,,"Under 1,000",City: Midsize,8549,,,,,,,0,0.00,,
221582,Tennessee College of Applied Technology-Oneida-Huntsville,2023,Participates in Title IV federal financial aid programs,"Under 1,000",462,0,308,49,31,,,"Under 1,000",Rural: Remote,11891,,,,,,,0,0.00,,
221333,Tennessee College of Applied Technology-Pulaski,2023,Participates in Title IV federal financial aid programs,"Under 1,000",705,0,538,75,25,,,"Under 1,000",Town: Distant,9666,,,,,,,0,0.00,,
221388,Tennessee College of Applied Technology-Ripley,2023,Participates in Title IV federal financial aid programs,Not applicable,,,,,,,,Not applicable,Town: Distant,,,,,,,,0,,,
221494,Tennessee College of Applied Technology-Shelbyville,2023,Participates in Title IV federal financial aid programs,"Under 1,000",544,0,238,107,42,,,"Under 1,000",Town: Distant,7003,,,,,,,0,0.00,,
221838,Tennessee State University,2023,Participates in Title IV federal financial aid programs,"5,000 - 9,999",6765,218,877,503,52,93,33894,"5,000 - 9,999",City: Large,9231,538,530,21,31,21,34,1068,0.03,,
221847,Tennessee Technological University,2023,Participates in Title IV federal financial aid programs,"10,000 - 19,999",8838,571,988,605,31,83,28672,"10,000 - 19,999",Town: Remote,15138,620,630,27,62,35,54,1250,0.06,,
221731,Tennessee Wesleyan University,2023,Participates in Title IV federal financial aid programs,"1,000 - 4,999",857,138,91,112,38,59,48664,"1,000 - 4,999",Town: Distant,16414,570,530,23,52,35,44,1100,0.16,,
206011,Terra State Community College,2023,Participates in Title IV federal financial aid programs,"1,000 - 4,999",2214,59,1684,574,25,,27300,"1,000 - 4,999",Rural: Fringe,11510,,,,,,,0,0.03,,
228699,Texarkana College,2023,Participates in Title IV federal financial aid programs,"1,000 - 4,999",3882,92,2763,756,28,,23542,"1,000 - 4,999",City: Small,7071,,,,,,,0,0.02,,
226152,Texas A & M International University,2023,Participates in Title IV federal financial aid programs,"5,000 - 9,999",7004,529,1609,903,63,46,21988,"5,000 - 9,999",City: Large,3833,580,550,20,52,28,49,1130,0.08,,
228723,Texas A & M University-College Station,2023,Participates in Title IV federal financial aid programs,"20,000 and above",59933,2539,7027,1007,19,63,32133,"20,000 and above",City: Midsize,21610,680,700,31,84,61,84,1380,0.04,,
224554,Texas A & M University-Commerce,2023,Participates in Title IV federal financial aid programs,"10,000 - 19,999",8318,1108,2524,2642,40,93,26932,"10,000 - 19,999",Town: Distant,11902,590,580,24,43,32,46,1170,0.13,,
224147,Texas A & M University-Corpus Christi,2023,Participates in Title IV federal financial aid programs,"10,000 - 19,999",7822,577,1809,1041,40,89,27281,"10,000 - 19,999",City: Large,14991,600,580,25,38,20,34,1180,0.07,,
228705,Texas A & M University-Kingsville,2023,Participates in Title IV federal financial aid programs,"5,000 - 9,999",5187,278,1112,514,55,92,26554,"5,000 - 9,999",Town: Distant,10474,600,560,,46,26,46,1160,0.05,,
483036,Texas A&M University-Central Texas,2023,Participates in Title IV federal financial aid programs,"1,000 - 4,999",1702,418,1129,1070,48,100,22935,"1,000 - 4,999",Rural: Fringe,437,,,,,,,0,0.25,,
459949,Texas A&M University-San Antonio,2023,Participates in Title IV federal financial aid programs,"5,000 - 9,999",6706,723,2726,2192,51,92,27800,"5,000 - 9,999",City: Large,13263,540,530,21,,12,29,1070,0.11,,
224545,Texas A&M University-Texarkana,2023,Participates in Title IV federal financial aid programs,"1,000 - 4,999",1760,306,439,521,51,80,26658,"1,000 - 4,999",City: Small,13320,550,530,22,26,17,28,1080,0.17,,
228866,Texas Chiropractic College Foundation Inc,2023,Participates in Title IV federal financial aid programs,"Under 1,000",0,0,0,0,,,,"Under 1,000",City: Midsize,,,,,,,,0,,,
228875,Texas Christian University,2023,Participates in Title IV federal financial aid programs,"10,000 - 19,999",10937,431,219,327,13,43,77060,"10,000 - 19,999",City: Large,39005,690,685,31,83,74,85,1375,0.04,,
228884,Texas College,2023,Participates in Title IV federal financial aid programs,"Under 1,000",644,71,40,115,85,,22908,"Under 1,000",City: Midsize,10901,,,,17,7,10,0,0.11,,
228981,Texas Lutheran University,2023,Participates in Title IV federal financial aid programs,"1,000 - 4,999",1290,103,63,147,38,95,56480,"1,000 - 4,999",Town: Fringe,23600,620,610,28,55,34,55,1230,0.08,,
229063,Texas Southern University,2023,Participates in Title IV federal financial aid programs,"5,000 - 9,999",6619,464,890,925,71,93,32175,"5,000 - 9,999",City: Large,15021,510,490,19,26,6,20,1000,0.07,,
227377,Texas Southmost College,2023,Participates in Title IV federal financial aid programs,"5,000 - 9,999",8193,139,6287,634,31,,19925,"5,000 - 9,999",City: Midsize,5085,,,,,,,0,0.02,,
487320,Texas State Technical College,2023,Participates in Title IV federal financial aid programs,"10,000 - 19,999",11436,863,5850,2905,45,,27336,"10,000 - 19,999",City: Midsize,11120,,,,,,,0,0.08,,
228459,Texas State University,2023,Participates in Title IV federal financial aid programs,"20,000 and above",34547,2682,5455,2903,36,89,28630,"20,000 and above",City: Small,15307,610,580,26,60,37,56,1190,0.08,,
229115,Texas Tech University,2023,Participates in Title IV federal financial aid programs,"20,000 and above",32635,2321,3057,2111,26,71,28022,"20,000 and above",City: Large,16773,640,630,28,64,44,64,1270,0.07,,
229337,Texas Tech University Health Sciences Center,2023,Participates in Title IV federal financial aid programs,"1,000 - 4,999",1374,310,160,540,14,,,"1,000 - 4,999",City: Large,,,,,,,,0,0.23,,
492689,Texas Tech University Health Sciences Center-El Paso,2023,Participates in Title IV federal financial aid programs,"Under 1,000",235,73,36,155,53,,,"Under 1,000",City: Large,,,,,,,,0,0.31,,
229160,Texas Wesleyan University,2023,Participates in Title IV federal financial aid programs,"1,000 - 4,999",1910,191,358,236,41,62,62474,"1,000 - 4,999",City: Large,21169,580,570,23,29,23,32,1150,0.10,,
229179,Texas Woman's University,2023,Participates in Title IV federal financial aid programs,"10,000 - 19,999",10260,1209,3510,2106,40,95,23639,"10,000 - 19,999",City: Midsize,10763,,,,53,27,44,0,0.12,,
216296,Thaddeus Stevens College of Technology,2023,Participates in Title IV federal financial aid programs,"1,000 - 4,999",1453,89,55,93,41,53,24976,"1,000 - 4,999",City: Small,5866,620,595,,,,,1215,0.06,,
188669,The Ailey School,2023,Participates in Title IV federal financial aid programs,"Under 1,000",88,0,0,4,20,49,41968,"Under 1,000",City: Large,31130,,,,,,,0,0.00,,
131283,The Catholic University of America,2023,Participates in Title IV federal financial aid programs,"5,000 - 9,999",3139,68,254,222,17,84,77784,"5,000 - 9,999",City: Large,35008,,,,74,75,81,0,0.02,,
455433,The Chicago School at Anaheim,2023,Participates in Title IV federal financial aid programs,"Under 1,000",0,0,0,0,,,,"Under 1,000",City: Large,,,,,,,,0,,,
143978,The Chicago School at Chicago,2023,Participates in Title IV federal financial aid programs,"1,000 - 4,999",31,11,31,12,47,33,50132,"1,000 - 4,999",City: Large,,,,,,,,0,0.35,,
492607,The Chicago School at Dallas,2023,Participates in Title IV federal financial aid programs,"Under 1,000",4,2,4,2,100,40,50132,"Under 1,000",City: Midsize,,,,,,,,0,0.50,,
455664,The Chicago School at Los Angeles,2023,Participates in Title IV federal financial aid programs,"1,000 - 4,999",324,58,324,216,61,40,50132,"1,000 - 4,999",City: Large,,,,,,,,0,0.18,,
491190,The Chicago School at San Diego,2023,Participates in Title IV federal financial aid programs,"Under 1,000",5,2,5,3,50,100,50132,"Under 1,000",City: Large,,,,,,,,0,0.40,,
459745,The Chicago School at Washington DC,2023,Participates in Title IV federal financial aid programs,"Under 1,000",0,0,0,0,,,,"Under 1,000",City: Large,,,,,,,,0,,,
487153,The Chicago School at Xavier University of Louisiana,2023,Participates in Title IV federal financial aid programs,"Under 1,000",0,0,0,0,,,,"Under 1,000",City: Large,,,,,,,,0,,,
437732,The Chicago School-College of Nursing,2023,Participates in Title IV federal financial aid programs,"Under 1,000",2,0,2,0,59,,,"Under 1,000",City: Midsize,26334,,,,,,,0,0.00,,
201821,The Christ College of Nursing and Health Sciences,2023,Participates in Title IV federal financial aid programs,"Under 1,000",765,118,240,256,34,50,33294,"Under 1,000",City: Large,18995,490,510,22,53,52,59,1000,0.15,,
142294,The College of Idaho,2023,Participates in Title IV federal financial aid programs,"1,000 - 4,999",1049,57,10,15,24,47,46930,"1,000 - 4,999",Suburb: Midsize,22602,640,630,28,56,57,64,1270,0.05,,
187134,The College of New Jersey,2023,Participates in Title IV federal financial aid programs,"5,000 - 9,999",7073,301,170,137,20,62,40032,"5,000 - 9,999",Suburb: Large,22379,670,670,31,88,76,85,1340,0.04,,
195234,The College of Saint Rose,2023,Participates in Title IV federal financial aid programs,"1,000 - 4,999",1250,109,58,120,39,73,55506,"1,000 - 4,999",City: Midsize,24618,,,,60,38,51,0,0.09,,
174899,The College of Saint Scholastica,2023,Participates in Title IV federal financial aid programs,"1,000 - 4,999",1755,191,172,335,23,94,55730,"1,000 - 4,999",City: Small,23913,,,27,66,54,63,0,0.11,,
133960,The College of the Florida Keys,2023,Participates in Title IV federal financial aid programs,"Under 1,000",854,90,484,365,30,,32164,"Under 1,000",Town: Remote,14991,,,,,,,0,0.11,,
206589,The College of Wooster,2023,Participates in Title IV federal financial aid programs,"1,000 - 4,999",1876,21,6,4,20,54,72795,"1,000 - 4,999",Town: Distant,29529,730,720,32,77,71,74,1450,0.01,,
475228,The Colleges of Law at Santa Barbara,2023,Participates in Title IV federal financial aid programs,"Under 1,000",0,0,0,0,,,,"Under 1,000",City: Small,,,,,,,,0,,,
125037,The Colleges of Law at Ventura,2023,Participates in Title IV federal financial aid programs,"Under 1,000",0,0,0,0,,,,"Under 1,000",City: Midsize,,,,,,,,0,,,
492087,The Continents States University,2023,"Not currently participating in Title IV, does not have OPE ID number","Under 1,000",,,,,,,,"Under 1,000",City: Large,,,,,,,,0,,,
190372,The Cooper Union for the Advancement of Science and Art,2023,Participates in Title IV federal financial aid programs,"Under 1,000",901,19,2,12,28,19,67146,"Under 1,000",City: Large,28199,740,780,34,86,55,80,1520,0.02,,
235167,The Evergreen State College,2023,Participates in Title IV federal financial aid programs,"1,000 - 4,999",2108,375,250,836,41,97,29804,"1,000 - 4,999",Suburb: Midsize,18480,670,590,26,43,34,44,1260,0.18,,
192110,The Juilliard School,2023,Participates in Title IV federal financial aid programs,"1,000 - 4,999",619,8,159,110,13,9,83040,"1,000 - 4,999",City: Large,42468,,,,87,83,88,0,0.01,,
454184,The King's College,2023,"Not currently participating in Title IV, has an OPE ID number","Under 1,000",,,,,,,,"Under 1,000",City: Large,,,,,,,,0,,,
439701,The King's University,2023,Participates in Title IV federal financial aid programs,"Under 1,000",272,63,161,165,8,100,31701,"Under 1,000",Suburb: Large,23878,,,,31,27,27,0,0.23,,
161208,The Landing School,2023,Participates in Title IV federal financial aid programs,"Under 1,000",43,0,0,30,20,,46043,"Under 1,000",Rural: Fringe,37522,,,,,,,0,0.00,,
117751,The Master's University and Seminary,2023,Participates in Title IV federal financial aid programs,"1,000 - 4,999",1914,311,717,416,19,76,61728,"1,000 - 4,999",Suburb: Large,33463,,,,74,44,64,0,0.16,,
171012,The Michigan Barber School,2023,Participates in Title IV federal financial aid programs,"Under 1,000",82,0,0,57,79,,,"Under 1,000",City: Large,6693,,,,,,,0,0.00,,
167057,The New England Conservatory of Music,2023,Participates in Title IV federal financial aid programs,"Under 1,000",393,16,32,11,8,43,81277,"Under 1,000",City: Large,49544,,,,81,64,78,0,0.04,,
193654,The New School,2023,Participates in Title IV federal financial aid programs,"5,000 - 9,999",6841,345,423,475,15,63,90400,"5,000 - 9,999",City: Large,62226,,,,70,52,71,0,0.05,,
195049,The Rockefeller University,2023,Deferment only - limited participation,"Under 1,000",0,0,0,0,,,,"Under 1,000",City: Large,,,,,,,,0,,,
104665,The School of Architecture,2023,Participates in Title IV federal financial aid programs,"Under 1,000",0,0,0,0,,,,"Under 1,000",City: Midsize,,,,,,,,0,,,
441131,The Seattle School of Theology & Psychology,2023,Participates in Title IV federal financial aid programs,"Under 1,000",0,0,0,0,,,,"Under 1,000",City: Large,,,,,,,,0,,,
157748,The Southern Baptist Theological Seminary,2023,Deferment only - limited participation,"1,000 - 4,999",1004,3,331,103,0,97,18746,"1,000 - 4,999",City: Large,19873,613,590,25,43,40,41,1203,0.00,,
494603,The Southwestern Baptist Theological Seminary,2023,"Not currently participating in Title IV, does not have OPE ID number","1,000 - 4,999",351,0,114,145,0,53,28046,"1,000 - 4,999",City: Large,11654,,,,39,20,32,0,0.00,,
100751,The University of Alabama,2023,Participates in Title IV federal financial aid programs,"20,000 and above",33435,1151,3432,1997,18,76,33862,"20,000 and above",City: Midsize,21761,700,700,31,73,56,74,1400,0.03,,
475237,The University of America,2023,"Not currently participating in Title IV, does not have OPE ID number",Not reported,,,,,,,,Not reported,City: Midsize,,,,,,,,0,,,
202763,The University of Findlay,2023,Participates in Title IV federal financial aid programs,"5,000 - 9,999",3954,63,1706,99,14,86,50580,"5,000 - 9,999",Town: Distant,26215,,,,63,43,62,0,0.02,,
180489,The University of Montana,2023,Participates in Title IV federal financial aid programs,"10,000 - 19,999",7570,550,1429,1459,28,96,26016,"10,000 - 19,999",City: Small,17775,,,28,51,31,45,0,0.07,,
180692,The University of Montana-Western,2023,Participates in Title IV federal financial aid programs,"1,000 - 4,999",1440,103,386,319,35,99,21712,"1,000 - 4,999",Town: Remote,15726,,,,41,35,49,0,0.07,,
171599,The University of Olivet,2023,Participates in Title IV federal financial aid programs,"Under 1,000",938,71,44,40,42,97,47542,"Under 1,000",Rural: Distant,23533,,,,45,28,37,0,0.08,,
137847,The University of Tampa,2023,Participates in Title IV federal financial aid programs,"10,000 - 19,999",10111,376,186,159,16,41,55424,"10,000 - 19,999",City: Large,35975,,,,62,52,62,0,0.04,,
487010,The University of Tennessee Health Science Center,2023,Participates in Title IV federal financial aid programs,"1,000 - 4,999",376,248,23,121,13,,,"1,000 - 4,999",City: Large,,,,,,,,0,0.66,,
220701,The University of Tennessee Southern,2023,Participates in Title IV federal financial aid programs,"Under 1,000",946,115,173,89,33,83,31206,"Under 1,000",Town: Distant,15642,565,585,23,32,27,34,1150,0.12,,
221740,The University of Tennessee-Chattanooga,2023,Participates in Title IV federal financial aid programs,"10,000 - 19,999",9982,739,1005,893,32,77,26546,"10,000 - 19,999",City: Midsize,13801,605,580,25,56,35,53,1185,0.07,,
221759,The University of Tennessee-Knoxville,2023,Participates in Title IV federal financial aid programs,"20,000 and above",28883,1559,1032,850,21,46,33678,"20,000 and above",City: Midsize,20885,670,670,31,73,56,73,1340,0.05,,
221768,The University of Tennessee-Martin,2023,Participates in Title IV federal financial aid programs,"5,000 - 9,999",6234,332,1938,574,34,87,28604,"5,000 - 9,999",Town: Remote,11151,620,590,24,53,39,55,1210,0.05,,
228769,The University of Texas at Arlington,2023,Participates in Title IV federal financial aid programs,"20,000 and above",31112,3938,10788,9142,40,81,30332,"20,000 and above",City: Large,14956,620,610,26,54,35,57,1230,0.13,,
228778,The University of Texas at Austin,2023,Participates in Title IV federal financial aid programs,"20,000 and above",42444,1995,2657,777,25,29,32276,"20,000 and above",City: Large,18036,730,760,33,89,73,88,1490,0.05,,
228787,The University of Texas at Dallas,2023,Participates in Title IV federal financial aid programs,"20,000 and above",21330,1655,3209,1516,30,65,34264,"20,000 and above",City: Midsize,13464,690,720,32,73,56,71,1410,0.08,,
228796,The University of Texas at El Paso,2023,Participates in Title IV federal financial aid programs,"20,000 and above",20609,1536,6021,3741,61,100,28362,"20,000 and above",City: Large,10333,550,540,23,52,21,46,1090,0.07,,
229027,The University of Texas at San Antonio,2023,Participates in Title IV federal financial aid programs,"20,000 and above",30310,2901,7685,4533,42,88,26120,"20,000 and above",City: Large,10831,610,590,26,53,32,51,1200,0.10,,
228802,The University of Texas at Tyler,2023,Participates in Title IV federal financial aid programs,"5,000 - 9,999",7287,970,2214,1499,38,92,28190,"5,000 - 9,999",City: Midsize,14043,620,600,25,43,36,47,1220,0.13,,
229300,The University of Texas Health Science Center at Houston,2023,Participates in Title IV federal financial aid programs,"5,000 - 9,999",460,61,55,175,43,,,"5,000 - 9,999",City: Large,,,,,,,,0,0.13,,
228644,The University of Texas Health Science Center at San Antonio,2023,Participates in Title IV federal financial aid programs,"1,000 - 4,999",864,341,133,381,35,,,"1,000 - 4,999",City: Large,,,,,,,,0,0.39,,
416801,The University of Texas MD Anderson Cancer Center,2023,Participates in Title IV federal financial aid programs,"Under 1,000",322,63,34,165,32,,,"Under 1,000",City: Large,,,,,,,,0,0.20,,
228653,The University of Texas Medical Branch at Galveston,2023,Participates in Title IV federal financial aid programs,"1,000 - 4,999",559,177,80,208,21,,,"1,000 - 4,999",City: Small,,,,,,,,0,0.32,,
229018,The University of Texas Permian Basin,2023,Participates in Title IV federal financial aid programs,"5,000 - 9,999",4654,605,1451,1467,36,84,28888,"5,000 - 9,999",City: Midsize,10143,560,550,20,44,28,43,1110,0.13,,
227368,The University of Texas Rio Grande Valley,2023,Participates in Title IV federal financial aid programs,"20,000 and above",27040,1321,6942,3869,64,85,26109,"20,000 and above",City: Midsize,6978,570,540,22,56,29,49,1110,0.05,,
221519,The University of the South,2023,Participates in Title IV federal financial aid programs,"1,000 - 4,999",1615,22,27,3,15,51,71986,"1,000 - 4,999",Rural: Distant,33616,710,688,32,80,74,82,1398,0.01,,
485360,The Vocational Nursing Institute Inc,2023,Participates in Title IV federal financial aid programs,"Under 1,000",20,0,0,18,85,100,,"Under 1,000",City: Large,57042,,,,,,,0,0.00,,
126012,The Wright Institute,2023,Participates in Title IV federal financial aid programs,"Under 1,000",0,0,0,0,,,,"Under 1,000",City: Midsize,,,,,,,,0,,,
216348,Theological Seminary of the Reformed Episcopal Church,2023,Participates in Title IV federal financial aid programs,"Under 1,000",0,0,0,0,,,,"Under 1,000",Suburb: Large,,,,,,,,0,,,
216357,Thiel College,2023,Participates in Title IV federal financial aid programs,"Under 1,000",819,24,42,16,39,71,53564,"Under 1,000",Town: Distant,22490,,,,47,24,43,0,0.03,,
124292,Thomas Aquinas College,2023,Participates in Title IV federal financial aid programs,"Under 1,000",539,15,0,11,20,79,54372,"Under 1,000",Rural: Distant,23039,690,640,33,87,80,82,1330,0.03,,
161563,Thomas College,2023,Participates in Title IV federal financial aid programs,"1,000 - 4,999",1581,35,885,16,15,97,44696,"1,000 - 4,999",Town: Remote,18882,,,,53,45,51,0,0.02,,
187046,Thomas Edison State University,2023,Participates in Title IV federal financial aid programs,"5,000 - 9,999",6773,1799,6686,5959,21,,14008,"5,000 - 9,999",City: Small,,,,,,,,0,0.27,,
126049,Thomas Jefferson School of Law,2023,Participates in Title IV federal financial aid programs,"Under 1,000",0,0,0,0,,,,"Under 1,000",City: Large,,,,,,,,0,,,
216366,Thomas Jefferson University,2023,Participates in Title IV federal financial aid programs,"5,000 - 9,999",3731,657,364,697,34,86,72575,"5,000 - 9,999",City: Large,29097,680,670,32,72,54,68,1350,0.18,,
172477,Thomas M Cooley Law School,2023,Participates in Title IV federal financial aid programs,"Under 1,000",0,0,0,0,,,,"Under 1,000",City: Midsize,,,,,,,,0,,,
183275,Thomas More College of Liberal Arts,2023,Participates in Title IV federal financial aid programs,"Under 1,000",95,8,0,7,51,,38300,"Under 1,000",Suburb: Midsize,19195,,,,90,62,62,0,0.08,,
157809,Thomas More University,2023,Participates in Title IV federal financial aid programs,"1,000 - 4,999",1823,41,587,77,22,97,54464,"1,000 - 4,999",Suburb: Large,21314,590,560,27,52,29,40,1150,0.02,,
141167,Thomas University,2023,Participates in Title IV federal financial aid programs,"1,000 - 4,999",882,291,277,357,47,43,35600,"1,000 - 4,999",Town: Distant,19087,540,570,23,45,26,29,1110,0.33,,
179645,Three Rivers College,2023,Participates in Title IV federal financial aid programs,"1,000 - 4,999",2682,96,1297,686,47,,24894,"1,000 - 4,999",Town: Remote,10108,,,,,,,0,0.04,,
129808,Three Rivers Community College,2023,Participates in Title IV federal financial aid programs,Not applicable,,,,,,,,Not applicable,City: Small,,,,,,,,0,,,
233772,Tidewater Community College,2023,Participates in Title IV federal financial aid programs,"10,000 - 19,999",15912,932,10924,4863,29,,31831,"10,000 - 19,999",City: Midsize,7599,,,,,,,0,0.06,,
206048,Tiffin University,2023,Participates in Title IV federal financial aid programs,"1,000 - 4,999",2669,174,956,657,36,80,48550,"1,000 - 4,999",Town: Distant,24516,560,560,22,46,36,43,1120,0.07,,
420723,Tillamook Bay Community College,2023,Participates in Title IV federal financial aid programs,"Under 1,000",559,25,424,126,17,,19397,"Under 1,000",Town: Distant,5248,,,,,,,0,0.04,,
141185,Toccoa Falls College,2023,Participates in Title IV federal financial aid programs,"1,000 - 4,999",2489,89,1555,119,20,64,41820,"1,000 - 4,999",Town: Distant,20657,650,600,25,53,34,45,1250,0.04,,
442781,Tohono O'Odham Community College,2023,Participates in Title IV federal financial aid programs,"1,000 - 4,999",1176,150,888,857,31,,14554,"1,000 - 4,999",Rural: Remote,5344,,,,,,,0,0.13,,
204459,Toledo Public Schools Adult and Continuing Education,2023,Participates in Title IV federal financial aid programs,"Under 1,000",33,0,0,15,76,,,"Under 1,000",City: Large,12619,,,,,,,0,0.00,,
137865,Tom P. Haney Technical College,2023,Participates in Title IV federal financial aid programs,"Under 1,000",464,0,12,151,43,,,"Under 1,000",Suburb: Midsize,7008,,,,,,,0,0.00,,
196565,Tompkins Cortland Community College,2023,Participates in Title IV federal financial aid programs,"1,000 - 4,999",4720,179,3526,596,17,,23413,"1,000 - 4,999",Rural: Distant,12756,,,,,,,0,0.04,,
475723,Tooele Technical College,2023,Participates in Title IV federal financial aid programs,"Under 1,000",691,0,543,162,8,,,"Under 1,000",Town: Distant,7131,,,,,,,0,0.00,,
196583,Torah Temimah Talmudical Seminary,2023,Participates in Title IV federal financial aid programs,"Under 1,000",73,17,0,2,58,65,34000,"Under 1,000",City: Large,24034,,,,10,10,10,0,0.23,,
495235,Total Beauty Institute,2023,Participates in Title IV federal financial aid programs,"Under 1,000",23,0,11,12,71,,,"Under 1,000",City: Large,13292,,,,,,,0,0.00,,
176406,Tougaloo College,2023,Participates in Title IV federal financial aid programs,"Under 1,000",711,69,126,60,62,53,23598,"Under 1,000",City: Midsize,12158,,,,35,30,31,0,0.10,,
196592,Touro University,2023,Participates in Title IV federal financial aid programs,"10,000 - 19,999",5098,591,2160,1679,32,63,52760,"10,000 - 19,999",City: Large,25934,730,710,33,72,55,73,1440,0.12,,
459736,Touro University California,2023,Participates in Title IV federal financial aid programs,"1,000 - 4,999",0,0,0,0,,,,"1,000 - 4,999",City: Midsize,,,,,,,,0,,,
459824,Touro University Nevada,2023,Participates in Title IV federal financial aid programs,"1,000 - 4,999",19,10,0,17,27,,,"1,000 - 4,999",City: Large,,,,,,,,0,0.53,,
459727,Touro University Worldwide,2023,Participates in Title IV federal financial aid programs,"1,000 - 4,999",451,79,187,287,52,,36582,"1,000 - 4,999",Suburb: Large,18428,,,,58,35,39,0,0.18,,
164076,Towson University,2023,Participates in Title IV federal financial aid programs,"10,000 - 19,999",16517,1561,1969,1553,33,83,31390,"10,000 - 19,999",City: Small,15064,650,620,28,74,45,68,1270,0.09,,
445054,Toyota Technological Institute at Chicago,2023,Deferment only - limited participation,"Under 1,000",0,0,0,0,,,,"Under 1,000",City: Large,,,,,,,,0,,,
157818,Transylvania University,2023,Participates in Title IV federal financial aid programs,"1,000 - 4,999",1022,15,23,4,24,85,62715,"1,000 - 4,999",City: Large,25634,670,620,30,73,65,70,1290,0.01,,
135522,Traviss Technical College,2023,Participates in Title IV federal financial aid programs,"Under 1,000",512,0,189,92,40,,,"Under 1,000",Rural: Fringe,588,,,,,,,0,0.00,,
486150,Treasure Coast Technical College,2023,Participates in Title IV federal financial aid programs,"Under 1,000",87,0,14,32,32,,,"Under 1,000",Suburb: Midsize,7877,,,,,,,0,0.00,,
210234,Treasure Valley Community College,2023,Participates in Title IV federal financial aid programs,"1,000 - 4,999",1131,88,593,372,44,,18309,"1,000 - 4,999",Town: Distant,8527,,,,,,,0,0.08,,
221892,Trevecca Nazarene University,2023,Participates in Title IV federal financial aid programs,"1,000 - 4,999",1825,70,497,323,30,70,55432,"1,000 - 4,999",City: Large,16222,600,593,24,50,46,54,1193,0.04,,
459408,Tri County Regional Vocational Technical High School,2023,Participates in Title IV federal financial aid programs,"Under 1,000",64,0,20,44,30,,,"Under 1,000",Suburb: Large,25900,,,,,,,0,0.00,,
484233,Tri-Community Adult Education,2023,Participates in Title IV federal financial aid programs,"Under 1,000",217,0,217,85,14,,,"Under 1,000",Suburb: Large,,,,,,,,0,0.00,,
206172,Tri-County Adult Career Center,2023,Participates in Title IV federal financial aid programs,"Under 1,000",24,0,0,19,14,,,"Under 1,000",Rural: Fringe,5357,,,,,,,0,0.00,,
199795,Tri-County Community College,2023,Participates in Title IV federal financial aid programs,"Under 1,000",969,42,701,188,30,,17459,"Under 1,000",Rural: Remote,5423,,,,,,,0,0.04,,
218885,Tri-County Technical College,2023,Participates in Title IV federal financial aid programs,"5,000 - 9,999",5780,324,2568,941,40,,34805,"5,000 - 9,999",Suburb: Midsize,7726,,,,,,,0,0.06,,
206181,Tri-Rivers Career Center,2023,Participates in Title IV federal financial aid programs,"Under 1,000",162,0,75,85,23,,,"Under 1,000",Rural: Fringe,,,,,,,,0,0.00,,
206154,Tri-State Bible College,2023,Participates in Title IV federal financial aid programs,"Under 1,000",16,4,15,14,52,,28928,"Under 1,000",Suburb: Midsize,,,,,0,,,0,0.25,,
218894,Trident Technical College,2023,Participates in Title IV federal financial aid programs,"10,000 - 19,999",14025,1004,9361,5154,27,,19306,"10,000 - 19,999",City: Midsize,-1475,,,,,,,0,0.07,,
152567,Trine University,2023,Participates in Title IV federal financial aid programs,"1,000 - 4,999",4157,88,1816,37,16,85,48510,"1,000 - 4,999",Town: Distant,25580,,,,63,56,67,0,0.02,,
414878,Trine University-Regional/Non-Traditional Campuses,2023,Participates in Title IV federal financial aid programs,"5,000 - 9,999",444,42,300,174,13,22,26786,"5,000 - 9,999",Town: Distant,,,,,0,0,0,0,0.09,,
128258,Trinidad State College,2023,Participates in Title IV federal financial aid programs,"1,000 - 4,999",1636,107,1007,555,41,,27033,"1,000 - 4,999",Town: Remote,11323,,,,,,,0,0.07,,
137953,Trinity Baptist College,2023,Participates in Title IV federal financial aid programs,"Under 1,000",385,52,92,73,46,63,33533,"Under 1,000",City: Large,18671,535,520,23,21,23,33,1055,0.14,,
200484,Trinity Bible College and Graduate School,2023,Participates in Title IV federal financial aid programs,"Under 1,000",144,7,28,19,50,36,33212,"Under 1,000",Rural: Remote,20462,,,26,50,21,43,0,0.05,,
149505,Trinity Christian College,2023,Participates in Title IV federal financial aid programs,"Under 1,000",827,121,70,73,33,89,32425,"Under 1,000",Suburb: Large,17218,590,610,28,66,51,64,1200,0.15,,
130590,Trinity College,2023,Participates in Title IV federal financial aid programs,"1,000 - 4,999",2237,41,56,25,15,34,87910,"1,000 - 4,999",City: Midsize,31806,730,730,33,85,78,83,1460,0.02,,
137962,Trinity College of Florida,2023,Participates in Title IV federal financial aid programs,"Under 1,000",189,30,36,50,56,96,26525,"Under 1,000",Suburb: Large,20828,500,480,22,31,0,0,980,0.16,,
146755,Trinity College of Nursing & Health Sciences,2023,Participates in Title IV federal financial aid programs,"Under 1,000",59,14,26,28,54,,,"Under 1,000",City: Small,,,,,0,,,0,0.24,,
216463,Trinity Episcopal School for Ministry,2023,Participates in Title IV federal financial aid programs,"Under 1,000",0,0,0,0,,,,"Under 1,000",Suburb: Large,,,,,,,,0,,,
204893,Trinity Health System School of Nursing,2023,Participates in Title IV federal financial aid programs,"Under 1,000",25,0,10,9,37,100,24565,"Under 1,000",City: Small,6393,,,,,,,0,0.00,,
135610,Trinity International University-Florida,2023,Participates in Title IV federal financial aid programs,"Under 1,000",69,11,34,58,57,,37028,"Under 1,000",Suburb: Large,5455,,,,,,,0,0.16,,
149514,Trinity International University-Illinois,2023,Participates in Title IV federal financial aid programs,"Under 1,000",140,24,80,73,33,93,28765,"Under 1,000",Suburb: Large,21260,,,,46,36,46,0,0.17,,
123448,Trinity Law School,2023,Participates in Title IV federal financial aid programs,"Under 1,000",0,0,0,0,,,,"Under 1,000",City: Large,,,,,,,,0,,,
229267,Trinity University,2023,Participates in Title IV federal financial aid programs,"1,000 - 4,999",2531,24,49,19,16,28,68224,"1,000 - 4,999",City: Large,32264,735,730,33,80,73,82,1465,0.01,,
225308,Trinity Valley Community College,2023,Participates in Title IV federal financial aid programs,"5,000 - 9,999",5300,553,3779,1028,30,,19552,"5,000 - 9,999",Town: Distant,4327,,,,,,,0,0.10,,
131876,Trinity Washington University,2023,Participates in Title IV federal financial aid programs,"1,000 - 4,999",1604,136,631,621,51,99,42720,"1,000 - 4,999",City: Large,12704,,,,42,35,44,0,0.08,,
149532,Triton College,2023,Participates in Title IV federal financial aid programs,"5,000 - 9,999",9262,265,6743,3053,26,,24748,"5,000 - 9,999",Suburb: Large,5001,,,,,,,0,0.03,,
196653,Trocaire College,2023,Participates in Title IV federal financial aid programs,"1,000 - 4,999",1104,256,713,631,50,83,35020,"1,000 - 4,999",City: Large,21147,,,,,,,0,0.23,,
102368,Troy University,2023,Participates in Title IV federal financial aid programs,"10,000 - 19,999",10468,1033,3415,3506,42,93,27022,"10,000 - 19,999",Town: Remote,12504,590,570,25,52,28,46,1160,0.10,,
182500,Truckee Meadows Community College,2023,Participates in Title IV federal financial aid programs,"10,000 - 19,999",10006,506,7260,2964,15,,25972,"10,000 - 19,999",City: Large,10768,,,,,,,0,0.05,,
141237,Truett McConnell University,2023,Participates in Title IV federal financial aid programs,"1,000 - 4,999",2612,38,1822,59,10,91,39988,"1,000 - 4,999",Rural: Distant,22373,,,,35,33,41,0,0.01,,
178615,Truman State University,2023,Participates in Title IV federal financial aid programs,"1,000 - 4,999",3302,63,713,111,15,80,25451,"1,000 - 4,999",Town: Remote,12798,648,670,29,73,57,68,1318,0.02,,
407595,Trumbull Career & Technical Center,2023,"Not currently participating in Title IV, has an OPE ID number","Under 1,000",,,,,,,,"Under 1,000",Rural: Fringe,,,,,,,,0,,,
168148,Tufts University,2023,Participates in Title IV federal financial aid programs,"10,000 - 19,999",6877,71,192,79,12,10,88300,"10,000 - 19,999",Suburb: Large,33333,760,790,35,94,86,93,1550,0.01,,
160755,Tulane University of Louisiana,2023,Participates in Title IV federal financial aid programs,"10,000 - 19,999",8077,122,619,350,9,15,87446,"10,000 - 19,999",City: Large,50631,750,760,33,86,82,89,1510,0.02,,
207935,Tulsa Community College,2023,Participates in Title IV federal financial aid programs,"10,000 - 19,999",14538,839,9981,4111,36,,22047,"10,000 - 19,999",City: Large,5730,,,,,,,0,0.06,,
488934,Tulsa Technology Center,2023,Participates in Title IV federal financial aid programs,"1,000 - 4,999",4031,0,3302,442,14,,,"1,000 - 4,999",City: Large,8734,,,,,,,0,0.00,,
200527,Turtle Mountain Community College,2023,Participates in Title IV federal financial aid programs,"Under 1,000",688,12,197,276,58,,19526,"Under 1,000",Rural: Remote,5730,,,,27,17,33,0,0.02,,
221953,Tusculum University,2023,Participates in Title IV federal financial aid programs,"1,000 - 4,999",1022,109,195,129,45,60,45144,"1,000 - 4,999",Town: Distant,22961,,,,40,21,31,0,0.11,,
102377,Tuskegee University,2023,Participates in Title IV federal financial aid programs,"1,000 - 4,999",2400,46,118,69,48,31,43599,"1,000 - 4,999",Town: Distant,35126,645,610,26,58,31,57,1255,0.02,,
229355,Tyler Junior College,2023,Participates in Title IV federal financial aid programs,"10,000 - 19,999",11977,736,6805,2329,36,,23114,"10,000 - 19,999",City: Midsize,9148,,,,,,,0,0.06,,
187198,"UCNJ Union College of Union County, NJ",2023,Participates in Title IV federal financial aid programs,"5,000 - 9,999",8081,841,4432,2885,44,,29032,"5,000 - 9,999",Suburb: Large,7469,,,,,,,0,0.10,,
230676,Uintah Basin Technical College,2023,Participates in Title IV federal financial aid programs,"1,000 - 4,999",1184,0,1063,176,1,,,"1,000 - 4,999",Town: Remote,5415,,,,,,,0,0.00,,
481182,Ukiah Adult School,2023,Participates in Title IV federal financial aid programs,"Under 1,000",,,,,38,,,"Under 1,000",Town: Remote,,,,,,,,0,,,
196699,Ulster County Community College,2023,Participates in Title IV federal financial aid programs,"1,000 - 4,999",3001,114,2023,420,16,,22881,"1,000 - 4,999",Rural: Fringe,5470,,,,,,,0,0.04,,
441371,Ultimate Medical Academy,2023,Participates in Title IV federal financial aid programs,"5,000 - 9,999",7436,3430,13,6409,81,,,"5,000 - 9,999",City: Midsize,19255,,,,,,,0,0.46,,
210270,Umpqua Community College,2023,Participates in Title IV federal financial aid programs,"1,000 - 4,999",2387,78,1454,1010,32,,24446,"1,000 - 4,999",Town: Remote,10006,,,,,,,0,0.03,,
181738,Union Adventist University,2023,Participates in Title IV federal financial aid programs,"Under 1,000",536,31,111,43,24,100,46590,"Under 1,000",City: Large,23602,,,,59,28,46,0,0.06,,
491525,Union Bible College,2023,Participates in Title IV federal financial aid programs,"Under 1,000",164,5,76,22,26,87,21552,"Under 1,000",Suburb: Large,8872,,,,38,25,75,0,0.03,,
196866,Union College,2023,Participates in Title IV federal financial aid programs,"1,000 - 4,999",2082,20,16,32,13,44,83370,"1,000 - 4,999",City: Small,42884,720,760,33,85,75,85,1480,0.01,,
157863,Union College,2023,Participates in Title IV federal financial aid programs,"1,000 - 4,999",737,88,35,87,51,55,44807,"1,000 - 4,999",Town: Remote,19223,560,545,21,38,24,36,1105,0.12,,
417831,Union County Vocational Technical School,2023,Participates in Title IV federal financial aid programs,"Under 1,000",60,0,0,22,22,,,"Under 1,000",Suburb: Large,7120,,,,,,,0,0.00,,
206279,Union Institute & University,2023,"Not currently participating in Title IV, has an OPE ID number","Under 1,000",,,,,,,28254,"Under 1,000",City: Large,,,,,,,,0,,,
233842,Union Presbyterian Seminary,2023,Participates in Title IV federal financial aid programs,"Under 1,000",0,0,0,0,,,,"Under 1,000",City: Midsize,,,,,,,,0,,,
196884,Union Theological Seminary in the City of New York,2023,Participates in Title IV federal financial aid programs,"Under 1,000",0,0,0,0,,,,"Under 1,000",City: Large,,,,,,,,0,,,
221971,Union University,2023,Participates in Title IV federal financial aid programs,"1,000 - 4,999",1891,111,398,331,25,47,61350,"1,000 - 4,999",City: Small,27191,690,650,29,69,65,71,1340,0.06,,
213631,United Lutheran Seminary,2023,Participates in Title IV federal financial aid programs,"Under 1,000",0,0,0,0,,,,"Under 1,000",Town: Fringe,,,,,,,,0,,,
128328,United States Air Force Academy,2023,Deferment only - limited participation,"1,000 - 4,999",4124,0,0,0,,14,,"1,000 - 4,999",Rural: Fringe,,710,740,33,86,86,88,1450,0.00,,
130624,United States Coast Guard Academy,2023,"Not currently participating in Title IV, has an OPE ID number","1,000 - 4,999",1081,0,0,1,,24,,"1,000 - 4,999",City: Small,,690,690,30,92,83,88,1380,0.00,,
197027,United States Merchant Marine Academy,2023,Participates in Title IV federal financial aid programs,"Under 1,000",947,16,0,3,7,32,,"Under 1,000",Suburb: Large,5173,650,650,29,81,73,81,1300,0.02,,
197036,United States Military Academy,2023,Deferment only - limited participation,"1,000 - 4,999",4508,0,0,46,,14,,"1,000 - 4,999",Town: Fringe,,700,730,33,84,81,85,1430,0.00,,
164155,United States Naval Academy,2023,Deferment only - limited participation,"1,000 - 4,999",4465,0,0,50,,9,,"1,000 - 4,999",Suburb: Large,,700,720,31,91,90,92,1420,0.00,,
102395,United States Sports Academy,2023,Participates in Title IV federal financial aid programs,"Under 1,000",144,32,120,81,35,35,39960,"Under 1,000",City: Small,,,,,,,,0,0.22,,
197018,United Talmudical Seminary,2023,Participates in Title IV federal financial aid programs,"1,000 - 4,999",2006,103,0,1,86,,26983,"1,000 - 4,999",City: Large,8237,,,,51,1,57,0,0.05,,
419031,United Technical Center,2023,Participates in Title IV federal financial aid programs,"Under 1,000",26,0,0,14,32,,18050,"Under 1,000",Town: Distant,5048,,,,,,,0,0.00,,
206288,United Theological Seminary,2023,Participates in Title IV federal financial aid programs,"Under 1,000",0,0,0,0,,,,"Under 1,000",Suburb: Large,,,,,,,,0,,,
175139,United Theological Seminary of the Twin Cities,2023,Participates in Title IV federal financial aid programs,"Under 1,000",0,0,0,0,,,,"Under 1,000",City: Large,,,,,,,,0,,,
200554,United Tribes Technical College,2023,Participates in Title IV federal financial aid programs,"Under 1,000",542,89,36,269,75,,14302,"Under 1,000",Suburb: Small,2541,,,,,,,0,0.16,,
161572,Unity Environmental University,2023,Participates in Title IV federal financial aid programs,"5,000 - 9,999",5655,1425,144,3298,59,82,23480,"5,000 - 9,999",Rural: Distant,17734,,,,55,49,56,0,0.25,,
153542,UnityPoint Health-Des Moines School of Radiologic Technology,2023,Participates in Title IV federal financial aid programs,"Under 1,000",16,0,0,3,11,,,"Under 1,000",City: Midsize,,,,,,,,0,0.00,,
376385,Universal Technology College of Puerto Rico,2023,Participates in Title IV federal financial aid programs,"Under 1,000",149,24,12,70,60,,,"Under 1,000",City: Small,6193,,,,17,50,50,0,0.16,,
241191,Universidad Adventista de las Antillas,2023,Participates in Title IV federal financial aid programs,"Under 1,000",781,53,158,199,80,100,20610,"Under 1,000",Suburb: Small,8354,,,,47,26,48,0,0.07,,
243346,Universidad Ana G. Mendez-Carolina Campus,2023,Participates in Title IV federal financial aid programs,"5,000 - 9,999",4498,232,1374,1071,70,,21720,"5,000 - 9,999",Suburb: Large,7569,,,,32,5,30,0,0.05,,
241739,Universidad Ana G. Mendez-Cupey Campus,2023,Participates in Title IV federal financial aid programs,"5,000 - 9,999",4612,338,1383,1644,69,,21720,"5,000 - 9,999",City: Large,7559,,,,32,12,30,0,0.07,,
243601,Universidad Ana G. Mendez-Gurabo Campus,2023,Participates in Title IV federal financial aid programs,"5,000 - 9,999",7688,344,2185,1691,83,,21420,"5,000 - 9,999",Suburb: Large,7668,,,,33,6,29,0,0.04,,
241225,Universidad Central de Bayamon,2023,Participates in Title IV federal financial aid programs,"Under 1,000",617,65,160,150,83,86,18861,"Under 1,000",City: Midsize,4382,,,,43,14,36,0,0.11,,
243568,Universidad Central Del Caribe,2023,Participates in Title IV federal financial aid programs,"Under 1,000",90,19,13,28,73,62,23642,"Under 1,000",City: Midsize,8011,,,,33,0,60,0,0.21,,
243443,Universidad del Sagrado Corazon,2023,Participates in Title IV federal financial aid programs,"1,000 - 4,999",4099,310,604,600,71,53,26360,"1,000 - 4,999",City: Large,13076,,,,45,17,44,0,0.08,,
441690,Universidad Pentecostal Mizpa,2023,Participates in Title IV federal financial aid programs,"Under 1,000",176,30,128,156,58,,12652,"Under 1,000",City: Large,5607,,,,20,20,40,0,0.17,,
243577,Universidad Politecnica de Puerto Rico,2023,Participates in Title IV federal financial aid programs,"1,000 - 4,999",3841,225,2046,851,62,,32519,"1,000 - 4,999",City: Large,16534,,,,33,4,24,0,0.06,,
241614,Universidad Teologica del Caribe,2023,Participates in Title IV federal financial aid programs,"Under 1,000",195,20,153,162,58,,14510,"Under 1,000",Suburb: Large,11987,,,,40,5,18,0,0.10,,
196060,University at Albany,2023,Participates in Title IV federal financial aid programs,"10,000 - 19,999",12190,884,632,623,42,70,32552,"10,000 - 19,999",City: Midsize,19165,,,,67,57,64,0,0.07,,
196088,University at Buffalo,2023,Participates in Title IV federal financial aid programs,"20,000 and above",20463,1332,1537,1066,32,69,31708,"20,000 and above",Suburb: Large,20511,680,700,32,75,59,73,1380,0.07,,
200800,University of Akron Main Campus,2023,Participates in Title IV federal financial aid programs,"10,000 - 19,999",11452,429,3008,1205,29,71,28585,"10,000 - 19,999",City: Midsize,15292,590,600,25,51,29,53,1190,0.04,,
200846,University of Akron Wayne College,2023,Participates in Title IV federal financial aid programs,"1,000 - 4,999",1361,23,922,95,14,81,24979,"1,000 - 4,999",Rural: Fringe,8559,560,593,23,,,,1153,0.02,,
100663,University of Alabama at Birmingham,2023,Participates in Title IV federal financial aid programs,"20,000 and above",12382,1060,2541,2047,33,88,30619,"20,000 and above",City: Midsize,17413,700,700,30,65,43,62,1400,0.09,,
100706,University of Alabama in Huntsville,2023,Participates in Title IV federal financial aid programs,"5,000 - 9,999",6851,603,1207,1030,22,74,29770,"5,000 - 9,999",City: Midsize,19847,700,740,31,63,41,62,1440,0.09,,
102553,University of Alaska Anchorage,2023,Participates in Title IV federal financial aid programs,"10,000 - 19,999",10162,8,6130,4100,19,67,34888,"10,000 - 19,999",City: Large,13931,,,,36,15,28,0,0.00,,
102614,University of Alaska Fairbanks,2023,Participates in Title IV federal financial aid programs,"5,000 - 9,999",5638,329,3143,2157,22,,27640,"5,000 - 9,999",City: Small,9985,,,,46,21,33,0,0.06,,
102632,University of Alaska Southeast,2023,Participates in Title IV federal financial aid programs,"1,000 - 4,999",1678,113,1211,747,14,63,29508,"1,000 - 4,999",Rural: Fringe,8488,,,,30,26,33,0,0.07,,
104179,University of Arizona,2023,Participates in Title IV federal financial aid programs,"20,000 and above",41899,3285,7662,5910,26,86,30726,"20,000 and above",City: Large,18144,700,720,30,66,51,66,1420,0.08,,
106397,University of Arkansas,2023,Participates in Title IV federal financial aid programs,"20,000 and above",27472,1319,2630,1828,17,72,30008,"20,000 and above",City: Small,17475,620,600,28,71,55,70,1220,0.05,,
106245,University of Arkansas at Little Rock,2023,Participates in Title IV federal financial aid programs,"5,000 - 9,999",5789,853,2872,1935,41,58,31175,"5,000 - 9,999",City: Midsize,11225,570,600,23,40,25,39,1170,0.15,,
106485,University of Arkansas at Monticello,2023,Participates in Title IV federal financial aid programs,"1,000 - 4,999",2328,149,747,477,49,,25758,"1,000 - 4,999",Town: Remote,13575,,,,26,24,35,0,0.06,,
106412,University of Arkansas at Pine Bluff,2023,Participates in Title IV federal financial aid programs,"1,000 - 4,999",1905,104,231,175,67,58,20575,"1,000 - 4,999",Town: Distant,11649,528,520,18,42,24,40,1048,0.05,,
107743,University of Arkansas Community College Rich Mountain,2023,Participates in Title IV federal financial aid programs,"Under 1,000",719,53,316,121,38,,18720,"Under 1,000",Town: Remote,6106,,,,,,,0,0.07,,
106999,University of Arkansas Community College-Batesville,2023,Participates in Title IV federal financial aid programs,"1,000 - 4,999",1118,50,674,302,45,,19818,"1,000 - 4,999",Town: Remote,10370,,,,,,,0,0.04,,
107585,University of Arkansas Community College-Morrilton,2023,Participates in Title IV federal financial aid programs,"1,000 - 4,999",2225,152,1185,477,43,100,21128,"1,000 - 4,999",Town: Distant,12488,,,22,,,,0,0.07,,
106263,University of Arkansas for Medical Sciences,2023,Participates in Title IV federal financial aid programs,"1,000 - 4,999",1380,529,675,1017,27,,,"1,000 - 4,999",City: Midsize,,,,,,,,0,0.38,,
442569,University of Arkansas Grantham,2023,Participates in Title IV federal financial aid programs,"1,000 - 4,999",3203,186,2121,3021,62,,15692,"1,000 - 4,999",City: Midsize,9186,,,,34,20,25,0,0.06,,
107725,University of Arkansas Hope-Texarkana,2023,Participates in Title IV federal financial aid programs,"1,000 - 4,999",1288,79,888,301,38,,23563,"1,000 - 4,999",Town: Distant,8272,,,,,,,0,0.06,,
108092,University of Arkansas-Fort Smith,2023,Participates in Title IV federal financial aid programs,"5,000 - 9,999",5463,309,2071,842,39,81,25528,"5,000 - 9,999",City: Small,10387,,,23,24,3,36,0,0.06,,
107664,University of Arkansas-Pulaski Technical College,2023,Participates in Title IV federal financial aid programs,"1,000 - 4,999",4175,445,2007,1667,53,,26525,"1,000 - 4,999",City: Small,15141,,,,,,,0,0.11,,
161873,University of Baltimore,2023,Participates in Title IV federal financial aid programs,"1,000 - 4,999",1292,255,599,816,43,86,34872,"1,000 - 4,999",City: Large,17253,580,530,,41,24,47,1110,0.20,,
128744,University of Bridgeport,2023,Participates in Title IV federal financial aid programs,"1,000 - 4,999",1479,190,224,479,52,64,55038,"1,000 - 4,999",City: Midsize,26064,585,530,,46,36,46,1115,0.13,,
110398,University of California College of the Law-San Francisco,2023,Participates in Title IV federal financial aid programs,"1,000 - 4,999",0,0,0,0,,,,"1,000 - 4,999",City: Large,,,,,,,,0,,,
110635,University of California-Berkeley,2023,Participates in Title IV federal financial aid programs,"20,000 and above",33078,2822,1530,1665,27,12,40317,"20,000 and above",City: Midsize,16997,,,,94,81,93,0,0.09,,
110644,University of California-Davis,2023,Participates in Title IV federal financial aid programs,"20,000 and above",31797,2637,868,1224,31,42,35569,"20,000 and above",Suburb: Small,17315,,,,88,69,85,0,0.08,,
110653,University of California-Irvine,2023,Participates in Title IV federal financial aid programs,"20,000 and above",29503,2883,619,944,37,26,37910,"20,000 and above",City: Large,14647,,,,85,73,86,0,0.10,,
110662,University of California-Los Angeles,2023,Participates in Title IV federal financial aid programs,"20,000 and above",33040,3699,568,1066,27,9,39077,"20,000 and above",City: Large,15166,,,,93,86,93,0,0.11,,
445188,University of California-Merced,2023,Participates in Title IV federal financial aid programs,"5,000 - 9,999",8372,209,106,194,59,39,31511,"5,000 - 9,999",Suburb: Midsize,13232,,,,73,49,69,0,0.02,,
110671,University of California-Riverside,2023,Participates in Title IV federal financial aid programs,"20,000 and above",22646,1249,667,1157,47,63,35451,"20,000 and above",City: Large,13533,,,,78,65,77,0,0.06,,
110680,University of California-San Diego,2023,Participates in Title IV federal financial aid programs,"20,000 and above",33792,3211,940,1413,33,25,37684,"20,000 and above",City: Large,13293,,,,91,75,88,0,0.10,,
110699,University of California-San Francisco,2023,Participates in Title IV federal financial aid programs,"1,000 - 4,999",0,0,0,0,,,,"1,000 - 4,999",City: Large,,,,,,,,0,,,
110705,University of California-Santa Barbara,2023,Participates in Title IV federal financial aid programs,"20,000 and above",23232,1899,573,519,28,28,37939,"20,000 and above",Suburb: Midsize,15283,,,,86,73,85,0,0.08,,
110714,University of California-Santa Cruz,2023,Participates in Title IV federal financial aid programs,"10,000 - 19,999",17812,1115,585,633,32,63,38836,"10,000 - 19,999",City: Small,16526,,,,79,61,74,0,0.06,,
106704,University of Central Arkansas,2023,Participates in Title IV federal financial aid programs,"5,000 - 9,999",7884,471,1365,616,37,90,28210,"5,000 - 9,999",City: Small,16362,570,550,25,50,40,53,1120,0.06,,
132903,University of Central Florida,2023,Participates in Title IV federal financial aid programs,"20,000 and above",59470,6769,17816,8232,33,40,24668,"20,000 and above",Suburb: Large,13110,680,670,29,78,50,75,1350,0.11,,
176965,University of Central Missouri,2023,Participates in Title IV federal financial aid programs,"10,000 - 19,999",7203,622,2276,905,26,69,23803,"10,000 - 19,999",Town: Distant,15728,,,24,53,36,49,0,0.09,,
206941,University of Central Oklahoma,2023,Participates in Title IV federal financial aid programs,"10,000 - 19,999",10454,981,2588,2046,35,82,32586,"10,000 - 19,999",Suburb: Large,18893,,,24,39,15,37,0,0.09,,
237312,University of Charleston,2023,Participates in Title IV federal financial aid programs,"1,000 - 4,999",2087,402,936,1104,29,65,49272,"1,000 - 4,999",City: Small,21100,,,,43,39,46,0,0.19,,
144050,University of Chicago,2023,Participates in Title IV federal financial aid programs,"10,000 - 19,999",7643,124,26,84,14,5,,"10,000 - 19,999",City: Large,27979,770,800,35,96,86,95,1570,0.02,,
201955,University of Cincinnati-Blue Ash College,2023,Participates in Title IV federal financial aid programs,"5,000 - 9,999",7166,242,4122,885,22,,32454,"5,000 - 9,999",Suburb: Large,9388,,,,,,,0,0.03,,
201946,University of Cincinnati-Clermont College,2023,Participates in Title IV federal financial aid programs,"5,000 - 9,999",8324,424,7213,2096,11,,32016,"5,000 - 9,999",Suburb: Large,8892,,,,,,,0,0.05,,
201885,University of Cincinnati-Main Campus,2023,Participates in Title IV federal financial aid programs,"20,000 and above",31184,1110,4888,2740,18,88,39032,"20,000 and above",City: Large,21511,670,690,29,74,39,71,1360,0.04,,
126614,University of Colorado Boulder,2023,Participates in Title IV federal financial aid programs,"20,000 and above",32105,1517,2265,1778,15,83,36204,"20,000 and above",City: Midsize,22640,700,720,33,75,58,75,1420,0.05,,
126580,University of Colorado Colorado Springs,2023,Participates in Title IV federal financial aid programs,"10,000 - 19,999",9398,925,2241,2058,26,97,29412,"10,000 - 19,999",City: Large,16816,630,610,28,46,28,45,1240,0.10,,
126562,University of Colorado Denver/Anschutz Medical Campus,2023,Participates in Title IV federal financial aid programs,"20,000 and above",14027,1428,5692,2658,26,78,32582,"20,000 and above",City: Large,15303,620,600,27,51,28,47,1220,0.10,,
129020,University of Connecticut,2023,Participates in Title IV federal financial aid programs,"20,000 and above",19388,621,550,401,24,54,40450,"20,000 and above",Town: Fringe,22324,700,720,33,84,76,84,1420,0.03,,
436827,University of Connecticut-Avery Point,2023,Participates in Title IV federal financial aid programs,"Under 1,000",474,27,34,43,34,87,37546,"Under 1,000",Suburb: Midsize,9139,610,600,,58,39,57,1210,0.06,,
463056,University of Connecticut-Hartford Campus,2023,Participates in Title IV federal financial aid programs,"1,000 - 4,999",1494,56,89,72,46,86,37536,"1,000 - 4,999",City: Midsize,10972,610,600,28,67,44,65,1210,0.04,,
436836,University of Connecticut-Stamford,2023,Participates in Title IV federal financial aid programs,"1,000 - 4,999",2240,119,179,134,50,80,37556,"1,000 - 4,999",City: Midsize,13150,620,610,25,60,33,57,1230,0.05,,
436818,University of Connecticut-Waterbury Campus,2023,Participates in Title IV federal financial aid programs,"Under 1,000",760,29,44,52,50,87,37546,"Under 1,000",City: Midsize,8220,610,580,,67,41,59,1190,0.04,,
224323,University of Dallas,2023,Participates in Title IV federal financial aid programs,"1,000 - 4,999",1427,24,51,26,26,54,65713,"1,000 - 4,999",City: Large,31221,710,660,32,73,62,68,1370,0.02,,
202480,University of Dayton,2023,Participates in Title IV federal financial aid programs,"10,000 - 19,999",8176,157,274,113,16,62,67265,"10,000 - 19,999",City: Midsize,31551,680,690,31,80,66,82,1370,0.02,,
130943,University of Delaware,2023,Participates in Title IV federal financial aid programs,"20,000 and above",19772,581,1688,368,16,65,32918,"20,000 and above",Suburb: Large,17716,680,680,31,84,72,81,1360,0.03,,
127060,University of Denver,2023,Participates in Title IV federal financial aid programs,"10,000 - 19,999",6415,206,660,543,15,71,80536,"10,000 - 19,999",City: Large,43324,710,700,32,77,69,78,1410,0.03,,
169716,University of Detroit Mercy,2023,Participates in Title IV federal financial aid programs,"5,000 - 9,999",3352,176,1223,190,25,80,55290,"5,000 - 9,999",City: Large,17987,630,630,28,68,53,68,1260,0.05,,
153278,University of Dubuque,2023,Participates in Title IV federal financial aid programs,"1,000 - 4,999",1477,130,221,224,40,87,56685,"1,000 - 4,999",City: Small,25216,580,580,25,41,32,41,1160,0.09,,
150534,University of Evansville,2023,Participates in Title IV federal financial aid programs,"1,000 - 4,999",1741,67,280,108,23,78,60664,"1,000 - 4,999",City: Midsize,21611,,,,70,60,71,0,0.04,,
134130,University of Florida,2023,Participates in Title IV federal financial aid programs,"20,000 and above",34924,1408,3353,959,22,24,23141,"20,000 and above",City: Midsize,11521,730,750,33,91,76,91,1480,0.04,,
457402,University of Fort Lauderdale,2023,Participates in Title IV federal financial aid programs,"Under 1,000",260,47,233,74,58,,30610,"Under 1,000",Suburb: Large,14737,,,,,25,50,0,0.18,,
139959,University of Georgia,2023,Participates in Title IV federal financial aid programs,"20,000 and above",31514,1865,1715,532,17,37,27714,"20,000 and above",City: Midsize,16303,690,700,32,88,71,87,1390,0.06,,
240754,University of Guam,2023,Participates in Title IV federal financial aid programs,"1,000 - 4,999",2617,110,629,524,31,,24431,"1,000 - 4,999",Suburb: Midsize,9844,,,,47,15,41,0,0.04,,
129525,University of Hartford,2023,Participates in Title IV federal financial aid programs,"5,000 - 9,999",4131,133,290,163,30,83,65193,"5,000 - 9,999",City: Midsize,30553,650,630,32,61,53,61,1280,0.03,,
141565,University of Hawaii at Hilo,2023,Participates in Title IV federal financial aid programs,"1,000 - 4,999",2424,310,600,453,40,90,36592,"1,000 - 4,999",Town: Remote,12936,570,540,22,45,25,42,1110,0.13,,
141574,University of Hawaii at Manoa,2023,Participates in Title IV federal financial aid programs,"10,000 - 19,999",14576,1477,2508,1654,25,70,35868,"10,000 - 19,999",City: Large,14557,640,600,27,61,40,63,1240,0.10,,
141839,University of Hawaii Maui College,2023,Participates in Title IV federal financial aid programs,"1,000 - 4,999",2647,163,2045,814,22,,27683,"1,000 - 4,999",City: Small,9479,,,,11,13,13,0,0.06,,
141981,University of Hawaii-West Oahu,2023,Participates in Title IV federal financial aid programs,"1,000 - 4,999",2863,512,1427,1107,30,96,31268,"1,000 - 4,999",Suburb: Large,11881,610,600,21,40,23,47,1210,0.18,,
179265,University of Health Sciences and Pharmacy in St. Louis,2023,Participates in Title IV federal financial aid programs,"Under 1,000",275,20,4,8,29,75,58183,"Under 1,000",City: Large,33392,660,610,28,77,65,70,1270,0.07,,
160065,University of Holy Cross,2023,Participates in Title IV federal financial aid programs,"1,000 - 4,999",806,70,541,195,28,99,34721,"1,000 - 4,999",City: Large,14476,,,,40,26,37,0,0.09,,
225511,University of Houston,2023,Participates in Title IV federal financial aid programs,"20,000 and above",37946,4442,10148,4387,41,70,28102,"20,000 and above",City: Large,13738,660,670,28,65,45,65,1330,0.12,,
225414,University of Houston-Clear Lake,2023,Participates in Title IV federal financial aid programs,"5,000 - 9,999",6108,1009,2900,2363,44,75,27086,"5,000 - 9,999",City: Midsize,10488,590,580,23,57,26,51,1170,0.17,,
225432,University of Houston-Downtown,2023,Participates in Title IV federal financial aid programs,"10,000 - 19,999",12880,2200,6603,5372,52,91,26596,"10,000 - 19,999",City: Large,14269,560,550,23,34,15,34,1110,0.17,,
225502,University of Houston-Victoria,2023,Participates in Title IV federal financial aid programs,"1,000 - 4,999",2707,444,1527,1259,44,77,23243,"1,000 - 4,999",City: Small,9912,600,580,25,25,12,27,1180,0.16,,
142285,University of Idaho,2023,Participates in Title IV federal financial aid programs,"10,000 - 19,999",9269,490,2396,712,23,79,23980,"10,000 - 19,999",Town: Distant,14377,610,590,29,61,41,61,1200,0.05,,
145600,University of Illinois Chicago,2023,Participates in Title IV federal financial aid programs,"20,000 and above",22107,2041,2146,1884,50,79,36164,"20,000 and above",City: Large,11499,660,680,32,64,40,60,1340,0.09,,
148654,University of Illinois Springfield,2023,Participates in Title IV federal financial aid programs,"1,000 - 4,999",2342,448,689,765,36,84,,"1,000 - 4,999",City: Midsize,9241,610,600,28,52,43,61,1210,0.19,,
145637,University of Illinois Urbana-Champaign,2023,Participates in Title IV federal financial aid programs,"20,000 and above",35564,1462,1096,434,24,44,,"20,000 and above",City: Small,14297,730,780,34,86,73,85,1510,0.04,,
151263,University of Indianapolis,2023,Participates in Title IV federal financial aid programs,"5,000 - 9,999",3957,190,997,318,36,73,53048,"5,000 - 9,999",City: Large,19903,,,,64,45,56,0,0.05,,
153658,University of Iowa,2023,Participates in Title IV federal financial aid programs,"20,000 and above",22130,1124,1508,1099,18,85,28596,"20,000 and above",City: Small,20121,660,660,28,75,57,73,1320,0.05,,
200156,University of Jamestown,2023,Participates in Title IV federal financial aid programs,"1,000 - 4,999",964,54,65,44,26,94,38240,"1,000 - 4,999",Town: Remote,20897,,,,56,31,44,0,0.06,,
155317,University of Kansas,2023,Participates in Title IV federal financial aid programs,"20,000 and above",20696,1170,2434,1385,20,88,27250,"20,000 and above",City: Small,18322,650,640,27,67,54,69,1290,0.06,,
157085,University of Kentucky,2023,Participates in Title IV federal financial aid programs,"20,000 and above",23930,891,2112,1277,21,92,35098,"20,000 and above",City: Large,19838,640,650,28,69,54,70,1290,0.04,,
117140,University of La Verne,2023,Participates in Title IV federal financial aid programs,"5,000 - 9,999",3352,283,461,797,48,48,70866,"5,000 - 9,999",Suburb: Large,27216,650,653,25,71,55,65,1303,0.08,,
160658,University of Louisiana at Lafayette,2023,Participates in Title IV federal financial aid programs,"10,000 - 19,999",13179,602,2150,1388,39,89,31147,"10,000 - 19,999",City: Midsize,13443,645,610,27,53,27,52,1255,0.05,,
159993,University of Louisiana at Monroe,2023,Participates in Title IV federal financial aid programs,"5,000 - 9,999",6550,332,2549,647,33,75,27803,"5,000 - 9,999",City: Small,11160,620,730,24,55,29,48,1350,0.05,,
157289,University of Louisville,2023,Participates in Title IV federal financial aid programs,"20,000 and above",16194,990,4392,2287,29,81,34054,"20,000 and above",City: Large,18808,630,620,27,64,43,61,1250,0.06,,
232609,University of Lynchburg,2023,Participates in Title IV federal financial aid programs,"1,000 - 4,999",1792,95,233,80,27,82,51140,"1,000 - 4,999",City: Small,22921,630,600,,66,54,62,1230,0.05,,
161253,University of Maine,2023,Participates in Title IV federal financial aid programs,"10,000 - 19,999",9267,452,1970,895,22,96,28572,"10,000 - 19,999",Suburb: Small,18237,,,,58,40,56,0,0.05,,
161217,University of Maine at Augusta,2023,Participates in Title IV federal financial aid programs,"1,000 - 4,999",4250,392,2959,1928,32,,22118,"1,000 - 4,999",Town: Distant,11569,,,,18,10,20,0,0.09,,
161226,University of Maine at Farmington,2023,Participates in Title IV federal financial aid programs,"1,000 - 4,999",1605,66,597,125,32,98,26363,"1,000 - 4,999",Rural: Remote,15383,615,595,,56,38,53,1210,0.04,,
161235,University of Maine at Fort Kent,2023,Participates in Title IV federal financial aid programs,"1,000 - 4,999",1357,170,1023,361,14,99,18937,"1,000 - 4,999",Rural: Remote,10736,,,,42,25,36,0,0.13,,
161341,University of Maine at Presque Isle,2023,Participates in Title IV federal financial aid programs,"1,000 - 4,999",2152,601,1260,891,26,97,18490,"1,000 - 4,999",Rural: Fringe,9773,,,,35,24,34,0,0.28,,
200217,University of Mary,2023,Participates in Title IV federal financial aid programs,"1,000 - 4,999",2650,116,659,326,18,78,38822,"1,000 - 4,999",Rural: Fringe,19225,,,,65,57,68,0,0.04,,
226471,University of Mary Hardin-Baylor,2023,Participates in Title IV federal financial aid programs,"1,000 - 4,999",3024,153,210,270,37,95,48200,"1,000 - 4,999",Suburb: Midsize,29904,620,580,26,54,38,53,1200,0.05,,
232681,University of Mary Washington,2023,Participates in Title IV federal financial aid programs,"1,000 - 4,999",3611,277,570,440,20,86,32549,"1,000 - 4,999",Suburb: Midsize,21615,690,640,31,69,58,67,1330,0.08,,
163338,University of Maryland Eastern Shore,2023,Participates in Title IV federal financial aid programs,"1,000 - 4,999",2233,161,174,182,53,90,28430,"1,000 - 4,999",Town: Fringe,14595,,,,36,19,35,0,0.07,,
163204,University of Maryland Global Campus,2023,Participates in Title IV federal financial aid programs,"20,000 and above",50793,10632,39398,33247,28,,31396,"20,000 and above",Suburb: Large,14545,,,,12,8,24,0,0.21,,
163268,University of Maryland-Baltimore County,2023,Participates in Title IV federal financial aid programs,"10,000 - 19,999",10490,776,1417,1057,30,74,35190,"10,000 - 19,999",Suburb: Large,17704,700,710,30,72,48,70,1410,0.07,,
163286,University of Maryland-College Park,2023,Participates in Title IV federal financial aid programs,"20,000 and above",30608,1903,2110,1439,19,45,32915,"20,000 and above",Suburb: Large,15833,740,780,35,88,76,88,1520,0.06,,
163259,"University of Maryland, Baltimore",2023,Participates in Title IV federal financial aid programs,"5,000 - 9,999",978,272,186,395,25,,,"5,000 - 9,999",City: Large,,,,,,,,0,0.28,,
166708,University of Massachusetts Chan Medical School,2023,Participates in Title IV federal financial aid programs,"1,000 - 4,999",0,0,0,0,,,,"1,000 - 4,999",City: Midsize,,,,,,,,0,,,
262086,University of Massachusetts Global,2023,Participates in Title IV federal financial aid programs,"5,000 - 9,999",5511,958,3513,4240,23,,36232,"5,000 - 9,999",City: Large,31715,,,,0,,,0,0.17,,
166629,University of Massachusetts-Amherst,2023,Participates in Title IV federal financial aid programs,"20,000 and above",23936,1278,1399,1124,20,58,35234,"20,000 and above",City: Small,22954,720,760,33,85,76,83,1480,0.05,,
166638,University of Massachusetts-Boston,2023,Participates in Title IV federal financial aid programs,"10,000 - 19,999",12373,1249,2276,1956,43,83,33854,"10,000 - 19,999",City: Large,17554,650,640,30,52,31,51,1290,0.10,,
167987,University of Massachusetts-Dartmouth,2023,Participates in Title IV federal financial aid programs,"5,000 - 9,999",5602,385,895,754,36,92,32190,"5,000 - 9,999",Suburb: Midsize,20696,640,620,27,55,35,49,1260,0.07,,
166513,University of Massachusetts-Lowell,2023,Participates in Title IV federal financial aid programs,"10,000 - 19,999",12128,1082,2678,2226,27,85,26540,"10,000 - 19,999",Suburb: Large,17624,670,680,30,71,48,70,1350,0.09,,
220862,University of Memphis,2023,Participates in Title IV federal financial aid programs,"20,000 and above",16771,1053,5460,2977,40,93,29874,"20,000 and above",City: Large,13656,615,590,24,57,31,49,1205,0.06,,
135726,University of Miami,2023,Participates in Title IV federal financial aid programs,"10,000 - 19,999",12883,545,478,432,15,19,89306,"10,000 - 19,999",Suburb: Large,41028,720,750,33,84,73,84,1470,0.04,,
170976,University of Michigan-Ann Arbor,2023,Participates in Title IV federal financial aid programs,"20,000 and above",33730,1414,1385,546,18,18,34782,"20,000 and above",City: Midsize,19005,750,780,34,94,82,93,1530,0.04,,
171137,University of Michigan-Dearborn,2023,Participates in Title IV federal financial aid programs,"5,000 - 9,999",6071,562,1256,813,44,59,30792,"5,000 - 9,999",City: Midsize,12798,630,630,30,60,30,56,1260,0.09,,
171146,University of Michigan-Flint,2023,Participates in Title IV federal financial aid programs,"5,000 - 9,999",4751,653,1790,1503,35,69,26856,"5,000 - 9,999",City: Small,12344,620,590,29,40,20,45,1210,0.14,,
174075,University of Minnesota-Crookston,2023,Participates in Title IV federal financial aid programs,"1,000 - 4,999",2518,243,1370,691,19,58,26672,"1,000 - 4,999",Town: Distant,13442,,,,57,40,50,0,0.10,,
174233,University of Minnesota-Duluth,2023,Participates in Title IV federal financial aid programs,"5,000 - 9,999",8525,319,1276,240,18,82,27828,"5,000 - 9,999",City: Small,19542,670,665,28,66,46,64,1335,0.04,,
174251,University of Minnesota-Morris,2023,Participates in Title IV federal financial aid programs,"1,000 - 4,999",1020,37,72,39,31,70,27462,"1,000 - 4,999",Town: Remote,9539,,,,58,47,62,0,0.04,,
456959,University of Minnesota-Rochester,2023,Participates in Title IV federal financial aid programs,"Under 1,000",588,31,41,33,36,72,30700,"Under 1,000",City: Midsize,13840,,,27,47,53,57,0,0.05,,
174066,University of Minnesota-Twin Cities,2023,Participates in Title IV federal financial aid programs,"20,000 and above",39556,1708,10432,1689,17,77,32866,"20,000 and above",City: Large,16730,720,760,31,85,74,85,1480,0.04,,
176017,University of Mississippi,2023,Participates in Title IV federal financial aid programs,"20,000 and above",19094,1244,1062,778,22,98,29312,"20,000 and above",Town: Remote,14946,610,600,29,70,55,68,1210,0.07,,
178396,University of Missouri-Columbia,2023,Participates in Title IV federal financial aid programs,"20,000 and above",23613,1164,1523,785,20,77,32272,"20,000 and above",City: Midsize,20006,670,660,29,73,56,76,1330,0.05,,
178402,University of Missouri-Kansas City,2023,Participates in Title IV federal financial aid programs,"10,000 - 19,999",10149,930,4349,1044,25,75,31162,"10,000 - 19,999",City: Large,14201,750,790,29,56,35,55,1540,0.09,,
178420,University of Missouri-St Louis,2023,Participates in Title IV federal financial aid programs,"10,000 - 19,999",12137,979,7939,1829,18,57,35930,"10,000 - 19,999",Suburb: Large,11577,620,600,27,60,36,57,1220,0.08,,
101693,University of Mobile,2023,Participates in Title IV federal financial aid programs,"1,000 - 4,999",1688,115,618,129,30,73,41720,"1,000 - 4,999",Rural: Fringe,20503,,,27,51,42,56,0,0.07,,
101709,University of Montevallo,2023,Participates in Title IV federal financial aid programs,"1,000 - 4,999",2545,150,609,150,39,54,28712,"1,000 - 4,999",Town: Fringe,17280,,,,53,34,49,0,0.06,,
199069,University of Mount Olive,2023,Participates in Title IV federal financial aid programs,"1,000 - 4,999",1937,215,693,865,47,78,35100,"1,000 - 4,999",Rural: Distant,17893,,,22,49,35,46,0,0.11,,
193399,University of Mount Saint Vincent,2023,Participates in Title IV federal financial aid programs,"1,000 - 4,999",2398,621,170,302,43,85,61610,"1,000 - 4,999",City: Large,21844,610,590,,57,47,57,1200,0.26,,
204185,University of Mount Union,2023,Participates in Title IV federal financial aid programs,"1,000 - 4,999",1927,44,148,22,29,80,46962,"1,000 - 4,999",Town: Fringe,22835,620,670,28,69,55,65,1290,0.02,,
181215,University of Nebraska at Kearney,2023,Participates in Title IV federal financial aid programs,"5,000 - 9,999",4224,326,533,517,34,86,26086,"5,000 - 9,999",Town: Distant,16249,590,560,25,58,38,60,1150,0.08,,
181394,University of Nebraska at Omaha,2023,Participates in Title IV federal financial aid programs,"10,000 - 19,999",11859,939,1949,2036,33,87,25362,"10,000 - 19,999",City: Large,13284,,,26,56,27,49,0,0.08,,
181428,University of Nebraska Medical Center,2023,Participates in Title IV federal financial aid programs,"1,000 - 4,999",897,398,184,197,22,,,"1,000 - 4,999",City: Large,,,,,,,,0,0.44,,
181464,University of Nebraska-Lincoln,2023,Participates in Title IV federal financial aid programs,"20,000 and above",19338,729,889,652,22,77,28656,"20,000 and above",City: Large,18029,660,670,28,67,49,66,1330,0.04,,
182281,University of Nevada-Las Vegas,2023,Participates in Title IV federal financial aid programs,"20,000 and above",25794,1964,6003,4585,40,96,28540,"20,000 and above",City: Midsize,11388,620,610,24,53,25,50,1230,0.08,,
182290,University of Nevada-Reno,2023,Participates in Title IV federal financial aid programs,"20,000 and above",17965,1058,4208,1471,24,85,29264,"20,000 and above",City: Large,16801,,,,65,42,62,0,0.06,,
161457,University of New England,2023,Participates in Title IV federal financial aid programs,"5,000 - 9,999",3863,79,1672,936,12,89,60250,"5,000 - 9,999",Suburb: Midsize,38675,,,,67,56,63,0,0.02,,
183071,University of New Hampshire at Manchester,2023,Participates in Title IV federal financial aid programs,"Under 1,000",522,54,112,135,32,87,33320,"Under 1,000",City: Midsize,13097,630,620,,64,51,75,1250,0.10,,
183257,University of New Hampshire College of Professional Studies Online,2023,Participates in Title IV federal financial aid programs,"1,000 - 4,999",1100,128,839,827,32,,21348,"1,000 - 4,999",City: Midsize,11851,,,,15,4,12,0,0.12,,
182829,University of New Hampshire-Franklin Pierce School of Law,2023,Participates in Title IV federal financial aid programs,"Under 1,000",0,0,0,0,,,,"Under 1,000",Town: Fringe,,,,,,,,0,,,
183044,University of New Hampshire-Main Campus,2023,Participates in Title IV federal financial aid programs,"10,000 - 19,999",11376,421,278,205,18,87,36076,"10,000 - 19,999",Town: Fringe,24762,670,650,31,78,69,77,1320,0.04,,
129941,University of New Haven,2023,Participates in Title IV federal financial aid programs,"5,000 - 9,999",4865,248,317,333,27,81,66679,"5,000 - 9,999",Suburb: Large,34201,640,620,,67,50,59,1260,0.05,,
187958,University of New Mexico-Gallup Campus,2023,Participates in Title IV federal financial aid programs,"1,000 - 4,999",1677,41,1009,431,28,,19186,"1,000 - 4,999",Town: Remote,4750,,,,,,,0,0.02,,
187976,University of New Mexico-Los Alamos Campus,2023,Participates in Title IV federal financial aid programs,"Under 1,000",376,22,289,130,6,,20952,"Under 1,000",Town: Distant,10663,,,,,,,0,0.06,,
187985,University of New Mexico-Main Campus,2023,Participates in Title IV federal financial aid programs,"20,000 and above",16905,1235,3254,3382,36,95,26035,"20,000 and above",City: Large,7528,590,570,26,57,36,52,1160,0.07,,
188225,University of New Mexico-Taos Campus,2023,Participates in Title IV federal financial aid programs,"Under 1,000",854,40,645,222,15,,19739,"Under 1,000",Rural: Fringe,8587,,,,,,,0,0.05,,
188049,University of New Mexico-Valencia County Campus,2023,Participates in Title IV federal financial aid programs,"1,000 - 4,999",1309,16,993,146,13,,20110,"1,000 - 4,999",Rural: Fringe,8034,,,,,,,0,0.01,,
159939,University of New Orleans,2023,Participates in Title IV federal financial aid programs,"5,000 - 9,999",5476,305,1647,869,40,67,27911,"5,000 - 9,999",City: Large,11190,650,670,23,42,25,43,1320,0.06,,
101879,University of North Alabama,2023,Participates in Title IV federal financial aid programs,"10,000 - 19,999",7451,603,2770,829,24,96,25090,"10,000 - 19,999",City: Small,10441,,,,53,33,54,0,0.08,,
199111,University of North Carolina Asheville,2023,Participates in Title IV federal financial aid programs,"1,000 - 4,999",2907,267,380,450,31,94,22279,"1,000 - 4,999",City: Small,14175,690,660,29,65,41,55,1350,0.09,,
199120,University of North Carolina at Chapel Hill,2023,Participates in Title IV federal financial aid programs,"20,000 and above",20681,974,841,434,20,19,26109,"20,000 and above",City: Small,11140,750,780,34,92,86,92,1530,0.05,,
199139,University of North Carolina at Charlotte,2023,Participates in Title IV federal financial aid programs,"20,000 and above",23981,2348,3158,2274,34,80,24672,"20,000 and above",City: Large,13768,650,670,27,68,50,68,1320,0.10,,
199148,University of North Carolina at Greensboro,2023,Participates in Title IV federal financial aid programs,"10,000 - 19,999",14156,1627,2396,2496,47,90,25315,"10,000 - 19,999",City: Large,10592,660,620,27,59,40,58,1280,0.11,,
199281,University of North Carolina at Pembroke,2023,Participates in Title IV federal financial aid programs,"5,000 - 9,999",5485,784,1493,1817,48,92,17006,"5,000 - 9,999",Town: Distant,9687,,,,45,28,45,0,0.14,,
199184,University of North Carolina School of the Arts,2023,Participates in Title IV federal financial aid programs,"1,000 - 4,999",902,44,12,29,25,33,27036,"1,000 - 4,999",City: Large,11163,710,640,27,72,77,80,1350,0.05,,
199218,University of North Carolina Wilmington,2023,Participates in Title IV federal financial aid programs,"10,000 - 19,999",14494,1629,2029,2136,24,74,27030,"10,000 - 19,999",City: Midsize,18606,690,670,28,73,56,71,1360,0.11,,
200280,University of North Dakota,2023,Participates in Title IV federal financial aid programs,"10,000 - 19,999",10216,1015,3141,2159,16,77,26243,"10,000 - 19,999",City: Small,18227,,,,64,42,63,0,0.10,,
136172,University of North Florida,2023,Participates in Title IV federal financial aid programs,"10,000 - 19,999",14264,1247,3552,1160,31,62,25465,"10,000 - 19,999",City: Large,10628,620,590,26,64,49,63,1210,0.09,,
482680,University of North Georgia,2023,Participates in Title IV federal financial aid programs,"10,000 - 19,999",17242,801,5569,1531,28,72,20379,"10,000 - 19,999",Town: Distant,11687,620,595,25,48,35,52,1215,0.05,,
227216,University of North Texas,2023,Participates in Title IV federal financial aid programs,"20,000 and above",33858,3720,5936,4468,36,72,28482,"20,000 and above",City: Midsize,14675,630,600,27,62,43,60,1230,0.11,,
484905,University of North Texas at Dallas,2023,Participates in Title IV federal financial aid programs,"1,000 - 4,999",3018,468,1208,975,51,94,23868,"1,000 - 4,999",City: Large,9109,510,480,21,43,29,44,990,0.16,,
228909,University of North Texas Health Science Center,2023,Participates in Title IV federal financial aid programs,"1,000 - 4,999",17,4,17,9,20,,,"1,000 - 4,999",City: Large,,,,,,,,0,0.24,,
127741,University of Northern Colorado,2023,Participates in Title IV federal financial aid programs,"5,000 - 9,999",6616,532,1426,717,26,86,31678,"5,000 - 9,999",City: Midsize,19115,600,580,26,53,37,51,1180,0.08,,
154095,University of Northern Iowa,2023,Participates in Title IV federal financial aid programs,"5,000 - 9,999",7734,821,749,717,24,94,22676,"5,000 - 9,999",City: Small,15931,580,630,26,70,45,69,1210,0.11,,
204486,University of Northwestern Ohio,2023,Participates in Title IV federal financial aid programs,"1,000 - 4,999",2572,163,162,186,32,,27057,"1,000 - 4,999",Suburb: Small,18794,,,,39,28,39,0,0.06,,
174491,University of Northwestern-St Paul,2023,Participates in Title IV federal financial aid programs,"1,000 - 4,999",3173,96,1326,109,15,92,49530,"1,000 - 4,999",Suburb: Large,26779,630,663,29,67,60,67,1293,0.03,,
152080,University of Notre Dame,2023,Participates in Title IV federal financial aid programs,"10,000 - 19,999",8968,192,15,13,12,12,83271,"10,000 - 19,999",Suburb: Large,29083,760,780,35,96,93,97,1540,0.02,,
207342,University of Oklahoma-Health Sciences Center,2023,Participates in Title IV federal financial aid programs,"1,000 - 4,999",1143,495,42,301,0,,,"1,000 - 4,999",City: Large,,,,,,,,0,0.43,,
207500,University of Oklahoma-Norman Campus,2023,Participates in Title IV federal financial aid programs,"20,000 and above",22025,1018,2763,1572,24,77,30486,"20,000 and above",Suburb: Midsize,19900,670,660,29,77,56,75,1330,0.05,,
209551,University of Oregon,2023,Participates in Title IV federal financial aid programs,"20,000 and above",19963,832,1223,810,22,85,32259,"20,000 and above",City: Midsize,23917,690,670,30,75,59,71,1360,0.04,,
215062,University of Pennsylvania,2023,Participates in Title IV federal financial aid programs,"20,000 and above",11611,130,1001,777,16,6,88892,"20,000 and above",City: Large,26017,770,800,35,97,88,97,1570,0.01,,
157535,University of Pikeville,2023,Participates in Title IV federal financial aid programs,"1,000 - 4,999",1596,95,480,68,40,,35980,"1,000 - 4,999",Town: Remote,13819,,,,33,29,41,0,0.06,,
215266,University of Pittsburgh-Bradford,2023,Participates in Title IV federal financial aid programs,"1,000 - 4,999",1003,50,52,40,46,91,33490,"1,000 - 4,999",Town: Remote,17015,630,630,31,39,39,47,1260,0.05,,
215275,University of Pittsburgh-Greensburg,2023,Participates in Title IV federal financial aid programs,"1,000 - 4,999",1326,107,56,58,38,98,33500,"1,000 - 4,999",Suburb: Large,17196,635,640,28,35,30,40,1275,0.08,,
215284,University of Pittsburgh-Johnstown,2023,Participates in Title IV federal financial aid programs,"1,000 - 4,999",1940,95,47,64,29,96,33516,"1,000 - 4,999",Suburb: Small,17909,625,630,32,49,38,54,1255,0.05,,
215293,University of Pittsburgh-Pittsburgh Campus,2023,Participates in Title IV federal financial aid programs,"20,000 and above",25171,889,5553,535,14,50,39004,"20,000 and above",City: Large,24338,720,730,33,85,71,84,1450,0.04,,
215309,University of Pittsburgh-Titusville,2023,Participates in Title IV federal financial aid programs,"Under 1,000",28,9,4,11,52,45,30788,"Under 1,000",Town: Distant,13371,,,,,,,0,0.32,,
209825,University of Portland,2023,Participates in Title IV federal financial aid programs,"1,000 - 4,999",3136,91,85,52,19,95,72708,"1,000 - 4,999",City: Large,34951,693,663,30,81,69,80,1356,0.03,,
180258,University of Providence,2023,Participates in Title IV federal financial aid programs,"Under 1,000",562,76,83,167,31,64,44018,"Under 1,000",City: Small,21175,580,555,24,55,29,42,1135,0.14,,
243151,University of Puerto Rico at Cayey,2023,Participates in Title IV federal financial aid programs,"1,000 - 4,999",2218,34,266,81,76,96,22979,"1,000 - 4,999",Suburb: Large,9477,557,541,,47,8,49,1098,0.02,,
243212,University of Puerto Rico at Ponce,2023,Participates in Title IV federal financial aid programs,"1,000 - 4,999",2319,73,191,146,81,56,24979,"1,000 - 4,999",City: Midsize,7358,,,,47,13,52,0,0.03,,
243106,University of Puerto Rico-Aguadilla,2023,Participates in Title IV federal financial aid programs,"1,000 - 4,999",1894,47,174,85,82,82,24597,"1,000 - 4,999",Suburb: Midsize,8317,529,528,,46,11,43,1057,0.02,,
243115,University of Puerto Rico-Arecibo,2023,Participates in Title IV federal financial aid programs,"1,000 - 4,999",2822,58,196,72,86,62,22949,"1,000 - 4,999",City: Small,11759,,,,51,10,50,0,0.02,,
243133,University of Puerto Rico-Bayamon,2023,Participates in Title IV federal financial aid programs,"1,000 - 4,999",2967,59,394,159,78,92,24364,"1,000 - 4,999",City: Midsize,7827,,,,33,2,28,0,0.02,,
243142,University of Puerto Rico-Carolina,2023,Participates in Title IV federal financial aid programs,"1,000 - 4,999",2428,130,493,175,74,53,26236,"1,000 - 4,999",Suburb: Large,14151,519,500,,45,36,48,1019,0.05,,
243160,University of Puerto Rico-Central Administration,2023,Participates in Title IV federal financial aid programs,Not applicable,,,,,,,,Not applicable,City: Large,,,,,,,,0,,,
243179,University of Puerto Rico-Humacao,2023,Participates in Title IV federal financial aid programs,"1,000 - 4,999",2611,37,284,93,79,58,24989,"1,000 - 4,999",Suburb: Large,13137,,,,51,12,52,0,0.01,,
243197,University of Puerto Rico-Mayaguez,2023,Participates in Title IV federal financial aid programs,"10,000 - 19,999",9855,97,1160,602,65,52,24899,"10,000 - 19,999",City: Small,12857,,,,54,5,47,0,0.01,,
243203,University of Puerto Rico-Medical Sciences,2023,Participates in Title IV federal financial aid programs,"1,000 - 4,999",224,96,23,49,66,,,"1,000 - 4,999",City: Large,,,,,,,,0,0.43,,
243221,University of Puerto Rico-Rio Piedras,2023,Participates in Title IV federal financial aid programs,"10,000 - 19,999",8873,144,1068,474,65,53,23967,"10,000 - 19,999",City: Large,6868,,,,55,20,52,0,0.02,,
243188,University of Puerto Rico-Utuado,2023,Participates in Title IV federal financial aid programs,"Under 1,000",317,10,32,47,82,64,24979,"Under 1,000",Rural: Fringe,12148,,,,13,2,15,0,0.03,,
236328,University of Puget Sound,2023,Participates in Title IV federal financial aid programs,"1,000 - 4,999",1632,42,14,35,17,76,78564,"1,000 - 4,999",City: Midsize,42301,710,680,31,74,60,68,1390,0.03,,
121691,University of Redlands,2023,Participates in Title IV federal financial aid programs,"1,000 - 4,999",2100,335,213,194,35,81,80474,"1,000 - 4,999",City: Small,28054,670,653,30,71,61,71,1323,0.16,,
217484,University of Rhode Island,2023,Participates in Title IV federal financial aid programs,"10,000 - 19,999",14670,578,1578,479,21,77,34526,"10,000 - 19,999",Suburb: Large,20964,650,620,31,71,57,70,1270,0.04,,
233374,University of Richmond,2023,Participates in Title IV federal financial aid programs,"1,000 - 4,999",3054,79,112,84,18,23,81320,"1,000 - 4,999",City: Midsize,35263,750,780,34,90,82,88,1530,0.03,,
205203,University of Rio Grande,2023,Participates in Title IV federal financial aid programs,"1,000 - 4,999",2030,129,844,348,36,,38148,"1,000 - 4,999",Rural: Distant,26581,,,,26,11,18,0,0.06,,
195030,University of Rochester,2023,Participates in Title IV federal financial aid programs,"10,000 - 19,999",6764,98,414,423,16,36,,"10,000 - 19,999",City: Midsize,40900,750,790,34,86,77,84,1540,0.01,,
152336,University of Saint Francis-Fort Wayne,2023,Participates in Title IV federal financial aid programs,"1,000 - 4,999",1601,183,151,239,43,98,50450,"1,000 - 4,999",City: Large,20897,570,560,25,57,50,60,1130,0.11,,
130314,University of Saint Joseph,2023,Participates in Title IV federal financial aid programs,"1,000 - 4,999",879,62,83,75,36,80,63350,"1,000 - 4,999",City: Small,27558,630,620,,57,57,70,1250,0.07,,
488785,University of Saint Katherine,2023,Participates in Title IV federal financial aid programs,"Under 1,000",230,77,11,8,35,46,55361,"Under 1,000",Suburb: Large,32299,,,,,22,43,0,0.33,,
155812,University of Saint Mary,2023,Participates in Title IV federal financial aid programs,"1,000 - 4,999",1015,137,209,124,37,90,51024,"1,000 - 4,999",Town: Fringe,23611,560,533,24,47,36,44,1093,0.13,,
148885,University of Saint Mary of the Lake,2023,Participates in Title IV federal financial aid programs,"Under 1,000",0,0,0,0,,,,"Under 1,000",Suburb: Large,,,,,,,,0,,,
122436,University of San Diego,2023,Participates in Title IV federal financial aid programs,"5,000 - 9,999",5726,340,130,225,19,47,83005,"5,000 - 9,999",City: Large,37675,,,,80,72,82,0,0.06,,
122612,University of San Francisco,2023,Participates in Title IV federal financial aid programs,"5,000 - 9,999",5729,300,202,347,27,51,82362,"5,000 - 9,999",City: Large,44104,690,700,31,76,64,71,1390,0.05,,
207722,University of Science and Arts of Oklahoma,2023,Participates in Title IV federal financial aid programs,"Under 1,000",914,119,69,96,47,56,21770,"Under 1,000",Town: Distant,8685,618,570,25,39,27,36,1188,0.13,,
215929,University of Scranton,2023,Participates in Title IV federal financial aid programs,"1,000 - 4,999",3666,58,155,75,22,84,65681,"1,000 - 4,999",City: Small,32100,660,660,30,79,76,81,1320,0.02,,
497107,University of Silicon Andhra,2023,"Not currently participating in Title IV, does not have OPE ID number","Under 1,000",87,0,87,11,0,95,,"Under 1,000",City: Small,,,,,,,,0,0.00,,
219383,University of Sioux Falls,2023,Participates in Title IV federal financial aid programs,"1,000 - 4,999",1276,91,112,112,29,82,37265,"1,000 - 4,999",City: Midsize,21049,,,,58,51,60,0,0.07,,
102094,University of South Alabama,2023,Participates in Title IV federal financial aid programs,"10,000 - 19,999",8914,779,1415,1104,37,65,28041,"10,000 - 19,999",City: Midsize,13613,610,590,26,50,33,52,1200,0.09,,
218645,University of South Carolina Aiken,2023,Participates in Title IV federal financial aid programs,"1,000 - 4,999",3109,329,668,542,37,80,26849,"1,000 - 4,999",Suburb: Large,11697,620,580,23,45,25,40,1200,0.11,,
218654,University of South Carolina Beaufort,2023,Participates in Title IV federal financial aid programs,"1,000 - 4,999",2067,244,347,309,40,69,25439,"1,000 - 4,999",Town: Fringe,15781,,,,30,29,39,0,0.12,,
218663,University of South Carolina-Columbia,2023,Participates in Title IV federal financial aid programs,"20,000 and above",28470,1393,1040,765,19,61,30658,"20,000 and above",City: Midsize,26068,690,690,32,78,69,78,1380,0.05,,
218672,University of South Carolina-Lancaster,2023,Participates in Title IV federal financial aid programs,"1,000 - 4,999",2328,57,1558,90,14,76,22913,"1,000 - 4,999",Town: Distant,10510,,,,,,,0,0.02,,
218681,University of South Carolina-Salkehatchie,2023,Participates in Title IV federal financial aid programs,"Under 1,000",809,30,504,87,20,76,22913,"Under 1,000",Rural: Remote,13201,,,,,,,0,0.04,,
218690,University of South Carolina-Sumter,2023,Participates in Title IV federal financial aid programs,"1,000 - 4,999",1692,87,1129,102,16,76,22913,"1,000 - 4,999",City: Small,10143,,,,,,,0,0.05,,
218706,University of South Carolina-Union,2023,Participates in Title IV federal financial aid programs,"1,000 - 4,999",1392,33,1084,47,11,70,22913,"1,000 - 4,999",Town: Distant,11734,,,,,,,0,0.02,,
218742,University of South Carolina-Upstate,2023,Participates in Title IV federal financial aid programs,"1,000 - 4,999",4471,655,934,762,45,70,28648,"1,000 - 4,999",Suburb: Midsize,13794,610,560,25,49,28,42,1170,0.15,,
219471,University of South Dakota,2023,Participates in Title IV federal financial aid programs,"5,000 - 9,999",7095,285,2518,505,18,99,27564,"5,000 - 9,999",Town: Distant,18466,650,680,25,61,48,61,1330,0.04,,
137351,University of South Florida,2023,Participates in Title IV federal financial aid programs,"20,000 and above",37269,3409,7085,4190,30,41,24200,"20,000 and above",City: Large,11578,670,660,29,76,63,75,1330,0.09,,
123961,University of Southern California,2023,Participates in Title IV federal financial aid programs,"20,000 and above",21023,1335,521,12740,22,10,90453,"20,000 and above",City: Large,41496,760,790,35,93,77,92,1550,0.06,,
151306,University of Southern Indiana,2023,Participates in Title IV federal financial aid programs,"5,000 - 9,999",7428,366,2634,580,22,95,26302,"5,000 - 9,999",Suburb: Midsize,14066,610,610,28,51,38,52,1220,0.05,,
161554,University of Southern Maine,2023,Participates in Title IV federal financial aid programs,"5,000 - 9,999",5520,457,2116,1046,26,79,26812,"5,000 - 9,999",City: Small,12006,640,640,26,37,3,46,1280,0.08,,
176372,University of Southern Mississippi,2023,Participates in Title IV federal financial aid programs,"10,000 - 19,999",10012,1315,1599,1781,47,99,25522,"10,000 - 19,999",City: Small,14050,,,27,53,34,51,0,0.13,,
148584,University of St Francis,2023,Participates in Title IV federal financial aid programs,"1,000 - 4,999",1306,206,197,245,37,64,49120,"1,000 - 4,999",Suburb: Large,16455,590,580,25,65,47,65,1170,0.16,,
174914,University of St Thomas,2023,Participates in Title IV federal financial aid programs,"5,000 - 9,999",6044,186,156,155,20,85,71072,"5,000 - 9,999",City: Large,32637,708,708,30,79,69,77,1416,0.03,,
227863,University of St Thomas,2023,Participates in Title IV federal financial aid programs,"1,000 - 4,999",2969,242,581,653,38,93,50413,"1,000 - 4,999",City: Large,20469,680,660,28,64,48,69,1340,0.08,,
228635,University of Texas Southwestern Medical Center,2023,Participates in Title IV federal financial aid programs,"1,000 - 4,999",0,0,0,0,,,,"1,000 - 4,999",City: Large,,,,,,,,0,,,
215105,University of the Arts,2023,Participates in Title IV federal financial aid programs,"1,000 - 4,999",1072,68,28,46,33,78,75098,"1,000 - 4,999",City: Large,44510,,,,68,58,69,0,0.06,,
156541,University of the Cumberlands,2023,Participates in Title IV federal financial aid programs,"20,000 and above",6091,972,1807,2335,48,71,30089,"20,000 and above",Town: Remote,11555,,,,48,30,44,0,0.16,,
131399,University of the District of Columbia,2023,Participates in Title IV federal financial aid programs,"1,000 - 4,999",3297,228,2138,1754,43,,27476,"1,000 - 4,999",City: Large,14287,,,,47,23,40,0,0.07,,
225627,University of the Incarnate Word,2023,Participates in Title IV federal financial aid programs,"5,000 - 9,999",4726,321,656,974,43,93,53860,"5,000 - 9,999",City: Large,21246,580,560,24,59,36,53,1140,0.07,,
107558,University of the Ozarks,2023,Participates in Title IV federal financial aid programs,"Under 1,000",763,43,15,14,36,58,37915,"Under 1,000",Town: Remote,16651,580,583,23,49,41,52,1163,0.06,,
120883,University of the Pacific,2023,Participates in Title IV federal financial aid programs,"5,000 - 9,999",3297,199,109,187,34,95,80379,"5,000 - 9,999",City: Large,30975,690,730,31,70,45,66,1420,0.06,,
488846,University of the People,2023,"Not currently participating in Title IV, does not have OPE ID number","20,000 and above",36386,293,18787,26406,0,,3601,"20,000 and above",City: Midsize,1639,,,,15,18,28,0,0.01,,
188182,University of the Southwest,2023,Participates in Title IV federal financial aid programs,"1,000 - 4,999",337,78,20,42,56,,34670,"1,000 - 4,999",Town: Remote,20438,,,,9,23,27,0,0.23,,
243665,University of the Virgin Islands,2023,Participates in Title IV federal financial aid programs,"1,000 - 4,999",1508,81,494,364,46,97,22168,"1,000 - 4,999",Rural: Fringe,7632,530,490,20,37,11,28,1020,0.05,,
449870,University of the West,2023,Participates in Title IV federal financial aid programs,"Under 1,000",53,4,6,10,42,100,41680,"Under 1,000",Suburb: Large,11137,,,,50,16,31,0,0.08,,
206084,University of Toledo,2023,Participates in Title IV federal financial aid programs,"10,000 - 19,999",11447,655,2158,1157,26,95,27550,"10,000 - 19,999",City: Large,17927,640,660,28,58,35,58,1300,0.06,,
207971,University of Tulsa,2023,Participates in Title IV federal financial aid programs,"1,000 - 4,999",2485,116,197,129,26,58,66688,"1,000 - 4,999",City: Large,23681,740,750,33,74,62,73,1490,0.05,,
230764,University of Utah,2023,Participates in Title IV federal financial aid programs,"20,000 and above",26827,1368,4453,3073,20,87,36415,"20,000 and above",City: Midsize,13341,698,700,29,73,34,64,1398,0.05,,
216542,University of Valley Forge,2023,Participates in Title IV federal financial aid programs,"Under 1,000",498,32,76,50,51,78,43476,"Under 1,000",Suburb: Large,27854,,,,55,46,56,0,0.06,,
231174,University of Vermont,2023,Participates in Title IV federal financial aid programs,"10,000 - 19,999",12168,365,758,427,13,60,38364,"10,000 - 19,999",City: Small,22062,720,700,32,78,70,79,1420,0.03,,
234076,University of Virginia-Main Campus,2023,Participates in Title IV federal financial aid programs,"20,000 and above",17612,783,783,587,14,17,39926,"20,000 and above",Suburb: Midsize,17831,750,780,34,94,92,95,1530,0.04,,
233897,University of Virginia's College at Wise,2023,Participates in Title IV federal financial aid programs,"1,000 - 4,999",1911,69,692,650,33,94,26681,"1,000 - 4,999",Town: Distant,10409,615,560,25,41,33,50,1175,0.04,,
377555,University of Washington-Bothell Campus,2023,Participates in Title IV federal financial aid programs,"5,000 - 9,999",5248,540,736,672,28,92,34684,"5,000 - 9,999",Suburb: Large,10013,700,770,34,68,50,68,1470,0.10,,
236948,University of Washington-Seattle Campus,2023,Participates in Title IV federal financial aid programs,"20,000 and above",39515,1556,9652,2082,15,43,34552,"20,000 and above",City: Large,11023,,,,85,71,84,0,0.04,,
377564,University of Washington-Tacoma Campus,2023,Participates in Title IV federal financial aid programs,"1,000 - 4,999",4014,686,468,925,40,83,33247,"1,000 - 4,999",City: Midsize,11290,,,,59,51,62,0,0.17,,
101587,University of West Alabama,2023,Participates in Title IV federal financial aid programs,"5,000 - 9,999",2673,542,554,1161,54,87,22996,"5,000 - 9,999",Rural: Remote,14781,550,428,22,39,20,37,978,0.20,,
138354,University of West Florida,2023,Participates in Title IV federal financial aid programs,"10,000 - 19,999",9661,1237,3091,2514,33,57,25066,"10,000 - 19,999",Rural: Fringe,8908,630,600,27,54,47,62,1230,0.13,,
141334,University of West Georgia,2023,Participates in Title IV federal financial aid programs,"10,000 - 19,999",8413,497,2545,1179,42,49,25086,"10,000 - 19,999",Town: Distant,14962,580,550,23,44,25,43,1130,0.06,,
210438,University of Western States,2023,Participates in Title IV federal financial aid programs,"Under 1,000",0,0,0,0,0,,,"Under 1,000",City: Large,,,,,,,,0,,,
240268,University of Wisconsin-Eau Claire,2023,Participates in Title IV federal financial aid programs,"5,000 - 9,999",9304,337,874,383,19,76,22243,"5,000 - 9,999",City: Small,15323,,,27,69,44,68,0,0.04,,
240277,University of Wisconsin-Green Bay,2023,Participates in Title IV federal financial aid programs,"10,000 - 19,999",9853,483,4761,1695,23,88,21460,"10,000 - 19,999",City: Midsize,10289,,,25,55,38,53,0,0.05,,
240329,University of Wisconsin-La Crosse,2023,Participates in Title IV federal financial aid programs,"10,000 - 19,999",9378,347,551,177,14,73,19767,"10,000 - 19,999",City: Small,13125,,,27,74,49,71,0,0.04,,
240444,University of Wisconsin-Madison,2023,Participates in Title IV federal financial aid programs,"20,000 and above",36797,1129,2519,1242,15,43,28905,"20,000 and above",City: Large,14216,730,780,32,90,73,89,1510,0.03,,
240453,University of Wisconsin-Milwaukee,2023,Participates in Title IV federal financial aid programs,"20,000 and above",18047,1089,3243,2807,30,88,25400,"20,000 and above",City: Large,16499,,,24,51,28,51,0,0.06,,
240365,University of Wisconsin-Oshkosh,2023,Participates in Title IV federal financial aid programs,"10,000 - 19,999",12674,437,6035,976,16,87,21152,"10,000 - 19,999",City: Small,12942,,,24,57,28,58,0,0.03,,
240374,University of Wisconsin-Parkside,2023,Participates in Title IV federal financial aid programs,"1,000 - 4,999",3263,331,815,561,34,73,21895,"1,000 - 4,999",Rural: Fringe,8778,,,25,44,19,40,0,0.10,,
240462,University of Wisconsin-Platteville,2023,Participates in Title IV federal financial aid programs,"5,000 - 9,999",6270,274,849,570,21,87,23669,"5,000 - 9,999",Town: Distant,15966,,,27,61,32,62,0,0.04,,
240471,University of Wisconsin-River Falls,2023,Participates in Title IV federal financial aid programs,"5,000 - 9,999",4675,188,818,253,20,82,23746,"5,000 - 9,999",Town: Distant,15242,,,25,58,43,61,0,0.04,,
240480,University of Wisconsin-Stevens Point,2023,Participates in Title IV federal financial aid programs,"5,000 - 9,999",7419,356,996,586,28,90,20906,"5,000 - 9,999",Town: Distant,14347,,,25,57,38,56,0,0.05,,
240417,University of Wisconsin-Stout,2023,Participates in Title IV federal financial aid programs,"5,000 - 9,999",6093,342,1075,793,23,85,22973,"5,000 - 9,999",Town: Distant,15574,,,26,58,26,53,0,0.06,,
240426,University of Wisconsin-Superior,2023,Participates in Title IV federal financial aid programs,"1,000 - 4,999",2086,190,564,560,30,94,22360,"1,000 - 4,999",Suburb: Midsize,13126,,,24,45,27,44,0,0.09,,
240189,University of Wisconsin-Whitewater,2023,Participates in Title IV federal financial aid programs,"10,000 - 19,999",9812,642,1449,1001,25,83,19890,"10,000 - 19,999",Town: Distant,13670,,,24,64,40,64,0,0.07,,
240727,University of Wyoming,2023,Participates in Title IV federal financial aid programs,"10,000 - 19,999",8250,858,1399,1273,22,97,22228,"10,000 - 19,999",Town: Remote,13299,,,,63,40,60,0,0.10,,
213163,UPMC Jameson School of Nursing,2023,Participates in Title IV federal financial aid programs,"Under 1,000",332,0,21,232,33,74,34903,"Under 1,000",Town: Fringe,20253,,,,,,,0,0.00,,
431600,UPMC Mercy School of Nursing,2023,Participates in Title IV federal financial aid programs,"Under 1,000",305,0,61,192,20,74,39843,"Under 1,000",City: Large,29943,,,,,,,0,0.00,,
215974,UPMC Shadyside School of Nursing,2023,Participates in Title IV federal financial aid programs,"Under 1,000",594,0,128,431,27,65,39843,"Under 1,000",City: Large,21756,,,,,,,0,0.00,,
213622,UPMC St. Margaret School of Nursing,2023,Participates in Title IV federal financial aid programs,"Under 1,000",91,0,18,63,31,86,39843,"Under 1,000",Suburb: Large,15921,,,,,,,0,0.00,,
373711,Upper Cape Cod Regional Technical School,2023,Participates in Title IV federal financial aid programs,"Under 1,000",77,0,0,49,41,100,,"Under 1,000",Rural: Fringe,25738,,,,,,,0,0.00,,
154493,Upper Iowa University,2023,Participates in Title IV federal financial aid programs,"1,000 - 4,999",2504,267,1348,1614,33,93,34022,"1,000 - 4,999",Rural: Remote,22427,590,570,21,38,29,42,1160,0.11,,
206321,Upper Valley Career Center,2023,Participates in Title IV federal financial aid programs,"Under 1,000",113,0,62,80,58,,,"Under 1,000",Rural: Fringe,15697,,,,,,,0,0.00,,
440004,Upper Valley Educators Institute,2023,Participates in Title IV federal financial aid programs,"Under 1,000",0,0,0,0,,,,"Under 1,000",Town: Remote,,,,,,,,0,,,
196307,Upstate Medical University,2023,Participates in Title IV federal financial aid programs,"1,000 - 4,999",118,46,16,57,25,,,"1,000 - 4,999",City: Midsize,,,,,,,,0,0.39,,
429128,Urban College of Boston,2023,Participates in Title IV federal financial aid programs,"Under 1,000",728,0,712,632,34,,19353,"Under 1,000",City: Large,,,,,,,,0,0.00,,
456171,Urbana Theological Seminary,2023,"Not currently participating in Title IV, does not have OPE ID number",Not reported,,,,,,,,Not reported,City: Small,,,,,,,,0,,,
494685,Urshan College,2023,Participates in Title IV federal financial aid programs,"Under 1,000",514,112,71,89,40,84,22270,"Under 1,000",Suburb: Large,12398,570,540,23,38,32,47,1110,0.22,,
455099,Urshan Graduate School of Theology,2023,Participates in Title IV federal financial aid programs,"Under 1,000",0,0,0,0,,,,"Under 1,000",Suburb: Large,,,,,,,,0,,,
216524,Ursinus College,2023,Participates in Title IV federal financial aid programs,"1,000 - 4,999",1492,27,19,14,20,87,77582,"1,000 - 4,999",Suburb: Large,31625,700,660,32,73,69,77,1360,0.02,,
206349,Ursuline College,2023,Participates in Title IV federal financial aid programs,"Under 1,000",637,77,115,160,39,84,52360,"Under 1,000",Suburb: Large,17678,580,620,25,49,43,53,1200,0.12,,
446604,Uta Mesivta of Kiryas Joel,2023,Participates in Title IV federal financial aid programs,"1,000 - 4,999",2729,118,0,0,86,,24600,"1,000 - 4,999",City: Small,5987,,,,66,0,78,0,0.04,,
230728,Utah State University,2023,Participates in Title IV federal financial aid programs,"20,000 and above",25048,1088,8327,2895,26,94,23166,"20,000 and above",City: Small,15825,660,640,28,57,30,55,1300,0.04,,
230171,Utah Tech University,2023,Participates in Title IV federal financial aid programs,"10,000 - 19,999",12481,668,5297,1403,22,,23664,"10,000 - 19,999",City: Midsize,15488,,,,26,14,24,0,0.05,,
230737,Utah Valley University,2023,Participates in Title IV federal financial aid programs,"20,000 and above",43794,2681,24136,7531,23,,19730,"20,000 and above",City: Small,8650,,,,39,17,37,0,0.06,,
197045,Utica University,2023,Participates in Title IV federal financial aid programs,"1,000 - 4,999",2580,276,325,462,30,87,40711,"1,000 - 4,999",City: Small,22510,600,610,,60,43,55,1210,0.11,,
141264,Valdosta State University,2023,Participates in Title IV federal financial aid programs,"10,000 - 19,999",7230,675,1803,1243,51,83,24089,"10,000 - 19,999",City: Small,11532,580,550,23,43,24,42,1130,0.09,,
138187,Valencia College,2023,Participates in Title IV federal financial aid programs,"20,000 and above",42524,2497,25331,9934,39,,16479,"20,000 and above",City: Large,9657,,,,,,,0,0.06,,
200572,Valley City State University,2023,Participates in Title IV federal financial aid programs,"1,000 - 4,999",1628,116,786,262,17,69,21130,"1,000 - 4,999",Town: Remote,13841,,,24,54,36,48,0,0.07,,
216551,Valley Forge Military College,2023,Participates in Title IV federal financial aid programs,"Under 1,000",86,11,8,1,30,,,"Under 1,000",Suburb: Large,28985,,,,,,,0,0.13,,
443322,Valley Grande Institute for Academic Studies,2023,Participates in Title IV federal financial aid programs,"Under 1,000",180,0,0,103,99,,,"Under 1,000",Suburb: Large,11260,,,,,,,0,0.00,,
486257,Valor Christian College,2023,Participates in Title IV federal financial aid programs,"Under 1,000",352,90,108,237,58,,40012,"Under 1,000",City: Large,23991,,,,,,,0,0.26,,
152600,Valparaiso University,2023,Participates in Title IV federal financial aid programs,"1,000 - 4,999",2255,104,51,84,26,92,61208,"1,000 - 4,999",Suburb: Small,23168,660,650,30,75,58,67,1310,0.05,,
199838,Vance-Granville Community College,2023,Participates in Title IV federal financial aid programs,"1,000 - 4,999",2841,195,1916,823,31,,19158,"1,000 - 4,999",Town: Distant,5324,,,,,,,0,0.07,,
221999,Vanderbilt University,2023,Participates in Title IV federal financial aid programs,"10,000 - 19,999",7152,280,65,15,19,6,,"10,000 - 19,999",City: Large,26689,770,790,35,94,87,93,1560,0.04,,
149639,VanderCook College of Music,2023,Participates in Title IV federal financial aid programs,"Under 1,000",99,3,32,8,28,97,44110,"Under 1,000",City: Large,16601,,,,65,47,47,0,0.03,,
123651,Vanguard University of Southern California,2023,Participates in Title IV federal financial aid programs,"1,000 - 4,999",1987,183,176,184,43,65,66475,"1,000 - 4,999",City: Midsize,20273,,,,63,52,56,0,0.09,,
421717,Vanguard-Sentinel Adult Career and Technology Center,2023,Participates in Title IV federal financial aid programs,"Under 1,000",19,0,4,14,9,,,"Under 1,000",Town: Distant,,,,,,,,0,0.00,,
418278,Vantage Career Center,2023,Participates in Title IV federal financial aid programs,"Under 1,000",158,0,59,87,19,,,"Under 1,000",Town: Distant,1202,,,,,,,0,0.00,,
197133,Vassar College,2023,Participates in Title IV federal financial aid programs,"1,000 - 4,999",2456,11,22,30,21,18,87970,"1,000 - 4,999",Suburb: Large,29733,770,780,35,93,81,89,1550,0.00,,
188340,Vaughn College of Aeronautics and Technology,2023,Participates in Title IV federal financial aid programs,"1,000 - 4,999",1202,114,328,287,53,,64650,"1,000 - 4,999",City: Large,37171,,,,45,22,43,0,0.09,,
417910,Veeb Nassau County School of Practical Nursing,2023,Participates in Title IV federal financial aid programs,"Under 1,000",388,0,0,244,96,,48130,"Under 1,000",Suburb: Large,40172,,,,,,,0,0.00,,
418524,Venango County Area Vocational Technical School,2023,Participates in Title IV federal financial aid programs,"Under 1,000",57,0,0,41,67,60,,"Under 1,000",Town: Remote,12785,,,,,,,0,0.00,,
417123,Ventura Adult and Continuing Education,2023,Participates in Title IV federal financial aid programs,"Under 1,000",52,0,25,33,35,,,"Under 1,000",City: Midsize,7292,,,,,,,0,0.00,,
125028,Ventura College,2023,Participates in Title IV federal financial aid programs,"10,000 - 19,999",11367,1108,7932,2960,25,,25212,"10,000 - 19,999",City: Midsize,3370,,,,,,,0,0.10,,
125019,Ventura County Community College System Office,2023,Participates in Title IV federal financial aid programs,Not applicable,,,,,,,,Not applicable,City: Small,,,,,,,,0,,,
482228,Veritas Baptist College,2023,Participates in Title IV federal financial aid programs,"Under 1,000",140,11,102,64,33,100,31856,"Under 1,000",Town: Fringe,17043,,,,33,13,38,0,0.08,,
455992,Vermont College of Fine Arts,2023,Participates in Title IV federal financial aid programs,"Under 1,000",0,0,0,0,,,,"Under 1,000",Town: Distant,,,,,,,,0,,,
231147,Vermont Law and Graduate School,2023,Participates in Title IV federal financial aid programs,"Under 1,000",0,0,0,0,,,,"Under 1,000",Rural: Remote,,,,,,,,0,,,
231165,Vermont State University,2023,Participates in Title IV federal financial aid programs,"5,000 - 9,999",4087,455,1262,1124,31,83,28066,"5,000 - 9,999",Rural: Remote,21253,,,,46,32,45,0,0.11,,
229504,Vernon College,2023,Participates in Title IV federal financial aid programs,"1,000 - 4,999",2136,34,1462,631,38,,18228,"1,000 - 4,999",Town: Remote,5752,,,,,,,0,0.02,,
125091,Victor Valley College,2023,Participates in Title IV federal financial aid programs,"10,000 - 19,999",15372,802,10621,4598,35,,22869,"10,000 - 19,999",Suburb: Large,4905,,,,,,,0,0.05,,
229540,Victoria College,2023,Participates in Title IV federal financial aid programs,"1,000 - 4,999",3214,162,2369,918,33,,17638,"1,000 - 4,999",City: Small,4999,,,,,,,0,0.05,,
197142,Villa Maria College,2023,Participates in Title IV federal financial aid programs,"Under 1,000",545,61,94,81,61,87,41590,"Under 1,000",City: Small,15687,,,,37,25,31,0,0.11,,
216597,Villanova University,2023,Participates in Title IV federal financial aid programs,"10,000 - 19,999",7063,90,280,255,12,25,84997,"10,000 - 19,999",Suburb: Large,37946,740,770,34,91,90,92,1510,0.01,,
152637,Vincennes University,2023,Participates in Title IV federal financial aid programs,"10,000 - 19,999",18438,204,14261,1188,9,,24724,"10,000 - 19,999",Town: Remote,10932,,,,22,24,29,0,0.01,,
377485,Virginia Beach City Public Schools School of Practical Nursing,2023,Participates in Title IV federal financial aid programs,"Under 1,000",65,0,37,16,28,,,"Under 1,000",City: Large,6034,,,,,,,0,0.00,,
449834,Virginia Beach Theological Seminary,2023,Participates in Title IV federal financial aid programs,"Under 1,000",2,0,2,2,0,,,"Under 1,000",City: Large,,,,,,,,0,0.00,,
234030,Virginia Commonwealth University,2023,Participates in Title IV federal financial aid programs,"20,000 and above",21205,1417,2610,1916,30,93,40786,"20,000 and above",City: Midsize,22852,650,620,30,70,47,65,1270,0.07,,
233903,Virginia Highlands Community College,2023,Participates in Title IV federal financial aid programs,"1,000 - 4,999",2052,94,1334,486,42,,15304,"1,000 - 4,999",Suburb: Small,5613,,,,,,,0,0.05,,
234085,Virginia Military Institute,2023,Participates in Title IV federal financial aid programs,"1,000 - 4,999",1560,20,0,10,16,82,,"1,000 - 4,999",Town: Distant,17229,640,620,28,74,72,82,1260,0.01,,
233754,Virginia Peninsula Community College,2023,Participates in Title IV federal financial aid programs,"5,000 - 9,999",6127,325,4418,1582,29,,23104,"5,000 - 9,999",Suburb: Large,6120,,,,,,,0,0.05,,
233921,Virginia Polytechnic Institute and State University,2023,Participates in Title IV federal financial aid programs,"20,000 and above",30504,1102,878,482,15,57,34942,"20,000 and above",City: Small,22205,700,720,32,88,69,86,1420,0.04,,
234155,Virginia State University,2023,Participates in Title IV federal financial aid programs,"5,000 - 9,999",4829,208,251,367,71,89,31063,"5,000 - 9,999",Suburb: Large,16184,540,510,20,49,27,41,1050,0.04,,
234164,Virginia Union University,2023,Participates in Title IV federal financial aid programs,"1,000 - 4,999",1170,96,141,200,51,98,24880,"1,000 - 4,999",City: Midsize,20207,510,500,,44,28,41,1010,0.08,,
490106,Virginia University of Integrative Medicine,2023,Participates in Title IV federal financial aid programs,"Under 1,000",0,0,0,0,,,,"Under 1,000",Suburb: Large,,,,,,,,0,,,
234137,Virginia University of Lynchburg,2023,Participates in Title IV federal financial aid programs,"Under 1,000",170,58,42,21,79,,25577,"Under 1,000",City: Small,17734,,,,25,6,22,0,0.34,,
234173,Virginia Wesleyan University,2023,Participates in Title IV federal financial aid programs,"1,000 - 4,999",1626,85,446,127,26,71,53193,"1,000 - 4,999",City: Large,21862,670,680,29,47,43,49,1350,0.05,,
233949,Virginia Western Community College,2023,Participates in Title IV federal financial aid programs,"5,000 - 9,999",6170,256,4564,1259,30,,17778,"5,000 - 9,999",City: Small,5961,,,,,,,0,0.04,,
449764,Visible Music College,2023,Participates in Title IV federal financial aid programs,"Under 1,000",168,16,18,52,44,29,34931,"Under 1,000",City: Large,25502,,,24,21,29,43,0,0.10,,
240107,Viterbo University,2023,Participates in Title IV federal financial aid programs,"1,000 - 4,999",1443,176,243,303,22,73,46530,"1,000 - 4,999",City: Small,23901,670,710,27,65,50,65,1380,0.12,,
222053,Volunteer State Community College,2023,Participates in Title IV federal financial aid programs,"5,000 - 9,999",6605,424,3062,1611,31,,27850,"5,000 - 9,999",Suburb: Large,6483,,,,,,,0,0.06,,
218919,Voorhees University,2023,Participates in Title IV federal financial aid programs,"Under 1,000",460,41,44,78,77,,27630,"Under 1,000",Rural: Remote,15747,,,,32,27,31,0,0.09,,
493770,Vski Cosmetology School,2023,Participates in Title IV federal financial aid programs,"Under 1,000",24,0,0,8,33,,,"Under 1,000",City: Midsize,10524,,,,,,,0,0.00,,
152673,Wabash College,2023,Participates in Title IV federal financial aid programs,"Under 1,000",845,6,5,1,23,63,59125,"Under 1,000",Town: Distant,23913,630,670,29,84,71,77,1300,0.01,,
403487,Wabash Valley College,2023,Participates in Title IV federal financial aid programs,"Under 1,000",906,27,443,188,24,,28920,"Under 1,000",Town: Distant,10301,,,,,,,0,0.03,,
197197,Wagner College,2023,Participates in Title IV federal financial aid programs,"1,000 - 4,999",1592,92,48,82,23,83,72085,"1,000 - 4,999",City: Large,28109,670,650,27,72,63,68,1320,0.06,,
199847,Wake Forest University,2023,Participates in Title IV federal financial aid programs,"5,000 - 9,999",5471,40,58,11,9,22,87556,"5,000 - 9,999",City: Large,27790,740,770,34,91,87,91,1510,0.01,,
199856,Wake Technical Community College,2023,Participates in Title IV federal financial aid programs,"20,000 and above",22763,2222,15330,5915,27,,23505,"20,000 and above",Suburb: Large,8493,,,,,,,0,0.10,,
236887,Walla Walla Community College,2023,Participates in Title IV federal financial aid programs,"1,000 - 4,999",2982,247,1204,1459,29,,29031,"1,000 - 4,999",City: Small,10645,,,,,,,0,0.08,,
236896,Walla Walla University,2023,Participates in Title IV federal financial aid programs,"1,000 - 4,999",1266,62,101,67,25,,45963,"1,000 - 4,999",Suburb: Small,26001,,,,65,40,63,0,0.05,,
172608,Walsh College,2023,Participates in Title IV federal financial aid programs,"1,000 - 4,999",545,132,482,300,31,,,"1,000 - 4,999",City: Small,,,,,,,,0,0.24,,
206437,Walsh University,2023,Participates in Title IV federal financial aid programs,"1,000 - 4,999",1423,51,199,108,23,78,47942,"1,000 - 4,999",Suburb: Large,21009,590,625,28,69,56,62,1215,0.04,,
222062,Walters State Community College,2023,Participates in Title IV federal financial aid programs,"5,000 - 9,999",5833,186,3020,923,28,,21369,"5,000 - 9,999",City: Small,5290,,,,,,,0,0.03,,
210304,Warner Pacific University,2023,Participates in Title IV federal financial aid programs,"Under 1,000",350,69,22,114,46,59,41666,"Under 1,000",City: Large,18402,,,,36,38,79,0,0.20,,
480198,Warner Pacific University Professional and Graduate Studies,2023,Branch campus of a main campus that participates in Title IV,"Under 1,000",161,33,80,152,29,67,,"Under 1,000",City: Large,,,,,100,,,0,0.20,,
138275,Warner University,2023,Participates in Title IV federal financial aid programs,"Under 1,000",798,127,75,82,53,48,45230,"Under 1,000",Rural: Fringe,21471,550,520,20,31,27,30,1070,0.16,,
407832,Warren County Career Center,2023,Participates in Title IV federal financial aid programs,"Under 1,000",206,0,130,79,20,,,"Under 1,000",Rural: Fringe,19520,,,,,,,0,0.00,,
245625,Warren County Community College,2023,Participates in Title IV federal financial aid programs,"1,000 - 4,999",3342,91,2660,266,11,,18010,"1,000 - 4,999",Rural: Fringe,4819,,,,,,,0,0.03,,
199865,Warren Wilson College,2023,Participates in Title IV federal financial aid programs,"Under 1,000",742,36,17,50,37,78,61575,"Under 1,000",Rural: Fringe,27913,,,30,39,27,43,0,0.05,,
417655,Warrensburg Area Career Center,2023,Participates in Title IV federal financial aid programs,"Under 1,000",23,0,0,4,68,91,,"Under 1,000",Town: Distant,11646,,,,,,,0,0.00,,
154527,Wartburg College,2023,Participates in Title IV federal financial aid programs,"1,000 - 4,999",1454,47,41,13,21,99,64502,"1,000 - 4,999",Town: Distant,23321,605,630,27,70,54,67,1235,0.03,,
154536,Wartburg Theological Seminary,2023,Participates in Title IV federal financial aid programs,"Under 1,000",0,0,0,0,,,,"Under 1,000",City: Small,,,,,,,,0,,,
155423,Washburn Institute of Technology,2023,Participates in Title IV federal financial aid programs,"1,000 - 4,999",1187,0,260,167,17,41,25218,"1,000 - 4,999",City: Midsize,12137,,,,,,,0,0.00,,
156082,Washburn University,2023,Participates in Title IV federal financial aid programs,"5,000 - 9,999",4930,516,1525,938,31,,24628,"5,000 - 9,999",City: Midsize,12894,,,,46,25,41,0,0.10,,
216667,Washington & Jefferson College,2023,Participates in Title IV federal financial aid programs,"1,000 - 4,999",1162,42,5,9,29,82,44295,"1,000 - 4,999",Suburb: Large,26051,,,,76,63,71,0,0.04,,
162210,Washington Adventist University,2023,Participates in Title IV federal financial aid programs,"Under 1,000",605,66,161,147,46,45,32200,"Under 1,000",Suburb: Large,16732,590,510,,41,25,40,1100,0.11,,
234207,Washington and Lee University,2023,Participates in Title IV federal financial aid programs,"1,000 - 4,999",1898,4,11,11,11,17,,"1,000 - 4,999",Town: Distant,24667,750,780,35,94,92,95,1530,0.00,,
164216,Washington College,2023,Participates in Title IV federal financial aid programs,"Under 1,000",916,23,23,18,21,66,72970,"Under 1,000",Town: Distant,33553,690,655,30,75,66,74,1345,0.03,,
418250,Washington County Career Center-Adult Technical Training,2023,Participates in Title IV federal financial aid programs,"Under 1,000",189,0,162,71,20,,,"Under 1,000",Rural: Fringe,3261,,,,,,,0,0.00,,
161581,Washington County Community College,2023,Participates in Title IV federal financial aid programs,"Under 1,000",685,45,417,266,42,,15919,"Under 1,000",Rural: Remote,3994,,,,,,,0,0.07,,
216630,Washington Health System School of Nursing,2023,Participates in Title IV federal financial aid programs,"Under 1,000",39,0,0,15,36,,,"Under 1,000",Suburb: Large,,,,,,,,0,0.00,,
418029,Washington Saratoga Warren Hamilton Essex BOCES-Practical Nursing Program,2023,Participates in Title IV federal financial aid programs,"Under 1,000",37,0,0,24,83,100,,"Under 1,000",Suburb: Small,14767,,,,,,,0,0.00,,
206446,Washington State Community College,2023,Participates in Title IV federal financial aid programs,"1,000 - 4,999",1637,87,1237,540,27,,17673,"1,000 - 4,999",Town: Fringe,7758,,,,,,,0,0.05,,
236939,Washington State University,2023,Participates in Title IV federal financial aid programs,"20,000 and above",21923,1955,2602,3251,26,85,30532,"20,000 and above",Town: Distant,18155,,,,61,43,62,0,0.09,,
179867,Washington University in St Louis,2023,Participates in Title IV federal financial aid programs,"10,000 - 19,999",8267,196,691,649,16,12,88488,"10,000 - 19,999",Suburb: Large,22440,770,800,35,93,87,94,1570,0.02,,
172617,Washtenaw Community College,2023,Participates in Title IV federal financial aid programs,"10,000 - 19,999",10756,508,7959,3907,27,,21104,"10,000 - 19,999",Suburb: Large,3588,,,,,,,0,0.05,,
199883,Watts College of Nursing,2023,Participates in Title IV federal financial aid programs,"Under 1,000",134,40,0,85,25,,,"Under 1,000",City: Large,,,,,,,,0,0.30,,
149727,Waubonsee Community College,2023,Participates in Title IV federal financial aid programs,"5,000 - 9,999",8324,196,5889,2114,22,,39345,"5,000 - 9,999",Rural: Fringe,9011,,,,,,,0,0.02,,
240125,Waukesha County Technical College,2023,Participates in Title IV federal financial aid programs,"5,000 - 9,999",7757,243,5994,1933,11,,20660,"5,000 - 9,999",Suburb: Large,10214,,,,,,,0,0.03,,
229780,Wayland Baptist University,2023,Participates in Title IV federal financial aid programs,"1,000 - 4,999",2162,288,787,1235,40,54,40766,"1,000 - 4,999",Town: Remote,20222,,,,26,9,19,0,0.13,,
199892,Wayne Community College,2023,Participates in Title IV federal financial aid programs,"1,000 - 4,999",2883,201,2034,943,37,,17524,"1,000 - 4,999",City: Small,3597,,,,,,,0,0.07,,
172635,Wayne County Community College District,2023,Participates in Title IV federal financial aid programs,"10,000 - 19,999",12554,387,10996,4925,28,,16719,"10,000 - 19,999",City: Large,5901,,,,,,,0,0.03,,
433138,Wayne County Schools Career Center,2023,Participates in Title IV federal financial aid programs,"Under 1,000",90,0,23,37,65,,,"Under 1,000",Town: Distant,32673,,,,,,,0,0.00,,
418001,Wayne Finger Lakes BOCES-Practical Nursing Program,2023,Participates in Title IV federal financial aid programs,"Under 1,000",77,0,0,50,60,,,"Under 1,000",Town: Distant,23102,,,,,,,0,0.00,,
181783,Wayne State College,2023,Participates in Title IV federal financial aid programs,"1,000 - 4,999",3934,200,1099,283,27,,22772,"1,000 - 4,999",Town: Distant,15458,,,,51,40,56,0,0.05,,
172644,Wayne State University,2023,Participates in Title IV federal financial aid programs,"20,000 and above",16117,1601,3631,2409,43,82,33571,"20,000 and above",City: Large,16021,640,620,28,60,33,57,1260,0.10,,
216694,Waynesburg University,2023,Participates in Title IV federal financial aid programs,"1,000 - 4,999",1088,37,49,37,31,92,45000,"1,000 - 4,999",Town: Distant,22837,630,590,25,67,54,61,1220,0.03,,
365505,Waynesville Career Center,2023,Participates in Title IV federal financial aid programs,"Under 1,000",21,0,0,8,58,,,"Under 1,000",Town: Remote,19044,,,,,,,0,0.00,,
229799,Weatherford College,2023,Participates in Title IV federal financial aid programs,"5,000 - 9,999",5440,349,3806,1125,19,,22863,"5,000 - 9,999",Town: Fringe,8264,,,,,,,0,0.06,,
197221,Webb Institute,2023,Participates in Title IV federal financial aid programs,"Under 1,000",105,1,0,0,9,20,,"Under 1,000",Suburb: Large,21488,745,780,,77,73,81,1525,0.01,,
138293,Webber International University,2023,Participates in Title IV federal financial aid programs,"Under 1,000",879,112,35,32,54,78,49904,"Under 1,000",Rural: Fringe,29716,,,,20,14,25,0,0.13,,
230782,Weber State University,2023,Participates in Title IV federal financial aid programs,"20,000 and above",29534,1032,17633,4951,16,,20231,"20,000 and above",City: Small,11572,,,,48,23,46,0,0.03,,
179894,Webster University,2023,Participates in Title IV federal financial aid programs,"5,000 - 9,999",2204,249,384,452,28,58,56704,"5,000 - 9,999",Suburb: Large,27695,643,590,28,58,50,61,1233,0.11,,
190424,Weill Medical College of Cornell University,2023,Participates in Title IV federal financial aid programs,"1,000 - 4,999",0,0,0,0,,,,"1,000 - 4,999",City: Large,,,,,,,,0,,,
220206,Welch College,2023,Participates in Title IV federal financial aid programs,"Under 1,000",358,14,170,59,27,,38446,"Under 1,000",Suburb: Large,19214,,,,49,47,58,0,0.04,,
168218,Wellesley College,2023,Participates in Title IV federal financial aid programs,"1,000 - 4,999",2418,16,83,17,21,14,87290,"1,000 - 4,999",Suburb: Large,21501,770,780,35,93,80,91,1550,0.01,,
197230,Wells College,2023,Participates in Title IV federal financial aid programs,"Under 1,000",357,26,4,10,47,70,52466,"Under 1,000",Rural: Distant,23956,,,,55,38,41,0,0.07,,
236975,Wenatchee Valley College,2023,Participates in Title IV federal financial aid programs,"1,000 - 4,999",2819,113,897,747,27,,30063,"1,000 - 4,999",City: Small,11977,,,,,,,0,0.04,,
168227,Wentworth Institute of Technology,2023,Participates in Title IV federal financial aid programs,"1,000 - 4,999",3813,87,349,149,23,85,63180,"1,000 - 4,999",City: Large,35585,660,660,31,72,55,69,1320,0.02,,
418357,Wes Watkins Technology Center,2023,Participates in Title IV federal financial aid programs,"Under 1,000",205,0,169,22,28,,,"Under 1,000",Rural: Remote,926,,,,,,,0,0.00,,
176451,Wesley Biblical Seminary,2023,Participates in Title IV federal financial aid programs,"Under 1,000",27,10,21,13,0,100,20500,"Under 1,000",Suburb: Large,,,,,,,,0,0.37,,
131973,Wesley Theological Seminary,2023,Participates in Title IV federal financial aid programs,"Under 1,000",0,0,0,0,,,,"Under 1,000",City: Large,,,,,,,,0,,,
141325,Wesleyan College,2023,Participates in Title IV federal financial aid programs,"Under 1,000",595,25,193,86,44,62,41476,"Under 1,000",City: Midsize,15621,465,478,,56,55,61,943,0.04,,
130697,Wesleyan University,2023,Participates in Title IV federal financial aid programs,"1,000 - 4,999",3066,37,97,50,15,17,,"1,000 - 4,999",City: Small,20463,770,770,35,91,81,92,1540,0.01,,
216764,West Chester University of Pennsylvania,2023,Participates in Title IV federal financial aid programs,"10,000 - 19,999",14344,1081,1527,961,24,79,33751,"10,000 - 19,999",Suburb: Large,21684,640,630,28,74,53,70,1270,0.08,,
139278,West Georgia Technical College,2023,Participates in Title IV federal financial aid programs,"5,000 - 9,999",6722,511,4917,2098,39,,14436,"5,000 - 9,999",Rural: Fringe,2780,,,,,,,0,0.08,,
157483,West Kentucky Community and Technical College,2023,Participates in Title IV federal financial aid programs,"5,000 - 9,999",5132,159,3591,1492,32,,17914,"5,000 - 9,999",City: Small,7233,,,,,,,0,0.03,,
237932,West Liberty University,2023,Participates in Title IV federal financial aid programs,"1,000 - 4,999",1944,107,412,113,32,72,22146,"1,000 - 4,999",Rural: Fringe,14203,585,540,24,42,42,56,1125,0.06,,
125471,West Los Angeles College,2023,Participates in Title IV federal financial aid programs,"5,000 - 9,999",9299,1823,7811,4451,20,,27799,"5,000 - 9,999",Suburb: Large,9426,,,,,,,0,0.20,,
172671,West Shore Community College,2023,Participates in Title IV federal financial aid programs,"1,000 - 4,999",1028,25,763,273,34,,21308,"1,000 - 4,999",Rural: Distant,3164,,,,,,,0,0.02,,
229814,West Texas A & M University,2023,Participates in Title IV federal financial aid programs,"5,000 - 9,999",6786,891,1375,1418,39,97,23737,"5,000 - 9,999",Town: Fringe,17182,590,570,24,47,14,47,1160,0.13,,
125499,West Valley College,2023,Participates in Title IV federal financial aid programs,"5,000 - 9,999",7272,755,4955,1928,11,,28983,"5,000 - 9,999",Suburb: Large,6541,,,,,,,0,0.10,,
238014,West Virginia Northern Community College,2023,Participates in Title IV federal financial aid programs,"1,000 - 4,999",1263,82,721,281,42,,19034,"1,000 - 4,999",City: Small,3998,,,,,,,0,0.06,,
237880,West Virginia School of Osteopathic Medicine,2023,Participates in Title IV federal financial aid programs,"Under 1,000",0,0,0,0,,,,"Under 1,000",Town: Distant,,,,,,,,0,,,
237899,West Virginia State University,2023,Participates in Title IV federal financial aid programs,"1,000 - 4,999",3322,126,2030,261,18,96,24641,"1,000 - 4,999",Suburb: Midsize,10878,550,523,22,32,25,34,1073,0.04,,
238032,West Virginia University,2023,Participates in Title IV federal financial aid programs,"20,000 and above",18615,688,1489,757,20,86,23468,"20,000 and above",City: Small,13691,630,610,26,64,43,60,1240,0.04,,
237686,West Virginia University at Parkersburg,2023,Participates in Title IV federal financial aid programs,"1,000 - 4,999",2584,185,1386,616,30,,16620,"1,000 - 4,999",Rural: Fringe,3536,,,,,,,0,0.07,,
237905,West Virginia University Hospital Departments of Rad Tech and Nutrition,2023,Participates in Title IV federal financial aid programs,"Under 1,000",60,0,0,10,11,,,"Under 1,000",City: Small,,,,,,,,0,0.00,,
237950,West Virginia University Institute of Technology,2023,Participates in Title IV federal financial aid programs,"1,000 - 4,999",1448,52,504,82,24,61,21874,"1,000 - 4,999",City: Small,11015,570,550,24,29,25,36,1120,0.04,,
237969,West Virginia Wesleyan College,2023,Participates in Title IV federal financial aid programs,"Under 1,000",938,64,32,28,37,95,42559,"Under 1,000",Town: Remote,20093,580,563,23,55,39,49,1143,0.07,,
368407,Western Area Career & Technology Center,2023,Participates in Title IV federal financial aid programs,"Under 1,000",39,0,28,32,84,,,"Under 1,000",Rural: Fringe,,,,,,,,0,0.00,,
200004,Western Carolina University,2023,Participates in Title IV federal financial aid programs,"10,000 - 19,999",10009,1053,1809,2049,33,87,20877,"10,000 - 19,999",Town: Distant,12252,650,610,26,62,41,59,1260,0.11,,
128391,Western Colorado University,2023,Participates in Title IV federal financial aid programs,"1,000 - 4,999",3569,122,2027,250,13,97,30388,"1,000 - 4,999",Town: Remote,17709,630,610,28,50,32,51,1240,0.03,,
130776,Western Connecticut State University,2023,Participates in Title IV federal financial aid programs,"1,000 - 4,999",3542,281,545,427,35,81,31577,"1,000 - 4,999",City: Small,16527,600,550,27,54,33,50,1150,0.08,,
219480,Western Dakota Technical College,2023,Participates in Title IV federal financial aid programs,"1,000 - 4,999",1047,132,534,297,28,,23408,"1,000 - 4,999",City: Small,13723,,,,,,,0,0.13,,
433387,Western Governors University,2023,Participates in Title IV federal financial aid programs,"20,000 and above",135822,23531,0,114238,35,,17600,"20,000 and above",Suburb: Large,9555,,,,67,34,51,0,0.17,,
149772,Western Illinois University,2023,Participates in Title IV federal financial aid programs,"5,000 - 9,999",5025,603,773,812,28,75,30413,"5,000 - 9,999",Town: Remote,12168,,,,52,31,45,0,0.12,,
154572,Western Iowa Tech Community College,2023,Participates in Title IV federal financial aid programs,"5,000 - 9,999",5071,331,3364,1036,25,,17468,"5,000 - 9,999",City: Small,9064,,,,,,,0,0.07,,
157951,Western Kentucky University,2023,Participates in Title IV federal financial aid programs,"10,000 - 19,999",14590,760,3260,1348,29,97,30541,"10,000 - 19,999",City: Small,12054,520,490,20,61,42,56,1010,0.05,,
495013,Western Maricopa Education Center,2023,Participates in Title IV federal financial aid programs,"Under 1,000",220,0,220,73,17,,,"Under 1,000",Suburb: Large,,,,,,,,0,0.00,,
172699,Western Michigan University,2023,Participates in Title IV federal financial aid programs,"10,000 - 19,999",13026,988,1990,1224,25,85,30770,"10,000 - 19,999",City: Small,20183,620,600,27,59,29,58,1220,0.08,,
490373,Western Michigan University Homer Stryker M.D. School of Medicine,2023,Participates in Title IV federal financial aid programs,"Under 1,000",0,0,0,0,,,,"Under 1,000",City: Small,,,,,,,,0,,,
181817,Western Nebraska Community College,2023,Participates in Title IV federal financial aid programs,"1,000 - 4,999",1508,162,825,326,25,,16795,"1,000 - 4,999",Town: Remote,5958,,,,,,,0,0.11,,
182564,Western Nevada College,2023,Participates in Title IV federal financial aid programs,"1,000 - 4,999",4188,175,3003,1077,18,,25120,"1,000 - 4,999",City: Small,15793,,,,,,,0,0.04,,
168254,Western New England University,2023,Participates in Title IV federal financial aid programs,"1,000 - 4,999",2584,100,151,67,25,83,58830,"1,000 - 4,999",City: Midsize,31548,650,660,27,64,59,64,1310,0.04,,
188304,Western New Mexico University,2023,Participates in Title IV federal financial aid programs,"1,000 - 4,999",2602,268,1341,975,42,,24696,"1,000 - 4,999",Town: Remote,8712,,,,28,16,26,0,0.10,,
208035,Western Oklahoma State College,2023,Participates in Title IV federal financial aid programs,"1,000 - 4,999",1151,70,701,285,33,,20511,"1,000 - 4,999",Town: Remote,10016,,,,,,,0,0.06,,
210429,Western Oregon University,2023,Participates in Title IV federal financial aid programs,"1,000 - 4,999",3249,381,461,540,40,99,26741,"1,000 - 4,999",Town: Fringe,15249,575,533,26,50,31,45,1108,0.12,,
216773,Western Pennsylvania Hospital School of Nursing,2023,Participates in Title IV federal financial aid programs,"Under 1,000",145,0,0,71,38,96,36186,"Under 1,000",City: Large,15916,,,,,,,0,0.00,,
199908,Western Piedmont Community College,2023,Participates in Title IV federal financial aid programs,"1,000 - 4,999",1791,101,1229,415,33,,21332,"1,000 - 4,999",City: Small,7429,,,,,,,0,0.06,,
210368,Western Seminary,2023,Participates in Title IV federal financial aid programs,"Under 1,000",0,0,0,0,,,,"Under 1,000",City: Large,,,,,,,,0,,,
420468,Western Suffolk BOCES,2023,Participates in Title IV federal financial aid programs,"Under 1,000",274,0,33,160,41,,,"Under 1,000",Suburb: Large,,,,,,,,0,0.00,,
240170,Western Technical College,2023,Participates in Title IV federal financial aid programs,"1,000 - 4,999",3906,171,2293,1340,32,,19172,"1,000 - 4,999",City: Small,9962,,,,,,,0,0.04,,
418302,Western Technology Center,2023,Participates in Title IV federal financial aid programs,"Under 1,000",545,0,459,54,14,,,"Under 1,000",Rural: Remote,11144,,,,,,,0,0.00,,
229832,Western Texas College,2023,Participates in Title IV federal financial aid programs,"1,000 - 4,999",1434,5,1008,141,8,,16542,"1,000 - 4,999",Town: Remote,7135,,,,,,,0,0.00,,
172705,Western Theological Seminary,2023,Participates in Title IV federal financial aid programs,"Under 1,000",0,0,0,0,,,,"Under 1,000",City: Small,,,,,,,,0,,,
112525,Western University of Health Sciences,2023,Participates in Title IV federal financial aid programs,"1,000 - 4,999",0,0,0,0,,,,"1,000 - 4,999",Suburb: Large,,,,,,,,0,,,
237011,Western Washington University,2023,Participates in Title IV federal financial aid programs,"10,000 - 19,999",13704,927,1377,990,21,91,29967,"10,000 - 19,999",City: Small,22096,690,660,29,69,42,66,1350,0.07,,
240693,Western Wyoming Community College,2023,Participates in Title IV federal financial aid programs,"1,000 - 4,999",2464,69,1699,512,18,,19570,"1,000 - 4,999",Town: Remote,9799,,,,,,,0,0.03,,
168263,Westfield State University,2023,Participates in Title IV federal financial aid programs,"1,000 - 4,999",3788,306,699,459,33,81,30439,"1,000 - 4,999",Suburb: Large,17723,,,,62,44,55,0,0.08,,
216807,Westminster College,2023,Participates in Title IV federal financial aid programs,"1,000 - 4,999",1155,13,105,59,25,86,54100,"1,000 - 4,999",Rural: Distant,21089,,,,73,61,66,0,0.01,,
179946,Westminster College,2023,Participates in Title IV federal financial aid programs,"Under 1,000",593,34,7,23,40,78,52106,"Under 1,000",Town: Distant,26780,580,540,23,54,48,57,1120,0.06,,
216816,Westminster Theological Seminary,2023,Participates in Title IV federal financial aid programs,"1,000 - 4,999",0,0,0,0,,,,"1,000 - 4,999",Suburb: Large,,,,,,,,0,,,
125718,Westminster Theological Seminary in California,2023,Participates in Title IV federal financial aid programs,"Under 1,000",0,0,0,0,,,,"Under 1,000",Suburb: Large,,,,,,,,0,,,
230807,Westminster University,2023,Participates in Title IV federal financial aid programs,"1,000 - 4,999",895,73,41,92,25,69,61707,"1,000 - 4,999",City: Midsize,28156,718,660,29,64,58,69,1378,0.08,,
125727,Westmont College,2023,Participates in Title IV federal financial aid programs,"1,000 - 4,999",1310,67,10,47,19,80,64240,"1,000 - 4,999",Suburb: Midsize,36412,720,698,34,73,68,70,1418,0.05,,
216825,Westmoreland County Community College,2023,Participates in Title IV federal financial aid programs,"1,000 - 4,999",4275,294,3050,966,28,,21104,"1,000 - 4,999",Suburb: Large,5111,,,,,,,0,0.07,,
229841,Wharton County Junior College,2023,Participates in Title IV federal financial aid programs,"5,000 - 9,999",5687,348,3435,832,27,,18240,"5,000 - 9,999",Town: Distant,4095,,,,,,,0,0.06,,
237039,Whatcom Community College,2023,Participates in Title IV federal financial aid programs,"1,000 - 4,999",3490,243,1746,912,19,,27664,"1,000 - 4,999",City: Small,11629,,,,,,,0,0.07,,
149781,Wheaton College,2023,Participates in Title IV federal financial aid programs,"1,000 - 4,999",2119,40,76,16,20,90,62272,"1,000 - 4,999",Suburb: Large,31346,720,720,32,88,82,87,1440,0.02,,
168281,Wheaton College (Massachusetts),2023,Participates in Title IV federal financial aid programs,"1,000 - 4,999",1778,26,32,19,20,71,79510,"1,000 - 4,999",Suburb: Large,31638,720,700,33,73,69,76,1420,0.01,,
238078,Wheeling University,2023,Participates in Title IV federal financial aid programs,"Under 1,000",588,64,28,52,25,75,38067,"Under 1,000",City: Small,19164,,,,57,27,32,0,0.11,,
434751,White Earth Tribal and Community College,2023,Participates in Title IV federal financial aid programs,"Under 1,000",103,12,38,67,72,,22500,"Under 1,000",Rural: Remote,5414,,,,,,,0,0.12,,
183105,White Mountains Community College,2023,Participates in Title IV federal financial aid programs,"Under 1,000",508,53,345,217,36,,26994,"Under 1,000",Town: Remote,13173,,,,,,,0,0.10,,
237057,Whitman College,2023,Participates in Title IV federal financial aid programs,"1,000 - 4,999",1544,26,47,25,15,50,78332,"1,000 - 4,999",City: Small,41601,740,740,33,90,68,81,1480,0.02,,
125763,Whittier College,2023,Participates in Title IV federal financial aid programs,"Under 1,000",813,80,26,44,32,85,61664,"Under 1,000",Suburb: Large,32436,,,,66,55,63,0,0.10,,
237066,Whitworth University,2023,Participates in Title IV federal financial aid programs,"1,000 - 4,999",1939,74,48,53,28,87,72172,"1,000 - 4,999",Suburb: Large,27491,670,650,29,76,60,68,1320,0.04,,
475200,Whitworth University-Adult Degree Programs,2023,Branch campus of a main campus that participates in Title IV,"Under 1,000",170,42,135,151,47,,,"Under 1,000",Suburb: Large,,,,,,,,0,0.25,,
156125,Wichita State University,2023,Participates in Title IV federal financial aid programs,"10,000 - 19,999",12856,1295,4292,2851,30,95,26772,"10,000 - 19,999",City: Large,14184,630,620,26,51,31,51,1250,0.10,,
156107,Wichita State University-Campus of Applied Sciences and Technology,2023,Participates in Title IV federal financial aid programs,"5,000 - 9,999",5655,546,3919,1308,21,,26805,"5,000 - 9,999",City: Large,10356,,,,,,,0,0.10,,
216852,Widener University,2023,Participates in Title IV federal financial aid programs,"5,000 - 9,999",2811,146,220,277,25,84,66386,"5,000 - 9,999",Suburb: Large,30720,640,620,,69,56,64,1260,0.05,,
206491,Wilberforce University,2023,Participates in Title IV federal financial aid programs,"Under 1,000",602,39,137,58,74,53,24626,"Under 1,000",Rural: Fringe,8222,,,21,20,8,16,0,0.06,,
229887,Wiley University,2023,Participates in Title IV federal financial aid programs,"Under 1,000",636,68,22,84,77,,20300,"Under 1,000",Town: Distant,10290,,,,28,14,20,0,0.11,,
199926,Wilkes Community College,2023,Participates in Title IV federal financial aid programs,"1,000 - 4,999",2405,39,1445,319,29,,14778,"1,000 - 4,999",Town: Distant,3190,,,,,,,0,0.02,,
216931,Wilkes University,2023,Participates in Title IV federal financial aid programs,"5,000 - 9,999",1956,117,147,144,30,91,56486,"5,000 - 9,999",City: Small,28508,640,630,29,62,49,60,1270,0.06,,
365383,Wilkes-Barre Area Career and Technical Center Practical Nursing,2023,Participates in Title IV federal financial aid programs,"Under 1,000",102,0,0,68,60,56,,"Under 1,000",Suburb: Large,17387,,,,,,,0,0.00,,
210401,Willamette University,2023,Participates in Title IV federal financial aid programs,"1,000 - 4,999",1571,61,25,16,22,79,67501,"1,000 - 4,999",City: Midsize,27716,730,700,32,72,60,73,1430,0.04,,
231624,William & Mary,2023,Participates in Title IV federal financial aid programs,"5,000 - 9,999",6963,167,76,74,12,33,43035,"5,000 - 9,999",Suburb: Small,20422,750,760,34,92,86,91,1510,0.02,,
176479,William Carey University,2023,Participates in Title IV federal financial aid programs,"5,000 - 9,999",3113,386,1333,724,25,58,31068,"5,000 - 9,999",City: Small,17192,620,580,27,61,32,41,1200,0.12,,
166717,William James College,2023,Participates in Title IV federal financial aid programs,"Under 1,000",36,10,19,30,35,,,"Under 1,000",City: Small,,,,,,,,0,0.28,,
122728,William Jessup University,2023,Participates in Title IV federal financial aid programs,"1,000 - 4,999",1056,159,152,185,34,77,63711,"1,000 - 4,999",Suburb: Large,28171,,,,62,46,61,0,0.15,,
179955,William Jewell College,2023,Participates in Title IV federal financial aid programs,"Under 1,000",868,48,27,25,28,34,38923,"Under 1,000",Suburb: Large,17408,570,550,25,65,53,62,1120,0.06,,
187444,William Paterson University of New Jersey,2023,Participates in Title IV federal financial aid programs,"5,000 - 9,999",6546,952,1412,2086,44,93,33002,"5,000 - 9,999",Suburb: Large,16999,,,,56,29,48,0,0.15,,
199272,William Peace University,2023,Participates in Title IV federal financial aid programs,"Under 1,000",730,105,142,203,35,97,51628,"Under 1,000",City: Large,24503,640,640,27,42,35,44,1280,0.14,,
154590,William Penn University,2023,Participates in Title IV federal financial aid programs,"1,000 - 4,999",1449,224,112,319,46,57,43800,"1,000 - 4,999",Town: Remote,22361,540,560,22,32,22,29,1100,0.15,,
222105,William R Moore College of Technology,2023,Participates in Title IV federal financial aid programs,"Under 1,000",461,10,248,121,36,,34812,"Under 1,000",City: Large,17351,,,,,,,0,0.02,,
149842,William Rainey Harper College,2023,Participates in Title IV federal financial aid programs,"10,000 - 19,999",13069,449,9066,3782,20,,36230,"10,000 - 19,999",Suburb: Large,6608,,,,,,,0,0.03,,
138479,William T McFatter Technical College,2023,Participates in Title IV federal financial aid programs,"Under 1,000",850,0,0,320,27,,,"Under 1,000",Suburb: Large,9345,,,,,,,0,0.00,,
179964,William Woods University,2023,Participates in Title IV federal financial aid programs,"1,000 - 4,999",1097,323,315,325,30,74,47000,"1,000 - 4,999",Town: Distant,22925,,,,55,49,57,0,0.29,,
107877,Williams Baptist University,2023,Participates in Title IV federal financial aid programs,"Under 1,000",491,39,7,13,47,59,33210,"Under 1,000",Rural: Distant,16658,540,518,22,33,26,35,1058,0.08,,
168342,Williams College,2023,Participates in Title IV federal financial aid programs,"1,000 - 4,999",2112,13,42,21,17,10,,"1,000 - 4,999",Town: Fringe,16988,770,790,35,95,74,97,1560,0.01,,
218955,Williamsburg Technical College,2023,Participates in Title IV federal financial aid programs,"Under 1,000",629,50,551,186,40,,23205,"Under 1,000",Town: Distant,7321,,,,,,,0,0.08,,
443340,Williamson Christian College,2023,Participates in Title IV federal financial aid programs,"Under 1,000",40,3,0,18,39,,36194,"Under 1,000",City: Small,19813,,,,0,0,50,0,0.08,,
216940,Williamson College of the Trades,2023,Participates in Title IV federal financial aid programs,"Under 1,000",313,4,0,0,59,30,,"Under 1,000",Suburb: Large,1421,,,,,,,0,0.01,,
200341,Williston State College,2023,Participates in Title IV federal financial aid programs,"Under 1,000",912,71,384,139,20,,20602,"Under 1,000",Town: Remote,8621,,,,,,,0,0.08,,
206507,Wilmington College,2023,Participates in Title IV federal financial aid programs,"Under 1,000",924,36,35,43,37,85,37812,"Under 1,000",Town: Distant,24915,540,510,23,53,49,55,1050,0.04,,
131113,Wilmington University,2023,Participates in Title IV federal financial aid programs,"10,000 - 19,999",9355,1392,6323,5742,26,,21930,"10,000 - 19,999",Suburb: Large,14267,,,,27,12,23,0,0.15,,
217013,Wilson College,2023,Participates in Title IV federal financial aid programs,"1,000 - 4,999",1180,112,560,489,27,90,37773,"1,000 - 4,999",City: Small,21567,570,540,,53,43,52,1110,0.09,,
199953,Wilson Community College,2023,Participates in Title IV federal financial aid programs,"1,000 - 4,999",1751,82,1451,492,25,,19582,"1,000 - 4,999",Town: Fringe,8059,,,,,,,0,0.05,,
491783,Wilton Simpson Technical College,2023,Participates in Title IV federal financial aid programs,"Under 1,000",114,0,66,42,35,,,"Under 1,000",Suburb: Midsize,11854,,,,,,,0,0.00,,
141990,Windward Community College,2023,Participates in Title IV federal financial aid programs,"1,000 - 4,999",2743,192,2228,860,13,,25093,"1,000 - 4,999",Suburb: Midsize,8601,,,,,,,0,0.07,,
206516,Winebrenner Theological Seminary,2023,Participates in Title IV federal financial aid programs,"Under 1,000",0,0,0,0,,,,"Under 1,000",Town: Distant,,,,,,,,0,,,
199962,Wingate University,2023,Participates in Title IV federal financial aid programs,"1,000 - 4,999",2464,140,40,109,41,85,63596,"1,000 - 4,999",Suburb: Large,21464,640,630,24,62,36,47,1270,0.06,,
175272,Winona State University,2023,Participates in Title IV federal financial aid programs,"5,000 - 9,999",5267,412,782,510,23,69,23962,"5,000 - 9,999",Town: Distant,18919,610,640,25,63,45,60,1250,0.08,,
199999,Winston-Salem State University,2023,Participates in Title IV federal financial aid programs,"1,000 - 4,999",4260,370,492,539,61,69,24056,"1,000 - 4,999",City: Large,12948,530,520,18,47,33,49,1050,0.09,,
218964,Winthrop University,2023,Participates in Title IV federal financial aid programs,"1,000 - 4,999",3787,268,573,236,39,75,36368,"1,000 - 4,999",City: Small,16838,630,590,26,59,51,61,1220,0.07,,
141255,Wiregrass Georgia Technical College,2023,Participates in Title IV federal financial aid programs,"1,000 - 4,999",4380,379,3466,1360,39,,15358,"1,000 - 4,999",Rural: Fringe,2013,,,,,,,0,0.09,,
240338,Wisconsin Lutheran College,2023,Participates in Title IV federal financial aid programs,"1,000 - 4,999",1021,38,37,26,25,79,53288,"1,000 - 4,999",City: Large,22809,660,640,28,61,52,63,1300,0.04,,
240213,Wisconsin School of Professional Psychology,2023,Participates in Title IV federal financial aid programs,"Under 1,000",0,0,0,0,,,,"Under 1,000",City: Large,,,,,,,,0,,,
138497,Withlacoochee Technical College,2023,Participates in Title IV federal financial aid programs,"Under 1,000",275,0,0,97,36,,,"Under 1,000",Suburb: Small,4511,,,,,,,0,0.00,,
206525,Wittenberg University,2023,Participates in Title IV federal financial aid programs,"1,000 - 4,999",1288,77,27,13,29,91,59364,"1,000 - 4,999",City: Small,21457,640,620,27,65,47,54,1260,0.06,,
218973,Wofford College,2023,Participates in Title IV federal financial aid programs,"1,000 - 4,999",1873,30,6,6,15,59,66746,"1,000 - 4,999",City: Small,31061,680,670,31,80,77,81,1350,0.02,,
491631,Women's Institute of Torah Seminary and College,2023,Participates in Title IV federal financial aid programs,"Under 1,000",191,20,64,1,24,96,32300,"Under 1,000",City: Large,13844,,,,67,100,100,0,0.10,,
442064,Won Institute of Graduate Studies,2023,Participates in Title IV federal financial aid programs,"Under 1,000",0,0,0,0,,,,"Under 1,000",Suburb: Large,,,,,,,,0,,,
488907,Wongu University of Oriental Medicine,2023,Participates in Title IV federal financial aid programs,"Under 1,000",0,0,0,0,,,,"Under 1,000",City: Midsize,,,,,,,,0,,,
238096,Wood County Technical Center-Practical Nursing,2023,Participates in Title IV federal financial aid programs,"Under 1,000",28,0,0,16,80,83,,"Under 1,000",City: Small,5787,,,,,,,0,0.00,,
125897,Woodbury University,2023,Participates in Title IV federal financial aid programs,"Under 1,000",825,117,61,147,49,73,71447,"Under 1,000",City: Large,31257,,,,61,30,55,0,0.14,,
455512,Woodland Community College,2023,Participates in Title IV federal financial aid programs,"1,000 - 4,999",3664,474,2922,1092,25,,28318,"1,000 - 4,999",Suburb: Small,6335,,,,,,,0,0.13,,
164313,Wor-Wic Community College,2023,Participates in Title IV federal financial aid programs,"1,000 - 4,999",2636,175,2211,881,41,,24820,"1,000 - 4,999",Rural: Fringe,7385,,,,,,,0,0.07,,
168421,Worcester Polytechnic Institute,2023,Participates in Title IV federal financial aid programs,"5,000 - 9,999",5453,79,151,38,10,58,79542,"5,000 - 9,999",City: Midsize,47799,,,,88,83,88,0,0.01,,
168430,Worcester State University,2023,Participates in Title IV federal financial aid programs,"5,000 - 9,999",4734,310,1375,533,29,90,24212,"5,000 - 9,999",City: Midsize,14307,635,645,,63,40,56,1280,0.07,,
197531,Word of Life Bible Institute,2023,Participates in Title IV federal financial aid programs,"Under 1,000",549,0,0,14,39,,22600,"Under 1,000",Rural: Distant,13127,,,,,,,0,0.00,,
401223,World Mission University,2023,Participates in Title IV federal financial aid programs,"Under 1,000",180,19,76,153,47,,22505,"Under 1,000",City: Large,16598,,,,100,0,50,0,0.11,,
486460,Wright Graduate University for the Realization of Human Potential,2023,"Not currently participating in Title IV, has an OPE ID number",Not applicable,,,,,,,,Not applicable,Rural: Fringe,,,,,,,,0,,,
206613,Wright State University-Lake Campus,2023,Participates in Title IV federal financial aid programs,"1,000 - 4,999",1398,177,728,111,16,,23374,"1,000 - 4,999",Rural: Fringe,12039,,,,34,29,39,0,0.13,,
206604,Wright State University-Main Campus,2023,Participates in Title IV federal financial aid programs,"5,000 - 9,999",7012,658,1715,1095,33,95,26858,"5,000 - 9,999",Suburb: Large,15400,620,610,25,45,29,46,1230,0.09,,
234377,Wytheville Community College,2023,Participates in Title IV federal financial aid programs,"1,000 - 4,999",2119,89,1297,465,32,,14603,"1,000 - 4,999",Town: Remote,5174,,,,,,,0,0.04,,
206622,Xavier University,2023,Participates in Title IV federal financial aid programs,"5,000 - 9,999",4748,136,170,243,14,88,66445,"5,000 - 9,999",City: Large,31542,658,640,29,76,63,70,1298,0.03,,
160904,Xavier University of Louisiana,2023,Participates in Title IV federal financial aid programs,"1,000 - 4,999",2591,74,139,42,52,74,47148,"1,000 - 4,999",City: Large,17874,568,570,25,50,36,48,1138,0.03,,
237109,Yakima Valley College,2023,Participates in Title IV federal financial aid programs,"1,000 - 4,999",3523,125,1235,1033,38,,27681,"1,000 - 4,999",City: Small,12326,,,,,,,0,0.04,,
130794,Yale University,2023,Participates in Title IV federal financial aid programs,"10,000 - 19,999",6818,17,13,70,19,5,,"10,000 - 19,999",City: Midsize,26044,780,800,35,97,66,96,1580,0.00,,
106148,Yavapai College,2023,Participates in Title IV federal financial aid programs,"5,000 - 9,999",7200,407,5594,2321,19,,19858,"5,000 - 9,999",City: Small,6985,,,,,,,0,0.06,,
490319,Yeshiva Bais Aharon,2023,Participates in Title IV federal financial aid programs,"Under 1,000",13,0,0,0,75,75,33390,"Under 1,000",City: Small,11935,,,,4,0,0,0,0.00,,
491622,Yeshiva Chemdas Hatorah,2023,Participates in Title IV federal financial aid programs,"Under 1,000",79,2,0,0,47,75,34790,"Under 1,000",Suburb: Large,9676,,,,38,0,18,0,0.03,,
434937,Yeshiva College of the Nations Capital,2023,Participates in Title IV federal financial aid programs,"Under 1,000",57,19,0,0,19,,25800,"Under 1,000",Suburb: Large,12351,,,,29,50,50,0,0.33,,
420325,Yeshiva D'monsey Rabbinical College,2023,Participates in Title IV federal financial aid programs,"Under 1,000",86,4,0,0,84,42,33750,"Under 1,000",Suburb: Large,6266,,,,25,0,5,0,0.05,,
197647,Yeshiva Derech Chaim,2023,Participates in Title IV federal financial aid programs,"Under 1,000",119,10,4,8,40,70,37700,"Under 1,000",City: Large,10153,,,,18,0,18,0,0.08,,
493716,Yeshiva Gedola Tiferes Yaakov Yitzchok,2023,Participates in Title IV federal financial aid programs,"Under 1,000",69,3,0,0,19,50,,"Under 1,000",Suburb: Large,11596,,,,29,33,33,0,0.04,,
491914,Yeshiva Gedola Tiferes Yerachmiel,2023,Participates in Title IV federal financial aid programs,"Under 1,000",172,18,0,0,43,43,,"Under 1,000",City: Small,8936,,,,0,0,12,0,0.10,,
375230,Yeshiva Gedolah Imrei Yosef D'spinka,2023,Participates in Title IV federal financial aid programs,"Under 1,000",232,37,0,29,91,,20200,"Under 1,000",City: Large,10079,,,,20,0,62,0,0.16,,
491640,Yeshiva Gedolah Keren Hatorah,2023,Participates in Title IV federal financial aid programs,"Under 1,000",189,6,0,0,60,95,34950,"Under 1,000",City: Small,9303,,,,5,0,2,0,0.03,,
481410,Yeshiva Gedolah Kesser Torah,2023,Participates in Title IV federal financial aid programs,"Under 1,000",82,6,0,0,38,36,34600,"Under 1,000",Suburb: Large,12583,,,,39,38,38,0,0.07,,
491710,Yeshiva Gedolah of Cliffwood,2023,Participates in Title IV federal financial aid programs,"Under 1,000",55,5,0,0,9,80,,"Under 1,000",Suburb: Large,11523,,,,20,5,11,0,0.09,,
247773,Yeshiva Gedolah of Greater Detroit,2023,Participates in Title IV federal financial aid programs,"Under 1,000",71,0,0,0,38,93,32500,"Under 1,000",Suburb: Large,6162,,,,7,46,46,0,0.00,,
493707,Yeshiva Gedolah of Woodlake Village,2023,Participates in Title IV federal financial aid programs,"Under 1,000",79,4,0,0,32,95,34030,"Under 1,000",Suburb: Large,9188,,,,5,22,22,0,0.05,,
488350,Yeshiva Gedolah Shaarei Shmuel,2023,Participates in Title IV federal financial aid programs,"Under 1,000",132,0,0,0,38,53,35120,"Under 1,000",City: Small,8944,,,,18,9,9,0,0.00,,
491613,Yeshiva Gedolah Tiferes Boruch,2023,Participates in Title IV federal financial aid programs,"Under 1,000",70,2,0,0,55,100,,"Under 1,000",Suburb: Large,7528,,,,0,0,0,0,0.03,,
476692,Yeshiva Gedolah Zichron Leyma,2023,Participates in Title IV federal financial aid programs,"Under 1,000",47,4,0,0,45,71,35550,"Under 1,000",Suburb: Large,7047,,,,0,0,0,0,0.09,,
197601,Yeshiva Karlin Stolin,2023,Participates in Title IV federal financial aid programs,"Under 1,000",136,4,0,1,79,,36740,"Under 1,000",City: Large,3745,,,,50,0,33,0,0.03,,
491057,Yeshiva Kollel Tifereth Elizer,2023,Participates in Title IV federal financial aid programs,"Under 1,000",373,194,0,17,89,75,37300,"Under 1,000",City: Large,11349,,,,7,86,86,0,0.52,,
190752,Yeshiva of Far Rockaway Derech Ayson Rabbinical Seminary,2023,Participates in Title IV federal financial aid programs,"Under 1,000",57,1,0,0,17,88,34550,"Under 1,000",City: Large,16144,,,,9,13,53,0,0.02,,
498809,Yeshiva of Kasho,2023,Participates in Title IV federal financial aid programs,"Under 1,000",174,7,0,0,73,,35500,"Under 1,000",City: Large,10364,,,,,0,11,0,0.04,,
455257,Yeshiva of Machzikai Hadas,2023,Participates in Title IV federal financial aid programs,"Under 1,000",461,61,0,6,84,66,35800,"Under 1,000",City: Large,19630,,,,51,0,71,0,0.13,,
197674,Yeshiva of Nitra Rabbinical College,2023,Participates in Title IV federal financial aid programs,"Under 1,000",249,59,0,10,78,,35300,"Under 1,000",Rural: Fringe,7269,,,,21,0,18,0,0.24,,
493594,Yeshiva of Ocean,2023,Participates in Title IV federal financial aid programs,"Under 1,000",57,2,0,0,63,38,,"Under 1,000",Rural: Distant,9871,,,,13,0,11,0,0.04,,
431983,Yeshiva of the Telshe Alumni,2023,Participates in Title IV federal financial aid programs,"Under 1,000",78,0,0,0,47,,34400,"Under 1,000",City: Large,,,,,67,0,0,0,0.00,,
126076,Yeshiva Ohr Elchonon Chabad West Coast Talmudical Seminary,2023,Participates in Title IV federal financial aid programs,"Under 1,000",157,11,0,0,55,62,41900,"Under 1,000",City: Large,13122,,,,25,20,20,0,0.07,,
490504,Yeshiva Ohr Naftoli,2023,Participates in Title IV federal financial aid programs,"Under 1,000",43,1,0,0,23,81,,"Under 1,000",Suburb: Large,11038,,,,,9,9,0,0.02,,
486017,Yeshiva Ohr Yisrael,2023,Participates in Title IV federal financial aid programs,"Under 1,000",17,6,0,1,26,100,28270,"Under 1,000",City: Large,10500,,,,0,13,13,0,0.35,,
490276,Yeshiva Shaar Ephraim,2023,Participates in Title IV federal financial aid programs,"Under 1,000",138,21,0,1,73,,29675,"Under 1,000",Suburb: Large,4568,,,,17,0,8,0,0.15,,
441609,Yeshiva Shaarei Torah of Rockland,2023,Participates in Title IV federal financial aid programs,"Under 1,000",141,32,0,23,24,35,38000,"Under 1,000",Suburb: Large,18501,,,,,,,0,0.23,,
486026,Yeshiva Sholom Shachna,2023,Participates in Title IV federal financial aid programs,"Under 1,000",118,0,0,0,48,87,34950,"Under 1,000",City: Large,7551,,,,18,3,6,0,0.00,,
451398,Yeshiva Toras Chaim,2023,Participates in Title IV federal financial aid programs,"Under 1,000",225,10,0,0,42,98,37750,"Under 1,000",Suburb: Large,5821,,,,15,5,27,0,0.04,,
197708,Yeshiva University,2023,Participates in Title IV federal financial aid programs,"5,000 - 9,999",3091,52,169,12,14,64,70800,"5,000 - 9,999",City: Large,38118,740,760,33,82,79,85,1500,0.02,,
494737,Yeshiva Yesoda Hatorah Vetz Chaim,2023,Participates in Title IV federal financial aid programs,"Under 1,000",205,18,0,2,83,,29550,"Under 1,000",City: Large,8101,,,,,0,35,0,0.09,,
481438,Yeshiva Yesodei Hatorah,2023,Participates in Title IV federal financial aid programs,"Under 1,000",72,3,0,0,39,100,37500,"Under 1,000",Suburb: Large,11390,,,,18,7,7,0,0.04,,
487746,Yeshiva Zichron Aryeh,2023,Participates in Title IV federal financial aid programs,"Under 1,000",36,9,0,1,11,60,34650,"Under 1,000",City: Large,,,,,60,0,0,0,0.25,,
363712,Yeshivah Gedolah Rabbinical College,2023,Participates in Title IV federal financial aid programs,"Under 1,000",77,32,0,3,39,,,"Under 1,000",City: Small,12485,,,,0,36,36,0,0.42,,
451370,Yeshivas Be'er Yitzchok,2023,Participates in Title IV federal financial aid programs,"Under 1,000",52,7,1,18,57,100,36850,"Under 1,000",Suburb: Large,23562,,,,22,0,14,0,0.13,,
491765,Yeshivas Emek Hatorah,2023,Participates in Title IV federal financial aid programs,"Under 1,000",93,0,0,0,10,100,34750,"Under 1,000",Rural: Fringe,10547,,,,4,4,4,0,0.00,,
405058,Yeshivas Novominsk,2023,Participates in Title IV federal financial aid programs,"Under 1,000",163,2,0,0,35,90,33640,"Under 1,000",City: Large,9267,,,,0,0,0,0,0.01,,
498906,Yeshivas Sanz Klauzenburg,2023,Participates in Title IV federal financial aid programs,"Under 1,000",107,1,0,0,75,,35500,"Under 1,000",City: Large,11310,,,,,0,27,0,0.01,,
493664,Yeshivat Hechal Shemuel,2023,Participates in Title IV federal financial aid programs,"Under 1,000",65,7,2,9,37,100,37380,"Under 1,000",City: Large,8327,,,,33,0,60,0,0.11,,
217040,Yeshivath Beth Moshe,2023,Participates in Title IV federal financial aid programs,"Under 1,000",39,1,0,0,37,100,,"Under 1,000",City: Small,8354,,,,11,0,0,0,0.03,,
197692,Yeshivath Shaar Hatorah,2023,Participates in Title IV federal financial aid programs,"Under 1,000",84,0,0,0,14,92,,"Under 1,000",City: Large,14585,,,,52,9,55,0,0.00,,
197735,Yeshivath Viznitz,2023,Participates in Title IV federal financial aid programs,"1,000 - 4,999",921,75,0,0,81,94,34100,"1,000 - 4,999",Suburb: Large,7172,,,,76,0,69,0,0.08,,
197744,Yeshivath Zichron Moshe,2023,Participates in Title IV federal financial aid programs,"Under 1,000",176,31,0,0,50,52,35880,"Under 1,000",Town: Distant,12517,,,,0,0,0,0,0.18,,
401250,Yo San University of Traditional Chinese Medicine,2023,Participates in Title IV federal financial aid programs,"Under 1,000",0,0,0,0,,,,"Under 1,000",Suburb: Large,,,,,,,,0,,,
217059,York College of Pennsylvania,2023,Participates in Title IV federal financial aid programs,"1,000 - 4,999",3308,206,369,199,25,94,41186,"1,000 - 4,999",Suburb: Midsize,21036,620,610,28,66,43,60,1230,0.06,,
420440,York County Community College,2023,Participates in Title IV federal financial aid programs,"1,000 - 4,999",1782,106,1256,425,21,,29006,"1,000 - 4,999",Suburb: Small,7973,,,,,,,0,0.06,,
418409,York County School of Technology-Adult & Continuing Education,2023,Participates in Title IV federal financial aid programs,"Under 1,000",288,0,128,124,14,,,"Under 1,000",Suburb: Midsize,9340,,,,,,,0,0.00,,
218991,York Technical College,2023,Participates in Title IV federal financial aid programs,"1,000 - 4,999",4731,311,2718,1325,32,,23564,"1,000 - 4,999",City: Small,6489,,,,,,,0,0.07,,
181853,York University,2023,Participates in Title IV federal financial aid programs,"Under 1,000",443,47,35,41,44,48,32270,"Under 1,000",Town: Remote,20163,520,540,23,34,22,37,1060,0.11,,
493619,Young Americans College of the Performing Arts,2023,Participates in Title IV federal financial aid programs,"Under 1,000",16,0,0,1,13,100,25125,"Under 1,000",City: Midsize,32938,,,,,,,0,0.00,,
141361,Young Harris College,2023,Participates in Title IV federal financial aid programs,"1,000 - 4,999",1403,37,585,5,21,64,41723,"1,000 - 4,999",Rural: Remote,20509,,,,41,42,46,0,0.03,,
206695,Youngstown State University,2023,Participates in Title IV federal financial aid programs,"10,000 - 19,999",8436,359,1833,872,33,80,26951,"10,000 - 19,999",City: Small,11740,600,610,24,50,33,53,1210,0.04,,
126119,Yuba College,2023,Participates in Title IV federal financial aid programs,"5,000 - 9,999",5735,541,4363,1587,28,,23430,"5,000 - 9,999",Suburb: Midsize,5911,,,,,,,0,0.09,,
204255,Zane State College,2023,Participates in Title IV federal financial aid programs,"1,000 - 4,999",1619,74,1083,215,18,,18168,"1,000 - 4,999",Town: Distant,7397,,,,,,,0,0.05,,