Institution Name,State,Grand total (All students  Undergraduate total) EF2023,Contextual Friction Score,Conscientiousness,Resilience/Grit,Adaptability,Self-Direction,Cognitive Readiness (Raw),Growth Mindset,Written Component,Navigational Component (Behavior),Communication (Raw),Cognitive Readiness (Contextual),Communication (Contextual),Quantitative Reasoning
Curtis Institute of Music,PA,106,Unavailable,22,51,37,Unavailable,Unavailable,61,Unavailable,Unavailable,Unavailable,Unavailable,Unavailable,Unavailable
Haskell Indian Nations University,KS,878,50,Unavailable,Unavailable,Unavailable,10,Unavailable,Unavailable,Unavailable,84,Unavailable,Unavailable,Unavailable,Unavailable
PCI College,CA,168,Unavailable,Unavailable,Unavailable,Unavailable,15,Unavailable,Unavailable,Unavailable,65,Unavailable,Unavailable,Unavailable,Unavailable
Tyler Junior College,TX,11977,42,Unavailable,Unavailable,Unavailable,30,Unavailable,Unavailable,Unavailable,80,Unavailable,Unavailable,Unavailable,Unavailable
Solano Community College,CA,8868,35,Unavailable,Unavailable,Unavailable,45,Unavailable,Unavailable,Unavailable,65,Unavailable,Unavailable,Unavailable,Unavailable
Antelope Valley Community College District,CA,12937,35,Unavailable,Unavailable,Unavailable,40,Unavailable,Unavailable,Unavailable,69,Unavailable,Unavailable,Unavailable,Unavailable
San Diego Mesa College,CA,19243,32,Unavailable,Unavailable,Unavailable,48,Unavailable,Unavailable,Unavailable,68,Unavailable,Unavailable,Unavailable,Unavailable
Cypress College,CA,13992,39,Unavailable,Unavailable,Unavailable,38,Unavailable,Unavailable,Unavailable,71,Unavailable,Unavailable,Unavailable,Unavailable
Dine College,AZ,1828,43,Unavailable,Unavailable,Unavailable,59,Unavailable,Unavailable,Unavailable,48,Unavailable,Unavailable,Unavailable,Unavailable
Worcester State University,MA,4734,36,28,41,29,15,Unavailable,41,Unavailable,88,Unavailable,Unavailable,Unavailable,Unavailable
Modesto Junior College,CA,17152,36,Unavailable,14,Unavailable,42,Unavailable,Unavailable,Unavailable,71,Unavailable,Unavailable,Unavailable,Unavailable
Santa Ana College,CA,26073,31,Unavailable,Unavailable,Unavailable,53,Unavailable,Unavailable,Unavailable,49,Unavailable,Unavailable,Unavailable,Unavailable
Bakersfield College,CA,30410,41,Unavailable,20,Unavailable,43,Unavailable,Unavailable,Unavailable,72,Unavailable,Unavailable,Unavailable,Unavailable
Rio Hondo College,CA,17193,35,Unavailable,Unavailable,Unavailable,49,Unavailable,Unavailable,Unavailable,53,Unavailable,Unavailable,Unavailable,Unavailable
Framingham State University,MA,2817,38,22,43,26,12,Unavailable,34,Unavailable,87,Unavailable,Unavailable,Unavailable,Unavailable
Bridgewater State University,MA,8172,35,23,40,30,13,8,42,Unavailable,87,Unavailable,Unavailable,Unavailable,Unavailable
Trinity Valley Community College,TX,5300,36,Unavailable,Unavailable,Unavailable,37,Unavailable,Unavailable,Unavailable,81,Unavailable,Unavailable,Unavailable,Unavailable
Westfield State University,MA,3788,37,28,42,30,14,Unavailable,41,Unavailable,88,Unavailable,Unavailable,Unavailable,Unavailable
Salem State University,MA,4853,38,25,46,28,14,Unavailable,38,Unavailable,87,Unavailable,Unavailable,Unavailable,Unavailable
MiraCosta College,CA,11707,35,Unavailable,65,Unavailable,47,Unavailable,Unavailable,Unavailable,64,Unavailable,Unavailable,Unavailable,Unavailable
University of North Carolina at Pembroke,NC,5485,40,14,43,26,32,Unavailable,33,Unavailable,67,Unavailable,Unavailable,Unavailable,Unavailable
Fayetteville State University,NC,5845,44,14,47,25,37,7,30,Unavailable,62,4,Unavailable,Unavailable,Unavailable
Navarro College,TX,6549,44,Unavailable,Unavailable,Unavailable,35,Unavailable,Unavailable,Unavailable,84,Unavailable,Unavailable,Unavailable,Unavailable
Navajo Technical University,NM,1523,54,11,40,19,37,Unavailable,21,Unavailable,59,Unavailable,Unavailable,Unavailable,Unavailable
West Los Angeles College,CA,9299,32,Unavailable,Unavailable,Unavailable,66,Unavailable,Unavailable,Unavailable,50,Unavailable,Unavailable,Unavailable,Unavailable
Oglala Lakota College,SD,1180,44,0,25,5,52,Unavailable,6,Unavailable,35,Unavailable,Unavailable,Unavailable,Unavailable
Turtle Mountain Community College,ND,688,Unavailable,5,47,12,28,Unavailable,17,Unavailable,59,Unavailable,Unavailable,Unavailable,Unavailable
Saint Johns River State College,FL,7066,38,Unavailable,Unavailable,Unavailable,39,Unavailable,Unavailable,Unavailable,84,Unavailable,Unavailable,Unavailable,Unavailable
Pensacola State College,FL,8518,42,Unavailable,Unavailable,Unavailable,41,Unavailable,Unavailable,Unavailable,65,Unavailable,Unavailable,Unavailable,Unavailable
Santa Fe College,FL,12698,36,Unavailable,Unavailable,Unavailable,38,Unavailable,Unavailable,Unavailable,78,Unavailable,Unavailable,Unavailable,Unavailable
College of Central Florida,FL,5747,44,Unavailable,Unavailable,Unavailable,35,Unavailable,Unavailable,Unavailable,74,Unavailable,Unavailable,Unavailable,Unavailable
Del Mar College,TX,9720,38,Unavailable,Unavailable,Unavailable,44,Unavailable,Unavailable,Unavailable,72,Unavailable,Unavailable,Unavailable,Unavailable
Gulf Coast State College,FL,4959,37,Unavailable,Unavailable,Unavailable,38,Unavailable,Unavailable,Unavailable,69,Unavailable,Unavailable,Unavailable,Unavailable
Miami Dade College,FL,39139,45,Unavailable,Unavailable,Unavailable,36,Unavailable,Unavailable,Unavailable,75,Unavailable,Unavailable,Unavailable,Unavailable
Broward College,FL,29140,38,Unavailable,Unavailable,Unavailable,39,Unavailable,Unavailable,Unavailable,71,Unavailable,Unavailable,Unavailable,Unavailable
Pasco-Hernando State College,FL,9449,41,Unavailable,Unavailable,Unavailable,35,Unavailable,Unavailable,Unavailable,80,Unavailable,Unavailable,Unavailable,Unavailable
Shasta College,CA,8081,40,Unavailable,Unavailable,Unavailable,46,Unavailable,Unavailable,Unavailable,65,Unavailable,Unavailable,Unavailable,Unavailable
Hillsborough Community College,FL,20004,40,Unavailable,Unavailable,Unavailable,40,Unavailable,Unavailable,Unavailable,71,Unavailable,Unavailable,Unavailable,Unavailable
Galveston College,TX,2119,45,Unavailable,Unavailable,Unavailable,41,Unavailable,Unavailable,Unavailable,71,Unavailable,Unavailable,Unavailable,Unavailable
St Petersburg College,FL,23350,40,Unavailable,Unavailable,Unavailable,51,Unavailable,Unavailable,Unavailable,59,Unavailable,Unavailable,Unavailable,Unavailable
State College of Florida-Manatee-Sarasota,FL,8411,40,Unavailable,Unavailable,Unavailable,39,Unavailable,Unavailable,Unavailable,73,Unavailable,Unavailable,Unavailable,Unavailable
Elizabeth City State University,NC,2048,39,12,53,23,20,Unavailable,29,Unavailable,78,Unavailable,Unavailable,Unavailable,Unavailable
Austin Community College District,TX,35600,36,Unavailable,Unavailable,Unavailable,47,Unavailable,Unavailable,Unavailable,69,Unavailable,Unavailable,Unavailable,Unavailable
Tallahassee Community College,FL,11699,40,Unavailable,Unavailable,Unavailable,29,Unavailable,Unavailable,Unavailable,83,Unavailable,Unavailable,Unavailable,Unavailable
Laredo College,TX,10191,41,Unavailable,Unavailable,Unavailable,36,Unavailable,Unavailable,Unavailable,88,Unavailable,Unavailable,Unavailable,Unavailable
Florida State College at Jacksonville,FL,20530,40,Unavailable,Unavailable,Unavailable,51,Unavailable,Unavailable,Unavailable,56,Unavailable,Unavailable,Unavailable,Unavailable
North Florida College,FL,1281,47,Unavailable,Unavailable,Unavailable,45,Unavailable,Unavailable,Unavailable,71,Unavailable,Unavailable,Unavailable,Unavailable
Florida Gateway College,FL,2837,41,Unavailable,Unavailable,Unavailable,45,Unavailable,Unavailable,Unavailable,67,Unavailable,Unavailable,Unavailable,Unavailable
Stone Child College,MT,261,45,Unavailable,Unavailable,Unavailable,38,Unavailable,Unavailable,Unavailable,38,Unavailable,Unavailable,Unavailable,Unavailable
College of the Mainland,TX,4961,40,Unavailable,Unavailable,Unavailable,35,Unavailable,Unavailable,Unavailable,78,Unavailable,Unavailable,Unavailable,Unavailable
Georgia Highlands College,GA,4955,41,Unavailable,Unavailable,Unavailable,43,Unavailable,Unavailable,Unavailable,72,Unavailable,Unavailable,Unavailable,Unavailable
Eastern Florida State College,FL,13601,38,Unavailable,Unavailable,Unavailable,43,Unavailable,Unavailable,Unavailable,71,Unavailable,Unavailable,Unavailable,Unavailable
Brazosport College,TX,4100,34,Unavailable,Unavailable,Unavailable,46,Unavailable,Unavailable,Unavailable,73,Unavailable,Unavailable,Unavailable,Unavailable
Northwest Florida State College,FL,5160,36,Unavailable,Unavailable,Unavailable,40,Unavailable,Unavailable,Unavailable,73,Unavailable,Unavailable,Unavailable,Unavailable
Valencia College,FL,42524,41,Unavailable,Unavailable,Unavailable,40,Unavailable,Unavailable,Unavailable,77,Unavailable,Unavailable,Unavailable,Unavailable
Bay Mills Community College,MI,577,43,Unavailable,Unavailable,Unavailable,69,Unavailable,Unavailable,Unavailable,31,Unavailable,Unavailable,Unavailable,Unavailable
East Georgia State College,GA,1756,48,Unavailable,33,Unavailable,24,Unavailable,Unavailable,Unavailable,92,Unavailable,Unavailable,Unavailable,Unavailable
Dalton State College,GA,4902,46,6,42,16,24,Unavailable,23,Unavailable,83,Unavailable,Unavailable,Unavailable,Unavailable
Gordon State College,GA,3129,47,2,33,10,29,#VALUE!,13,Unavailable,80,Unavailable,Unavailable,Unavailable,Unavailable
Chipola College,FL,1820,39,Unavailable,Unavailable,Unavailable,30,Unavailable,Unavailable,Unavailable,86,Unavailable,Unavailable,Unavailable,Unavailable
Paradise Valley Community College,AZ,5880,33,Unavailable,Unavailable,Unavailable,44,Unavailable,Unavailable,Unavailable,65,Unavailable,Unavailable,Unavailable,Unavailable
Glendale Community College,AZ,13480,37,Unavailable,Unavailable,Unavailable,40,Unavailable,Unavailable,Unavailable,72,Unavailable,Unavailable,Unavailable,Unavailable
South Georgia State College,GA,1853,47,Unavailable,Unavailable,Unavailable,29,Unavailable,Unavailable,Unavailable,83,Unavailable,Unavailable,Unavailable,Unavailable
Indian River State College,FL,15104,41,Unavailable,Unavailable,Unavailable,37,Unavailable,Unavailable,Unavailable,76,Unavailable,Unavailable,Unavailable,Unavailable
GateWay Community College,AZ,5123,38,Unavailable,Unavailable,Unavailable,50,Unavailable,Unavailable,Unavailable,61,Unavailable,Unavailable,Unavailable,Unavailable
Grayson College,TX,4176,43,Unavailable,Unavailable,Unavailable,38,Unavailable,Unavailable,Unavailable,76,Unavailable,Unavailable,Unavailable,Unavailable
Seminole State College of Florida,FL,14104,37,Unavailable,Unavailable,Unavailable,45,Unavailable,Unavailable,Unavailable,68,Unavailable,Unavailable,Unavailable,Unavailable
Blackfeet Community College,MT,282,Unavailable,Unavailable,Unavailable,Unavailable,27,Unavailable,Unavailable,Unavailable,59,Unavailable,Unavailable,Unavailable,Unavailable
Skyline College,CA,9428,26,Unavailable,Unavailable,Unavailable,47,Unavailable,Unavailable,Unavailable,71,Unavailable,Unavailable,Unavailable,Unavailable
Florida SouthWestern State College,FL,13860,41,Unavailable,Unavailable,Unavailable,36,Unavailable,Unavailable,Unavailable,79,Unavailable,Unavailable,Unavailable,Unavailable
Houston Community College,TX,49749,39,Unavailable,Unavailable,Unavailable,46,Unavailable,Unavailable,Unavailable,67,Unavailable,Unavailable,Unavailable,Unavailable
Polk State College,FL,7963,40,Unavailable,Unavailable,Unavailable,45,Unavailable,Unavailable,Unavailable,72,Unavailable,Unavailable,Unavailable,Unavailable
Aaniiih Nakoda College,MT,133,54,Unavailable,Unavailable,Unavailable,#VALUE!,Unavailable,Unavailable,Unavailable,61,Unavailable,Unavailable,Unavailable,Unavailable
Truckee Meadows Community College,NV,10006,33,Unavailable,Unavailable,Unavailable,42,Unavailable,Unavailable,Unavailable,70,Unavailable,Unavailable,Unavailable,Unavailable
College of Coastal Georgia,GA,3189,41,7,32,15,29,9,19,Unavailable,77,6,Unavailable,Unavailable,Unavailable
Aims Community College,CO,7529,38,Unavailable,Unavailable,Unavailable,36,Unavailable,Unavailable,Unavailable,81,Unavailable,Unavailable,Unavailable,Unavailable
Odessa College,TX,8708,41,Unavailable,Unavailable,Unavailable,44,Unavailable,Unavailable,Unavailable,80,Unavailable,Unavailable,Unavailable,Unavailable
United Tribes Technical College,ND,542,Unavailable,Unavailable,Unavailable,Unavailable,30,Unavailable,Unavailable,Unavailable,50,Unavailable,Unavailable,Unavailable,Unavailable
South Florida State College,FL,2976,49,Unavailable,Unavailable,Unavailable,39,Unavailable,Unavailable,Unavailable,76,Unavailable,Unavailable,Unavailable,Unavailable
Bellingham Technical College,WA,1850,37,Unavailable,Unavailable,Unavailable,38,Unavailable,Unavailable,Unavailable,50,Unavailable,Unavailable,Unavailable,Unavailable
Spokane Community College,WA,6286,40,Unavailable,Unavailable,Unavailable,43,Unavailable,Unavailable,Unavailable,51,Unavailable,Unavailable,Unavailable,Unavailable
Grace Mission University,CA,72,Unavailable,7,Unavailable,18,62,Unavailable,34,Unavailable,7,Unavailable,Unavailable,Unavailable,Unavailable
Spokane Falls Community College,WA,3903,35,Unavailable,Unavailable,Unavailable,34,Unavailable,Unavailable,Unavailable,70,Unavailable,Unavailable,Unavailable,Unavailable
Lake Washington Institute of Technology,WA,3357,31,Unavailable,Unavailable,Unavailable,46,Unavailable,Unavailable,Unavailable,47,Unavailable,Unavailable,Unavailable,Unavailable
Santa Monica College,CA,23164,29,Unavailable,14,Unavailable,42,Unavailable,Unavailable,Unavailable,67,Unavailable,Unavailable,Unavailable,Unavailable
Oklahoma State University-Oklahoma City,OK,4134,39,Unavailable,Unavailable,Unavailable,53,Unavailable,Unavailable,Unavailable,57,Unavailable,Unavailable,Unavailable,Unavailable
University of Hawaii Maui College,HI,2647,37,7,29,10,50,Unavailable,11,Unavailable,68,Unavailable,Unavailable,Unavailable,Unavailable
San Jacinto Community College,TX,31494,40,Unavailable,Unavailable,Unavailable,38,Unavailable,Unavailable,Unavailable,80,Unavailable,Unavailable,Unavailable,Unavailable
Western Nevada College,NV,4188,39,Unavailable,Unavailable,Unavailable,44,Unavailable,Unavailable,Unavailable,74,Unavailable,Unavailable,Unavailable,Unavailable
Foothill College,CA,12931,24,Unavailable,Unavailable,Unavailable,53,Unavailable,Unavailable,Unavailable,60,Unavailable,Unavailable,Unavailable,Unavailable
Atlanta Metropolitan State College,GA,1551,45,0,31,19,55,Unavailable,19,Unavailable,53,Unavailable,Unavailable,Unavailable,Unavailable
Northwest Indian College,WA,696,46,6,43,12,49,Unavailable,18,Unavailable,32,Unavailable,Unavailable,Unavailable,Unavailable
Rio Salado College,AZ,18631,33,Unavailable,Unavailable,Unavailable,63,Unavailable,Unavailable,Unavailable,70,Unavailable,Unavailable,Unavailable,Unavailable
Nueta Hidatsa Sahnish College,ND,158,41,0,70,1,36,Unavailable,1,Unavailable,39,Unavailable,Unavailable,Unavailable,Unavailable
Sitting Bull College,ND,229,53,Unavailable,Unavailable,Unavailable,33,Unavailable,Unavailable,Unavailable,44,Unavailable,Unavailable,Unavailable,Unavailable
Collin County Community College District,TX,37772,32,Unavailable,Unavailable,Unavailable,35,Unavailable,Unavailable,Unavailable,82,Unavailable,Unavailable,Unavailable,Unavailable
Highline College,WA,5126,32,Unavailable,Unavailable,Unavailable,37,Unavailable,Unavailable,Unavailable,68,Unavailable,Unavailable,Unavailable,Unavailable
Yavapai College,AZ,7200,37,Unavailable,Unavailable,Unavailable,54,Unavailable,Unavailable,Unavailable,59,Unavailable,Unavailable,Unavailable,Unavailable
Palm Beach State College,FL,24369,41,Unavailable,Unavailable,Unavailable,46,Unavailable,Unavailable,Unavailable,71,Unavailable,Unavailable,Unavailable,Unavailable
Georgia Gwinnett College,GA,11907,45,2,36,12,21,Unavailable,18,Unavailable,82,Unavailable,Unavailable,Unavailable,Unavailable
College of Southern Nevada,NV,29081,36,Unavailable,Unavailable,Unavailable,43,Unavailable,Unavailable,Unavailable,64,Unavailable,Unavailable,Unavailable,Unavailable
Lake-Sumter State College,FL,5064,40,Unavailable,Unavailable,Unavailable,42,Unavailable,Unavailable,Unavailable,79,Unavailable,Unavailable,Unavailable,Unavailable
Clark State College,OH,4724,45,Unavailable,Unavailable,Unavailable,51,Unavailable,Unavailable,Unavailable,62,Unavailable,Unavailable,Unavailable,Unavailable
Sisseton Wahpeton College,SD,215,50,Unavailable,Unavailable,Unavailable,32,Unavailable,Unavailable,Unavailable,43,Unavailable,Unavailable,Unavailable,Unavailable
Ensign College,UT,5973,Unavailable,Unavailable,Unavailable,Unavailable,69,Unavailable,Unavailable,Unavailable,36,Unavailable,Unavailable,Unavailable,Unavailable
Midland College,TX,5219,26,Unavailable,Unavailable,Unavailable,37,Unavailable,Unavailable,Unavailable,78,Unavailable,Unavailable,Unavailable,Unavailable
Morgan Community College,CO,1506,44,Unavailable,Unavailable,Unavailable,39,Unavailable,Unavailable,Unavailable,80,Unavailable,Unavailable,Unavailable,Unavailable
Oklahoma Panhandle State University,OK,1071,44,17,40,30,31,Unavailable,32,Unavailable,69,Unavailable,Unavailable,Unavailable,Unavailable
Daytona State College,FL,11807,40,Unavailable,Unavailable,Unavailable,41,Unavailable,Unavailable,Unavailable,67,Unavailable,Unavailable,Unavailable,Unavailable
Whatcom Community College,WA,3490,32,Unavailable,Unavailable,Unavailable,37,Unavailable,Unavailable,Unavailable,73,Unavailable,Unavailable,Unavailable,Unavailable
Nebraska Indian Community College,NE,624,47,Unavailable,Unavailable,Unavailable,70,Unavailable,Unavailable,Unavailable,56,Unavailable,Unavailable,Unavailable,Unavailable
Pierce College District,WA,7427,35,Unavailable,Unavailable,Unavailable,38,Unavailable,Unavailable,Unavailable,70,Unavailable,Unavailable,Unavailable,Unavailable
Green River College,WA,7361,33,Unavailable,Unavailable,Unavailable,33,Unavailable,Unavailable,Unavailable,76,Unavailable,Unavailable,Unavailable,Unavailable
Everett Community College,WA,6211,32,Unavailable,Unavailable,Unavailable,36,Unavailable,Unavailable,Unavailable,72,Unavailable,Unavailable,Unavailable,Unavailable
Dallas College,TX,66592,38,Unavailable,Unavailable,Unavailable,44,Unavailable,Unavailable,Unavailable,78,Unavailable,Unavailable,Unavailable,Unavailable
Sinclair Community College,OH,17431,38,Unavailable,Unavailable,Unavailable,46,Unavailable,Unavailable,Unavailable,67,Unavailable,Unavailable,Unavailable,Unavailable
Peninsula College,WA,1837,40,Unavailable,Unavailable,Unavailable,48,Unavailable,Unavailable,Unavailable,47,Unavailable,Unavailable,Unavailable,Unavailable
Washington State Community College,OH,1637,42,Unavailable,Unavailable,Unavailable,40,Unavailable,Unavailable,Unavailable,67,Unavailable,Unavailable,Unavailable,Unavailable
Lower Columbia College,WA,2412,36,Unavailable,Unavailable,Unavailable,43,Unavailable,Unavailable,Unavailable,60,Unavailable,Unavailable,Unavailable,Unavailable
Pueblo Community College,CO,6767,47,Unavailable,Unavailable,Unavailable,46,Unavailable,Unavailable,Unavailable,68,Unavailable,Unavailable,Unavailable,Unavailable
Sinte Gleska University,SD,607,50,0,31,0,64,Unavailable,0,Unavailable,27,Unavailable,Unavailable,Unavailable,Unavailable
Western Wyoming Community College,WY,2464,34,Unavailable,Unavailable,Unavailable,37,Unavailable,Unavailable,Unavailable,79,Unavailable,Unavailable,Unavailable,Unavailable
Bellevue College,WA,11472,29,Unavailable,Unavailable,Unavailable,37,Unavailable,Unavailable,Unavailable,73,Unavailable,Unavailable,Unavailable,Unavailable
Feather River Community College District,CA,1758,25,Unavailable,28,Unavailable,63,Unavailable,Unavailable,Unavailable,43,Unavailable,Unavailable,Unavailable,Unavailable
Massachusetts Maritime Academy,MA,1271,27,40,50,33,2,Unavailable,49,Unavailable,97,Unavailable,Unavailable,Unavailable,Unavailable
Olympic College,WA,5413,31,Unavailable,Unavailable,Unavailable,37,Unavailable,Unavailable,Unavailable,59,Unavailable,Unavailable,Unavailable,Unavailable
Lorain County Community College,OH,9410,43,Unavailable,Unavailable,Unavailable,42,Unavailable,Unavailable,Unavailable,77,Unavailable,Unavailable,Unavailable,Unavailable
Bismarck State College,ND,4065,31,Unavailable,Unavailable,Unavailable,38,Unavailable,Unavailable,Unavailable,74,Unavailable,Unavailable,Unavailable,Unavailable
Arapahoe Community College,CO,13978,34,Unavailable,Unavailable,Unavailable,43,Unavailable,Unavailable,Unavailable,82,Unavailable,Unavailable,Unavailable,Unavailable
Mt Hood Community College,OR,6271,39,Unavailable,Unavailable,Unavailable,45,Unavailable,Unavailable,Unavailable,57,Unavailable,Unavailable,Unavailable,Unavailable
Huntsville Bible College,AL,82,Unavailable,Unavailable,23,Unavailable,74,Unavailable,Unavailable,Unavailable,3,Unavailable,Unavailable,Unavailable,Unavailable
South Seattle College,WA,5295,36,Unavailable,Unavailable,Unavailable,55,Unavailable,Unavailable,Unavailable,44,Unavailable,Unavailable,Unavailable,Unavailable
Saint Louis Community College,MO,14627,39,Unavailable,Unavailable,Unavailable,39,Unavailable,Unavailable,Unavailable,67,Unavailable,Unavailable,Unavailable,Unavailable
North Seattle College,WA,5017,33,Unavailable,Unavailable,Unavailable,61,Unavailable,Unavailable,Unavailable,40,Unavailable,Unavailable,Unavailable,Unavailable
Seattle Central College,WA,5210,34,Unavailable,Unavailable,Unavailable,38,Unavailable,Unavailable,Unavailable,62,Unavailable,Unavailable,Unavailable,Unavailable
Edmonds College,WA,6028,32,Unavailable,Unavailable,Unavailable,44,Unavailable,Unavailable,Unavailable,61,Unavailable,Unavailable,Unavailable,Unavailable
Ozarks Technical Community College,MO,11036,44,Unavailable,Unavailable,Unavailable,37,Unavailable,Unavailable,Unavailable,76,Unavailable,Unavailable,Unavailable,Unavailable
Clark College,WA,7149,34,Unavailable,Unavailable,Unavailable,38,Unavailable,Unavailable,Unavailable,71,Unavailable,Unavailable,Unavailable,Unavailable
Chemeketa Community College,OR,7433,40,Unavailable,Unavailable,Unavailable,37,Unavailable,Unavailable,Unavailable,67,Unavailable,Unavailable,Unavailable,Unavailable
Cincinnati State Technical and Community College,OH,8681,42,Unavailable,Unavailable,Unavailable,45,Unavailable,Unavailable,Unavailable,68,Unavailable,Unavailable,Unavailable,Unavailable
Wenatchee Valley College,WA,2819,35,Unavailable,Unavailable,Unavailable,31,Unavailable,Unavailable,Unavailable,73,Unavailable,Unavailable,Unavailable,Unavailable
Centralia College,WA,2335,35,Unavailable,Unavailable,Unavailable,34,Unavailable,Unavailable,Unavailable,65,Unavailable,Unavailable,Unavailable,Unavailable
Yakima Valley College,WA,3523,39,Unavailable,Unavailable,Unavailable,32,Unavailable,Unavailable,Unavailable,70,Unavailable,Unavailable,Unavailable,Unavailable
James A. Rhodes State College,OH,3968,40,Unavailable,Unavailable,Unavailable,38,Unavailable,Unavailable,Unavailable,87,Unavailable,Unavailable,Unavailable,Unavailable
Tacoma Community College,WA,5771,34,Unavailable,Unavailable,Unavailable,36,Unavailable,Unavailable,Unavailable,62,Unavailable,Unavailable,Unavailable,Unavailable
Grays Harbor College,WA,1663,36,Unavailable,Unavailable,Unavailable,39,Unavailable,Unavailable,Unavailable,59,Unavailable,Unavailable,Unavailable,Unavailable
Big Bend Community College,WA,1786,35,Unavailable,Unavailable,Unavailable,29,Unavailable,Unavailable,Unavailable,74,Unavailable,Unavailable,Unavailable,Unavailable
Front Range Community College,CO,21096,35,Unavailable,Unavailable,Unavailable,41,Unavailable,Unavailable,Unavailable,79,Unavailable,Unavailable,Unavailable,Unavailable
Henry Ford College,MI,11239,47,Unavailable,Unavailable,Unavailable,37,Unavailable,Unavailable,Unavailable,76,Unavailable,Unavailable,Unavailable,Unavailable
Cascadia College,WA,2013,31,Unavailable,Unavailable,Unavailable,25,Unavailable,Unavailable,Unavailable,89,Unavailable,Unavailable,Unavailable,Unavailable
Renton Technical College,WA,3060,38,Unavailable,Unavailable,Unavailable,54,Unavailable,Unavailable,Unavailable,37,Unavailable,Unavailable,Unavailable,Unavailable
Skagit Valley College,WA,4098,35,Unavailable,Unavailable,Unavailable,41,Unavailable,Unavailable,Unavailable,57,Unavailable,Unavailable,Unavailable,Unavailable
Rogers State University,OK,3094,43,11,33,19,29,Unavailable,27,Unavailable,75,Unavailable,Unavailable,Unavailable,Unavailable
Delaware Technical Community College-Terry,DE,13231,42,Unavailable,Unavailable,Unavailable,42,Unavailable,Unavailable,Unavailable,67,Unavailable,Unavailable,Unavailable,Unavailable
Laramie County Community College,WY,4008,33,Unavailable,Unavailable,Unavailable,36,Unavailable,Unavailable,Unavailable,75,Unavailable,Unavailable,Unavailable,Unavailable
The College of the Florida Keys,FL,854,25,Unavailable,Unavailable,Unavailable,44,Unavailable,Unavailable,Unavailable,57,Unavailable,Unavailable,Unavailable,Unavailable
Red Rocks Community College,CO,7286,35,Unavailable,Unavailable,Unavailable,42,Unavailable,Unavailable,Unavailable,73,Unavailable,Unavailable,Unavailable,Unavailable
Pikes Peak State College,CO,12388,39,Unavailable,Unavailable,Unavailable,45,Unavailable,Unavailable,Unavailable,64,Unavailable,Unavailable,Unavailable,Unavailable
Reformed University,GA,287,Unavailable,Unavailable,Unavailable,Unavailable,33,Unavailable,Unavailable,Unavailable,18,Unavailable,Unavailable,Unavailable,Unavailable
Fort Valley State University,GA,2558,52,13,59,21,9,8,30,Unavailable,92,6,Unavailable,Unavailable,Unavailable
Trinidad State College,CO,1636,39,Unavailable,Unavailable,Unavailable,36,Unavailable,Unavailable,Unavailable,66,Unavailable,Unavailable,Unavailable,Unavailable
Great Basin College,NV,2936,34,1,21,4,63,Unavailable,4,Unavailable,61,Unavailable,Unavailable,Unavailable,Unavailable
Southern University at New Orleans,LA,1773,50,5,40,17,36,#VALUE!,21,Unavailable,67,Unavailable,#VALUE!,Unavailable,Unavailable
Ilisagvik College,AK,311,31,Unavailable,Unavailable,Unavailable,58,Unavailable,Unavailable,Unavailable,39,Unavailable,Unavailable,Unavailable,Unavailable
College of Southern Idaho,ID,8775,38,Unavailable,Unavailable,Unavailable,36,Unavailable,Unavailable,Unavailable,87,Unavailable,Unavailable,Unavailable,Unavailable
Massachusetts College of Liberal Arts,MA,836,32,29,44,30,11,Unavailable,40,Unavailable,87,Unavailable,Unavailable,Unavailable,Unavailable
Salish Kootenai College,MT,636,52,16,37,18,38,Unavailable,31,Unavailable,38,Unavailable,Unavailable,Unavailable,Unavailable
Schoolcraft Community College District,MI,7596,36,Unavailable,Unavailable,Unavailable,42,Unavailable,Unavailable,Unavailable,67,Unavailable,Unavailable,Unavailable,Unavailable
Texas A & M University-Kingsville,TX,5187,48,14,49,21,11,Unavailable,30,Unavailable,90,Unavailable,Unavailable,Unavailable,Unavailable
Community College of Denver,CO,7715,41,Unavailable,Unavailable,Unavailable,46,Unavailable,Unavailable,Unavailable,69,Unavailable,Unavailable,Unavailable,Unavailable
Institute of American Indian and Alaska Native Culture and Arts Development,NM,755,45,2,38,19,35,Unavailable,22,Unavailable,82,Unavailable,Unavailable,Unavailable,Unavailable
South Texas College,TX,26440,47,2,34,7,38,Unavailable,10,Unavailable,83,Unavailable,Unavailable,Unavailable,Unavailable
West Virginia University at Parkersburg,WV,2584,43,Unavailable,Unavailable,Unavailable,32,Unavailable,Unavailable,Unavailable,76,Unavailable,Unavailable,Unavailable,Unavailable
Central Ohio Technical College,OH,2890,43,Unavailable,Unavailable,Unavailable,42,Unavailable,Unavailable,Unavailable,75,Unavailable,Unavailable,Unavailable,Unavailable
Central Wyoming College,WY,2106,30,Unavailable,Unavailable,Unavailable,41,Unavailable,Unavailable,Unavailable,74,Unavailable,Unavailable,Unavailable,Unavailable
Albany State University,GA,6018,49,7,47,18,24,Unavailable,25,Unavailable,82,Unavailable,Unavailable,Unavailable,Unavailable
Oklahoma State University Institute of Technology,OK,2493,40,Unavailable,Unavailable,Unavailable,31,Unavailable,Unavailable,Unavailable,74,Unavailable,Unavailable,Unavailable,Unavailable
Winston-Salem State University,NC,4260,45,17,54,24,12,9,32,Unavailable,87,4,Unavailable,Unavailable,Unavailable
Chadron State College,NE,1785,27,14,35,22,24,Unavailable,28,Unavailable,79,Unavailable,Unavailable,Unavailable,Unavailable
University of Arkansas-Fort Smith,AR,5463,42,10,41,14,24,#VALUE!,17,Unavailable,84,Unavailable,#VALUE!,Unavailable,Unavailable
Fond du Lac Tribal and Community College,MN,1749,47,Unavailable,Unavailable,Unavailable,36,Unavailable,Unavailable,Unavailable,85,Unavailable,Unavailable,Unavailable,Unavailable
Sul Ross State University,TX,1441,45,10,38,20,32,11,24,Unavailable,73,10,Unavailable,Unavailable,Unavailable
North Central State College,OH,2451,44,Unavailable,Unavailable,Unavailable,37,Unavailable,Unavailable,Unavailable,81,Unavailable,Unavailable,Unavailable,Unavailable
University of Arkansas at Monticello,AR,2328,49,10,46,14,23,Unavailable,19,Unavailable,79,Unavailable,Unavailable,Unavailable,Unavailable
Columbia Southern University,AL,13111,Unavailable,11,25,17,79,Unavailable,21,Unavailable,8,Unavailable,Unavailable,Unavailable,Unavailable
Lone Star College System,TX,70991,37,Unavailable,Unavailable,Unavailable,42,Unavailable,Unavailable,Unavailable,81,Unavailable,Unavailable,Unavailable,Unavailable
Columbia Basin College,WA,6729,35,Unavailable,Unavailable,Unavailable,36,Unavailable,Unavailable,Unavailable,70,Unavailable,Unavailable,Unavailable,Unavailable
Northern New Mexico College,NM,1310,44,6,34,16,49,Unavailable,18,Unavailable,57,Unavailable,Unavailable,Unavailable,Unavailable
Southeastern Baptist College,MS,69,Unavailable,Unavailable,66,Unavailable,12,Unavailable,Unavailable,Unavailable,88,Unavailable,Unavailable,Unavailable,Unavailable
Savannah State University,GA,2857,48,7,48,13,12,Unavailable,18,Unavailable,90,Unavailable,Unavailable,Unavailable,Unavailable
Montana State University Billings,MT,3765,35,8,27,16,33,Unavailable,21,Unavailable,70,Unavailable,Unavailable,Unavailable,Unavailable
University of North Carolina at Greensboro,NC,14156,42,23,52,30,18,10,40,Unavailable,82,6,Unavailable,Unavailable,Unavailable
Clover Park Technical College,WA,3040,33,Unavailable,Unavailable,Unavailable,35,Unavailable,Unavailable,Unavailable,47,Unavailable,Unavailable,Unavailable,Unavailable
Union Bible College,IN,164,Unavailable,15,Unavailable,17,40,Unavailable,24,Unavailable,78,Unavailable,Unavailable,Unavailable,Unavailable
University of the Potomac-VA Campus,VA,177,Unavailable,26,Unavailable,32,#VALUE!,Unavailable,56,Unavailable,27,Unavailable,Unavailable,Unavailable,Unavailable
University of the Potomac-Washington DC Campus,DC,266,Unavailable,45,13,36,#VALUE!,Unavailable,49,Unavailable,22,Unavailable,Unavailable,Unavailable,Unavailable
Peru State College,NE,1452,43,14,37,22,30,Unavailable,28,Unavailable,78,Unavailable,Unavailable,Unavailable,Unavailable
Wayne State College,NE,3934,39,19,38,24,14,Unavailable,33,Unavailable,93,Unavailable,Unavailable,Unavailable,Unavailable
Marion Technical College,OH,3008,42,Unavailable,Unavailable,Unavailable,42,Unavailable,Unavailable,Unavailable,75,Unavailable,Unavailable,Unavailable,Unavailable
California State Polytechnic University-Pomona,CA,24455,43,17,54,35,12,Unavailable,49,Unavailable,84,Unavailable,Unavailable,Unavailable,Unavailable
California State University Maritime Academy,CA,761,36,35,48,32,5,Unavailable,45,Unavailable,90,Unavailable,Unavailable,Unavailable,Unavailable
California State University-Fullerton,CA,37125,44,17,57,36,15,Unavailable,50,Unavailable,84,Unavailable,Unavailable,Unavailable,Unavailable
California State University-Los Angeles,CA,21527,51,7,59,28,16,Unavailable,38,Unavailable,77,Unavailable,Unavailable,Unavailable,Unavailable
California State University-San Bernardino,CA,16067,48,11,56,30,18,Unavailable,42,Unavailable,76,Unavailable,Unavailable,Unavailable,Unavailable
Zane State College,OH,1619,41,Unavailable,Unavailable,Unavailable,32,Unavailable,Unavailable,Unavailable,86,Unavailable,Unavailable,Unavailable,Unavailable
New Mexico Highlands University,NM,1710,40,11,32,22,41,Unavailable,24,Unavailable,59,Unavailable,Unavailable,Unavailable,Unavailable
University of Cincinnati-Clermont College,OH,8324,39,Unavailable,Unavailable,Unavailable,56,Unavailable,Unavailable,Unavailable,75,Unavailable,Unavailable,Unavailable,Unavailable
Henderson State University,AR,1493,44,14,42,20,11,Unavailable,26,Unavailable,89,Unavailable,Unavailable,Unavailable,Unavailable
Nevada State University,NV,7224,41,5,21,20,39,Unavailable,25,Unavailable,76,Unavailable,Unavailable,Unavailable,Unavailable
Carolina College of Biblical Studies,NC,122,Unavailable,0,Unavailable,49,62,Unavailable,66,Unavailable,7,Unavailable,Unavailable,Unavailable,Unavailable
California State University-Channel Islands,CA,5290,43,14,50,34,23,Unavailable,43,Unavailable,72,Unavailable,Unavailable,Unavailable,Unavailable
California State University-Dominguez Hills,CA,12730,49,10,54,28,22,Unavailable,39,Unavailable,69,Unavailable,Unavailable,Unavailable,Unavailable
California State University-San Marcos,CA,14246,42,11,48,32,13,Unavailable,43,Unavailable,82,Unavailable,Unavailable,Unavailable,Unavailable
California State University-Stanislaus,CA,8669,47,11,58,32,19,Unavailable,44,Unavailable,76,Unavailable,Unavailable,Unavailable,Unavailable
America Evangelical University,CA,71,Unavailable,Unavailable,Unavailable,Unavailable,73,Unavailable,Unavailable,Unavailable,7,Unavailable,Unavailable,Unavailable,Unavailable
Bridges Christian College,LA,110,Unavailable,Unavailable,Unavailable,Unavailable,64,Unavailable,Unavailable,Unavailable,38,Unavailable,Unavailable,Unavailable,Unavailable
College of Menominee Nation,WI,219,Unavailable,Unavailable,Unavailable,Unavailable,46,Unavailable,Unavailable,Unavailable,32,Unavailable,Unavailable,Unavailable,Unavailable
Redeemers University North America,TX,24,Unavailable,Unavailable,Unavailable,Unavailable,#VALUE!,Unavailable,Unavailable,Unavailable,Unavailable,Unavailable,Unavailable,Unavailable,Unavailable
Lac Courte Oreilles Ojibwe University,WI,213,58,Unavailable,Unavailable,Unavailable,50,Unavailable,Unavailable,Unavailable,27,Unavailable,Unavailable,Unavailable,Unavailable
Montana State University-Northern,MT,982,35,14,30,19,23,Unavailable,27,Unavailable,78,Unavailable,Unavailable,Unavailable,Unavailable
Midwestern State University,TX,4508,41,14,40,25,24,Unavailable,33,Unavailable,78,Unavailable,Unavailable,Unavailable,Unavailable
Northwest College,WY,1379,26,Unavailable,Unavailable,Unavailable,26,Unavailable,Unavailable,Unavailable,82,Unavailable,Unavailable,Unavailable,Unavailable
Bowling Green State University-Firelands,OH,1928,41,Unavailable,Unavailable,Unavailable,25,Unavailable,Unavailable,Unavailable,91,Unavailable,Unavailable,Unavailable,Unavailable
Greenville Technical College,SC,10661,41,Unavailable,Unavailable,Unavailable,41,Unavailable,Unavailable,Unavailable,72,Unavailable,Unavailable,Unavailable,Unavailable
California State University-Chico,CA,13160,40,20,49,35,14,Unavailable,47,Unavailable,83,Unavailable,Unavailable,Unavailable,Unavailable
California State University-Fresno,CA,21430,47,11,54,30,12,Unavailable,42,Unavailable,84,Unavailable,Unavailable,Unavailable,Unavailable
California State University-Long Beach,CA,34243,44,20,58,38,12,Unavailable,52,Unavailable,84,Unavailable,Unavailable,Unavailable,Unavailable
California State University-Sacramento,CA,28268,44,12,51,30,16,Unavailable,43,Unavailable,79,Unavailable,Unavailable,Unavailable,Unavailable
San Jose State University,CA,27111,39,15,48,35,14,Unavailable,48,Unavailable,85,Unavailable,Unavailable,Unavailable,Unavailable
Sonoma State University,CA,5412,39,25,46,32,12,Unavailable,43,Unavailable,84,Unavailable,Unavailable,Unavailable,Unavailable
Texas Woman's University,TX,10260,42,14,44,27,27,Unavailable,37,Unavailable,79,Unavailable,Unavailable,Unavailable,Unavailable
Talmudical Institute of Upstate New York,NY,16,Unavailable,Unavailable,42,Unavailable,#VALUE!,Unavailable,Unavailable,Unavailable,Unavailable,Unavailable,Unavailable,Unavailable,Unavailable
Southeastern Louisiana University,LA,12684,41,11,40,18,15,#VALUE!,27,Unavailable,93,Unavailable,#VALUE!,Unavailable,Unavailable
Ohio University-Chillicothe Campus,OH,1941,41,5,26,9,36,Unavailable,11,Unavailable,83,Unavailable,Unavailable,Unavailable,Unavailable
Ohio University-Eastern Campus,OH,1149,39,5,29,10,33,Unavailable,13,Unavailable,87,Unavailable,Unavailable,Unavailable,Unavailable
Ohio University-Zanesville Campus,OH,1799,39,8,22,11,35,Unavailable,14,Unavailable,83,Unavailable,Unavailable,Unavailable,Unavailable
Aspen University,AZ,2398,Unavailable,Unavailable,Unavailable,Unavailable,92,Unavailable,Unavailable,Unavailable,4,Unavailable,Unavailable,Unavailable,Unavailable
California State University-Bakersfield,CA,8336,49,10,55,26,19,Unavailable,36,Unavailable,76,Unavailable,Unavailable,Unavailable,Unavailable
California State University-Monterey Bay,CA,5909,42,20,53,33,12,Unavailable,43,Unavailable,82,Unavailable,Unavailable,Unavailable,Unavailable
California State University-Northridge,CA,32429,46,10,55,30,15,Unavailable,41,Unavailable,80,Unavailable,Unavailable,Unavailable,Unavailable
San Francisco State University,CA,20756,41,14,46,29,15,Unavailable,39,Unavailable,82,Unavailable,Unavailable,Unavailable,Unavailable
Ohio University-Lancaster Campus,OH,1977,37,5,21,7,35,Unavailable,9,Unavailable,85,Unavailable,Unavailable,Unavailable,Unavailable
Grace School of Theology,TX,220,Unavailable,0,Unavailable,1,92,Unavailable,1,Unavailable,16,Unavailable,Unavailable,Unavailable,Unavailable
Central State University,OH,3429,31,5,33,13,45,Unavailable,17,Unavailable,51,Unavailable,Unavailable,Unavailable,Unavailable
Cameron University,OK,3244,42,11,38,19,31,Unavailable,26,Unavailable,72,Unavailable,Unavailable,Unavailable,Unavailable
Snow College,UT,5506,33,43,17,41,20,Unavailable,61,Unavailable,94,Unavailable,Unavailable,Unavailable,Unavailable
Weatherford College,TX,5440,33,Unavailable,Unavailable,Unavailable,36,Unavailable,Unavailable,Unavailable,79,Unavailable,Unavailable,Unavailable,Unavailable
Jackson College,MI,4975,44,0,Unavailable,13,52,Unavailable,16,Unavailable,64,Unavailable,Unavailable,Unavailable,Unavailable
Miami University-Middletown,OH,1213,37,4,29,12,29,Unavailable,15,Unavailable,82,Unavailable,Unavailable,Unavailable,Unavailable
Potomac State College of West Virginia University,WV,1143,40,Unavailable,Unavailable,Unavailable,16,Unavailable,Unavailable,Unavailable,90,Unavailable,Unavailable,Unavailable,Unavailable
California State University-East Bay,CA,10562,41,7,43,31,32,Unavailable,40,Unavailable,62,Unavailable,Unavailable,Unavailable,Unavailable
Quincy College,MA,2603,42,Unavailable,Unavailable,Unavailable,51,Unavailable,Unavailable,Unavailable,49,Unavailable,Unavailable,Unavailable,Unavailable
Allegheny Wesleyan College,OH,70,Unavailable,0,41,18,13,Unavailable,26,Unavailable,96,Unavailable,Unavailable,Unavailable,Unavailable
City Vision University,MO,188,Unavailable,Unavailable,Unavailable,Unavailable,94,Unavailable,Unavailable,Unavailable,6,Unavailable,Unavailable,Unavailable,Unavailable
University of Cincinnati-Blue Ash College,OH,7166,39,Unavailable,Unavailable,Unavailable,25,Unavailable,Unavailable,Unavailable,88,Unavailable,Unavailable,Unavailable,Unavailable
Coppin State University,MD,1810,42,8,41,17,22,Unavailable,20,Unavailable,71,Unavailable,Unavailable,Unavailable,Unavailable
United States University,CA,178,Unavailable,0,Unavailable,14,84,Unavailable,9,Unavailable,7,Unavailable,Unavailable,Unavailable,Unavailable
Central Methodist University-College of Graduate and Extended Studies,MO,3247,Unavailable,0,25,16,63,Unavailable,11,Unavailable,59,Unavailable,Unavailable,Unavailable,Unavailable
Pacific Bible College,OR,44,Unavailable,Unavailable,Unavailable,Unavailable,57,Unavailable,Unavailable,Unavailable,23,Unavailable,Unavailable,Unavailable,Unavailable
Haven University,CA,31,Unavailable,0,Unavailable,51,40,Unavailable,67,Unavailable,21,Unavailable,Unavailable,Unavailable,Unavailable
Texas A&M University-Central Texas,TX,1702,45,Unavailable,Unavailable,Unavailable,65,Unavailable,Unavailable,Unavailable,37,Unavailable,Unavailable,Unavailable,Unavailable
Manna University,NC,172,Unavailable,30,Unavailable,29,74,Unavailable,66,Unavailable,27,Unavailable,Unavailable,Unavailable,Unavailable
Gods Bible School and College,OH,417,Unavailable,24,45,28,38,Unavailable,38,Unavailable,74,Unavailable,Unavailable,Unavailable,Unavailable
Thomas Edison State University,NJ,6773,Unavailable,Unavailable,Unavailable,Unavailable,95,Unavailable,Unavailable,Unavailable,12,Unavailable,Unavailable,Unavailable,Unavailable
California State Polytechnic University-Humboldt,CA,5594,41,12,42,28,15,Unavailable,36,Unavailable,77,Unavailable,Unavailable,Unavailable,Unavailable
Emporia State University,KS,2412,36,19,40,26,10,Unavailable,35,Unavailable,89,Unavailable,Unavailable,Unavailable,Unavailable
Ohio University-Southern Campus,OH,1639,39,7,28,10,35,Unavailable,12,Unavailable,83,Unavailable,Unavailable,Unavailable,Unavailable
World Mission University,CA,180,Unavailable,0,Unavailable,46,79,Unavailable,64,Unavailable,7,Unavailable,Unavailable,Unavailable,Unavailable
Western Connecticut State University,CT,3542,39,18,42,26,10,3,36,Unavailable,88,3,Unavailable,Unavailable,Unavailable
Family of Faith Christian University,OK,89,Unavailable,0,34,9,96,Unavailable,6,Unavailable,7,Unavailable,Unavailable,Unavailable,Unavailable
Idaho State University,ID,10406,40,12,33,19,27,Unavailable,26,Unavailable,81,Unavailable,Unavailable,Unavailable,Unavailable
Indian Bible College,AZ,33,Unavailable,30,Unavailable,30,33,Unavailable,67,Unavailable,45,Unavailable,Unavailable,Unavailable,Unavailable
Western New Mexico University,NM,2602,40,11,38,18,41,Unavailable,22,Unavailable,62,Unavailable,Unavailable,Unavailable,Unavailable
Walla Walla Community College,WA,2982,33,Unavailable,Unavailable,Unavailable,39,Unavailable,Unavailable,Unavailable,50,Unavailable,Unavailable,Unavailable,Unavailable
San Antonio College,TX,18975,39,Unavailable,Unavailable,Unavailable,49,Unavailable,Unavailable,Unavailable,68,Unavailable,Unavailable,Unavailable,Unavailable
CUNY Graduate School and University Center,NY,3237,Unavailable,Unavailable,Unavailable,Unavailable,73,Unavailable,Unavailable,Unavailable,21,Unavailable,Unavailable,Unavailable,Unavailable
Colorado Mountain College,CO,5673,27,8,30,10,38,Unavailable,13,Unavailable,69,Unavailable,Unavailable,Unavailable,Unavailable
Baptist University of the Americas,TX,98,Unavailable,14,23,22,45,Unavailable,26,Unavailable,30,Unavailable,Unavailable,Unavailable,Unavailable
Bethesda University,CA,212,Unavailable,8,13,22,18,Unavailable,20,Unavailable,70,Unavailable,Unavailable,Unavailable,Unavailable
Weber State University,UT,29534,34,9,34,20,32,Unavailable,31,Unavailable,83,Unavailable,Unavailable,Unavailable,Unavailable
Southwestern Oklahoma State University,OK,3995,39,12,34,22,24,#VALUE!,30,Unavailable,79,Unavailable,#VALUE!,Unavailable,Unavailable
Miami University-Hamilton,OH,2345,36,4,24,12,23,Unavailable,15,Unavailable,84,Unavailable,Unavailable,Unavailable,Unavailable
CUNY Lehman College,NY,11227,51,17,58,29,30,Unavailable,40,Unavailable,68,Unavailable,Unavailable,Unavailable,Unavailable
South Florida Bible College and Theological Seminary,FL,273,Unavailable,0,Unavailable,2,53,Unavailable,1,Unavailable,31,Unavailable,Unavailable,Unavailable,Unavailable
University of Arkansas Grantham,AR,3203,50,11,41,12,88,Unavailable,23,Unavailable,5,Unavailable,Unavailable,Unavailable,Unavailable
Christ Mission College,TX,43,Unavailable,0,Unavailable,31,#VALUE!,Unavailable,37,Unavailable,77,Unavailable,Unavailable,Unavailable,Unavailable
CUNY City College,NY,12356,49,14,58,27,12,Unavailable,39,Unavailable,86,Unavailable,Unavailable,Unavailable,Unavailable
Eastern Connecticut State University,CT,3839,34,27,42,27,7,Unavailable,38,Unavailable,94,Unavailable,Unavailable,Unavailable,Unavailable
Southern California University of Health Sciences,CA,720,Unavailable,Unavailable,Unavailable,Unavailable,55,Unavailable,Unavailable,Unavailable,58,Unavailable,Unavailable,Unavailable,Unavailable
Wright State University-Lake Campus,OH,1398,33,15,23,24,28,Unavailable,28,Unavailable,92,Unavailable,Unavailable,Unavailable,Unavailable
College of Staten Island CUNY,NY,9786,45,16,48,23,14,Unavailable,34,Unavailable,86,Unavailable,Unavailable,Unavailable,Unavailable
CUNY Medgar Evers College,NY,3846,50,11,42,19,28,Unavailable,25,Unavailable,64,Unavailable,Unavailable,Unavailable,Unavailable
CUNY York College,NY,5906,47,5,44,20,24,Unavailable,27,Unavailable,77,Unavailable,Unavailable,Unavailable,Unavailable
CUNY Hunter College,NY,17378,47,19,59,28,12,Unavailable,40,Unavailable,86,Unavailable,Unavailable,Unavailable,Unavailable
Hobe Sound Bible College,FL,141,Unavailable,14,59,16,41,Unavailable,21,Unavailable,53,Unavailable,Unavailable,Unavailable,Unavailable
College of Biblical Studies-Houston,TX,482,Unavailable,0,40,31,81,Unavailable,37,Unavailable,30,Unavailable,Unavailable,Unavailable,Unavailable
SUNY Brockport,NY,5429,40,29,45,33,11,16,44,15,87,15,16,16,Unavailable
SUNY College of Technology at Delhi,NY,2634,42,25,48,26,18,Unavailable,34,Unavailable,81,Unavailable,Unavailable,Unavailable,Unavailable
CUNY New York City College of Technology,NY,13767,48,6,42,17,20,Unavailable,24,Unavailable,80,Unavailable,Unavailable,Unavailable,Unavailable
CUNY Queens College,NY,13998,44,17,55,28,16,Unavailable,39,Unavailable,83,Unavailable,Unavailable,Unavailable,Unavailable
Pacific College of Health and Science,IL,94,Unavailable,Unavailable,Unavailable,Unavailable,49,Unavailable,Unavailable,Unavailable,9,Unavailable,Unavailable,Unavailable,Unavailable
Farmingdale State College,NY,9508,39,19,47,27,13,20,37,Unavailable,85,Unavailable,20,Unavailable,Unavailable
Mayville State University,ND,963,28,11,31,22,33,Unavailable,25,Unavailable,79,Unavailable,Unavailable,Unavailable,Unavailable
Kent State University at Salem,OH,1463,43,1,23,6,50,Unavailable,5,Unavailable,79,Unavailable,Unavailable,Unavailable,Unavailable
CUNY Bernard M Baruch College,NY,16086,47,29,65,35,12,Unavailable,49,Unavailable,87,Unavailable,Unavailable,Unavailable,Unavailable
Summit Christian College,NE,23,Unavailable,0,72,40,38,Unavailable,60,Unavailable,61,Unavailable,Unavailable,Unavailable,Unavailable
SUNY Old Westbury,NY,4040,44,19,48,31,13,Unavailable,38,Unavailable,83,Unavailable,Unavailable,Unavailable,Unavailable
SUNY College of Technology at Alfred,NY,3749,42,20,41,22,11,10,29,Unavailable,90,9,Unavailable,Unavailable,Unavailable
Kent State University at Stark,OH,3423,41,0,21,4,42,Unavailable,3,Unavailable,82,Unavailable,Unavailable,Unavailable,Unavailable
Kent State University at Tuscarawas,OH,1885,41,1,23,5,50,Unavailable,6,Unavailable,77,Unavailable,Unavailable,Unavailable,Unavailable
University of Baltimore,MD,1292,43,14,46,27,48,Unavailable,33,Unavailable,36,Unavailable,Unavailable,Unavailable,Unavailable
SUNY College of Technology at Canton,NY,2919,43,22,49,26,32,Unavailable,32,Unavailable,67,Unavailable,Unavailable,Unavailable,Unavailable
State University of New York at Cortland,NY,5905,35,31,47,31,2,Unavailable,43,Unavailable,98,Unavailable,Unavailable,Unavailable,Unavailable
Alpena Community College,MI,1530,42,Unavailable,22,Unavailable,28,Unavailable,Unavailable,Unavailable,86,Unavailable,Unavailable,Unavailable,Unavailable
CUNY John Jay College of Criminal Justice,NY,11678,48,23,59,28,17,Unavailable,38,Unavailable,83,Unavailable,Unavailable,Unavailable,Unavailable
CUNY Brooklyn College,NY,11330,48,19,58,29,18,Unavailable,40,Unavailable,82,Unavailable,Unavailable,Unavailable,Unavailable
Kent State University at Geauga,OH,2154,41,0,21,4,53,Unavailable,4,Unavailable,78,Unavailable,Unavailable,Unavailable,Unavailable
Dickinson State University,ND,1392,35,11,25,22,23,Unavailable,27,Unavailable,85,Unavailable,Unavailable,Unavailable,Unavailable
Evangel University-College of Online Learning,MO,241,Unavailable,Unavailable,Unavailable,Unavailable,72,Unavailable,Unavailable,Unavailable,34,Unavailable,Unavailable,Unavailable,Unavailable
SUNY College at Potsdam,NY,2211,41,20,41,25,7,Unavailable,33,Unavailable,94,Unavailable,Unavailable,Unavailable,Unavailable
SUNY Buffalo State University,NY,5572,45,16,44,22,9,Unavailable,29,Unavailable,87,Unavailable,Unavailable,Unavailable,Unavailable
SUNY at Fredonia,NY,2877,39,28,41,28,2,11,40,Unavailable,97,Unavailable,Unavailable,Unavailable,Unavailable
Kent State University at Ashtabula,OH,1762,43,1,24,3,60,Unavailable,2,Unavailable,71,Unavailable,Unavailable,Unavailable,Unavailable
Kent State University at Trumbull,OH,2029,42,0,23,4,57,Unavailable,3,Unavailable,73,Unavailable,Unavailable,Unavailable,Unavailable
Georgia Military College,GA,6765,47,Unavailable,Unavailable,Unavailable,44,Unavailable,Unavailable,Unavailable,78,Unavailable,Unavailable,Unavailable,Unavailable
University of Wisconsin-Green Bay,WI,9853,36,23,42,27,30,Unavailable,36,Unavailable,83,Unavailable,Unavailable,Unavailable,Unavailable
Beulah Heights University,GA,158,Unavailable,4,12,8,54,Unavailable,10,Unavailable,11,Unavailable,Unavailable,Unavailable,Unavailable
Harris-Stowe State University,MO,1098,44,4,49,12,15,Unavailable,16,Unavailable,85,Unavailable,Unavailable,Unavailable,Unavailable
Ascent College,VA,87,Unavailable,0,Unavailable,4,84,Unavailable,2,Unavailable,36,Unavailable,Unavailable,Unavailable,Unavailable
Utah Valley University,UT,43794,35,9,32,19,30,Unavailable,27,Unavailable,83,Unavailable,Unavailable,Unavailable,Unavailable
Western Governors University,UT,135822,Unavailable,33,42,36,#VALUE!,Unavailable,47,Unavailable,16,Unavailable,Unavailable,Unavailable,Unavailable
Southern Connecticut State University,CT,6781,39,17,41,28,13,Unavailable,37,Unavailable,86,Unavailable,Unavailable,Unavailable,Unavailable
Langston University,OK,1743,37,7,43,14,5,Unavailable,20,Unavailable,92,Unavailable,Unavailable,Unavailable,Unavailable
University of Wisconsin-Oshkosh,WI,12674,32,16,37,25,20,Unavailable,36,Unavailable,92,Unavailable,Unavailable,Unavailable,Unavailable
Midwives College of Utah,UT,253,Unavailable,0,26,7,#VALUE!,Unavailable,4,Unavailable,8,Unavailable,Unavailable,Unavailable,Unavailable
California Polytechnic State University-San Luis Obispo,CA,21559,28,34,49,36,2,Unavailable,54,Unavailable,98,Unavailable,Unavailable,Unavailable,Unavailable
University of Wisconsin-Parkside,WI,3263,36,11,36,24,18,Unavailable,31,Unavailable,83,Unavailable,Unavailable,Unavailable,Unavailable
University of Nebraska at Omaha,NE,11859,35,15,37,26,17,#VALUE!,37,Unavailable,83,Unavailable,#VALUE!,Unavailable,Unavailable
SUNY Morrisville,NY,2030,45,16,45,18,10,Unavailable,24,Unavailable,90,Unavailable,Unavailable,Unavailable,Unavailable
Drury University-College of Continuing Professional Studies,MO,716,Unavailable,7,40,18,55,Unavailable,19,Unavailable,35,Unavailable,Unavailable,Unavailable,Unavailable
National Paralegal College,AZ,388,Unavailable,0,33,11,68,Unavailable,11,Unavailable,7,Unavailable,Unavailable,Unavailable,Unavailable
University of Alaska Anchorage,AK,10162,33,9,25,13,44,Unavailable,22,Unavailable,58,Unavailable,Unavailable,Unavailable,Unavailable
University of the District of Columbia,DC,3297,34,10,36,22,42,Unavailable,31,Unavailable,45,Unavailable,Unavailable,Unavailable,Unavailable
Vincennes University,IN,18438,34,10,31,12,32,Unavailable,15,Unavailable,93,Unavailable,Unavailable,Unavailable,Unavailable
SUNY College of Agriculture and Technology at Cobleskill,NY,1792,40,25,50,24,6,Unavailable,32,Unavailable,93,Unavailable,Unavailable,Unavailable,Unavailable
SUNY College at Plattsburgh,NY,3856,39,31,46,30,13,Unavailable,42,Unavailable,87,Unavailable,Unavailable,Unavailable,Unavailable
Governors State University,IL,2536,46,6,31,16,40,Unavailable,17,Unavailable,58,Unavailable,Unavailable,Unavailable,Unavailable
California Intercontinental University,SD,141,Unavailable,60,40,40,97,Unavailable,60,Unavailable,7,Unavailable,Unavailable,Unavailable,Unavailable
Mississippi Valley State University,MS,2005,58,11,51,19,21,#VALUE!,22,Unavailable,86,Unavailable,#VALUE!,Unavailable,Unavailable
Charter Oak State College,CT,1683,41,Unavailable,Unavailable,Unavailable,84,Unavailable,Unavailable,Unavailable,16,Unavailable,Unavailable,Unavailable,Unavailable
Central Washington University,WA,8309,38,19,40,28,19,Unavailable,36,Unavailable,80,Unavailable,Unavailable,Unavailable,Unavailable
Heritage Bible College,NC,28,Unavailable,15,51,16,85,Unavailable,19,Unavailable,7,Unavailable,Unavailable,Unavailable,Unavailable
University of New Hampshire College of Professional Studies Online,NH,1100,32,2,23,14,83,Unavailable,14,Unavailable,24,Unavailable,Unavailable,Unavailable,Unavailable
State University of New York at Oswego,NY,5652,38,32,47,32,8,22,44,Unavailable,92,Unavailable,22,Unavailable,Unavailable
Carolina Christian College,NC,53,Unavailable,Unavailable,50,Unavailable,#VALUE!,Unavailable,Unavailable,Unavailable,64,Unavailable,Unavailable,Unavailable,Unavailable
Black Hills State University,SD,3279,34,16,31,22,23,#VALUE!,30,Unavailable,89,Unavailable,#VALUE!,Unavailable,Unavailable
Valor Christian College,OH,352,Unavailable,Unavailable,Unavailable,Unavailable,58,Unavailable,Unavailable,Unavailable,31,Unavailable,Unavailable,Unavailable,Unavailable
Mississippi University for Women,MS,1995,45,19,43,37,27,#VALUE!,39,Unavailable,78,Unavailable,#VALUE!,Unavailable,Unavailable
Talmudical Seminary Oholei Torah,NY,353,Unavailable,0,37,44,#VALUE!,Unavailable,31,Unavailable,Unavailable,Unavailable,Unavailable,Unavailable,Unavailable
Wesley Biblical Seminary,MS,27,Unavailable,Unavailable,Unavailable,Unavailable,77,Unavailable,Unavailable,Unavailable,21,Unavailable,Unavailable,Unavailable,Unavailable
Chicago State University,IL,1495,50,3,39,18,32,Unavailable,21,Unavailable,57,Unavailable,Unavailable,Unavailable,Unavailable
Empire State University,NY,7789,38,8,31,20,73,Unavailable,20,Unavailable,26,Unavailable,Unavailable,Unavailable,Unavailable
University of North Texas at Dallas,TX,3018,45,14,49,24,33,4,32,Unavailable,68,4,Unavailable,Unavailable,Unavailable
Bais Medrash Toras Chesed,NJ,125,Unavailable,0,66,18,#VALUE!,Unavailable,28,Unavailable,97,Unavailable,Unavailable,Unavailable,Unavailable
Faith International University,WA,196,Unavailable,8,Unavailable,25,66,Unavailable,25,Unavailable,29,Unavailable,Unavailable,Unavailable,Unavailable
University of Wisconsin-Stevens Point,WI,7419,34,20,39,25,9,Unavailable,36,Unavailable,92,Unavailable,Unavailable,Unavailable,Unavailable
University of Maryland Eastern Shore,MD,2233,41,9,43,18,6,Unavailable,25,Unavailable,92,Unavailable,Unavailable,Unavailable,Unavailable
Bellevue University,NE,11096,Unavailable,11,22,23,71,Unavailable,25,Unavailable,22,Unavailable,Unavailable,Unavailable,Unavailable
Southeast Missouri State University,MO,8099,32,21,39,25,16,4,36,Unavailable,90,3,Unavailable,Unavailable,Unavailable
Eastern Washington University,WA,7246,39,16,40,26,14,Unavailable,36,Unavailable,85,Unavailable,Unavailable,Unavailable,Unavailable
Presbyterian Theological Seminary in America,CA,38,Unavailable,30,74,49,74,Unavailable,66,Unavailable,8,Unavailable,Unavailable,Unavailable,Unavailable
Valley City State University,ND,1628,29,21,37,29,27,Unavailable,37,Unavailable,84,Unavailable,Unavailable,Unavailable,Unavailable
Texas College,TX,644,Unavailable,3,48,13,11,Unavailable,15,Unavailable,82,Unavailable,Unavailable,Unavailable,Unavailable
Pennsylvania Western University,PA,8336,37,22,41,25,16,12,34,Unavailable,85,11,Unavailable,Unavailable,Unavailable
Northern State University,SD,2932,31,22,34,27,26,#VALUE!,39,Unavailable,93,Unavailable,#VALUE!,Unavailable,Unavailable
Catholic Distance University,WV,99,Unavailable,Unavailable,Unavailable,Unavailable,84,Unavailable,Unavailable,Unavailable,17,Unavailable,Unavailable,Unavailable,Unavailable
North Carolina Central University,NC,5973,41,17,53,26,16,1,35,Unavailable,85,1,Unavailable,Unavailable,Unavailable
Rabbinical Seminary Mkor Chaim,NJ,81,Unavailable,0,Unavailable,1,#VALUE!,Unavailable,0,Unavailable,99,Unavailable,Unavailable,Unavailable,Unavailable
Kent State University at East Liverpool,OH,1056,41,0,23,4,61,Unavailable,3,Unavailable,78,Unavailable,Unavailable,Unavailable,Unavailable
University of Central Oklahoma,OK,10454,37,7,35,20,19,#VALUE!,27,Unavailable,80,Unavailable,#VALUE!,Unavailable,Unavailable
Veritas Baptist College,IN,140,Unavailable,20,33,19,70,Unavailable,24,Unavailable,54,Unavailable,Unavailable,Unavailable,Unavailable
American Public University System,WV,40478,Unavailable,16,32,24,89,Unavailable,33,Unavailable,22,Unavailable,Unavailable,Unavailable,Unavailable
Central Yeshiva Tomchei Tmimim Lubavitz,NY,810,Unavailable,0,34,27,#VALUE!,Unavailable,32,Unavailable,100,Unavailable,Unavailable,Unavailable,Unavailable
Tri-State Bible College,OH,16,Unavailable,0,Unavailable,17,66,Unavailable,11,Unavailable,6,Unavailable,Unavailable,Unavailable,Unavailable
Colorado State University Global,CO,6568,35,Unavailable,Unavailable,Unavailable,85,Unavailable,Unavailable,Unavailable,16,Unavailable,Unavailable,Unavailable,Unavailable
Kutztown University of Pennsylvania,PA,6420,33,22,38,25,4,Unavailable,35,Unavailable,95,Unavailable,Unavailable,Unavailable,Unavailable
Virginia University of Lynchburg,VA,170,Unavailable,0,40,30,22,Unavailable,29,Unavailable,85,Unavailable,Unavailable,Unavailable,Unavailable
University of Maryland Global Campus,MD,50793,20,3,26,18,76,Unavailable,16,Unavailable,34,Unavailable,Unavailable,Unavailable,Unavailable
San Diego State University,CA,34050,32,29,53,40,10,Unavailable,52,Unavailable,88,Unavailable,Unavailable,Unavailable,Unavailable
Bowie State University,MD,5288,37,10,39,22,14,Unavailable,31,Unavailable,84,Unavailable,Unavailable,Unavailable,Unavailable
MORRIS BROWN COLLEGE,GA,343,Unavailable,Unavailable,82,Unavailable,47,Unavailable,Unavailable,Unavailable,49,Unavailable,Unavailable,Unavailable,Unavailable
Yeshiva Gedolah of Greater Detroit,MI,71,Unavailable,0,49,0,#VALUE!,Unavailable,4,Unavailable,Unavailable,Unavailable,Unavailable,Unavailable,Unavailable
Yeshivas Novominsk,NY,163,Unavailable,0,18,1,#VALUE!,Unavailable,0,Unavailable,Unavailable,Unavailable,Unavailable,Unavailable,Unavailable
Yeshiva Gedolah of Cliffwood,NJ,55,Unavailable,4,5,11,#VALUE!,Unavailable,16,Unavailable,Unavailable,Unavailable,Unavailable,Unavailable,Unavailable
SUNY at Purchase College,NY,3165,36,34,46,30,5,9,42,Unavailable,94,8,Unavailable,Unavailable,Unavailable
University at Albany,NY,12190,40,35,52,31,5,Unavailable,43,Unavailable,95,Unavailable,Unavailable,Unavailable,Unavailable
Cheyney University of Pennsylvania,PA,724,39,14,30,19,7,Unavailable,27,Unavailable,92,Unavailable,Unavailable,Unavailable,Unavailable
Metropolitan State University,MN,5271,43,9,46,30,52,Unavailable,33,Unavailable,45,Unavailable,Unavailable,Unavailable,Unavailable
University of Central Missouri,MO,7203,37,20,36,28,18,Unavailable,36,Unavailable,87,Unavailable,Unavailable,Unavailable,Unavailable
University of Maine at Augusta,ME,4250,43,3,34,15,62,Unavailable,16,Unavailable,53,Unavailable,Unavailable,Unavailable,Unavailable
Bais Medrash Elyon,NY,41,Unavailable,Unavailable,Unavailable,Unavailable,#VALUE!,Unavailable,Unavailable,Unavailable,95,Unavailable,Unavailable,Unavailable,Unavailable
Yeshiva of Ocean,NY,57,Unavailable,0,Unavailable,7,#VALUE!,Unavailable,9,Unavailable,Unavailable,Unavailable,Unavailable,Unavailable,Unavailable
Abraham Lincoln University,CA,49,Unavailable,Unavailable,Unavailable,Unavailable,62,Unavailable,Unavailable,Unavailable,22,Unavailable,Unavailable,Unavailable,Unavailable
Centra College,VA,212,Unavailable,Unavailable,Unavailable,Unavailable,48,Unavailable,Unavailable,Unavailable,50,Unavailable,Unavailable,Unavailable,Unavailable
University of Wisconsin-Whitewater,WI,9812,31,23,41,29,12,Unavailable,41,Unavailable,90,Unavailable,Unavailable,Unavailable,Unavailable
Indiana Wesleyan University-National & Global,IN,6118,Unavailable,Unavailable,Unavailable,Unavailable,65,Unavailable,Unavailable,Unavailable,19,Unavailable,Unavailable,Unavailable,Unavailable
Glenville State University,WV,1583,40,18,43,24,21,Unavailable,31,Unavailable,83,Unavailable,Unavailable,Unavailable,Unavailable
Arkansas Baptist College,AR,373,Unavailable,0,24,5,12,Unavailable,3,Unavailable,80,Unavailable,Unavailable,Unavailable,Unavailable
Yeshiva Gedolah of Woodlake Village,NJ,79,Unavailable,0,Unavailable,5,#VALUE!,Unavailable,5,Unavailable,Unavailable,Unavailable,Unavailable,Unavailable,Unavailable
Minnesota State University Moorhead,MN,3413,29,23,37,29,18,#VALUE!,39,Unavailable,82,Unavailable,#VALUE!,Unavailable,Unavailable
Southwest Minnesota State University,MN,6884,32,17,35,29,38,Unavailable,36,Unavailable,91,Unavailable,Unavailable,Unavailable,Unavailable
Paul Quinn College,TX,600,Unavailable,7,59,15,45,Unavailable,20,Unavailable,64,Unavailable,Unavailable,Unavailable,Unavailable
Ohio State University-Lima Campus,OH,739,39,7,25,10,9,Unavailable,11,Unavailable,92,Unavailable,Unavailable,Unavailable,Unavailable
Ohio State University-Mansfield Campus,OH,843,39,2,22,8,10,Unavailable,7,Unavailable,92,Unavailable,Unavailable,Unavailable,Unavailable
Ohio State University-Marion Campus,OH,884,36,3,18,9,10,Unavailable,9,Unavailable,90,Unavailable,Unavailable,Unavailable,Unavailable
Utah Tech University,UT,12481,30,9,25,15,20,Unavailable,19,Unavailable,89,Unavailable,Unavailable,Unavailable,Unavailable
University of Wisconsin-Platteville,WI,6270,27,17,39,26,10,Unavailable,38,Unavailable,91,Unavailable,Unavailable,Unavailable,Unavailable
Northwestern Michigan College,MI,3146,37,45,61,35,37,Unavailable,52,Unavailable,72,Unavailable,Unavailable,Unavailable,Unavailable
Bemidji State University,MN,3610,33,19,35,27,33,#VALUE!,34,Unavailable,72,Unavailable,#VALUE!,Unavailable,Unavailable
Rabbinical College Ohr Yisroel,NY,116,Unavailable,0,51,20,#VALUE!,Unavailable,32,Unavailable,Unavailable,Unavailable,Unavailable,Unavailable,Unavailable
Women's Institute of Torah Seminary and College,MD,191,Unavailable,40,Unavailable,35,#VALUE!,Unavailable,46,Unavailable,99,Unavailable,Unavailable,Unavailable,Unavailable
Yeshivah Gedolah Rabbinical College,FL,77,Unavailable,0,38,25,#VALUE!,Unavailable,17,Unavailable,96,Unavailable,Unavailable,Unavailable,Unavailable
SUNY Maritime College,NY,1243,28,31,46,31,4,27,46,Unavailable,95,Unavailable,27,Unavailable,Unavailable
Yeshiva Zichron Aryeh,NY,36,Unavailable,0,6,39,#VALUE!,Unavailable,46,Unavailable,97,Unavailable,Unavailable,Unavailable,Unavailable
Pacific States University,CA,17,Unavailable,0,Unavailable,0,#VALUE!,Unavailable,0,Unavailable,59,Unavailable,Unavailable,Unavailable,Unavailable
Clear Creek Baptist Bible College,KY,136,Unavailable,8,48,31,63,Unavailable,35,Unavailable,38,Unavailable,Unavailable,Unavailable,Unavailable
Kentucky Mountain Bible College,KY,87,Unavailable,20,45,24,33,#VALUE!,47,Unavailable,76,Unavailable,#VALUE!,Unavailable,Unavailable
University of Maine at Presque Isle,ME,2152,35,14,33,40,54,Unavailable,39,Unavailable,58,Unavailable,Unavailable,Unavailable,Unavailable
Luther Rice College & Seminary,GA,214,Unavailable,Unavailable,25,Unavailable,91,Unavailable,Unavailable,Unavailable,13,Unavailable,Unavailable,Unavailable,Unavailable
Elim Bible Institute and College,NY,98,Unavailable,Unavailable,Unavailable,Unavailable,30,Unavailable,Unavailable,Unavailable,64,Unavailable,Unavailable,Unavailable,Unavailable
Ohio State University-Newark Campus,OH,2422,39,2,20,6,9,Unavailable,6,Unavailable,94,Unavailable,Unavailable,Unavailable,Unavailable
Bais Binyomin Academy,NY,50,Unavailable,0,34,1,#VALUE!,Unavailable,1,Unavailable,Unavailable,Unavailable,Unavailable,Unavailable,Unavailable
Yeshiva D'monsey Rabbinical College,NY,86,Unavailable,0,47,13,#VALUE!,Unavailable,17,Unavailable,Unavailable,Unavailable,Unavailable,Unavailable,Unavailable
Yeshiva of the Telshe Alumni,NY,78,Unavailable,0,24,27,#VALUE!,Unavailable,40,Unavailable,Unavailable,Unavailable,Unavailable,Unavailable,Unavailable
West Chester University of Pennsylvania,PA,14344,32,32,43,34,7,13,47,Unavailable,93,12,Unavailable,Unavailable,Unavailable
Lane College,TN,822,Unavailable,10,48,17,6,Unavailable,21,Unavailable,91,Unavailable,Unavailable,Unavailable,Unavailable
Missouri Western State University,MO,3604,37,11,37,19,18,Unavailable,26,Unavailable,91,Unavailable,Unavailable,Unavailable,Unavailable
Yeshiva Gedolah Kesser Torah,NY,82,Unavailable,23,44,20,#VALUE!,Unavailable,26,Unavailable,Unavailable,Unavailable,Unavailable,Unavailable,Unavailable
Adams State University,CO,1576,35,12,33,21,20,Unavailable,27,Unavailable,85,Unavailable,Unavailable,Unavailable,Unavailable
Western Illinois University,IL,5025,37,19,32,28,16,Unavailable,36,Unavailable,84,Unavailable,Unavailable,Unavailable,Unavailable
University of Management and Technology,VA,323,Unavailable,0,Unavailable,14,71,Unavailable,9,Unavailable,4,Unavailable,Unavailable,Unavailable,Unavailable
Tennessee Technological University,TN,8838,36,22,38,28,7,5,40,Unavailable,93,4,Unavailable,Unavailable,Unavailable
Longwood University,VA,3223,34,31,41,29,6,24,42,Unavailable,95,Unavailable,24,Unavailable,Unavailable
Yeshiva Gedola Tiferes Yerachmiel,NJ,172,Unavailable,0,Unavailable,6,#VALUE!,Unavailable,4,Unavailable,Unavailable,Unavailable,Unavailable,Unavailable,Unavailable
Yeshiva Ohr Yisrael,NY,17,Unavailable,0,38,21,#VALUE!,Unavailable,14,Unavailable,94,Unavailable,Unavailable,Unavailable,Unavailable
University of Maine at Fort Kent,ME,1357,26,15,28,33,48,Unavailable,36,Unavailable,73,Unavailable,Unavailable,Unavailable,Unavailable
East Stroudsburg University of Pennsylvania,PA,4697,36,22,37,24,6,13,33,Unavailable,92,11,Unavailable,Unavailable,Unavailable
Lincoln University,MO,1707,42,8,41,16,16,Unavailable,20,Unavailable,88,Unavailable,Unavailable,Unavailable,Unavailable
Towson University,MD,16517,36,30,49,35,8,12,48,Unavailable,90,11,Unavailable,Unavailable,Unavailable
American College of Healthcare Sciences,OR,812,Unavailable,Unavailable,Unavailable,Unavailable,89,Unavailable,Unavailable,Unavailable,11,Unavailable,Unavailable,Unavailable,Unavailable
Southern Utah University,UT,13043,32,17,38,24,27,Unavailable,33,Unavailable,73,Unavailable,Unavailable,Unavailable,Unavailable
Holy Apostles College and Seminary,CT,270,Unavailable,8,61,31,63,Unavailable,40,Unavailable,61,Unavailable,Unavailable,Unavailable,Unavailable
Aviator College of Aeronautical Science and Technology,FL,314,Unavailable,Unavailable,Unavailable,Unavailable,#VALUE!,Unavailable,Unavailable,Unavailable,48,Unavailable,Unavailable,Unavailable,Unavailable
Frostburg State University,MD,3344,36,15,41,25,16,Unavailable,34,Unavailable,90,Unavailable,Unavailable,Unavailable,Unavailable
Horizon University,IN,58,Unavailable,60,Unavailable,48,44,Unavailable,66,Unavailable,62,Unavailable,Unavailable,Unavailable,Unavailable
Stillman College,AL,779,Unavailable,4,56,11,20,Unavailable,13,Unavailable,77,Unavailable,Unavailable,Unavailable,Unavailable
Yeshiva Gedolah Tiferes Boruch,NJ,70,Unavailable,0,Unavailable,2,#VALUE!,Unavailable,1,Unavailable,Unavailable,Unavailable,Unavailable,Unavailable,Unavailable
Franklin University,OH,5815,Unavailable,13,29,24,78,Unavailable,24,Unavailable,27,Unavailable,Unavailable,Unavailable,Unavailable
Nazarene Bible College,CO,584,Unavailable,0,Unavailable,8,96,Unavailable,5,Unavailable,8,Unavailable,Unavailable,Unavailable,Unavailable
University of Phoenix-Arizona,AZ,80637,Unavailable,0,31,12,#VALUE!,Unavailable,12,Unavailable,15,Unavailable,Unavailable,Unavailable,Unavailable
Trine University-Regional/Non-Traditional Campuses,IN,444,Unavailable,0,12,9,66,Unavailable,6,Unavailable,61,Unavailable,Unavailable,Unavailable,Unavailable
Kansas Christian College,KS,143,Unavailable,0,40,56,7,Unavailable,71,Unavailable,97,Unavailable,Unavailable,Unavailable,Unavailable
Messenger College,TX,26,Unavailable,5,71,27,16,Unavailable,35,Unavailable,65,Unavailable,Unavailable,Unavailable,Unavailable
SUM Bible College and Theological Seminary,CA,318,Unavailable,13,50,14,72,Unavailable,18,Unavailable,28,Unavailable,Unavailable,Unavailable,Unavailable
Torah Temimah Talmudical Seminary,NY,73,Unavailable,6,29,18,#VALUE!,Unavailable,15,Unavailable,97,Unavailable,Unavailable,Unavailable,Unavailable
University of Fort Lauderdale,FL,260,Unavailable,Unavailable,29,Unavailable,42,Unavailable,Unavailable,Unavailable,65,Unavailable,Unavailable,Unavailable,Unavailable
Yeshivas Emek Hatorah,NJ,93,Unavailable,0,15,2,#VALUE!,Unavailable,2,Unavailable,Unavailable,Unavailable,Unavailable,Unavailable,Unavailable
Beis Medrash Heichal Dovid,NY,183,Unavailable,2,8,10,#VALUE!,Unavailable,13,Unavailable,Unavailable,Unavailable,Unavailable,Unavailable,Unavailable
Virginia State University,VA,4829,44,19,54,22,5,9,31,Unavailable,92,Unavailable,Unavailable,Unavailable,Unavailable
University of Wisconsin-La Crosse,WI,9378,26,28,39,31,3,Unavailable,46,Unavailable,98,Unavailable,Unavailable,Unavailable,Unavailable
Eastern Illinois University,IL,6849,43,21,43,28,21,Unavailable,35,Unavailable,90,Unavailable,Unavailable,Unavailable,Unavailable
Associated Beth Rivkah Schools,NY,289,Unavailable,Unavailable,Unavailable,Unavailable,#VALUE!,Unavailable,Unavailable,Unavailable,Unavailable,Unavailable,Unavailable,Unavailable,Unavailable
Acupuncture and Massage College,FL,63,Unavailable,Unavailable,33,Unavailable,#VALUE!,Unavailable,Unavailable,Unavailable,26,Unavailable,Unavailable,Unavailable,Unavailable
Eastern Oregon University,OR,2515,38,16,35,26,44,Unavailable,32,Unavailable,61,Unavailable,Unavailable,Unavailable,Unavailable
Yeshiva Gedolah Shaarei Shmuel,NJ,132,Unavailable,11,19,7,#VALUE!,Unavailable,11,Unavailable,Unavailable,Unavailable,Unavailable,Unavailable,Unavailable
Norfolk State University,VA,5510,42,10,46,18,12,2,26,Unavailable,86,Unavailable,Unavailable,Unavailable,Unavailable
Salisbury University,MD,6281,30,30,43,34,6,12,47,Unavailable,93,10,Unavailable,Unavailable,Unavailable
California Miramar University,CA,105,Unavailable,23,Unavailable,26,11,Unavailable,35,Unavailable,86,Unavailable,Unavailable,Unavailable,Unavailable
Baptist Missionary Association Theological Seminary,TX,52,Unavailable,60,Unavailable,44,95,Unavailable,62,Unavailable,4,Unavailable,Unavailable,Unavailable,Unavailable
Shippensburg University of Pennsylvania,PA,4421,35,26,35,26,5,Unavailable,37,Unavailable,95,Unavailable,Unavailable,Unavailable,Unavailable
Rabbinical College of Long Island,NY,161,Unavailable,0,37,16,#VALUE!,Unavailable,23,Unavailable,Unavailable,Unavailable,Unavailable,Unavailable,Unavailable
Northern Illinois University,IL,11358,43,19,42,27,10,Unavailable,36,Unavailable,90,Unavailable,Unavailable,Unavailable,Unavailable
Yeshiva Gedolah Keren Hatorah,NJ,189,Unavailable,0,30,4,#VALUE!,Unavailable,4,Unavailable,Unavailable,Unavailable,Unavailable,Unavailable,Unavailable
University of the Cumberlands,KY,6091,Unavailable,22,47,30,43,Unavailable,36,Unavailable,62,Unavailable,Unavailable,Unavailable,Unavailable
Indiana Institute of Technology-College of Professional Studies,IN,2535,Unavailable,1,Unavailable,10,78,Unavailable,13,Unavailable,18,Unavailable,Unavailable,Unavailable,Unavailable
Yeshivath Viznitz,NY,921,Unavailable,0,86,33,#VALUE!,Unavailable,49,Unavailable,Unavailable,Unavailable,Unavailable,Unavailable,Unavailable
SUNY College of Environmental Science and Forestry,NY,2346,29,41,41,37,12,Unavailable,49,Unavailable,95,Unavailable,Unavailable,Unavailable,Unavailable
Rabbinical College Bobover Yeshiva Bnei Zion,NY,436,Unavailable,0,93,38,#VALUE!,Unavailable,54,Unavailable,Unavailable,Unavailable,Unavailable,Unavailable,Unavailable
Rabbinical Seminary of America,NY,379,Unavailable,4,42,10,#VALUE!,Unavailable,28,Unavailable,97,Unavailable,Unavailable,Unavailable,Unavailable
Shawnee State University,OH,2982,42,22,42,23,17,Unavailable,33,Unavailable,89,Unavailable,Unavailable,Unavailable,Unavailable
Midwestern Baptist Theological Seminary,MO,1067,Unavailable,7,39,23,54,Unavailable,28,Unavailable,47,Unavailable,Unavailable,Unavailable,Unavailable
University of Southern Mississippi,MS,10012,37,19,44,29,19,#VALUE!,37,Unavailable,82,Unavailable,#VALUE!,Unavailable,Unavailable
Central Christian College of the Bible,MO,155,Unavailable,29,43,25,33,Unavailable,34,Unavailable,68,Unavailable,Unavailable,Unavailable,Unavailable
Ohr Hameir Theological Seminary,NY,94,Unavailable,0,Unavailable,10,#VALUE!,Unavailable,13,Unavailable,Unavailable,Unavailable,Unavailable,Unavailable,Unavailable
Morehead State University,KY,8058,41,18,45,21,20,Unavailable,30,Unavailable,93,Unavailable,Unavailable,Unavailable,Unavailable
Southwestern Christian College,TX,128,Unavailable,0,96,9,11,Unavailable,6,Unavailable,80,Unavailable,Unavailable,Unavailable,Unavailable
Mesivta of Eastern Parkway-Yeshiva Zichron Meilech,NY,41,Unavailable,0,50,1,#VALUE!,Unavailable,1,Unavailable,Unavailable,Unavailable,Unavailable,Unavailable,Unavailable
Yeshiva Ohr Naftoli,NY,43,Unavailable,Unavailable,31,Unavailable,#VALUE!,Unavailable,Unavailable,Unavailable,Unavailable,Unavailable,Unavailable,Unavailable,Unavailable
Mid-South Christian College,TN,24,Unavailable,60,Unavailable,50,27,Unavailable,67,Unavailable,42,Unavailable,Unavailable,Unavailable,Unavailable
Agape College of Business and Science,CA,41,Unavailable,Unavailable,Unavailable,Unavailable,#VALUE!,Unavailable,Unavailable,Unavailable,44,Unavailable,Unavailable,Unavailable,Unavailable
Lakewood University,OH,100,Unavailable,Unavailable,Unavailable,Unavailable,#VALUE!,Unavailable,Unavailable,Unavailable,4,Unavailable,Unavailable,Unavailable,Unavailable
Heritage Christian University,AL,70,Unavailable,0,Unavailable,19,60,Unavailable,21,Unavailable,47,Unavailable,Unavailable,Unavailable,Unavailable
Alaska Bible College,AK,65,Unavailable,0,81,26,30,Unavailable,28,Unavailable,80,Unavailable,Unavailable,Unavailable,Unavailable
San Ignacio University,FL,211,Unavailable,60,56,45,35,Unavailable,63,Unavailable,33,Unavailable,Unavailable,Unavailable,Unavailable
Yeshiva Bais Aharon,NJ,13,Unavailable,0,38,2,#VALUE!,Unavailable,2,Unavailable,Unavailable,Unavailable,Unavailable,Unavailable,Unavailable
Yeshivath Beth Moshe,PA,39,Unavailable,0,19,6,#VALUE!,Unavailable,8,Unavailable,Unavailable,Unavailable,Unavailable,Unavailable,Unavailable
Salem University,WV,695,Unavailable,13,37,20,35,Unavailable,21,Unavailable,51,Unavailable,Unavailable,Unavailable,Unavailable
Rasmussen University-Minnesota,MN,8054,Unavailable,Unavailable,26,Unavailable,72,Unavailable,Unavailable,Unavailable,20,Unavailable,Unavailable,Unavailable,Unavailable
Pittsburg State University,KS,4426,30,19,39,27,9,#VALUE!,35,Unavailable,91,Unavailable,Unavailable,Unavailable,Unavailable
The University of Montana-Western,MT,1440,30,14,44,20,22,Unavailable,28,Unavailable,78,Unavailable,Unavailable,Unavailable,Unavailable
University of Wisconsin-Milwaukee,WI,18047,34,14,39,23,14,Unavailable,33,Unavailable,84,Unavailable,Unavailable,Unavailable,Unavailable
Tougaloo College,MS,711,Unavailable,11,57,20,9,Unavailable,25,Unavailable,92,Unavailable,Unavailable,Unavailable,Unavailable
Massachusetts College of Art and Design,MA,1876,28,35,43,33,9,Unavailable,47,Unavailable,89,Unavailable,Unavailable,Unavailable,Unavailable
Walden University,MN,7362,Unavailable,Unavailable,26,Unavailable,88,Unavailable,Unavailable,Unavailable,10,Unavailable,Unavailable,Unavailable,Unavailable
Jose Maria Vargas University,FL,97,Unavailable,Unavailable,Unavailable,Unavailable,#VALUE!,Unavailable,Unavailable,Unavailable,Unavailable,Unavailable,Unavailable,Unavailable,Unavailable
San Diego Global Knowledge University,CA,98,Unavailable,Unavailable,Unavailable,Unavailable,46,Unavailable,Unavailable,Unavailable,34,Unavailable,Unavailable,Unavailable,Unavailable
Southeastern Free Will Baptist Bible College,NC,74,Unavailable,26,Unavailable,21,9,Unavailable,31,Unavailable,91,Unavailable,Unavailable,Unavailable,Unavailable
Jarvis Christian University,TX,730,Unavailable,16,28,19,14,Unavailable,25,Unavailable,84,Unavailable,Unavailable,Unavailable,Unavailable
Yeshiva of Far Rockaway Derech Ayson Rabbinical Seminary,NY,57,Unavailable,0,25,5,#VALUE!,Unavailable,6,Unavailable,Unavailable,Unavailable,Unavailable,Unavailable,Unavailable
Boise Bible College,ID,103,Unavailable,28,40,28,21,Unavailable,35,Unavailable,72,Unavailable,Unavailable,Unavailable,Unavailable
Clinton College,SC,106,Unavailable,0,38,32,47,Unavailable,48,Unavailable,63,Unavailable,Unavailable,Unavailable,Unavailable
College Unbound,RI,401,Unavailable,Unavailable,Unavailable,Unavailable,59,Unavailable,Unavailable,Unavailable,11,Unavailable,Unavailable,Unavailable,Unavailable
Pacific College of Health and Science,CA,197,Unavailable,Unavailable,Unavailable,Unavailable,79,Unavailable,Unavailable,Unavailable,10,Unavailable,Unavailable,Unavailable,Unavailable
Bet Medrash Gadol Ateret Torah,NY,108,Unavailable,0,72,10,#VALUE!,Unavailable,39,Unavailable,97,Unavailable,Unavailable,Unavailable,Unavailable
Yeshiva Sholom Shachna,NY,118,Unavailable,8,25,7,#VALUE!,Unavailable,11,Unavailable,Unavailable,Unavailable,Unavailable,Unavailable,Unavailable
Virginia Union University,VA,1170,Unavailable,18,46,22,11,Unavailable,30,Unavailable,82,Unavailable,Unavailable,Unavailable,Unavailable
Yeshiva of Machzikai Hadas,NY,461,Unavailable,0,78,27,#VALUE!,Unavailable,36,Unavailable,99,Unavailable,Unavailable,Unavailable,Unavailable
Minnesota State University-Mankato,MN,12897,28,17,34,26,15,Unavailable,36,Unavailable,89,Unavailable,Unavailable,Unavailable,Unavailable
University of North Alabama,AL,7451,37,17,38,27,20,Unavailable,36,Unavailable,89,Unavailable,Unavailable,Unavailable,Unavailable
Northeastern Illinois University,IL,4042,46,3,41,18,31,Unavailable,19,Unavailable,63,Unavailable,Unavailable,Unavailable,Unavailable
University of Wisconsin-Stout,WI,6093,24,17,32,26,14,Unavailable,37,Unavailable,87,Unavailable,Unavailable,Unavailable,Unavailable
University of South Carolina Beaufort,SC,2067,42,12,40,19,16,Unavailable,23,Unavailable,85,Unavailable,Unavailable,Unavailable,Unavailable
Yeshiva College of the Nations Capital,MD,57,Unavailable,17,10,32,#VALUE!,Unavailable,31,Unavailable,Unavailable,Unavailable,Unavailable,Unavailable,Unavailable
Champion Christian College,AR,139,Unavailable,Unavailable,Unavailable,Unavailable,10,Unavailable,Unavailable,Unavailable,91,Unavailable,Unavailable,Unavailable,Unavailable
American National University,VA,643,Unavailable,Unavailable,Unavailable,Unavailable,80,Unavailable,Unavailable,Unavailable,12,Unavailable,Unavailable,Unavailable,Unavailable
Millersville University of Pennsylvania,PA,5724,33,20,35,27,13,Unavailable,38,Unavailable,88,Unavailable,Unavailable,Unavailable,Unavailable
Epic Bible College & Graduate School,CA,60,Unavailable,0,Unavailable,27,67,Unavailable,35,Unavailable,7,Unavailable,Unavailable,Unavailable,Unavailable
Talmudical Yeshiva of Philadelphia,PA,120,Unavailable,28,64,20,#VALUE!,Unavailable,29,Unavailable,Unavailable,Unavailable,Unavailable,Unavailable,Unavailable
Le Moyne-Owen College,TN,646,Unavailable,4,47,13,15,Unavailable,17,Unavailable,79,Unavailable,Unavailable,Unavailable,Unavailable
Baptist Health System School of Health Professions,TX,524,Unavailable,Unavailable,Unavailable,Unavailable,51,Unavailable,Unavailable,Unavailable,28,Unavailable,Unavailable,Unavailable,Unavailable
Yeshivath Zichron Moshe,NY,176,Unavailable,0,25,11,#VALUE!,Unavailable,7,Unavailable,Unavailable,Unavailable,Unavailable,Unavailable,Unavailable
Washburn University,KS,4930,37,16,32,25,21,Unavailable,33,Unavailable,81,Unavailable,Unavailable,Unavailable,Unavailable
Atlantis University,FL,313,Unavailable,47,54,35,#VALUE!,Unavailable,49,Unavailable,75,Unavailable,Unavailable,Unavailable,Unavailable
Rabbinical Academy Mesivta Rabbi Chaim Berlin,NY,160,Unavailable,0,30,6,#VALUE!,Unavailable,25,Unavailable,99,Unavailable,Unavailable,Unavailable,Unavailable
Latin American Bible Institute,CA,78,Unavailable,Unavailable,Unavailable,Unavailable,72,Unavailable,Unavailable,Unavailable,21,Unavailable,Unavailable,Unavailable,Unavailable
Rasmussen University-North Dakota,ND,44,Unavailable,Unavailable,Unavailable,Unavailable,40,Unavailable,Unavailable,Unavailable,45,Unavailable,Unavailable,Unavailable,Unavailable
Saint Augustine's University,NC,930,Unavailable,9,40,20,12,Unavailable,21,Unavailable,88,Unavailable,Unavailable,Unavailable,Unavailable
Charlotte Christian College and Theological Seminary,NC,36,Unavailable,0,Unavailable,10,82,Unavailable,7,Unavailable,6,Unavailable,Unavailable,Unavailable,Unavailable
Pacific College of Health and Science,NY,307,Unavailable,0,16,40,72,Unavailable,60,Unavailable,11,Unavailable,Unavailable,Unavailable,Unavailable
Christopher Newport University,VA,4407,29,40,43,32,1,32,46,Unavailable,99,Unavailable,32,Unavailable,Unavailable
Bais Medrash of Dexter Park,NY,22,Unavailable,Unavailable,Unavailable,Unavailable,#VALUE!,Unavailable,Unavailable,Unavailable,59,Unavailable,Unavailable,Unavailable,Unavailable
Sh'or Yoshuv Rabbinical College,NY,147,Unavailable,0,2,59,#VALUE!,Unavailable,39,Unavailable,Unavailable,Unavailable,Unavailable,Unavailable,Unavailable
Lewis-Clark State College,ID,3702,34,13,35,20,28,Unavailable,25,Unavailable,80,Unavailable,Unavailable,Unavailable,Unavailable
Northwestern Health Sciences University,MN,366,Unavailable,Unavailable,Unavailable,Unavailable,43,Unavailable,Unavailable,Unavailable,43,Unavailable,Unavailable,Unavailable,Unavailable
Keser Torah-Mayan Hatalmud,NJ,59,Unavailable,0,Unavailable,12,#VALUE!,Unavailable,8,Unavailable,93,Unavailable,Unavailable,Unavailable,Unavailable
University of Wisconsin-Eau Claire,WI,9304,23,27,40,29,5,Unavailable,43,Unavailable,96,Unavailable,Unavailable,Unavailable,Unavailable
Golden Gate University,CA,575,Unavailable,Unavailable,Unavailable,Unavailable,66,Unavailable,Unavailable,Unavailable,21,Unavailable,Unavailable,Unavailable,Unavailable
Southeast Missouri Hospital College of Nursing and Health Sciences,MO,147,Unavailable,Unavailable,24,Unavailable,41,#VALUE!,Unavailable,Unavailable,48,Unavailable,#VALUE!,Unavailable,Unavailable
Western Washington University,WA,13704,29,26,39,31,6,9,44,Unavailable,93,7,Unavailable,Unavailable,Unavailable
American Baptist College,TN,48,Unavailable,0,54,4,36,Unavailable,6,Unavailable,25,Unavailable,Unavailable,Unavailable,Unavailable
Miles College,AL,1151,Unavailable,8,48,12,9,Unavailable,16,Unavailable,86,Unavailable,Unavailable,Unavailable,Unavailable
Yeshivas Be'er Yitzchok,NJ,52,Unavailable,0,54,12,#VALUE!,Unavailable,19,Unavailable,65,Unavailable,Unavailable,Unavailable,Unavailable
University of Wisconsin-Superior,WI,2086,24,16,34,23,29,Unavailable,31,Unavailable,73,Unavailable,Unavailable,Unavailable,Unavailable
Unity Environmental University,ME,5655,Unavailable,28,52,37,53,Unavailable,43,Unavailable,42,Unavailable,Unavailable,Unavailable,Unavailable
University of Wyoming,WY,8250,24,22,36,30,16,Unavailable,42,Unavailable,84,Unavailable,Unavailable,Unavailable,Unavailable
University of Wisconsin-River Falls,WI,4675,21,23,40,26,8,Unavailable,37,Unavailable,95,Unavailable,Unavailable,Unavailable,Unavailable
University of South Carolina-Upstate,SC,4471,45,19,46,29,19,6,36,Unavailable,83,4,Unavailable,Unavailable,Unavailable
University of Maine at Farmington,ME,1605,36,25,45,26,16,Unavailable,36,Unavailable,92,Unavailable,Unavailable,Unavailable,Unavailable
University of Alaska Southeast,AK,1678,29,8,31,19,54,Unavailable,23,Unavailable,52,Unavailable,Unavailable,Unavailable,Unavailable
Yeshiva Gedolah Zichron Leyma,NJ,47,Unavailable,0,24,5,#VALUE!,Unavailable,3,Unavailable,Unavailable,Unavailable,Unavailable,Unavailable,Unavailable
University of Northwestern Ohio,OH,2572,Unavailable,20,30,19,10,Unavailable,26,Unavailable,93,Unavailable,Unavailable,Unavailable,Unavailable
Rust College,MS,429,Unavailable,8,49,25,11,Unavailable,26,Unavailable,79,Unavailable,Unavailable,Unavailable,Unavailable
The King's University,TX,272,Unavailable,8,17,26,57,Unavailable,28,Unavailable,36,Unavailable,Unavailable,Unavailable,Unavailable
University of Minnesota-Crookston,MN,2518,37,26,37,31,46,Unavailable,40,Unavailable,72,Unavailable,Unavailable,Unavailable,Unavailable
American National University-Pikeville,KY,240,Unavailable,Unavailable,Unavailable,Unavailable,66,Unavailable,Unavailable,Unavailable,14,Unavailable,Unavailable,Unavailable,Unavailable
Yeshiva Gedolah Imrei Yosef D'spinka,NY,232,Unavailable,0,79,18,#VALUE!,Unavailable,18,Unavailable,87,Unavailable,Unavailable,Unavailable,Unavailable
Cox College,MO,637,Unavailable,0,68,9,38,Unavailable,6,Unavailable,55,Unavailable,Unavailable,Unavailable,Unavailable
Kean University,NJ,11234,43,14,44,26,16,Unavailable,35,Unavailable,81,Unavailable,Unavailable,Unavailable,Unavailable
Voorhees University,SC,460,Unavailable,16,56,18,16,Unavailable,23,Unavailable,83,Unavailable,Unavailable,Unavailable,Unavailable
Embry-Riddle Aeronautical University-Worldwide,FL,9037,Unavailable,7,26,15,80,4,18,Unavailable,24,3,Unavailable,Unavailable,Unavailable
American InterContinental University System,AZ,6830,Unavailable,5,45,8,68,Unavailable,9,Unavailable,11,Unavailable,Unavailable,Unavailable,Unavailable
Indiana State University,IN,6668,36,17,35,21,20,Unavailable,28,Unavailable,81,Unavailable,Unavailable,Unavailable,Unavailable
Bais Medrash Mayan Hatorah,NJ,25,Unavailable,4,31,10,#VALUE!,Unavailable,11,Unavailable,92,Unavailable,Unavailable,Unavailable,Unavailable
Beth Medrash of Asbury Park,NJ,109,Unavailable,0,23,7,#VALUE!,Unavailable,4,Unavailable,Unavailable,Unavailable,Unavailable,Unavailable,Unavailable
Trinity International University-Illinois,IL,140,Unavailable,23,37,28,64,Unavailable,34,Unavailable,47,Unavailable,Unavailable,Unavailable,Unavailable
Mechon L'hoyroa,NY,124,Unavailable,Unavailable,Unavailable,Unavailable,#VALUE!,Unavailable,Unavailable,Unavailable,90,Unavailable,Unavailable,Unavailable,Unavailable
Philander Smith University,AR,848,Unavailable,7,52,15,16,Unavailable,21,Unavailable,77,Unavailable,Unavailable,Unavailable,Unavailable
Donnelly College,KS,349,Unavailable,Unavailable,Unavailable,Unavailable,37,Unavailable,Unavailable,Unavailable,44,Unavailable,Unavailable,Unavailable,Unavailable
University of North Dakota,ND,10216,18,24,36,31,25,Unavailable,43,Unavailable,79,Unavailable,Unavailable,Unavailable,Unavailable
University of California-Merced,CA,8372,49,29,65,30,1,Unavailable,45,Unavailable,98,Unavailable,Unavailable,Unavailable,Unavailable
Ana G. Mendez University,FL,4915,Unavailable,Unavailable,Unavailable,Unavailable,64,Unavailable,Unavailable,Unavailable,26,Unavailable,Unavailable,Unavailable,Unavailable
Pacific Rim Christian University,HI,114,Unavailable,26,43,25,45,Unavailable,36,Unavailable,40,Unavailable,Unavailable,Unavailable,Unavailable
Park University,MO,5376,Unavailable,6,33,19,60,Unavailable,22,Unavailable,39,Unavailable,Unavailable,Unavailable,Unavailable
Millennia Atlantic University,FL,104,Unavailable,Unavailable,Unavailable,Unavailable,#VALUE!,Unavailable,Unavailable,Unavailable,82,Unavailable,Unavailable,Unavailable,Unavailable
University of Nevada-Reno,NV,17965,29,24,41,29,11,Unavailable,42,Unavailable,92,Unavailable,Unavailable,Unavailable,Unavailable
Los Angeles Pacific University,CA,1617,Unavailable,11,45,24,82,Unavailable,25,Unavailable,15,Unavailable,Unavailable,Unavailable,Unavailable
Baptist Health Sciences University,TN,733,Unavailable,28,46,34,37,#VALUE!,42,Unavailable,66,Unavailable,#VALUE!,Unavailable,Unavailable
University of Alaska Fairbanks,AK,5638,31,16,28,23,46,Unavailable,31,Unavailable,60,Unavailable,Unavailable,Unavailable,Unavailable
Beth Hamedrash Shaarei Yosher Institute,NY,83,Unavailable,0,39,9,#VALUE!,Unavailable,6,Unavailable,99,Unavailable,Unavailable,Unavailable,Unavailable
Jamestown Business College,NY,251,Unavailable,Unavailable,Unavailable,Unavailable,24,Unavailable,Unavailable,Unavailable,74,Unavailable,Unavailable,Unavailable,Unavailable
Yeshiva Chemdas Hatorah,NJ,79,Unavailable,0,37,17,#VALUE!,Unavailable,24,Unavailable,Unavailable,Unavailable,Unavailable,Unavailable,Unavailable
Alice Lloyd College,KY,553,Unavailable,14,40,15,#VALUE!,#VALUE!,20,Unavailable,97,Unavailable,#VALUE!,Unavailable,Unavailable
University of Massachusetts Global,CA,5511,35,0,Unavailable,12,80,Unavailable,8,Unavailable,23,Unavailable,Unavailable,Unavailable,Unavailable
Purdue University Global,IN,31791,29,16,Unavailable,21,86,Unavailable,24,Unavailable,22,Unavailable,Unavailable,Unavailable,Unavailable
Rasmussen University-Wisconsin,WI,154,Unavailable,0,Unavailable,11,49,Unavailable,7,Unavailable,36,Unavailable,Unavailable,Unavailable,Unavailable
Albizu University-Miami,FL,226,Unavailable,0,55,12,65,Unavailable,8,Unavailable,22,Unavailable,Unavailable,Unavailable,Unavailable
South Carolina State University,SC,2762,47,8,49,15,4,Unavailable,21,Unavailable,95,Unavailable,Unavailable,Unavailable,Unavailable
Colorado Technical University-Colorado Springs,CO,26114,Unavailable,10,41,20,77,Unavailable,20,Unavailable,12,Unavailable,Unavailable,Unavailable,Unavailable
Talladega College,AL,782,Unavailable,12,77,14,17,Unavailable,18,Unavailable,75,Unavailable,Unavailable,Unavailable,Unavailable
Bryan University,AZ,2094,Unavailable,16,44,13,#VALUE!,Unavailable,17,Unavailable,16,Unavailable,Unavailable,Unavailable,Unavailable
North Dakota State University-Main Campus,ND,9791,17,25,36,29,7,#VALUE!,42,Unavailable,94,Unavailable,Unavailable,Unavailable,Unavailable
Lincoln University,PA,1717,38,19,56,21,4,9,31,Unavailable,95,9,Unavailable,Unavailable,Unavailable
North American University,TX,573,Unavailable,15,41,21,10,Unavailable,24,Unavailable,82,Unavailable,Unavailable,Unavailable,Unavailable
Ashford University,CA,24949,Unavailable,1,21,9,#VALUE!,Unavailable,10,Unavailable,14,Unavailable,Unavailable,Unavailable,Unavailable
Sessions College for Professional Design,AZ,154,Unavailable,Unavailable,Unavailable,Unavailable,78,Unavailable,Unavailable,Unavailable,29,Unavailable,Unavailable,Unavailable,Unavailable
Florida Institute of Technology-Online,FL,629,Unavailable,Unavailable,Unavailable,Unavailable,72,Unavailable,Unavailable,Unavailable,25,Unavailable,Unavailable,Unavailable,Unavailable
Columbia College,MO,5633,Unavailable,11,41,21,63,Unavailable,23,Unavailable,35,Unavailable,Unavailable,Unavailable,Unavailable
Wilmington University,DE,9355,Unavailable,6,25,20,71,Unavailable,23,Unavailable,38,Unavailable,Unavailable,Unavailable,Unavailable
Be'er Yaakov Talmudic Seminary,NY,679,Unavailable,0,74,23,#VALUE!,Unavailable,34,Unavailable,Unavailable,Unavailable,Unavailable,Unavailable,Unavailable
Yeshiva Kollel Tifereth Elizer,NY,373,Unavailable,4,82,34,#VALUE!,Unavailable,25,Unavailable,95,Unavailable,Unavailable,Unavailable,Unavailable
Herzing University-Akron,OH,381,Unavailable,0,48,1,59,Unavailable,1,Unavailable,28,Unavailable,Unavailable,Unavailable,Unavailable
Herzing University-Atlanta,GA,499,Unavailable,8,47,10,59,Unavailable,13,Unavailable,28,Unavailable,Unavailable,Unavailable,Unavailable
Herzing University-Birmingham,AL,446,Unavailable,Unavailable,32,Unavailable,62,Unavailable,Unavailable,Unavailable,20,Unavailable,Unavailable,Unavailable,Unavailable
Herzing University-Brookfield,WI,379,Unavailable,24,56,20,60,Unavailable,27,Unavailable,22,Unavailable,Unavailable,Unavailable,Unavailable
Herzing University-Kenosha,WI,543,Unavailable,20,53,20,60,Unavailable,28,Unavailable,23,Unavailable,Unavailable,Unavailable,Unavailable
Herzing University-Madison,WI,2181,Unavailable,13,34,13,76,Unavailable,18,Unavailable,20,Unavailable,Unavailable,Unavailable,Unavailable
Herzing University-Minneapolis,MN,748,Unavailable,30,44,23,47,Unavailable,32,Unavailable,40,Unavailable,Unavailable,Unavailable,Unavailable
Herzing University-Nashville,TN,75,Unavailable,Unavailable,Unavailable,Unavailable,77,Unavailable,Unavailable,Unavailable,21,Unavailable,Unavailable,Unavailable,Unavailable
Herzing University-New Orleans,LA,361,Unavailable,16,36,19,61,Unavailable,23,Unavailable,24,Unavailable,Unavailable,Unavailable,Unavailable
Herzing University-Orlando,FL,702,Unavailable,20,47,18,55,Unavailable,23,Unavailable,27,Unavailable,Unavailable,Unavailable,Unavailable
Herzing University-Tampa,FL,237,Unavailable,Unavailable,Unavailable,Unavailable,54,Unavailable,Unavailable,Unavailable,29,Unavailable,Unavailable,Unavailable,Unavailable
Reach University,CA,1226,Unavailable,Unavailable,Unavailable,Unavailable,68,Unavailable,Unavailable,Unavailable,8,Unavailable,Unavailable,Unavailable,Unavailable
Yeshivat Hechal Shemuel,NY,65,Unavailable,0,Unavailable,6,#VALUE!,Unavailable,24,Unavailable,86,Unavailable,Unavailable,Unavailable,Unavailable
James Madison University,VA,21006,25,39,48,35,4,17,51,Unavailable,97,Unavailable,17,Unavailable,Unavailable
Portland State University,OR,15960,39,17,49,30,30,Unavailable,40,Unavailable,67,Unavailable,Unavailable,Unavailable,Unavailable
Beth Medrash Meor Yitzchok,NY,222,Unavailable,0,27,1,#VALUE!,Unavailable,1,Unavailable,100,Unavailable,Unavailable,Unavailable,Unavailable
Shaw University,NC,843,Unavailable,5,43,12,13,Unavailable,14,Unavailable,86,Unavailable,Unavailable,Unavailable,Unavailable
Rabbi Jacob Joseph School,NJ,96,Unavailable,0,15,2,#VALUE!,Unavailable,3,Unavailable,Unavailable,Unavailable,Unavailable,Unavailable,Unavailable
Martin University,IN,177,Unavailable,0,50,14,46,Unavailable,17,Unavailable,22,Unavailable,Unavailable,Unavailable,Unavailable
Baker College,MI,3572,Unavailable,3,34,15,54,Unavailable,16,Unavailable,53,Unavailable,Unavailable,Unavailable,Unavailable
Boricua College,NY,401,Unavailable,19,56,30,#VALUE!,Unavailable,39,Unavailable,2,Unavailable,Unavailable,Unavailable,Unavailable
Mesivta Torah Vodaath Rabbinical Seminary,NY,337,Unavailable,0,77,33,#VALUE!,Unavailable,33,Unavailable,81,Unavailable,Unavailable,Unavailable,Unavailable
Mirrer Yeshiva Cent Institute,NY,102,Unavailable,0,25,8,#VALUE!,Unavailable,11,Unavailable,Unavailable,Unavailable,Unavailable,Unavailable,Unavailable
Wiley University,TX,636,Unavailable,8,50,17,11,Unavailable,21,Unavailable,87,Unavailable,Unavailable,Unavailable,Unavailable
Yeshiva Yesodei Hatorah,NJ,72,Unavailable,0,28,10,#VALUE!,Unavailable,12,Unavailable,Unavailable,Unavailable,Unavailable,Unavailable,Unavailable
Allen University,SC,635,Unavailable,5,46,14,3,Unavailable,17,Unavailable,93,Unavailable,Unavailable,Unavailable,Unavailable
Huston-Tillotson University,TX,982,Unavailable,12,52,15,20,Unavailable,23,Unavailable,73,Unavailable,Unavailable,Unavailable,Unavailable
Rhode Island College,RI,4785,37,13,42,26,15,Unavailable,35,Unavailable,78,Unavailable,Unavailable,Unavailable,Unavailable
Riverside College of Health Careers,VA,325,Unavailable,Unavailable,Unavailable,Unavailable,34,Unavailable,Unavailable,Unavailable,43,Unavailable,Unavailable,Unavailable,Unavailable
Davis College,OH,95,Unavailable,Unavailable,Unavailable,Unavailable,55,Unavailable,Unavailable,Unavailable,48,Unavailable,Unavailable,Unavailable,Unavailable
Yeshiva Toras Chaim,NJ,225,Unavailable,0,34,8,#VALUE!,Unavailable,11,Unavailable,Unavailable,Unavailable,Unavailable,Unavailable,Unavailable
University of Washington-Tacoma Campus,WA,4014,40,27,51,34,14,Unavailable,42,Unavailable,77,Unavailable,Unavailable,Unavailable,Unavailable
University of Washington-Bothell Campus,WA,5248,36,28,49,33,10,4,45,Unavailable,87,3,Unavailable,Unavailable,Unavailable
Yeshiva Derech Chaim,NY,119,Unavailable,0,26,12,#VALUE!,Unavailable,14,Unavailable,93,Unavailable,Unavailable,Unavailable,Unavailable
Paine College,GA,344,Unavailable,3,48,9,12,Unavailable,10,Unavailable,85,Unavailable,Unavailable,Unavailable,Unavailable
Northpoint Bible College,MA,92,Unavailable,27,56,25,37,Unavailable,34,Unavailable,56,Unavailable,Unavailable,Unavailable,Unavailable
American InterContinental University-Atlanta,GA,670,Unavailable,15,46,16,66,Unavailable,19,Unavailable,13,Unavailable,Unavailable,Unavailable,Unavailable
Washington University of Science and Technology,VA,302,Unavailable,17,50,20,15,Unavailable,23,Unavailable,74,Unavailable,Unavailable,Unavailable,Unavailable
West Virginia Junior College-Morgantown,WV,584,Unavailable,Unavailable,Unavailable,Unavailable,#VALUE!,Unavailable,Unavailable,Unavailable,37,Unavailable,Unavailable,Unavailable,Unavailable
Moody Bible Institute,IL,1624,Unavailable,25,42,30,25,Unavailable,40,Unavailable,73,Unavailable,Unavailable,Unavailable,Unavailable
Beckfield College-Florence,KY,612,Unavailable,0,29,6,48,Unavailable,4,Unavailable,28,Unavailable,Unavailable,Unavailable,Unavailable
Kehilath Yakov Rabbinical Seminary,NY,206,Unavailable,0,70,23,#VALUE!,Unavailable,34,Unavailable,Unavailable,Unavailable,Unavailable,Unavailable,Unavailable
Northern Arizona University,AZ,23128,30,27,40,28,13,Unavailable,39,Unavailable,87,Unavailable,Unavailable,Unavailable,Unavailable
St. Augustine College,IL,774,Unavailable,2,37,4,#VALUE!,Unavailable,6,Unavailable,24,Unavailable,Unavailable,Unavailable,Unavailable
Stevens-The Institute of Business & Arts,MO,95,Unavailable,60,89,41,39,Unavailable,61,Unavailable,37,Unavailable,Unavailable,Unavailable,Unavailable
Rabbinical College of America,NJ,197,Unavailable,1,34,20,#VALUE!,Unavailable,18,Unavailable,99,Unavailable,Unavailable,Unavailable,Unavailable
Yeshiva Shaarei Torah of Rockland,NY,141,Unavailable,Unavailable,Unavailable,Unavailable,#VALUE!,Unavailable,Unavailable,Unavailable,84,Unavailable,Unavailable,Unavailable,Unavailable
University of Southern Maine,ME,5520,31,12,39,20,24,9,27,Unavailable,80,8,Unavailable,Unavailable,Unavailable
Polytechnic University of Puerto Rico-Miami,FL,29,Unavailable,Unavailable,36,Unavailable,96,Unavailable,Unavailable,Unavailable,10,Unavailable,Unavailable,Unavailable,Unavailable
Pennsylvania Institute of Technology,PA,662,Unavailable,Unavailable,Unavailable,Unavailable,44,Unavailable,Unavailable,Unavailable,33,Unavailable,Unavailable,Unavailable,Unavailable
Bais HaMedrash and Mesivta of Baltimore,MD,91,Unavailable,33,35,22,#VALUE!,Unavailable,33,Unavailable,Unavailable,Unavailable,Unavailable,Unavailable,Unavailable
Boston Baptist College,MA,33,Unavailable,36,39,40,25,Unavailable,53,Unavailable,61,Unavailable,Unavailable,Unavailable,Unavailable
Rasmussen University-Kansas,KS,333,Unavailable,Unavailable,Unavailable,Unavailable,56,Unavailable,Unavailable,Unavailable,21,Unavailable,Unavailable,Unavailable,Unavailable
Cleveland State University,OH,9463,38,20,40,26,16,#VALUE!,35,Unavailable,81,Unavailable,#VALUE!,Unavailable,Unavailable
Talmudical Seminary of Bobov,NY,515,Unavailable,0,70,15,#VALUE!,Unavailable,20,Unavailable,Unavailable,Unavailable,Unavailable,Unavailable,Unavailable
Polytechnic University of Puerto Rico-Orlando,FL,102,Unavailable,30,80,22,54,Unavailable,31,Unavailable,40,Unavailable,Unavailable,Unavailable,Unavailable
Wilberforce University,OH,602,Unavailable,4,46,11,12,#VALUE!,15,Unavailable,90,Unavailable,Unavailable,Unavailable,Unavailable
University of Minnesota-Rochester,MN,588,39,26,53,22,5,#VALUE!,30,Unavailable,94,Unavailable,#VALUE!,Unavailable,Unavailable
National University,CA,10151,Unavailable,7,30,30,73,Unavailable,36,Unavailable,18,Unavailable,Unavailable,Unavailable,Unavailable
Johnson & Wales University-Online,RI,1990,Unavailable,0,18,15,80,Unavailable,10,Unavailable,30,Unavailable,Unavailable,Unavailable,Unavailable
Carolina University,NC,424,Unavailable,16,35,18,19,Unavailable,26,Unavailable,81,Unavailable,Unavailable,Unavailable,Unavailable
Criswell College,TX,118,Unavailable,26,30,26,21,Unavailable,32,Unavailable,67,Unavailable,Unavailable,Unavailable,Unavailable
Goldey-Beacom College,DE,702,Unavailable,31,42,30,16,Unavailable,39,Unavailable,89,Unavailable,Unavailable,Unavailable,Unavailable
Rasmussen University-Florida,FL,3034,Unavailable,0,Unavailable,15,51,Unavailable,10,Unavailable,34,Unavailable,Unavailable,Unavailable,Unavailable
University of Minnesota-Morris,MN,1020,32,28,45,25,4,Unavailable,36,Unavailable,96,Unavailable,Unavailable,Unavailable,Unavailable
ATA Career Education,FL,226,Unavailable,Unavailable,Unavailable,Unavailable,#VALUE!,Unavailable,Unavailable,Unavailable,25,Unavailable,Unavailable,Unavailable,Unavailable
ATA College-Cincinnati,OH,264,Unavailable,Unavailable,Unavailable,Unavailable,#VALUE!,Unavailable,Unavailable,Unavailable,23,Unavailable,Unavailable,Unavailable,Unavailable
International Baptist College and Seminary,AZ,58,Unavailable,0,49,31,24,Unavailable,43,Unavailable,78,Unavailable,Unavailable,Unavailable,Unavailable
Machzikei Hadath Rabbinical College,NY,129,Unavailable,0,54,16,#VALUE!,Unavailable,20,Unavailable,95,Unavailable,Unavailable,Unavailable,Unavailable
Washington State University,WA,21923,31,22,40,29,14,Unavailable,40,Unavailable,85,Unavailable,Unavailable,Unavailable,Unavailable
Mesivtha Tifereth Jerusalem of America,NY,45,Unavailable,0,38,4,#VALUE!,Unavailable,7,Unavailable,98,Unavailable,Unavailable,Unavailable,Unavailable
Trinity International University-Florida,FL,69,Unavailable,Unavailable,Unavailable,Unavailable,67,Unavailable,Unavailable,Unavailable,12,Unavailable,Unavailable,Unavailable,Unavailable
University of the West,CA,53,Unavailable,0,38,26,12,Unavailable,34,Unavailable,81,Unavailable,Unavailable,Unavailable,Unavailable
Williamson Christian College,TN,40,Unavailable,0,45,5,#VALUE!,Unavailable,3,Unavailable,55,Unavailable,Unavailable,Unavailable,Unavailable
Shasta Bible College and Graduate School,CA,13,Unavailable,0,Unavailable,5,80,Unavailable,3,Unavailable,15,Unavailable,Unavailable,Unavailable,Unavailable
Good Samaritan College of Nursing and Health Science,OH,457,Unavailable,Unavailable,Unavailable,Unavailable,60,Unavailable,Unavailable,Unavailable,47,Unavailable,Unavailable,Unavailable,Unavailable
Schiller International University,FL,35,Unavailable,0,56,29,#VALUE!,Unavailable,19,Unavailable,63,Unavailable,Unavailable,Unavailable,Unavailable
Yeshiva Gedola Tiferes Yaakov Yitzchok,NJ,69,Unavailable,11,Unavailable,12,#VALUE!,Unavailable,19,Unavailable,Unavailable,Unavailable,Unavailable,Unavailable,Unavailable
Strayer University-Alabama,AL,1473,Unavailable,Unavailable,Unavailable,Unavailable,95,Unavailable,Unavailable,Unavailable,10,Unavailable,Unavailable,Unavailable,Unavailable
Strayer University-District of Columbia,DC,310,Unavailable,0,Unavailable,8,94,Unavailable,5,Unavailable,8,Unavailable,Unavailable,Unavailable,Unavailable
Strayer University-Florida,FL,1314,Unavailable,8,Unavailable,16,94,Unavailable,15,Unavailable,9,Unavailable,Unavailable,Unavailable,Unavailable
Strayer University-Georgia,GA,4878,Unavailable,5,56,14,93,Unavailable,13,Unavailable,12,Unavailable,Unavailable,Unavailable,Unavailable
Strayer University-Global Region,DC,10093,Unavailable,8,27,16,94,Unavailable,16,Unavailable,11,Unavailable,Unavailable,Unavailable,Unavailable
Strayer University-Maryland,MD,1177,Unavailable,13,Unavailable,15,93,Unavailable,18,Unavailable,9,Unavailable,Unavailable,Unavailable,Unavailable
Strayer University-North Carolina,NC,2728,Unavailable,0,40,10,94,Unavailable,7,Unavailable,10,Unavailable,Unavailable,Unavailable,Unavailable
Strayer University-Pennsylvania,PA,1334,Unavailable,60,Unavailable,50,93,Unavailable,66,Unavailable,13,Unavailable,Unavailable,Unavailable,Unavailable
Strayer University-South Carolina,SC,1830,Unavailable,0,40,10,93,Unavailable,7,Unavailable,12,Unavailable,Unavailable,Unavailable,Unavailable
Strayer University-Tennessee,TN,2670,Unavailable,0,Unavailable,9,94,Unavailable,6,Unavailable,12,Unavailable,Unavailable,Unavailable,Unavailable
Strayer University-Texas,TX,2397,Unavailable,10,37,17,94,Unavailable,17,Unavailable,9,Unavailable,Unavailable,Unavailable,Unavailable
Strayer University-Virginia,VA,2010,Unavailable,11,28,16,91,Unavailable,21,Unavailable,10,Unavailable,Unavailable,Unavailable,Unavailable
Crowley's Ridge College,AR,225,Unavailable,0,42,18,12,Unavailable,21,Unavailable,95,Unavailable,Unavailable,Unavailable,Unavailable
Boise State University,ID,23491,24,19,38,27,24,Unavailable,37,Unavailable,85,Unavailable,Unavailable,Unavailable,Unavailable
National Louis University,IL,4239,Unavailable,11,47,24,43,Unavailable,28,Unavailable,59,Unavailable,Unavailable,Unavailable,Unavailable
Northern Michigan University,MI,6584,31,19,34,25,12,Unavailable,35,Unavailable,86,Unavailable,Unavailable,Unavailable,Unavailable
Western Oregon University,OR,3249,35,16,39,26,15,3,35,Unavailable,83,2,Unavailable,Unavailable,Unavailable
City University of Seattle,WA,1180,Unavailable,Unavailable,7,Unavailable,71,Unavailable,Unavailable,Unavailable,52,Unavailable,Unavailable,Unavailable,Unavailable
Lake Superior State University,MI,1669,38,18,37,27,14,Unavailable,36,Unavailable,88,Unavailable,Unavailable,Unavailable,Unavailable
University of California-Riverside,CA,22646,42,37,62,34,3,Unavailable,49,Unavailable,95,Unavailable,Unavailable,Unavailable,Unavailable
Plaza College,NY,846,Unavailable,Unavailable,Unavailable,Unavailable,44,Unavailable,Unavailable,Unavailable,43,Unavailable,Unavailable,Unavailable,Unavailable
Southwest University at El Paso,TX,1817,Unavailable,37,70,31,#VALUE!,Unavailable,41,Unavailable,41,Unavailable,Unavailable,Unavailable,Unavailable
Yeshiva Karlin Stolin,NY,136,Unavailable,0,59,22,#VALUE!,Unavailable,31,Unavailable,99,Unavailable,Unavailable,Unavailable,Unavailable
Yeshiva of Kasho,NY,174,Unavailable,Unavailable,Unavailable,Unavailable,#VALUE!,Unavailable,Unavailable,Unavailable,Unavailable,Unavailable,Unavailable,Unavailable,Unavailable
Yeshiva of Nitra Rabbinical College,NY,249,Unavailable,0,48,23,#VALUE!,Unavailable,22,Unavailable,96,Unavailable,Unavailable,Unavailable,Unavailable
Yeshivas Sanz Klauzenburg,NY,107,Unavailable,Unavailable,Unavailable,Unavailable,#VALUE!,Unavailable,Unavailable,Unavailable,Unavailable,Unavailable,Unavailable,Unavailable,Unavailable
University of Holy Cross,LA,806,Unavailable,4,42,22,36,Unavailable,31,Unavailable,75,Unavailable,Unavailable,Unavailable,Unavailable
American Institute of Alternative Medicine,OH,374,Unavailable,Unavailable,Unavailable,Unavailable,36,Unavailable,Unavailable,Unavailable,18,Unavailable,Unavailable,Unavailable,Unavailable
Grace Christian University,MI,891,Unavailable,14,49,26,52,Unavailable,34,Unavailable,55,Unavailable,Unavailable,Unavailable,Unavailable
United Talmudical Seminary,NY,2006,Unavailable,0,73,23,#VALUE!,Unavailable,33,Unavailable,100,Unavailable,Unavailable,Unavailable,Unavailable
Montclair State University,NJ,18062,42,28,53,31,7,Unavailable,45,Unavailable,92,Unavailable,Unavailable,Unavailable,Unavailable
American InterContinental University-Houston,TX,124,Unavailable,20,76,28,49,Unavailable,30,Unavailable,20,Unavailable,Unavailable,Unavailable,Unavailable
Abilene Christian University-Undergraduate Online,TX,918,Unavailable,Unavailable,Unavailable,Unavailable,68,Unavailable,Unavailable,Unavailable,31,Unavailable,Unavailable,Unavailable,Unavailable
Sullivan University,KY,2535,Unavailable,Unavailable,Unavailable,Unavailable,58,Unavailable,Unavailable,Unavailable,24,Unavailable,Unavailable,Unavailable,Unavailable
New Jersey City University,NJ,4209,46,10,45,21,17,Unavailable,29,Unavailable,78,Unavailable,Unavailable,Unavailable,Unavailable
Florida Memorial University,FL,1299,Unavailable,13,40,16,5,Unavailable,22,Unavailable,93,Unavailable,Unavailable,Unavailable,Unavailable
Hebrew Theological College,IL,197,Unavailable,3,56,10,24,Unavailable,9,Unavailable,94,Unavailable,Unavailable,Unavailable,Unavailable
DeVry College of New York,NY,175,Unavailable,14,42,18,66,Unavailable,25,Unavailable,11,Unavailable,Unavailable,Unavailable,Unavailable
DeVry University-Arizona,AZ,22,Unavailable,17,51,15,65,Unavailable,20,Unavailable,36,Unavailable,Unavailable,Unavailable,Unavailable
DeVry University-Florida,FL,188,Unavailable,13,27,20,80,Unavailable,20,Unavailable,7,Unavailable,Unavailable,Unavailable,Unavailable
DeVry University-Georgia,GA,472,Unavailable,7,56,15,71,Unavailable,14,Unavailable,13,Unavailable,Unavailable,Unavailable,Unavailable
DeVry University-Nevada,NV,4,Unavailable,0,15,0,75,Unavailable,0,Unavailable,25,Unavailable,Unavailable,Unavailable,Unavailable
DeVry University-New Jersey,NJ,68,Unavailable,7,68,22,62,Unavailable,18,Unavailable,28,Unavailable,Unavailable,Unavailable,Unavailable
DeVry University-Ohio,OH,218,Unavailable,7,49,26,76,Unavailable,27,Unavailable,15,Unavailable,Unavailable,Unavailable,Unavailable
DeVry University-Texas,TX,26,Unavailable,15,35,12,66,Unavailable,17,Unavailable,19,Unavailable,Unavailable,Unavailable,Unavailable
DeVry University-Virginia,VA,25,Unavailable,0,Unavailable,2,68,Unavailable,2,Unavailable,12,Unavailable,Unavailable,Unavailable,Unavailable
DeVry University-California,CA,2083,Unavailable,4,48,20,70,Unavailable,17,Unavailable,14,Unavailable,Unavailable,Unavailable,Unavailable
DeVry University-Illinois,IL,26146,Unavailable,16,45,29,81,2,30,Unavailable,14,2,Unavailable,Unavailable,Unavailable
Cleveland University-Kansas City,KS,87,Unavailable,0,Unavailable,27,29,Unavailable,40,Unavailable,58,Unavailable,Unavailable,Unavailable,Unavailable
Ner Israel Rabbinical College,MD,292,Unavailable,13,27,27,#VALUE!,Unavailable,33,Unavailable,91,Unavailable,Unavailable,Unavailable,Unavailable
Peirce College,PA,790,Unavailable,0,Unavailable,32,91,Unavailable,38,Unavailable,9,Unavailable,Unavailable,Unavailable,Unavailable
Capella University,MN,16177,Unavailable,30,31,45,88,Unavailable,47,Unavailable,8,Unavailable,Unavailable,Unavailable,Unavailable
The Evergreen State College,WA,2108,34,19,42,28,25,11,33,Unavailable,59,9,Unavailable,Unavailable,Unavailable
Touro University Worldwide,CA,451,Unavailable,35,48,35,67,Unavailable,42,Unavailable,30,Unavailable,Unavailable,Unavailable,Unavailable
Franciscan Missionaries of Our Lady University,LA,862,Unavailable,3,37,21,29,Unavailable,27,Unavailable,66,Unavailable,Unavailable,Unavailable,Unavailable
Ozark Christian College,MO,614,Unavailable,16,42,28,12,Unavailable,39,Unavailable,91,Unavailable,Unavailable,Unavailable,Unavailable
Bryan University,MO,150,Unavailable,Unavailable,Unavailable,Unavailable,#VALUE!,Unavailable,Unavailable,Unavailable,13,Unavailable,Unavailable,Unavailable,Unavailable
Pennsylvania State University-Penn State DuBois,PA,353,35,5,33,6,6,Unavailable,8,Unavailable,95,Unavailable,Unavailable,Unavailable,Unavailable
Morris College,SC,421,Unavailable,5,52,17,9,Unavailable,20,Unavailable,83,Unavailable,Unavailable,Unavailable,Unavailable
California Institute of Arts & Technology,CA,14,Unavailable,Unavailable,Unavailable,Unavailable,#VALUE!,Unavailable,Unavailable,Unavailable,15,Unavailable,Unavailable,Unavailable,Unavailable
California Institute of Arts & Technology-National City,CA,1410,Unavailable,Unavailable,Unavailable,Unavailable,65,Unavailable,Unavailable,Unavailable,12,Unavailable,Unavailable,Unavailable,Unavailable
Northwest University-Center for Online and Extended Education,WA,1187,Unavailable,21,27,27,59,Unavailable,35,Unavailable,80,Unavailable,Unavailable,Unavailable,Unavailable
University of Montevallo,AL,2545,36,20,44,25,10,Unavailable,35,Unavailable,94,Unavailable,Unavailable,Unavailable,Unavailable
Orion Technical College,IA,73,Unavailable,Unavailable,79,Unavailable,#VALUE!,Unavailable,Unavailable,Unavailable,51,Unavailable,Unavailable,Unavailable,Unavailable
Fashion Institute of Technology,NY,7843,25,Unavailable,Unavailable,Unavailable,10,Unavailable,Unavailable,Unavailable,89,Unavailable,Unavailable,Unavailable,Unavailable
Humphreys University-Stockton and Modesto Campuses,CA,183,Unavailable,60,78,54,78,Unavailable,69,Unavailable,26,Unavailable,Unavailable,Unavailable,Unavailable
Vermont State University,VT,4087,28,20,39,25,25,Unavailable,33,Unavailable,72,Unavailable,Unavailable,Unavailable,Unavailable
Divine Word College,IA,61,Unavailable,60,56,49,#VALUE!,Unavailable,66,Unavailable,11,Unavailable,Unavailable,Unavailable,Unavailable
Platt College-Anaheim,CA,405,Unavailable,Unavailable,Unavailable,Unavailable,#VALUE!,Unavailable,Unavailable,Unavailable,65,Unavailable,Unavailable,Unavailable,Unavailable
Platt College-Los Angeles,CA,598,Unavailable,Unavailable,Unavailable,Unavailable,#VALUE!,Unavailable,Unavailable,Unavailable,44,Unavailable,Unavailable,Unavailable,Unavailable
Platt College-Ontario,CA,467,Unavailable,Unavailable,Unavailable,Unavailable,#VALUE!,Unavailable,Unavailable,Unavailable,58,Unavailable,Unavailable,Unavailable,Unavailable
Platt College-Riverside,CA,416,Unavailable,Unavailable,Unavailable,Unavailable,#VALUE!,Unavailable,Unavailable,Unavailable,66,Unavailable,Unavailable,Unavailable,Unavailable
SAE Institute of Technology-Nashville,TN,1800,Unavailable,Unavailable,67,Unavailable,#VALUE!,Unavailable,Unavailable,Unavailable,48,Unavailable,Unavailable,Unavailable,Unavailable
Arlington Baptist University,TX,268,Unavailable,8,32,20,6,Unavailable,21,Unavailable,96,Unavailable,Unavailable,Unavailable,Unavailable
Pennsylvania State University-Penn State Shenango,PA,332,42,6,31,15,18,Unavailable,16,Unavailable,83,Unavailable,Unavailable,Unavailable,Unavailable
Edward Waters University,FL,1113,Unavailable,8,50,16,6,Unavailable,21,Unavailable,85,Unavailable,Unavailable,Unavailable,Unavailable
Professional Skills Institute,OH,402,Unavailable,Unavailable,Unavailable,Unavailable,#VALUE!,Unavailable,Unavailable,Unavailable,16,Unavailable,Unavailable,Unavailable,Unavailable
Pennsylvania State University-Penn State Fayette- Eberly,PA,419,36,17,34,17,5,Unavailable,23,Unavailable,91,Unavailable,Unavailable,Unavailable,Unavailable
Lionel University,CA,480,Unavailable,Unavailable,Unavailable,Unavailable,77,Unavailable,Unavailable,Unavailable,6,Unavailable,Unavailable,Unavailable,Unavailable
Rutgers University-Newark,NJ,7417,46,21,63,32,11,Unavailable,44,Unavailable,83,Unavailable,Unavailable,Unavailable,Unavailable
Hodges University,FL,173,Unavailable,5,15,15,38,Unavailable,17,Unavailable,32,Unavailable,Unavailable,Unavailable,Unavailable
Telshe Yeshiva-Chicago,IL,78,Unavailable,0,19,2,#VALUE!,Unavailable,3,Unavailable,Unavailable,Unavailable,Unavailable,Unavailable,Unavailable
Uta Mesivta of Kiryas Joel,NY,2729,Unavailable,0,83,29,#VALUE!,Unavailable,41,Unavailable,Unavailable,Unavailable,Unavailable,Unavailable,Unavailable
Liberty University,VA,52823,Unavailable,27,45,32,53,Unavailable,44,Unavailable,51,Unavailable,Unavailable,Unavailable,Unavailable
California Aeronautical University,CA,383,Unavailable,Unavailable,40,Unavailable,#VALUE!,Unavailable,Unavailable,Unavailable,49,Unavailable,Unavailable,Unavailable,Unavailable
Mission University,MO,342,Unavailable,10,40,18,19,Unavailable,23,Unavailable,80,Unavailable,Unavailable,Unavailable,Unavailable
Clarkson College,NE,613,Unavailable,36,40,44,52,Unavailable,52,Unavailable,55,Unavailable,Unavailable,Unavailable,Unavailable
Pennsylvania State University-World Campus,PA,7945,37,14,29,21,71,11,25,Unavailable,41,9,Unavailable,Unavailable,Unavailable
University of California-Santa Cruz,CA,17812,35,36,51,35,3,Unavailable,50,Unavailable,96,Unavailable,Unavailable,Unavailable,Unavailable
Cambridge College of Healthcare & Technology,FL,1037,Unavailable,Unavailable,Unavailable,Unavailable,44,Unavailable,Unavailable,Unavailable,35,Unavailable,Unavailable,Unavailable,Unavailable
Lincoln Christian University,IL,45,Unavailable,24,38,25,58,Unavailable,31,Unavailable,37,Unavailable,Unavailable,Unavailable,Unavailable
Keystone College,PA,978,Unavailable,22,45,23,20,Unavailable,31,Unavailable,75,Unavailable,Unavailable,Unavailable,Unavailable
Pittsburgh Technical College,PA,864,Unavailable,Unavailable,63,Unavailable,23,Unavailable,Unavailable,Unavailable,73,Unavailable,Unavailable,Unavailable,Unavailable
National American University-Rapid City,SD,836,Unavailable,8,54,8,91,Unavailable,10,Unavailable,15,Unavailable,Unavailable,Unavailable,Unavailable
Benedict College,SC,1694,Unavailable,10,43,14,6,67,18,Unavailable,93,Unavailable,67,Unavailable,Unavailable
William Paterson University of New Jersey,NJ,6546,41,19,43,30,29,Unavailable,39,Unavailable,68,Unavailable,Unavailable,Unavailable,Unavailable
Pennsylvania State University-Penn State Wilkes-Barre,PA,348,37,10,27,12,5,Unavailable,14,Unavailable,93,Unavailable,Unavailable,Unavailable,Unavailable
Southern New Hampshire University,NH,159653,Unavailable,19,42,24,80,Unavailable,29,Unavailable,25,Unavailable,Unavailable,Unavailable,Unavailable
Florida National University-Main Campus,FL,2359,Unavailable,29,63,25,39,Unavailable,33,Unavailable,39,Unavailable,Unavailable,Unavailable,Unavailable
Talmudical Academy-New Jersey,NJ,78,Unavailable,0,34,9,#VALUE!,Unavailable,8,Unavailable,99,Unavailable,Unavailable,Unavailable,Unavailable
Kettering College,OH,639,Unavailable,23,29,24,28,#VALUE!,32,Unavailable,72,Unavailable,#VALUE!,Unavailable,Unavailable
Bryant & Stratton College-Online,NY,9418,Unavailable,0,38,18,72,Unavailable,12,Unavailable,22,Unavailable,Unavailable,Unavailable,Unavailable
South University-Austin,TX,243,Unavailable,0,34,19,47,Unavailable,24,Unavailable,26,Unavailable,Unavailable,Unavailable,Unavailable
South University-Columbia,SC,445,Unavailable,2,29,14,57,Unavailable,12,Unavailable,24,Unavailable,Unavailable,Unavailable,Unavailable
South University-Montgomery,AL,302,Unavailable,5,35,16,53,Unavailable,15,Unavailable,28,Unavailable,Unavailable,Unavailable,Unavailable
South University-Richmond,VA,320,Unavailable,0,33,13,58,Unavailable,11,Unavailable,33,Unavailable,Unavailable,Unavailable,Unavailable
South University-Savannah,GA,247,Unavailable,4,36,22,55,Unavailable,19,Unavailable,28,Unavailable,Unavailable,Unavailable,Unavailable
South University-Savannah Online,GA,6494,Unavailable,2,41,10,68,Unavailable,8,Unavailable,20,Unavailable,Unavailable,Unavailable,Unavailable
South University-Tampa,FL,390,Unavailable,6,24,26,54,Unavailable,27,Unavailable,25,Unavailable,Unavailable,Unavailable,Unavailable
South University-Virginia Beach,VA,252,Unavailable,0,31,12,56,Unavailable,8,Unavailable,22,Unavailable,Unavailable,Unavailable,Unavailable
South University-West Palm Beach,FL,284,Unavailable,4,35,27,51,Unavailable,30,Unavailable,32,Unavailable,Unavailable,Unavailable,Unavailable
Ecclesia College,AR,138,Unavailable,8,38,17,11,Unavailable,19,Unavailable,89,Unavailable,Unavailable,Unavailable,Unavailable
Remington College-Online Dallas,TX,111,Unavailable,Unavailable,Unavailable,Unavailable,#VALUE!,Unavailable,Unavailable,Unavailable,13,Unavailable,Unavailable,Unavailable,Unavailable
West Coast University-Dallas,TX,1014,Unavailable,Unavailable,Unavailable,Unavailable,43,Unavailable,Unavailable,Unavailable,31,Unavailable,Unavailable,Unavailable,Unavailable
Rabbinical College Beth Shraga,NY,48,Unavailable,0,Unavailable,7,#VALUE!,Unavailable,9,Unavailable,Unavailable,Unavailable,Unavailable,Unavailable,Unavailable
Post University,CT,19575,Unavailable,9,50,18,81,Unavailable,19,Unavailable,17,Unavailable,Unavailable,Unavailable,Unavailable
Monroe College,NY,6400,Unavailable,38,62,35,36,Unavailable,48,Unavailable,57,Unavailable,Unavailable,Unavailable,Unavailable
Livingstone College,NC,799,Unavailable,8,54,12,3,Unavailable,16,Unavailable,94,Unavailable,Unavailable,Unavailable,Unavailable
Western Kentucky University,KY,14590,31,24,38,27,14,2,39,Unavailable,91,1,Unavailable,Unavailable,Unavailable
Columbia College,SC,1268,Unavailable,28,56,34,38,Unavailable,39,Unavailable,57,Unavailable,Unavailable,Unavailable,Unavailable
Maharishi International University,IA,777,Unavailable,12,39,31,66,Unavailable,32,Unavailable,25,Unavailable,Unavailable,Unavailable,Unavailable
Oak Valley College,CA,52,Unavailable,Unavailable,Unavailable,Unavailable,#VALUE!,Unavailable,Unavailable,Unavailable,86,Unavailable,Unavailable,Unavailable,Unavailable
Simmons College of Kentucky,KY,389,Unavailable,17,35,21,30,Unavailable,37,Unavailable,42,Unavailable,Unavailable,Unavailable,Unavailable
Pennsylvania State University-Penn State Schuylkill,PA,650,37,7,28,9,6,Unavailable,11,Unavailable,94,Unavailable,Unavailable,Unavailable,Unavailable
Maine College of Health Professions,ME,228,Unavailable,Unavailable,Unavailable,Unavailable,45,Unavailable,Unavailable,Unavailable,33,Unavailable,Unavailable,Unavailable,Unavailable
Trinity Bible College and Graduate School,ND,144,Unavailable,19,43,23,15,#VALUE!,32,Unavailable,87,Unavailable,#VALUE!,Unavailable,Unavailable
The University of Montana,MT,7570,25,20,32,24,16,#VALUE!,34,Unavailable,80,Unavailable,Unavailable,Unavailable,Unavailable
Las Vegas College,NV,545,Unavailable,Unavailable,Unavailable,Unavailable,#VALUE!,Unavailable,Unavailable,Unavailable,28,Unavailable,Unavailable,Unavailable,Unavailable
Galen College of Nursing-Cincinnati,OH,670,Unavailable,Unavailable,Unavailable,Unavailable,37,Unavailable,Unavailable,Unavailable,33,Unavailable,Unavailable,Unavailable,Unavailable
Galen College of Nursing-San Antonio,TX,3206,Unavailable,Unavailable,52,Unavailable,42,Unavailable,Unavailable,Unavailable,21,Unavailable,Unavailable,Unavailable,Unavailable
Galen College of Nursing-Tampa Bay,FL,1601,Unavailable,Unavailable,74,Unavailable,42,Unavailable,Unavailable,Unavailable,24,Unavailable,Unavailable,Unavailable,Unavailable
Galen Health Institutes-Asheville,NC,183,Unavailable,Unavailable,Unavailable,Unavailable,49,Unavailable,Unavailable,Unavailable,16,Unavailable,Unavailable,Unavailable,Unavailable
Galen Health Institutes-Austin Campus,TX,917,Unavailable,Unavailable,Unavailable,Unavailable,42,Unavailable,Unavailable,Unavailable,22,Unavailable,Unavailable,Unavailable,Unavailable
Galen Health Institutes-Dallas,TX,554,Unavailable,Unavailable,Unavailable,Unavailable,49,Unavailable,Unavailable,Unavailable,15,Unavailable,Unavailable,Unavailable,Unavailable
Galen Health Institutes-Gainesville,FL,638,Unavailable,Unavailable,Unavailable,Unavailable,42,Unavailable,Unavailable,Unavailable,23,Unavailable,Unavailable,Unavailable,Unavailable
Galen Health Institutes-Houston,TX,543,Unavailable,Unavailable,Unavailable,Unavailable,49,Unavailable,Unavailable,Unavailable,14,Unavailable,Unavailable,Unavailable,Unavailable
Galen Health Institutes-Miami Campus,FL,635,Unavailable,Unavailable,Unavailable,Unavailable,43,Unavailable,Unavailable,Unavailable,22,Unavailable,Unavailable,Unavailable,Unavailable
Galen Health Institutes-Nashville Campus,TN,763,Unavailable,Unavailable,Unavailable,Unavailable,44,Unavailable,Unavailable,Unavailable,22,Unavailable,Unavailable,Unavailable,Unavailable
Galen Health Institutes-Sarasota,FL,404,Unavailable,Unavailable,Unavailable,Unavailable,42,Unavailable,Unavailable,Unavailable,27,Unavailable,Unavailable,Unavailable,Unavailable
Ranken Technical College,MO,1696,Unavailable,5,21,32,21,Unavailable,46,Unavailable,71,Unavailable,Unavailable,Unavailable,Unavailable
Spartanburg Methodist College,SC,1029,Unavailable,Unavailable,Unavailable,Unavailable,8,Unavailable,Unavailable,Unavailable,94,Unavailable,Unavailable,Unavailable,Unavailable
Yeshiva Ohr Elchonon Chabad West Coast Talmudical Seminary,CA,157,Unavailable,14,36,14,#VALUE!,Unavailable,18,Unavailable,Unavailable,Unavailable,Unavailable,Unavailable,Unavailable
Mid-Atlantic Christian University,NC,177,Unavailable,15,44,24,22,Unavailable,31,Unavailable,79,Unavailable,Unavailable,Unavailable,Unavailable
Methodist College,IL,374,Unavailable,26,78,30,45,Unavailable,39,Unavailable,35,Unavailable,Unavailable,Unavailable,Unavailable
Talmudic College of Florida,FL,26,Unavailable,7,55,25,#VALUE!,Unavailable,38,Unavailable,Unavailable,Unavailable,Unavailable,Unavailable,Unavailable
Pennsylvania State University-Penn State Mont Alto,PA,587,30,7,24,10,9,Unavailable,13,Unavailable,89,Unavailable,Unavailable,Unavailable,Unavailable
Southwestern Christian University,OK,351,Unavailable,9,35,14,6,Unavailable,18,Unavailable,92,Unavailable,Unavailable,Unavailable,Unavailable
Pennsylvania College of Technology,PA,4287,35,26,39,26,14,Unavailable,36,Unavailable,85,Unavailable,Unavailable,Unavailable,Unavailable
Grand Canyon University,AZ,70929,Unavailable,22,41,29,60,0,35,Unavailable,48,0,Unavailable,Unavailable,Unavailable
New Hope Christian College-Eugene,OR,46,Unavailable,13,52,22,17,Unavailable,29,Unavailable,76,Unavailable,Unavailable,Unavailable,Unavailable
South College,TN,6406,Unavailable,19,40,40,49,Unavailable,43,Unavailable,39,Unavailable,Unavailable,Unavailable,Unavailable
University of the Southwest,NM,337,Unavailable,4,38,17,11,Unavailable,15,Unavailable,88,Unavailable,Unavailable,Unavailable,Unavailable
Claflin University,SC,1754,Unavailable,23,59,23,9,Unavailable,33,Unavailable,90,Unavailable,Unavailable,Unavailable,Unavailable
Eagle Gate College-Murray,UT,263,Unavailable,22,53,25,#VALUE!,Unavailable,29,Unavailable,33,Unavailable,Unavailable,Unavailable,Unavailable
Provo College,UT,705,Unavailable,0,55,8,#VALUE!,Unavailable,5,Unavailable,53,Unavailable,Unavailable,Unavailable,Unavailable
Pennsylvania State University-Penn State Scranton,PA,837,38,13,40,15,5,Unavailable,21,Unavailable,92,Unavailable,Unavailable,Unavailable,Unavailable
University of Connecticut-Waterbury Campus,CT,760,45,25,52,28,5,Unavailable,42,Unavailable,93,Unavailable,Unavailable,Unavailable,Unavailable
Pennsylvania State University-Penn State York,PA,702,32,5,25,12,10,Unavailable,13,Unavailable,89,Unavailable,Unavailable,Unavailable,Unavailable
Ohio Christian University,OH,1340,Unavailable,20,44,24,49,#VALUE!,31,Unavailable,70,Unavailable,Unavailable,Unavailable,Unavailable
Bennett College,NC,195,Unavailable,8,46,14,10,Unavailable,16,Unavailable,91,Unavailable,Unavailable,Unavailable,Unavailable
Nebraska Methodist College of Nursing & Allied Health,NE,752,Unavailable,19,45,45,24,Unavailable,54,Unavailable,68,Unavailable,Unavailable,Unavailable,Unavailable
Ramapo College of New Jersey,NJ,5013,34,35,52,34,8,5,46,Unavailable,91,4,Unavailable,Unavailable,Unavailable
University of New Hampshire at Manchester,NH,522,36,30,61,32,18,Unavailable,43,Unavailable,74,Unavailable,Unavailable,Unavailable,Unavailable
Oakland University,MI,12719,36,19,40,29,14,Unavailable,40,Unavailable,85,Unavailable,Unavailable,Unavailable,Unavailable
Davis College,NY,137,Unavailable,34,39,42,43,Unavailable,47,Unavailable,82,Unavailable,Unavailable,Unavailable,Unavailable
Yeshiva Shaar Ephraim,NY,138,Unavailable,0,43,16,#VALUE!,Unavailable,16,Unavailable,99,Unavailable,Unavailable,Unavailable,Unavailable
Eastwick College-Hackensack,NJ,874,Unavailable,Unavailable,Unavailable,Unavailable,32,Unavailable,Unavailable,Unavailable,41,Unavailable,Unavailable,Unavailable,Unavailable
University of Massachusetts-Dartmouth,MA,5602,36,23,41,26,14,10,36,Unavailable,86,9,Unavailable,Unavailable,Unavailable
Pennsylvania State University-Penn State Hazleton,PA,510,38,7,32,11,5,Unavailable,14,Unavailable,91,Unavailable,Unavailable,Unavailable,Unavailable
Eastwick College-Ramsey,NJ,929,Unavailable,60,Unavailable,56,43,Unavailable,71,Unavailable,32,Unavailable,Unavailable,Unavailable,Unavailable
Southern Oregon University,OR,4368,30,17,36,23,24,Unavailable,30,Unavailable,82,Unavailable,Unavailable,Unavailable,Unavailable
Bryan College of Health Sciences,NE,610,Unavailable,42,46,37,20,Unavailable,48,Unavailable,84,Unavailable,Unavailable,Unavailable,Unavailable
Maria College of Albany,NY,703,Unavailable,26,Unavailable,40,54,Unavailable,46,Unavailable,31,Unavailable,Unavailable,Unavailable,Unavailable
Oregon State University-Cascades Campus,OR,1058,29,30,38,29,#VALUE!,Unavailable,36,Unavailable,80,Unavailable,Unavailable,Unavailable,Unavailable
University of Connecticut-Avery Point,CT,474,38,23,43,26,6,Unavailable,37,Unavailable,90,Unavailable,Unavailable,Unavailable,Unavailable
Lackawanna College,PA,1939,Unavailable,Unavailable,30,Unavailable,31,Unavailable,Unavailable,Unavailable,68,Unavailable,Unavailable,Unavailable,Unavailable
Oregon Institute of Technology,OR,5012,30,17,42,31,30,13,39,Unavailable,81,10,Unavailable,Unavailable,Unavailable
Pennsylvania State University-Penn State Greater Allegheny,PA,361,34,5,39,10,5,Unavailable,12,Unavailable,93,Unavailable,Unavailable,Unavailable,Unavailable
Winthrop University,SC,3787,39,28,50,28,8,30,39,Unavailable,93,Unavailable,30,Unavailable,Unavailable
Southern California Seminary,CA,31,Unavailable,Unavailable,Unavailable,Unavailable,72,Unavailable,Unavailable,Unavailable,23,Unavailable,Unavailable,Unavailable,Unavailable
Bryant & Stratton College-Virginia Beach,VA,1339,Unavailable,0,Unavailable,14,39,Unavailable,10,Unavailable,39,Unavailable,Unavailable,Unavailable,Unavailable
University of California-Irvine,CA,29503,35,41,61,39,2,Unavailable,55,Unavailable,97,Unavailable,Unavailable,Unavailable,Unavailable
ECPI University,VA,11385,Unavailable,18,39,23,37,Unavailable,28,Unavailable,31,Unavailable,Unavailable,Unavailable,Unavailable
Carolinas College of Health Sciences,NC,410,Unavailable,Unavailable,Unavailable,Unavailable,50,Unavailable,Unavailable,Unavailable,44,Unavailable,Unavailable,Unavailable,Unavailable
Colby-Sawyer College,NH,834,Unavailable,34,35,30,11,Unavailable,41,Unavailable,85,Unavailable,Unavailable,Unavailable,Unavailable
Manhattan Christian College,KS,145,Unavailable,13,45,23,17,#VALUE!,27,Unavailable,93,Unavailable,#VALUE!,Unavailable,Unavailable
Alliant International University-San Diego,CA,355,Unavailable,5,1,12,97,Unavailable,11,Unavailable,8,Unavailable,Unavailable,Unavailable,Unavailable
Plymouth State University,NH,3336,22,28,33,24,2,Unavailable,34,Unavailable,98,Unavailable,Unavailable,Unavailable,Unavailable
Joyce University of Nursing and Health Sciences,UT,1892,Unavailable,60,67,49,35,Unavailable,66,Unavailable,41,Unavailable,Unavailable,Unavailable,Unavailable
Wade College,TX,205,Unavailable,Unavailable,34,Unavailable,38,Unavailable,Unavailable,Unavailable,52,Unavailable,Unavailable,Unavailable,Unavailable
University of California-San Diego,CA,33792,33,44,58,41,3,Unavailable,58,Unavailable,96,Unavailable,Unavailable,Unavailable,Unavailable
Great Northern University,WA,36,Unavailable,Unavailable,Unavailable,Unavailable,#VALUE!,Unavailable,Unavailable,Unavailable,75,Unavailable,Unavailable,Unavailable,Unavailable
Felbry College,OH,214,Unavailable,Unavailable,Unavailable,Unavailable,42,Unavailable,Unavailable,Unavailable,14,Unavailable,Unavailable,Unavailable,Unavailable
Bryant & Stratton College-Buffalo,NY,1840,Unavailable,Unavailable,Unavailable,Unavailable,42,Unavailable,Unavailable,Unavailable,49,Unavailable,Unavailable,Unavailable,Unavailable
Rabbinical College Telshe,OH,57,Unavailable,38,48,26,#VALUE!,Unavailable,39,Unavailable,Unavailable,Unavailable,Unavailable,Unavailable,Unavailable
Academy College,MN,118,Unavailable,24,68,24,#VALUE!,Unavailable,29,Unavailable,24,Unavailable,Unavailable,Unavailable,Unavailable
Southern California Institute of Technology,CA,537,Unavailable,29,60,21,#VALUE!,Unavailable,30,Unavailable,40,Unavailable,Unavailable,Unavailable,Unavailable
Platt College-Aurora,CO,215,Unavailable,30,16,23,#VALUE!,Unavailable,32,Unavailable,27,Unavailable,Unavailable,Unavailable,Unavailable
Eastern International College-Jersey City,NJ,474,Unavailable,9,28,21,#VALUE!,Unavailable,25,Unavailable,30,Unavailable,Unavailable,Unavailable,Unavailable
Keene State College,NH,2718,21,32,34,26,2,Unavailable,37,Unavailable,96,Unavailable,Unavailable,Unavailable,Unavailable
Smith Chason College,CA,2221,Unavailable,38,41,30,#VALUE!,Unavailable,41,Unavailable,39,Unavailable,Unavailable,Unavailable,Unavailable
Mid-America College of Funeral Service,IN,337,Unavailable,2,Unavailable,13,62,Unavailable,15,Unavailable,29,Unavailable,Unavailable,Unavailable,Unavailable
Northwest College of Art & Design,WA,150,Unavailable,19,44,20,#VALUE!,Unavailable,26,Unavailable,85,Unavailable,Unavailable,Unavailable,Unavailable
Cambridge College,MA,717,Unavailable,0,21,8,77,Unavailable,5,Unavailable,24,Unavailable,Unavailable,Unavailable,Unavailable
Charter College,AK,2277,Unavailable,Unavailable,28,Unavailable,#VALUE!,Unavailable,Unavailable,Unavailable,44,Unavailable,Unavailable,Unavailable,Unavailable
City College-Hollywood,FL,275,Unavailable,Unavailable,50,Unavailable,44,Unavailable,Unavailable,Unavailable,11,Unavailable,Unavailable,Unavailable,Unavailable
Northwestern College,IL,464,Unavailable,Unavailable,Unavailable,Unavailable,59,Unavailable,Unavailable,Unavailable,30,Unavailable,Unavailable,Unavailable,Unavailable
Bryan College-Dayton,TN,1398,Unavailable,29,42,28,23,Unavailable,39,Unavailable,92,Unavailable,Unavailable,Unavailable,Unavailable
Benjamin Franklin Cummings Institute of Technology,MA,592,Unavailable,Unavailable,Unavailable,Unavailable,29,Unavailable,Unavailable,Unavailable,67,Unavailable,Unavailable,Unavailable,Unavailable
Central Penn College,PA,806,Unavailable,17,46,22,58,Unavailable,35,Unavailable,48,Unavailable,Unavailable,Unavailable,Unavailable
Oak Hills Christian College,MN,117,Unavailable,0,33,12,29,Unavailable,11,Unavailable,74,Unavailable,Unavailable,Unavailable,Unavailable
Brewton-Parker College,GA,1049,Unavailable,3,41,12,25,Unavailable,12,Unavailable,78,Unavailable,Unavailable,Unavailable,Unavailable
Johnson University Florida,FL,136,Unavailable,8,34,25,4,Unavailable,30,Unavailable,93,Unavailable,Unavailable,Unavailable,Unavailable
Johnson C Smith University,NC,1058,Unavailable,14,50,20,11,Unavailable,27,Unavailable,85,Unavailable,Unavailable,Unavailable,Unavailable
Mid-America Christian University,OK,1636,Unavailable,9,42,25,54,Unavailable,28,Unavailable,45,Unavailable,Unavailable,Unavailable,Unavailable
University of Advancing Technology,AZ,892,Unavailable,18,42,18,50,Unavailable,23,Unavailable,58,Unavailable,Unavailable,Unavailable,Unavailable
Bryant & Stratton College-Greece,NY,333,Unavailable,Unavailable,Unavailable,Unavailable,27,Unavailable,Unavailable,Unavailable,48,Unavailable,Unavailable,Unavailable,Unavailable
The Chicago School at Chicago,IL,31,Unavailable,Unavailable,Unavailable,Unavailable,58,Unavailable,Unavailable,Unavailable,61,Unavailable,Unavailable,Unavailable,Unavailable
The Chicago School at Dallas,TX,4,Unavailable,Unavailable,Unavailable,Unavailable,80,Unavailable,Unavailable,Unavailable,50,Unavailable,Unavailable,Unavailable,Unavailable
The Chicago School at Los Angeles,CA,324,Unavailable,Unavailable,Unavailable,Unavailable,86,Unavailable,Unavailable,Unavailable,33,Unavailable,Unavailable,Unavailable,Unavailable
The Chicago School at San Diego,CA,5,Unavailable,Unavailable,Unavailable,Unavailable,54,Unavailable,Unavailable,Unavailable,40,Unavailable,Unavailable,Unavailable,Unavailable
Colorado State University-Fort Collins,CO,25834,22,28,38,31,9,Unavailable,44,Unavailable,90,Unavailable,Unavailable,Unavailable,Unavailable
Bryant & Stratton College-Albany,NY,224,Unavailable,60,Unavailable,52,18,Unavailable,68,Unavailable,69,Unavailable,Unavailable,Unavailable,Unavailable
Eagle Gate College-Boise Campus,ID,511,Unavailable,Unavailable,Unavailable,Unavailable,#VALUE!,Unavailable,Unavailable,Unavailable,33,Unavailable,Unavailable,Unavailable,Unavailable
Provo College-Idaho Falls Campus,ID,249,Unavailable,Unavailable,Unavailable,Unavailable,#VALUE!,Unavailable,Unavailable,Unavailable,36,Unavailable,Unavailable,Unavailable,Unavailable
Yeshivath Shaar Hatorah,NY,84,Unavailable,2,57,21,#VALUE!,Unavailable,31,Unavailable,Unavailable,Unavailable,Unavailable,Unavailable,Unavailable
Bethany Global University,MN,162,Unavailable,32,40,26,15,Unavailable,36,Unavailable,88,Unavailable,Unavailable,Unavailable,Unavailable
Aultman College of Nursing and Health Sciences,OH,241,Unavailable,Unavailable,Unavailable,Unavailable,36,#VALUE!,Unavailable,Unavailable,63,Unavailable,#VALUE!,Unavailable,Unavailable
Spartan College of Aeronautics and Technology,OK,744,Unavailable,21,Unavailable,16,#VALUE!,Unavailable,22,Unavailable,45,Unavailable,Unavailable,Unavailable,Unavailable
Manor College,PA,599,Unavailable,Unavailable,Unavailable,Unavailable,22,Unavailable,Unavailable,Unavailable,82,Unavailable,Unavailable,Unavailable,Unavailable
Great Lakes Christian College,MI,130,Unavailable,7,43,22,12,Unavailable,22,Unavailable,94,Unavailable,Unavailable,Unavailable,Unavailable
Chamberlain University-Indiana,IN,177,Unavailable,0,75,14,50,Unavailable,9,Unavailable,25,Unavailable,Unavailable,Unavailable,Unavailable
Chamberlain University-Louisiana,LA,517,Unavailable,Unavailable,Unavailable,Unavailable,47,Unavailable,Unavailable,Unavailable,27,Unavailable,Unavailable,Unavailable,Unavailable
United States Sports Academy,AL,144,Unavailable,Unavailable,Unavailable,Unavailable,77,Unavailable,Unavailable,Unavailable,41,Unavailable,Unavailable,Unavailable,Unavailable
Chamberlain University-Missouri,MO,328,Unavailable,30,24,42,49,Unavailable,53,Unavailable,34,Unavailable,Unavailable,Unavailable,Unavailable
Chamberlain University-Ohio,OH,336,Unavailable,30,25,32,42,Unavailable,38,Unavailable,43,Unavailable,Unavailable,Unavailable,Unavailable
University of California-Berkeley,CA,33078,30,47,58,42,3,Unavailable,60,Unavailable,95,Unavailable,Unavailable,Unavailable,Unavailable
University of California-Los Angeles,CA,33040,30,50,59,44,2,Unavailable,60,Unavailable,97,Unavailable,Unavailable,Unavailable,Unavailable
University of California-Santa Barbara,CA,23232,30,42,55,39,2,Unavailable,55,Unavailable,98,Unavailable,Unavailable,Unavailable,Unavailable
Charles R Drew University of Medicine and Science,CA,234,Unavailable,Unavailable,43,Unavailable,30,Unavailable,Unavailable,Unavailable,45,Unavailable,Unavailable,Unavailable,Unavailable
Touro University,NY,5098,Unavailable,34,55,37,37,9,49,Unavailable,67,7,Unavailable,Unavailable,Unavailable
Regent University,VA,4577,Unavailable,31,46,43,59,12,51,Unavailable,42,9,Unavailable,Unavailable,Unavailable
HCI College,FL,169,Unavailable,Unavailable,Unavailable,Unavailable,44,Unavailable,Unavailable,Unavailable,34,Unavailable,Unavailable,Unavailable,Unavailable
Bryant & Stratton College-Parma,OH,522,Unavailable,0,Unavailable,16,28,Unavailable,11,Unavailable,50,Unavailable,Unavailable,Unavailable,Unavailable
University of Mary,ND,2650,Unavailable,31,44,29,16,Unavailable,41,Unavailable,88,Unavailable,Unavailable,Unavailable,Unavailable
Andrew College,GA,294,Unavailable,Unavailable,31,Unavailable,25,Unavailable,Unavailable,Unavailable,72,Unavailable,Unavailable,Unavailable,Unavailable
University of California-Davis,CA,31797,31,37,56,40,2,Unavailable,56,Unavailable,96,Unavailable,Unavailable,Unavailable,Unavailable
Chamberlain University-Florida,FL,839,Unavailable,0,43,10,52,Unavailable,7,Unavailable,27,Unavailable,Unavailable,Unavailable,Unavailable
Goddard College,VT,113,Unavailable,24,62,33,41,Unavailable,38,Unavailable,15,Unavailable,Unavailable,Unavailable,Unavailable
Bryant & Stratton College-Wauwatosa,WI,952,Unavailable,Unavailable,41,Unavailable,32,Unavailable,Unavailable,Unavailable,48,Unavailable,Unavailable,Unavailable,Unavailable
Metropolitan College of New York,NY,430,Unavailable,13,49,19,71,Unavailable,22,Unavailable,9,Unavailable,Unavailable,Unavailable,Unavailable
John Patrick University of Health and Applied Sciences,IN,318,Unavailable,Unavailable,Unavailable,Unavailable,46,Unavailable,Unavailable,Unavailable,21,Unavailable,Unavailable,Unavailable,Unavailable
St Luke's College,IA,196,Unavailable,Unavailable,Unavailable,Unavailable,42,Unavailable,Unavailable,Unavailable,57,Unavailable,Unavailable,Unavailable,Unavailable
Bryant & Stratton College-Syracuse North,NY,471,Unavailable,Unavailable,Unavailable,Unavailable,28,Unavailable,Unavailable,Unavailable,48,Unavailable,Unavailable,Unavailable,Unavailable
Trocaire College,NY,1104,Unavailable,Unavailable,Unavailable,Unavailable,44,Unavailable,Unavailable,Unavailable,43,Unavailable,Unavailable,Unavailable,Unavailable
Life Pacific University,CA,396,Unavailable,19,50,29,24,Unavailable,37,Unavailable,73,Unavailable,Unavailable,Unavailable,Unavailable
Chamberlain University-Nevada,NV,573,Unavailable,0,Unavailable,12,44,Unavailable,8,Unavailable,34,Unavailable,Unavailable,Unavailable,Unavailable
Chamberlain University-North Carolina,NC,216,Unavailable,Unavailable,19,Unavailable,52,Unavailable,Unavailable,Unavailable,29,Unavailable,Unavailable,Unavailable,Unavailable
Chamberlain University-Virginia,VA,567,Unavailable,15,Unavailable,19,53,Unavailable,21,Unavailable,22,Unavailable,Unavailable,Unavailable,Unavailable
Chamberlain University-Arizona,AZ,745,Unavailable,30,47,30,47,Unavailable,36,Unavailable,33,Unavailable,Unavailable,Unavailable,Unavailable
Chamberlain University-Michigan,MI,643,Unavailable,Unavailable,Unavailable,Unavailable,43,Unavailable,Unavailable,Unavailable,44,Unavailable,Unavailable,Unavailable,Unavailable
Louisiana Christian University,LA,803,Unavailable,11,52,16,7,Unavailable,20,Unavailable,94,Unavailable,Unavailable,Unavailable,Unavailable
University of Rio Grande,OH,2030,Unavailable,11,31,20,23,Unavailable,22,Unavailable,83,Unavailable,Unavailable,Unavailable,Unavailable
Chamberlain University-Texas,TX,2416,Unavailable,0,25,12,54,Unavailable,8,Unavailable,37,Unavailable,Unavailable,Unavailable,Unavailable
Walnut Hill College,PA,127,Unavailable,Unavailable,Unavailable,Unavailable,#VALUE!,Unavailable,Unavailable,Unavailable,87,Unavailable,Unavailable,Unavailable,Unavailable
Bob Jones University,SC,2477,Unavailable,35,51,28,7,Unavailable,41,Unavailable,96,Unavailable,Unavailable,Unavailable,Unavailable
Arizona State University Campus Immersion,AZ,65174,27,31,45,30,7,Unavailable,43,Unavailable,92,Unavailable,Unavailable,Unavailable,Unavailable
South University-High Point,NC,70,Unavailable,11,28,27,63,Unavailable,24,Unavailable,11,Unavailable,Unavailable,Unavailable,Unavailable
Marian University-Ancilla,IN,218,Unavailable,Unavailable,Unavailable,Unavailable,2,Unavailable,Unavailable,Unavailable,96,Unavailable,Unavailable,Unavailable,Unavailable
Lindenwood University,MO,4933,Unavailable,23,35,29,21,#VALUE!,37,Unavailable,82,Unavailable,#VALUE!,Unavailable,Unavailable
Heritage University,WA,783,Unavailable,17,51,31,17,Unavailable,38,Unavailable,69,Unavailable,Unavailable,Unavailable,Unavailable
Interior Designers Institute,CA,107,Unavailable,12,67,25,#VALUE!,Unavailable,37,Unavailable,32,Unavailable,Unavailable,Unavailable,Unavailable
Everglades University,FL,2369,Unavailable,30,49,34,#VALUE!,Unavailable,45,Unavailable,23,Unavailable,Unavailable,Unavailable,Unavailable
AdventHealth University,FL,1221,Unavailable,15,35,31,48,Unavailable,34,Unavailable,53,Unavailable,Unavailable,Unavailable,Unavailable
Goodwin University,CT,2911,Unavailable,11,Unavailable,24,72,Unavailable,26,Unavailable,29,Unavailable,Unavailable,Unavailable,Unavailable
Barclay College,KS,163,Unavailable,20,50,22,33,Unavailable,31,Unavailable,62,Unavailable,Unavailable,Unavailable,Unavailable
Central Christian College of Kansas,KS,437,Unavailable,7,36,16,24,Unavailable,17,Unavailable,73,Unavailable,Unavailable,Unavailable,Unavailable
Warner Pacific University,OR,350,Unavailable,16,74,26,16,Unavailable,30,Unavailable,66,Unavailable,Unavailable,Unavailable,Unavailable
Nossi College of Art and Design,TN,278,Unavailable,39,47,35,#VALUE!,Unavailable,50,Unavailable,81,Unavailable,Unavailable,Unavailable,Unavailable
Mississippi College,MS,2706,Unavailable,31,42,33,8,Unavailable,43,Unavailable,94,Unavailable,Unavailable,Unavailable,Unavailable
Chamberlain University-Georgia,GA,1588,Unavailable,24,Unavailable,31,55,Unavailable,34,Unavailable,24,Unavailable,Unavailable,Unavailable,Unavailable
Chamberlain University-New Jersey,NJ,1316,Unavailable,60,17,50,52,Unavailable,67,Unavailable,24,Unavailable,Unavailable,Unavailable,Unavailable
Greensboro College,NC,809,Unavailable,16,44,17,13,Unavailable,21,Unavailable,85,Unavailable,Unavailable,Unavailable,Unavailable
University of Sioux Falls,SD,1276,Unavailable,28,41,28,7,Unavailable,38,Unavailable,91,Unavailable,Unavailable,Unavailable,Unavailable
Alaska Pacific University,AK,437,Unavailable,10,38,20,35,Unavailable,22,Unavailable,45,Unavailable,Unavailable,Unavailable,Unavailable
Oregon State University,OR,30021,24,25,43,33,30,Unavailable,46,Unavailable,73,Unavailable,Unavailable,Unavailable,Unavailable
Mount Angel Seminary,OR,34,Unavailable,32,38,39,#VALUE!,Unavailable,44,Unavailable,44,Unavailable,Unavailable,Unavailable,Unavailable
Oakwood University,AL,1279,Unavailable,16,43,22,6,Unavailable,33,Unavailable,92,Unavailable,Unavailable,Unavailable,Unavailable
Chamberlain University-California,CA,676,Unavailable,Unavailable,Unavailable,Unavailable,42,Unavailable,Unavailable,Unavailable,38,Unavailable,Unavailable,Unavailable,Unavailable
Welch College,TN,358,Unavailable,23,45,23,27,Unavailable,32,Unavailable,83,Unavailable,Unavailable,Unavailable,Unavailable
Westcliff University,CA,2037,Unavailable,32,1,30,36,Unavailable,42,Unavailable,92,Unavailable,Unavailable,Unavailable,Unavailable
Rosemont College,PA,484,Unavailable,17,48,27,30,Unavailable,32,Unavailable,69,Unavailable,Unavailable,Unavailable,Unavailable
Rocky Mountain College of Art and Design,CO,1888,Unavailable,19,35,26,52,Unavailable,32,Unavailable,57,Unavailable,Unavailable,Unavailable,Unavailable
University of Hawaii at Manoa,HI,14576,24,22,43,30,11,3,41,Unavailable,89,1,Unavailable,Unavailable,Unavailable
Congregation Talmidei Mesivta Tiferes Shmiel Aleksander,NY,169,Unavailable,Unavailable,Unavailable,Unavailable,#VALUE!,Unavailable,Unavailable,Unavailable,99,Unavailable,Unavailable,Unavailable,Unavailable
Yeshiva Yesoda Hatorah Vetz Chaim,NY,205,Unavailable,Unavailable,Unavailable,Unavailable,#VALUE!,Unavailable,Unavailable,Unavailable,99,Unavailable,Unavailable,Unavailable,Unavailable
University of Maine,ME,9267,25,23,36,26,13,Unavailable,37,Unavailable,90,Unavailable,Unavailable,Unavailable,Unavailable
University of Charleston,WV,2087,Unavailable,18,33,28,49,Unavailable,34,Unavailable,47,Unavailable,Unavailable,Unavailable,Unavailable
Arizona College of Nursing-Las Vegas,NV,1185,Unavailable,Unavailable,79,Unavailable,38,Unavailable,Unavailable,Unavailable,28,Unavailable,Unavailable,Unavailable,Unavailable
Point University,GA,2617,Unavailable,14,54,23,40,4,25,Unavailable,82,3,Unavailable,Unavailable,Unavailable
Husson University,ME,2525,Unavailable,20,42,26,16,Unavailable,36,Unavailable,88,Unavailable,Unavailable,Unavailable,Unavailable
Mercy University,NY,6482,Unavailable,21,51,26,21,Unavailable,34,Unavailable,75,Unavailable,Unavailable,Unavailable,Unavailable
Arizona College of Nursing-Salt Lake City,UT,323,Unavailable,Unavailable,Unavailable,Unavailable,34,Unavailable,Unavailable,Unavailable,37,Unavailable,Unavailable,Unavailable,Unavailable
American University of Health Sciences,CA,364,Unavailable,0,23,7,#VALUE!,Unavailable,5,Unavailable,30,Unavailable,Unavailable,Unavailable,Unavailable
University of Silicon Valley,CA,378,Unavailable,10,41,26,28,Unavailable,33,Unavailable,73,Unavailable,Unavailable,Unavailable,Unavailable
Calumet College of Saint Joseph,IN,560,Unavailable,8,37,16,26,Unavailable,17,Unavailable,72,Unavailable,Unavailable,Unavailable,Unavailable
West Coast University-Orange County,CA,3168,Unavailable,30,37,26,35,Unavailable,34,Unavailable,37,Unavailable,Unavailable,Unavailable,Unavailable
Wayland Baptist University,TX,2162,Unavailable,8,28,18,44,Unavailable,21,Unavailable,42,Unavailable,Unavailable,Unavailable,Unavailable
Arizona College of Nursing-Sarasota,FL,98,Unavailable,Unavailable,Unavailable,Unavailable,27,Unavailable,Unavailable,Unavailable,56,Unavailable,Unavailable,Unavailable,Unavailable
Arizona College of Nursing-Tampa,FL,337,Unavailable,Unavailable,Unavailable,Unavailable,33,Unavailable,Unavailable,Unavailable,44,Unavailable,Unavailable,Unavailable,Unavailable
Hellenic College-Holy Cross Greek Orthodox School of Theology,MA,64,Unavailable,37,33,37,10,Unavailable,45,Unavailable,81,Unavailable,Unavailable,Unavailable,Unavailable
Visible Music College,TN,168,Unavailable,4,54,11,20,#VALUE!,17,Unavailable,68,Unavailable,#VALUE!,Unavailable,Unavailable
Bolivar Technical College,MO,144,Unavailable,Unavailable,Unavailable,Unavailable,49,Unavailable,Unavailable,Unavailable,32,Unavailable,Unavailable,Unavailable,Unavailable
Helene Fuld College of Nursing,NY,722,Unavailable,Unavailable,Unavailable,Unavailable,#VALUE!,Unavailable,Unavailable,Unavailable,14,Unavailable,Unavailable,Unavailable,Unavailable
Davenport University,MI,3833,Unavailable,22,38,26,41,Unavailable,35,Unavailable,68,Unavailable,Unavailable,Unavailable,Unavailable
Allen College,IA,279,Unavailable,Unavailable,Unavailable,Unavailable,13,Unavailable,Unavailable,Unavailable,82,Unavailable,Unavailable,Unavailable,Unavailable
Mercy College of Health Sciences,IA,905,Unavailable,27,45,42,43,Unavailable,45,Unavailable,50,Unavailable,Unavailable,Unavailable,Unavailable
Southeastern College-West Palm Beach,FL,650,Unavailable,Unavailable,Unavailable,Unavailable,39,Unavailable,Unavailable,Unavailable,40,Unavailable,Unavailable,Unavailable,Unavailable
Arizona College of Nursing-Aurora,CO,212,Unavailable,Unavailable,Unavailable,Unavailable,42,Unavailable,Unavailable,Unavailable,29,Unavailable,Unavailable,Unavailable,Unavailable
Arizona College of Nursing-Cincinnati,OH,65,Unavailable,Unavailable,Unavailable,Unavailable,41,Unavailable,Unavailable,Unavailable,38,Unavailable,Unavailable,Unavailable,Unavailable
Arizona College of Nursing-Cleveland,OH,84,Unavailable,Unavailable,Unavailable,Unavailable,49,Unavailable,Unavailable,Unavailable,27,Unavailable,Unavailable,Unavailable,Unavailable
Arizona College of Nursing-Dallas,TX,383,Unavailable,Unavailable,Unavailable,Unavailable,38,Unavailable,Unavailable,Unavailable,36,Unavailable,Unavailable,Unavailable,Unavailable
Arizona College of Nursing-Falls Church,VA,284,Unavailable,Unavailable,Unavailable,Unavailable,43,Unavailable,Unavailable,Unavailable,29,Unavailable,Unavailable,Unavailable,Unavailable
Arizona College of Nursing-Southfield,MI,415,Unavailable,Unavailable,Unavailable,Unavailable,39,Unavailable,Unavailable,Unavailable,28,Unavailable,Unavailable,Unavailable,Unavailable
Arizona College of Nursing-Tucson,AZ,566,Unavailable,Unavailable,Unavailable,Unavailable,36,Unavailable,Unavailable,Unavailable,28,Unavailable,Unavailable,Unavailable,Unavailable
Rabbinical College of Ohr Shimon Yisroel,NY,233,Unavailable,0,61,22,#VALUE!,Unavailable,29,Unavailable,98,Unavailable,Unavailable,Unavailable,Unavailable
Spring Hill College,AL,851,Unavailable,29,39,27,4,#VALUE!,37,Unavailable,96,Unavailable,#VALUE!,Unavailable,Unavailable
Emmanuel University,GA,861,Unavailable,16,32,20,8,Unavailable,25,Unavailable,97,Unavailable,Unavailable,Unavailable,Unavailable
West Coast University-Miami,FL,900,Unavailable,0,57,7,32,Unavailable,5,Unavailable,43,Unavailable,Unavailable,Unavailable,Unavailable
Keiser University-Ft Lauderdale,FL,17634,Unavailable,32,49,23,49,Unavailable,34,Unavailable,39,Unavailable,Unavailable,Unavailable,Unavailable
University of Washington-Seattle Campus,WA,39515,22,43,48,37,10,Unavailable,53,Unavailable,94,Unavailable,Unavailable,Unavailable,Unavailable
Magdalen College,NH,58,Unavailable,34,51,25,#VALUE!,Unavailable,36,Unavailable,98,Unavailable,Unavailable,Unavailable,Unavailable
Saint Joseph Seminary College,LA,99,Unavailable,21,42,27,9,Unavailable,29,Unavailable,79,Unavailable,Unavailable,Unavailable,Unavailable
St. John Vianney College Seminary,FL,18,Unavailable,60,50,40,#VALUE!,Unavailable,60,Unavailable,44,Unavailable,Unavailable,Unavailable,Unavailable
University of Valley Forge,PA,498,Unavailable,27,50,26,13,Unavailable,36,Unavailable,90,Unavailable,Unavailable,Unavailable,Unavailable
Utica University,NY,2580,Unavailable,26,38,31,18,Unavailable,40,Unavailable,82,Unavailable,Unavailable,Unavailable,Unavailable
The College of Westchester,NY,891,Unavailable,22,52,26,34,Unavailable,34,Unavailable,57,Unavailable,Unavailable,Unavailable,Unavailable
Cleary University,MI,811,Unavailable,12,19,31,33,Unavailable,35,Unavailable,52,Unavailable,Unavailable,Unavailable,Unavailable
College of Saint Mary,NE,482,Unavailable,29,44,32,12,#VALUE!,40,Unavailable,77,Unavailable,#VALUE!,Unavailable,Unavailable
Washington Adventist University,MD,605,Unavailable,11,46,24,19,Unavailable,30,Unavailable,75,Unavailable,Unavailable,Unavailable,Unavailable
Clark Atlanta University,GA,3495,Unavailable,14,58,18,2,Unavailable,26,Unavailable,98,Unavailable,Unavailable,Unavailable,Unavailable
Saint Charles Borromeo Seminary-Overbrook,PA,41,Unavailable,34,8,30,#VALUE!,Unavailable,39,Unavailable,88,Unavailable,Unavailable,Unavailable,Unavailable
Remington College-Shreveport Campus,LA,342,Unavailable,32,96,22,#VALUE!,Unavailable,33,Unavailable,37,Unavailable,Unavailable,Unavailable,Unavailable
Arizona College of Nursing-Phoenix,AZ,1062,Unavailable,Unavailable,Unavailable,Unavailable,33,Unavailable,Unavailable,Unavailable,37,Unavailable,Unavailable,Unavailable,Unavailable
Arizona College of Nursing-Tempe,AZ,1246,Unavailable,Unavailable,36,Unavailable,30,Unavailable,Unavailable,Unavailable,41,Unavailable,Unavailable,Unavailable,Unavailable
California Jazz Conservatory,CA,20,Unavailable,0,43,52,#VALUE!,Unavailable,68,Unavailable,45,Unavailable,Unavailable,Unavailable,Unavailable
Remington College-Dallas Campus,TX,208,Unavailable,36,67,25,#VALUE!,Unavailable,42,Unavailable,42,Unavailable,Unavailable,Unavailable,Unavailable
Waldorf University,IA,2196,Unavailable,16,25,22,56,Unavailable,26,Unavailable,37,Unavailable,Unavailable,Unavailable,Unavailable
Dunwoody College of Technology,MN,1424,Unavailable,20,48,22,21,Unavailable,26,Unavailable,70,Unavailable,Unavailable,Unavailable,Unavailable
Harrisburg University of Science and Technology,PA,718,Unavailable,14,45,19,19,Unavailable,24,Unavailable,84,Unavailable,Unavailable,Unavailable,Unavailable
Truett McConnell University,GA,2612,Unavailable,16,35,17,27,Unavailable,23,Unavailable,98,Unavailable,Unavailable,Unavailable,Unavailable
University of Jamestown,ND,964,Unavailable,26,32,25,5,Unavailable,36,Unavailable,95,Unavailable,Unavailable,Unavailable,Unavailable
University of Pikeville,KY,1596,Unavailable,14,46,18,11,Unavailable,23,Unavailable,96,Unavailable,Unavailable,Unavailable,Unavailable
Pillar College,NJ,489,Unavailable,5,42,14,23,Unavailable,20,Unavailable,47,Unavailable,Unavailable,Unavailable,Unavailable
Los Angeles College of Music,CA,267,Unavailable,32,38,27,#VALUE!,Unavailable,38,Unavailable,87,Unavailable,Unavailable,Unavailable,Unavailable
San Diego Christian College,CA,93,Unavailable,14,58,22,33,Unavailable,24,Unavailable,64,Unavailable,Unavailable,Unavailable,Unavailable
Cottey College,MO,266,Unavailable,37,46,31,2,#VALUE!,45,Unavailable,95,Unavailable,Unavailable,Unavailable,Unavailable
University of Mobile,AL,1688,Unavailable,22,47,27,17,#VALUE!,35,Unavailable,88,Unavailable,#VALUE!,Unavailable,Unavailable
Arizona College of Nursing-Fort Lauderdale,FL,412,Unavailable,Unavailable,Unavailable,Unavailable,34,Unavailable,Unavailable,Unavailable,38,Unavailable,Unavailable,Unavailable,Unavailable
East-West University,IL,528,Unavailable,3,48,6,#VALUE!,Unavailable,10,Unavailable,86,Unavailable,Unavailable,Unavailable,Unavailable
Maryville University of Saint Louis,MO,6062,Unavailable,39,48,39,43,Unavailable,51,Unavailable,63,Unavailable,Unavailable,Unavailable,Unavailable
University of Mount Olive,NC,1937,Unavailable,22,47,26,43,Unavailable,34,Unavailable,55,Unavailable,Unavailable,Unavailable,Unavailable
Conception Seminary College,MO,41,Unavailable,22,36,28,#VALUE!,#VALUE!,31,Unavailable,63,Unavailable,#VALUE!,Unavailable,Unavailable
Concordia University-Saint Paul,MN,3146,Unavailable,26,41,38,30,Unavailable,43,Unavailable,69,Unavailable,Unavailable,Unavailable,Unavailable
Mount Carmel College of Nursing,OH,575,Unavailable,45,49,43,30,#VALUE!,56,Unavailable,57,Unavailable,#VALUE!,Unavailable,Unavailable
Hannibal-LaGrange University,MO,402,Unavailable,19,32,22,25,#VALUE!,27,Unavailable,68,Unavailable,#VALUE!,Unavailable,Unavailable
University of Rhode Island,RI,14670,19,32,42,30,5,18,44,Unavailable,97,Unavailable,18,Unavailable,Unavailable
Parker University,TX,504,Unavailable,Unavailable,59,Unavailable,49,Unavailable,Unavailable,Unavailable,30,Unavailable,Unavailable,Unavailable,Unavailable
California College of ASU,CA,149,Unavailable,24,48,21,36,Unavailable,32,Unavailable,82,Unavailable,Unavailable,Unavailable,Unavailable
New England College,NH,986,Unavailable,12,33,17,14,Unavailable,18,Unavailable,81,Unavailable,Unavailable,Unavailable,Unavailable
Berkeley College-New York,NY,1756,Unavailable,16,55,20,52,Unavailable,25,Unavailable,45,Unavailable,Unavailable,Unavailable,Unavailable
Trinity Washington University,DC,1604,Unavailable,12,47,22,31,Unavailable,29,Unavailable,61,Unavailable,Unavailable,Unavailable,Unavailable
Bryn Athyn College of the New Church,PA,273,Unavailable,20,42,22,#VALUE!,Unavailable,28,Unavailable,95,Unavailable,Unavailable,Unavailable,Unavailable
Evangel University,MO,1427,Unavailable,26,40,26,5,Unavailable,37,Unavailable,98,Unavailable,Unavailable,Unavailable,Unavailable
Wilson College,PA,1180,Unavailable,19,42,30,38,Unavailable,38,Unavailable,58,Unavailable,Unavailable,Unavailable,Unavailable
Lasell University,MA,1183,Unavailable,37,41,31,5,8,43,Unavailable,95,6,Unavailable,Unavailable,Unavailable
Lourdes University,OH,827,Unavailable,32,34,26,18,Unavailable,39,Unavailable,78,Unavailable,Unavailable,Unavailable,Unavailable
Berkeley College-Woodland Park,NJ,1900,Unavailable,19,55,24,52,Unavailable,30,Unavailable,40,Unavailable,Unavailable,Unavailable,Unavailable
Capitol Technology University,MD,266,Unavailable,23,39,26,18,Unavailable,36,Unavailable,80,Unavailable,Unavailable,Unavailable,Unavailable
Mount Aloysius College,PA,2942,Unavailable,25,40,24,24,8,33,Unavailable,93,7,Unavailable,Unavailable,Unavailable
Saint Leo University,FL,7603,Unavailable,21,43,31,55,Unavailable,37,Unavailable,49,Unavailable,Unavailable,Unavailable,Unavailable
Hiram College,OH,983,Unavailable,31,47,24,12,Unavailable,34,Unavailable,97,Unavailable,Unavailable,Unavailable,Unavailable
Temple University,PA,21720,29,34,50,33,7,Unavailable,48,Unavailable,92,Unavailable,Unavailable,Unavailable,Unavailable
Saint Anthony College of Nursing,IL,152,Unavailable,60,Unavailable,57,30,Unavailable,71,Unavailable,55,Unavailable,Unavailable,Unavailable,Unavailable
Kuyper College,MI,153,Unavailable,2,66,33,15,Unavailable,36,Unavailable,89,Unavailable,Unavailable,Unavailable,Unavailable
Antigua College International,FL,266,Unavailable,9,Unavailable,22,#VALUE!,Unavailable,34,Unavailable,11,Unavailable,Unavailable,Unavailable,Unavailable
Limestone University,SC,1598,Unavailable,16,33,19,26,Unavailable,23,Unavailable,72,Unavailable,Unavailable,Unavailable,Unavailable
Full Sail University,FL,25195,Unavailable,26,53,25,#VALUE!,Unavailable,31,Unavailable,46,Unavailable,Unavailable,Unavailable,Unavailable
Musicians Institute,CA,780,Unavailable,32,22,31,31,Unavailable,43,Unavailable,59,Unavailable,Unavailable,Unavailable,Unavailable
Wesleyan College,GA,595,Unavailable,30,55,26,20,Unavailable,36,Unavailable,86,Unavailable,Unavailable,Unavailable,Unavailable
Campbellsville University,KY,6853,Unavailable,17,50,22,29,Unavailable,31,Unavailable,88,Unavailable,Unavailable,Unavailable,Unavailable
Cumberland University,TN,2652,Unavailable,25,38,26,10,Unavailable,35,Unavailable,95,Unavailable,Unavailable,Unavailable,Unavailable
Union Adventist University,NE,536,Unavailable,22,36,27,9,Unavailable,38,Unavailable,92,Unavailable,Unavailable,Unavailable,Unavailable
Colorado Christian University,CO,6730,Unavailable,28,49,32,62,Unavailable,41,Unavailable,51,Unavailable,Unavailable,Unavailable,Unavailable
Columbia International University,SC,916,Unavailable,34,50,32,20,Unavailable,43,Unavailable,84,Unavailable,Unavailable,Unavailable,Unavailable
Blackburn College,IL,389,Unavailable,22,52,25,10,Unavailable,32,Unavailable,81,Unavailable,Unavailable,Unavailable,Unavailable
University of Oregon,OR,19963,20,37,43,32,4,11,47,Unavailable,96,7,Unavailable,Unavailable,Unavailable
Boston Architectural College,MA,306,Unavailable,19,22,34,43,Unavailable,45,Unavailable,46,Unavailable,Unavailable,Unavailable,Unavailable
Ave Maria University,FL,1250,Unavailable,34,32,28,2,Unavailable,39,Unavailable,97,Unavailable,Unavailable,Unavailable,Unavailable
Lindsey Wilson College,KY,1783,Unavailable,18,41,22,16,Unavailable,28,Unavailable,84,Unavailable,Unavailable,Unavailable,Unavailable
University of Saint Katherine,CA,230,Unavailable,Unavailable,38,Unavailable,3,Unavailable,Unavailable,Unavailable,97,Unavailable,Unavailable,Unavailable,Unavailable
Newberry College,SC,1462,Unavailable,22,44,25,3,7,34,Unavailable,96,4,Unavailable,Unavailable,Unavailable
Academy of Art University,CA,4191,Unavailable,4,33,23,48,Unavailable,30,Unavailable,55,Unavailable,Unavailable,Unavailable,Unavailable
Reinhardt University,GA,1082,Unavailable,12,36,18,9,Unavailable,25,Unavailable,91,Unavailable,Unavailable,Unavailable,Unavailable
Chowan University,NC,638,Unavailable,11,44,18,5,Unavailable,22,Unavailable,95,Unavailable,Unavailable,Unavailable,Unavailable
Oakland City University,IN,522,Unavailable,20,41,28,7,Unavailable,43,Unavailable,91,Unavailable,Unavailable,Unavailable,Unavailable
Bellin College,WI,612,Unavailable,30,11,36,22,Unavailable,44,Unavailable,90,Unavailable,Unavailable,Unavailable,Unavailable
Eastern Nazarene College,MA,379,Unavailable,26,30,34,6,Unavailable,42,Unavailable,90,Unavailable,Unavailable,Unavailable,Unavailable
Madonna University,MI,1740,Unavailable,23,36,35,20,Unavailable,45,Unavailable,82,Unavailable,Unavailable,Unavailable,Unavailable
Eureka College,IL,527,Unavailable,25,26,27,3,Unavailable,35,Unavailable,96,Unavailable,Unavailable,Unavailable,Unavailable
St. Francis College,NY,1934,Unavailable,19,48,22,15,Unavailable,33,Unavailable,91,Unavailable,Unavailable,Unavailable,Unavailable
Tusculum University,TN,1022,Unavailable,12,36,23,11,Unavailable,29,Unavailable,87,Unavailable,Unavailable,Unavailable,Unavailable
Villa Maria College,NY,545,Unavailable,20,45,21,11,Unavailable,27,Unavailable,85,Unavailable,Unavailable,Unavailable,Unavailable
Albright College,PA,1328,Unavailable,25,44,22,7,Unavailable,30,Unavailable,90,Unavailable,Unavailable,Unavailable,Unavailable
Washington & Jefferson College,PA,1162,Unavailable,43,46,33,#VALUE!,Unavailable,47,Unavailable,99,Unavailable,Unavailable,Unavailable,Unavailable
Sacred Heart Major Seminary,MI,188,Unavailable,36,Unavailable,50,70,Unavailable,53,Unavailable,11,Unavailable,Unavailable,Unavailable,Unavailable
Immaculata University,PA,1529,Unavailable,34,44,32,21,20,44,Unavailable,82,Unavailable,20,Unavailable,Unavailable
William Woods University,MO,1097,Unavailable,29,36,40,31,Unavailable,45,Unavailable,70,Unavailable,Unavailable,Unavailable,Unavailable
Bluefield University,VA,694,Unavailable,20,38,22,18,Unavailable,27,Unavailable,85,Unavailable,Unavailable,Unavailable,Unavailable
Rochester University,MI,1144,Unavailable,13,38,22,25,Unavailable,29,Unavailable,82,Unavailable,Unavailable,Unavailable,Unavailable
Morehouse College,GA,2738,Unavailable,20,45,21,13,#VALUE!,32,Unavailable,87,Unavailable,Unavailable,Unavailable,Unavailable
Southern Nazarene University,OK,1465,Unavailable,23,48,24,19,Unavailable,32,Unavailable,69,Unavailable,Unavailable,Unavailable,Unavailable
Vaughn College of Aeronautics and Technology,NY,1202,Unavailable,17,52,24,20,Unavailable,31,Unavailable,76,Unavailable,Unavailable,Unavailable,Unavailable
Aurora University,IL,4098,Unavailable,28,52,30,12,5,39,Unavailable,86,5,Unavailable,Unavailable,Unavailable
Fontbonne University,MO,650,Unavailable,29,51,30,8,Unavailable,41,Unavailable,90,Unavailable,Unavailable,Unavailable,Unavailable
Cornerstone University,MI,1444,Unavailable,32,43,29,17,Unavailable,40,Unavailable,86,Unavailable,Unavailable,Unavailable,Unavailable
Randolph College,VA,541,Unavailable,29,44,26,2,6,36,Unavailable,97,3,Unavailable,Unavailable,Unavailable
Webber International University,FL,879,Unavailable,12,40,16,4,Unavailable,17,Unavailable,96,Unavailable,Unavailable,Unavailable,Unavailable
Five Towns College,NY,662,Unavailable,18,48,22,9,Unavailable,30,Unavailable,95,Unavailable,Unavailable,Unavailable,Unavailable
East Texas Baptist University,TX,1659,Unavailable,24,39,23,12,Unavailable,30,Unavailable,93,Unavailable,Unavailable,Unavailable,Unavailable
North Central University,MN,865,Unavailable,29,48,28,12,Unavailable,39,Unavailable,90,Unavailable,Unavailable,Unavailable,Unavailable
VanderCook College of Music,IL,99,Unavailable,33,41,29,14,Unavailable,41,Unavailable,89,Unavailable,Unavailable,Unavailable,Unavailable
Lees-McRae College,NC,818,Unavailable,22,39,24,11,Unavailable,30,Unavailable,87,Unavailable,Unavailable,Unavailable,Unavailable
Belhaven University,MS,1452,Unavailable,26,50,31,28,#VALUE!,39,Unavailable,69,Unavailable,#VALUE!,Unavailable,Unavailable
Arizona College of Nursing-Ontario,CA,279,Unavailable,Unavailable,Unavailable,Unavailable,42,Unavailable,Unavailable,Unavailable,24,Unavailable,Unavailable,Unavailable,Unavailable
Thomas More College of Liberal Arts,NH,95,Unavailable,54,56,41,#VALUE!,Unavailable,57,Unavailable,93,Unavailable,Unavailable,Unavailable,Unavailable
Pontifical College Josephinum,OH,45,Unavailable,0,5,29,#VALUE!,Unavailable,26,Unavailable,47,Unavailable,Unavailable,Unavailable,Unavailable
Wheeling University,WV,588,Unavailable,11,28,30,5,Unavailable,39,Unavailable,91,Unavailable,Unavailable,Unavailable,Unavailable
Design Institute of San Diego,CA,92,Unavailable,20,28,36,27,Unavailable,41,Unavailable,50,Unavailable,Unavailable,Unavailable,Unavailable
Pennsylvania College of Art and Design,PA,323,Unavailable,32,57,30,6,Unavailable,39,Unavailable,93,Unavailable,Unavailable,Unavailable,Unavailable
Crown College,MN,1379,Unavailable,31,49,30,27,Unavailable,39,Unavailable,89,Unavailable,Unavailable,Unavailable,Unavailable
Hilbert College,NY,939,Unavailable,31,41,30,12,Unavailable,38,Unavailable,88,Unavailable,Unavailable,Unavailable,Unavailable
The Modern College of Design,OH,189,Unavailable,Unavailable,Unavailable,Unavailable,24,Unavailable,Unavailable,Unavailable,89,Unavailable,Unavailable,Unavailable,Unavailable
St. Andrews University,NC,806,Unavailable,19,40,19,20,Unavailable,30,Unavailable,80,Unavailable,Unavailable,Unavailable,Unavailable
Culver-Stockton College,MO,930,Unavailable,25,41,27,5,Unavailable,34,Unavailable,97,Unavailable,Unavailable,Unavailable,Unavailable
Brescia University,KY,551,Unavailable,20,42,26,20,Unavailable,34,Unavailable,77,Unavailable,Unavailable,Unavailable,Unavailable
Multnomah University,OR,330,Unavailable,28,46,36,15,Unavailable,43,Unavailable,81,Unavailable,Unavailable,Unavailable,Unavailable
Newschool of Architecture and Design,CA,213,Unavailable,16,40,28,24,Unavailable,38,Unavailable,53,Unavailable,Unavailable,Unavailable,Unavailable
Oklahoma Wesleyan University,OK,824,Unavailable,18,29,21,16,Unavailable,25,Unavailable,90,Unavailable,Unavailable,Unavailable,Unavailable
Bethany College,KS,637,Unavailable,17,34,21,4,Unavailable,24,Unavailable,97,Unavailable,Unavailable,Unavailable,Unavailable
Thomas College,ME,1581,Unavailable,26,43,23,17,Unavailable,34,Unavailable,99,Unavailable,Unavailable,Unavailable,Unavailable
Oklahoma City University,OK,1447,Unavailable,33,41,33,5,#VALUE!,43,Unavailable,90,Unavailable,#VALUE!,Unavailable,Unavailable
Chaminade University of Honolulu,HI,1764,Unavailable,29,45,34,22,Unavailable,45,Unavailable,72,Unavailable,Unavailable,Unavailable,Unavailable
Lyon College,AR,584,Unavailable,22,49,23,2,Unavailable,30,Unavailable,97,Unavailable,Unavailable,Unavailable,Unavailable
Indiana Institute of Technology,IN,1642,Unavailable,16,32,19,7,Unavailable,27,Unavailable,98,Unavailable,Unavailable,Unavailable,Unavailable
Lenoir-Rhyne University,NC,1477,Unavailable,23,42,23,6,Unavailable,32,Unavailable,94,Unavailable,Unavailable,Unavailable,Unavailable
Sterling College,KS,680,Unavailable,22,30,22,17,Unavailable,29,Unavailable,89,Unavailable,Unavailable,Unavailable,Unavailable
Mount Marty University,SD,1096,Unavailable,29,39,31,17,Unavailable,41,Unavailable,90,Unavailable,Unavailable,Unavailable,Unavailable
Southeastern University,FL,9167,Unavailable,20,42,26,29,Unavailable,33,Unavailable,91,Unavailable,Unavailable,Unavailable,Unavailable
Laboure College of Healthcare,MA,717,Unavailable,Unavailable,Unavailable,Unavailable,70,Unavailable,Unavailable,Unavailable,13,Unavailable,Unavailable,Unavailable,Unavailable
Bloomfield College,NJ,904,Unavailable,13,51,18,10,Unavailable,26,Unavailable,85,Unavailable,Unavailable,Unavailable,Unavailable
Columbia College Chicago,IL,6344,Unavailable,26,43,26,4,Unavailable,35,Unavailable,94,Unavailable,Unavailable,Unavailable,Unavailable
Young Harris College,GA,1403,Unavailable,22,42,19,13,Unavailable,26,Unavailable,100,Unavailable,Unavailable,Unavailable,Unavailable
Our Lady of the Lake University,TX,1147,Unavailable,14,50,19,15,Unavailable,24,Unavailable,82,Unavailable,Unavailable,Unavailable,Unavailable
Coker University,SC,1187,Unavailable,18,35,20,21,Unavailable,26,Unavailable,88,Unavailable,Unavailable,Unavailable,Unavailable
Hesston College,KS,308,Unavailable,45,57,38,7,Unavailable,50,Unavailable,86,Unavailable,Unavailable,Unavailable,Unavailable
Lakeland University,WI,2318,Unavailable,21,49,24,43,Unavailable,30,Unavailable,58,Unavailable,Unavailable,Unavailable,Unavailable
McMurry University,TX,2544,Unavailable,12,43,18,23,12,23,Unavailable,93,9,Unavailable,Unavailable,Unavailable
Brenau University,GA,1195,Unavailable,23,44,27,33,12,36,Unavailable,71,8,Unavailable,Unavailable,Unavailable
Benedictine University,IL,1842,Unavailable,21,43,26,8,Unavailable,33,Unavailable,92,Unavailable,Unavailable,Unavailable,Unavailable
Canisius University,NY,1798,Unavailable,38,44,34,2,Unavailable,46,Unavailable,97,Unavailable,Unavailable,Unavailable,Unavailable
Walsh University,OH,1423,Unavailable,28,39,30,9,13,43,Unavailable,92,10,Unavailable,Unavailable,Unavailable
The University of Tampa,FL,10111,Unavailable,31,33,27,1,Unavailable,39,Unavailable,98,Unavailable,Unavailable,Unavailable,Unavailable
Clarks Summit University,PA,345,Unavailable,10,51,20,23,Unavailable,28,Unavailable,80,Unavailable,Unavailable,Unavailable,Unavailable
Northwood University,MI,1989,Unavailable,28,33,35,36,Unavailable,45,Unavailable,66,Unavailable,Unavailable,Unavailable,Unavailable
Pennsylvania College of Health Sciences,PA,1648,Unavailable,Unavailable,60,Unavailable,46,Unavailable,Unavailable,Unavailable,43,Unavailable,Unavailable,Unavailable,Unavailable
Montreat College,NC,759,Unavailable,16,36,17,15,Unavailable,22,Unavailable,84,Unavailable,Unavailable,Unavailable,Unavailable
Los Angeles Academy of Figurative Art,CA,4,Unavailable,Unavailable,Unavailable,Unavailable,#VALUE!,Unavailable,Unavailable,Unavailable,50,Unavailable,Unavailable,Unavailable,Unavailable
Missouri Baptist University,MO,4889,Unavailable,17,41,28,30,6,33,Unavailable,93,3,Unavailable,Unavailable,Unavailable
Dakota Wesleyan University,SD,767,Unavailable,28,33,25,10,Unavailable,33,Unavailable,90,Unavailable,Unavailable,Unavailable,Unavailable
FIDM-Fashion Institute of Design & Merchandising,CA,1319,Unavailable,Unavailable,Unavailable,Unavailable,16,Unavailable,Unavailable,Unavailable,82,Unavailable,Unavailable,Unavailable,Unavailable
Cairn University-Langhorne,PA,855,Unavailable,28,49,28,7,19,39,Unavailable,95,Unavailable,19,Unavailable,Unavailable
Lesley University,MA,1342,Unavailable,29,42,31,21,Unavailable,42,Unavailable,81,Unavailable,Unavailable,Unavailable,Unavailable
Walla Walla University,WA,1266,Unavailable,22,39,28,5,Unavailable,41,Unavailable,94,Unavailable,Unavailable,Unavailable,Unavailable
Bethany College,WV,645,Unavailable,20,36,20,1,Unavailable,28,Unavailable,99,Unavailable,Unavailable,Unavailable,Unavailable
Alverno College,WI,887,Unavailable,15,50,28,20,Unavailable,35,Unavailable,78,Unavailable,Unavailable,Unavailable,Unavailable
La Roche University,PA,2300,Unavailable,26,40,27,25,Unavailable,35,Unavailable,94,Unavailable,Unavailable,Unavailable,Unavailable
Paul Smiths College of Arts and Science,NY,582,Unavailable,28,38,23,2,Unavailable,32,Unavailable,95,Unavailable,Unavailable,Unavailable,Unavailable
Pacific Oaks College,CA,346,Unavailable,Unavailable,Unavailable,Unavailable,80,Unavailable,Unavailable,Unavailable,11,Unavailable,Unavailable,Unavailable,Unavailable
Dominican University New York,NY,1089,Unavailable,16,51,22,7,Unavailable,30,Unavailable,89,Unavailable,Unavailable,Unavailable,Unavailable
Salem College,NC,436,Unavailable,40,53,29,12,8,42,Unavailable,86,4,Unavailable,Unavailable,Unavailable
Geneva College,PA,1149,Unavailable,38,44,30,9,Unavailable,44,Unavailable,94,Unavailable,Unavailable,Unavailable,Unavailable
D'Youville  University,NY,1299,Unavailable,22,44,32,14,Unavailable,41,Unavailable,82,Unavailable,Unavailable,Unavailable,Unavailable
Marian University,WI,1074,Unavailable,25,34,30,19,Unavailable,38,Unavailable,77,Unavailable,Unavailable,Unavailable,Unavailable
Arizona Christian University,AZ,1210,Unavailable,18,32,22,10,Unavailable,27,Unavailable,92,Unavailable,Unavailable,Unavailable,Unavailable
Graceland University-Lamoni,IA,902,Unavailable,23,38,26,6,Unavailable,34,Unavailable,88,Unavailable,Unavailable,Unavailable,Unavailable
William Peace University,NC,730,Unavailable,20,40,26,22,11,32,Unavailable,72,6,Unavailable,Unavailable,Unavailable
Pfeiffer University,NC,654,Unavailable,17,51,18,5,Unavailable,24,Unavailable,94,Unavailable,Unavailable,Unavailable,Unavailable
McKendree University,IL,1605,Unavailable,26,39,30,13,Unavailable,39,Unavailable,87,Unavailable,Unavailable,Unavailable,Unavailable
The University of Olivet,MI,938,Unavailable,22,38,22,4,Unavailable,30,Unavailable,96,Unavailable,Unavailable,Unavailable,Unavailable
Mary Baldwin University,VA,1217,Unavailable,23,52,24,24,Unavailable,32,Unavailable,78,Unavailable,Unavailable,Unavailable,Unavailable
Kansas Wesleyan University,KS,899,Unavailable,20,39,23,4,Unavailable,29,Unavailable,95,Unavailable,Unavailable,Unavailable,Unavailable
Holy Family University,PA,2446,Unavailable,25,45,31,13,Unavailable,40,Unavailable,81,Unavailable,Unavailable,Unavailable,Unavailable
Barry University,FL,3150,Unavailable,13,45,21,17,Unavailable,28,Unavailable,88,Unavailable,Unavailable,Unavailable,Unavailable
Grand View University,IA,1483,Unavailable,23,47,27,10,Unavailable,36,Unavailable,87,Unavailable,Unavailable,Unavailable,Unavailable
University of Bridgeport,CT,1479,Unavailable,20,46,25,23,Unavailable,33,Unavailable,68,Unavailable,Unavailable,Unavailable,Unavailable
Heidelberg University,OH,905,Unavailable,31,36,24,1,Unavailable,36,Unavailable,99,Unavailable,Unavailable,Unavailable,Unavailable
King University,TN,1076,Unavailable,25,39,30,28,Unavailable,35,Unavailable,73,Unavailable,Unavailable,Unavailable,Unavailable
Texas Wesleyan University,TX,1910,Unavailable,10,39,17,13,7,22,Unavailable,88,5,Unavailable,Unavailable,Unavailable
Seattle Film Institute,WA,60,Unavailable,Unavailable,Unavailable,Unavailable,#VALUE!,Unavailable,Unavailable,Unavailable,42,Unavailable,Unavailable,Unavailable,Unavailable
Daemen University,NY,1806,Unavailable,26,46,35,10,Unavailable,43,Unavailable,92,Unavailable,Unavailable,Unavailable,Unavailable
Asbury University,KY,1638,Unavailable,34,45,31,18,Unavailable,42,Unavailable,86,Unavailable,Unavailable,Unavailable,Unavailable
Baker University,KS,1457,Unavailable,29,42,32,20,#VALUE!,42,Unavailable,89,Unavailable,Unavailable,Unavailable,Unavailable
New England Institute of Technology,RI,1712,Unavailable,Unavailable,Unavailable,Unavailable,16,Unavailable,Unavailable,Unavailable,68,Unavailable,Unavailable,Unavailable,Unavailable
Robert Morris University,PA,3769,Unavailable,32,43,30,12,Unavailable,42,Unavailable,93,Unavailable,Unavailable,Unavailable,Unavailable
Briar Cliff University,IA,737,Unavailable,26,35,30,15,Unavailable,39,Unavailable,89,Unavailable,Unavailable,Unavailable,Unavailable
Carlow University,PA,1344,Unavailable,26,47,31,29,Unavailable,39,Unavailable,68,Unavailable,Unavailable,Unavailable,Unavailable
Gnomon,CA,555,Unavailable,Unavailable,64,Unavailable,33,Unavailable,Unavailable,Unavailable,47,Unavailable,Unavailable,Unavailable,Unavailable
St. Thomas University,FL,3967,Unavailable,20,47,24,25,Unavailable,30,Unavailable,91,Unavailable,Unavailable,Unavailable,Unavailable
LaGrange College,GA,582,Unavailable,23,42,23,3,Unavailable,31,Unavailable,96,Unavailable,Unavailable,Unavailable,Unavailable
Wells College,NY,357,Unavailable,31,45,26,1,Unavailable,36,Unavailable,97,Unavailable,Unavailable,Unavailable,Unavailable
Mount Mary University,WI,781,Unavailable,23,62,26,10,#VALUE!,34,Unavailable,85,Unavailable,#VALUE!,Unavailable,Unavailable
Concordia University Ann Arbor,MI,1044,Unavailable,20,36,24,6,#VALUE!,32,Unavailable,97,Unavailable,Unavailable,Unavailable,Unavailable
Concordia University-Wisconsin,WI,2525,Unavailable,25,38,29,20,Unavailable,40,Unavailable,80,Unavailable,Unavailable,Unavailable,Unavailable
Ohio Dominican University,OH,894,Unavailable,26,42,27,13,#VALUE!,36,Unavailable,85,Unavailable,Unavailable,Unavailable,Unavailable
Bethel College-North Newton,KS,502,Unavailable,20,40,22,2,Unavailable,30,Unavailable,98,Unavailable,Unavailable,Unavailable,Unavailable
Fisher College,MA,1384,Unavailable,19,38,19,42,Unavailable,25,Unavailable,65,Unavailable,Unavailable,Unavailable,Unavailable
St. Joseph's University-New York,NY,3369,Unavailable,37,44,35,12,Unavailable,47,Unavailable,83,Unavailable,Unavailable,Unavailable,Unavailable
Saint Elizabeth University,NJ,670,Unavailable,17,51,21,10,Unavailable,28,Unavailable,87,Unavailable,Unavailable,Unavailable,Unavailable
Hastings College,NE,990,Unavailable,25,39,22,1,Unavailable,31,Unavailable,99,Unavailable,Unavailable,Unavailable,Unavailable
Prescott College,AZ,257,Unavailable,20,44,25,29,Unavailable,30,Unavailable,69,Unavailable,Unavailable,Unavailable,Unavailable
Holy Cross College,IN,547,Unavailable,22,33,19,7,5,25,Unavailable,91,3,Unavailable,Unavailable,Unavailable
La Salle University,PA,2426,Unavailable,32,43,26,15,Unavailable,37,Unavailable,88,Unavailable,Unavailable,Unavailable,Unavailable
Providence Christian College,CA,147,Unavailable,24,53,29,#VALUE!,Unavailable,36,Unavailable,99,Unavailable,Unavailable,Unavailable,Unavailable
Soka University of America,CA,464,Unavailable,53,54,36,#VALUE!,Unavailable,55,Unavailable,99,Unavailable,Unavailable,Unavailable,Unavailable
Naropa University,CO,368,Unavailable,8,52,27,38,Unavailable,29,Unavailable,40,Unavailable,Unavailable,Unavailable,Unavailable
University of Indianapolis,IN,3957,Unavailable,31,44,29,11,Unavailable,41,Unavailable,91,Unavailable,Unavailable,Unavailable,Unavailable
Otterbein University,OH,2119,Unavailable,37,48,30,3,#VALUE!,44,Unavailable,97,Unavailable,#VALUE!,Unavailable,Unavailable
Erskine College,SC,854,Unavailable,22,40,17,2,Unavailable,25,Unavailable,99,Unavailable,Unavailable,Unavailable,Unavailable
Bushnell University,OR,535,Unavailable,31,43,31,14,Unavailable,41,Unavailable,79,Unavailable,Unavailable,Unavailable,Unavailable
Shenandoah University,VA,2590,Unavailable,31,41,29,9,Unavailable,41,Unavailable,93,Unavailable,Unavailable,Unavailable,Unavailable
North Park University,IL,1876,Unavailable,25,49,29,7,Unavailable,40,Unavailable,91,Unavailable,Unavailable,Unavailable,Unavailable
Cabrini University,PA,710,Unavailable,26,40,22,8,Unavailable,33,Unavailable,94,Unavailable,Unavailable,Unavailable,Unavailable
Edgewood College,WI,1214,Unavailable,25,43,29,8,Unavailable,41,Unavailable,91,Unavailable,Unavailable,Unavailable,Unavailable
New York Film Academy,CA,965,Unavailable,35,34,32,#VALUE!,Unavailable,41,Unavailable,76,Unavailable,Unavailable,Unavailable,Unavailable
La Sierra University,CA,1244,Unavailable,20,56,28,#VALUE!,Unavailable,40,Unavailable,93,Unavailable,Unavailable,Unavailable,Unavailable
North Carolina Wesleyan University,NC,1212,Unavailable,18,41,22,24,Unavailable,28,Unavailable,68,Unavailable,Unavailable,Unavailable,Unavailable
Fresno Pacific University,CA,1616,Unavailable,33,52,40,35,Unavailable,51,Unavailable,59,Unavailable,Unavailable,Unavailable,Unavailable
Thiel College,PA,819,Unavailable,25,35,21,2,Unavailable,29,Unavailable,98,Unavailable,Unavailable,Unavailable,Unavailable
Northwestern College,IA,1146,Unavailable,40,35,30,10,Unavailable,44,Unavailable,91,Unavailable,Unavailable,Unavailable,Unavailable
Trine University,IN,4157,Unavailable,30,44,27,14,Unavailable,39,Unavailable,99,Unavailable,Unavailable,Unavailable,Unavailable
Hope International University,CA,549,Unavailable,14,40,27,18,Unavailable,34,Unavailable,85,Unavailable,Unavailable,Unavailable,Unavailable
University of Mount Union,OH,1927,Unavailable,38,42,29,3,5,42,Unavailable,98,4,Unavailable,Unavailable,Unavailable
St. Mary's University,TX,2147,Unavailable,28,49,27,6,19,37,Unavailable,96,Unavailable,19,Unavailable,Unavailable
Felician University,NJ,1833,Unavailable,17,50,29,11,Unavailable,38,Unavailable,82,Unavailable,Unavailable,Unavailable,Unavailable
The College of Idaho,ID,1049,Unavailable,29,42,26,#VALUE!,37,36,Unavailable,99,Unavailable,37,Unavailable,Unavailable
Concordia University-Chicago,IL,1377,Unavailable,22,45,23,22,Unavailable,30,Unavailable,79,Unavailable,Unavailable,Unavailable,Unavailable
Art Academy of Cincinnati,OH,255,Unavailable,20,45,20,#VALUE!,Unavailable,26,Unavailable,91,Unavailable,Unavailable,Unavailable,Unavailable
Russell Sage College,NY,1080,Unavailable,31,51,33,5,Unavailable,43,Unavailable,90,Unavailable,Unavailable,Unavailable,Unavailable
Saint Ambrose University,IA,2114,Unavailable,33,39,34,9,Unavailable,44,Unavailable,89,Unavailable,Unavailable,Unavailable,Unavailable
Georgian Court University,NJ,1478,Unavailable,26,42,33,14,Unavailable,42,Unavailable,87,Unavailable,Unavailable,Unavailable,Unavailable
Neumann University,PA,1695,Unavailable,20,42,23,13,Unavailable,33,Unavailable,89,Unavailable,Unavailable,Unavailable,Unavailable
Newman University,KS,2398,Unavailable,32,38,33,24,Unavailable,42,Unavailable,91,Unavailable,Unavailable,Unavailable,Unavailable
University of Lynchburg,VA,1792,Unavailable,35,43,30,6,Unavailable,42,Unavailable,95,Unavailable,Unavailable,Unavailable,Unavailable
Barton College,NC,1163,Unavailable,26,43,25,14,Unavailable,34,Unavailable,81,Unavailable,Unavailable,Unavailable,Unavailable
Laguna College of Art and Design,CA,776,Unavailable,28,44,34,11,Unavailable,46,Unavailable,82,Unavailable,Unavailable,Unavailable,Unavailable
Saint Xavier University,IL,3039,Unavailable,23,55,26,4,Unavailable,35,Unavailable,95,Unavailable,Unavailable,Unavailable,Unavailable
West Coast University-Los Angeles,CA,2687,Unavailable,50,48,39,31,Unavailable,53,Unavailable,38,Unavailable,Unavailable,Unavailable,Unavailable
West Coast University-Ontario,CA,2647,Unavailable,30,45,25,32,Unavailable,40,Unavailable,34,Unavailable,Unavailable,Unavailable,Unavailable
Manchester University,IN,915,Unavailable,30,41,23,2,Unavailable,33,Unavailable,97,Unavailable,Unavailable,Unavailable,Unavailable
Antioch College,OH,127,Unavailable,11,48,15,#VALUE!,Unavailable,21,Unavailable,81,Unavailable,Unavailable,Unavailable,Unavailable
The Master's University and Seminary,CA,1914,Unavailable,40,47,40,26,Unavailable,52,Unavailable,78,Unavailable,Unavailable,Unavailable,Unavailable
William Jessup University,CA,1056,Unavailable,29,43,33,16,Unavailable,43,Unavailable,82,Unavailable,Unavailable,Unavailable,Unavailable
Roberts Wesleyan University,NY,1092,Unavailable,33,48,33,19,Unavailable,43,Unavailable,73,Unavailable,Unavailable,Unavailable,Unavailable
Virginia Wesleyan University,VA,1626,Unavailable,26,38,23,15,6,31,Unavailable,91,5,Unavailable,Unavailable,Unavailable
Mitchell College,CT,500,Unavailable,22,44,20,9,Unavailable,27,Unavailable,91,Unavailable,Unavailable,Unavailable,Unavailable
Corban University,OR,785,Unavailable,31,46,31,8,Unavailable,44,Unavailable,97,Unavailable,Unavailable,Unavailable,Unavailable
The College of Saint Rose,NY,1250,Unavailable,28,42,29,6,Unavailable,40,Unavailable,90,Unavailable,Unavailable,Unavailable,Unavailable
Elmira College,NY,613,Unavailable,36,47,29,5,Unavailable,40,Unavailable,92,Unavailable,Unavailable,Unavailable,Unavailable
Molloy College,NY,3259,Unavailable,27,48,33,13,12,46,Unavailable,84,Unavailable,Unavailable,Unavailable,Unavailable
Misericordia University,PA,1670,Unavailable,39,39,31,11,Unavailable,44,Unavailable,86,Unavailable,Unavailable,Unavailable,Unavailable
Loras College,IA,1130,Unavailable,36,46,29,4,Unavailable,42,Unavailable,95,Unavailable,Unavailable,Unavailable,Unavailable
Keuka College,NY,922,Unavailable,27,41,27,11,Unavailable,34,Unavailable,87,Unavailable,Unavailable,Unavailable,Unavailable
Rivier University,NH,1335,Unavailable,29,38,29,22,Unavailable,40,Unavailable,75,Unavailable,Unavailable,Unavailable,Unavailable
Fairleigh Dickinson University-Metropolitan Campus,NJ,5440,Unavailable,23,53,27,26,Unavailable,37,Unavailable,89,Unavailable,Unavailable,Unavailable,Unavailable
New York School of Interior Design,NY,440,Unavailable,0,Unavailable,54,65,Unavailable,70,Unavailable,34,Unavailable,Unavailable,Unavailable,Unavailable
Centenary University,NJ,951,Unavailable,35,47,30,6,Unavailable,42,Unavailable,90,Unavailable,Unavailable,Unavailable,Unavailable
Morningside University,IA,1177,Unavailable,28,39,25,5,#VALUE!,34,Unavailable,94,Unavailable,Unavailable,Unavailable,Unavailable
St Catherine University,MN,2431,Unavailable,28,44,33,29,#VALUE!,42,Unavailable,69,Unavailable,#VALUE!,Unavailable,Unavailable
Eastern University,PA,2068,Unavailable,33,45,36,26,Unavailable,45,Unavailable,69,Unavailable,Unavailable,Unavailable,Unavailable
Gannon University,PA,2920,Unavailable,31,43,28,7,Unavailable,42,Unavailable,97,Unavailable,Unavailable,Unavailable,Unavailable
St. Thomas Aquinas College,NY,1795,Unavailable,26,43,27,14,Unavailable,37,Unavailable,98,Unavailable,Unavailable,Unavailable,Unavailable
Stevenson University,MD,3028,Unavailable,31,44,28,9,Unavailable,39,Unavailable,91,Unavailable,Unavailable,Unavailable,Unavailable
Simpson University,CA,755,Unavailable,28,44,33,18,Unavailable,39,Unavailable,71,Unavailable,Unavailable,Unavailable,Unavailable
Dominican University,IL,2397,Unavailable,24,53,25,6,9,34,Unavailable,94,9,Unavailable,Unavailable,Unavailable
Bay Path University,MA,1278,Unavailable,27,58,26,52,Unavailable,34,Unavailable,49,Unavailable,Unavailable,Unavailable,Unavailable
Mars Hill University,NC,1002,Unavailable,17,40,18,6,Unavailable,23,Unavailable,91,Unavailable,Unavailable,Unavailable,Unavailable
Montserrat College of Art,MA,276,Unavailable,29,44,28,5,Unavailable,40,Unavailable,95,Unavailable,Unavailable,Unavailable,Unavailable
Fairleigh Dickinson University-Florham Campus,NJ,1997,Unavailable,32,51,28,3,Unavailable,40,Unavailable,97,Unavailable,Unavailable,Unavailable,Unavailable
Caldwell University,NJ,1448,Unavailable,29,54,26,3,Unavailable,38,Unavailable,95,Unavailable,Unavailable,Unavailable,Unavailable
Schreiner University,TX,1062,Unavailable,25,41,21,5,Unavailable,29,Unavailable,93,Unavailable,Unavailable,Unavailable,Unavailable
Marymount University,VA,2216,Unavailable,30,43,30,14,Unavailable,42,Unavailable,88,Unavailable,Unavailable,Unavailable,Unavailable
Ferrum College,VA,747,Unavailable,16,37,19,2,Unavailable,24,Unavailable,97,Unavailable,Unavailable,Unavailable,Unavailable
California Baptist University,CA,8110,Unavailable,22,48,31,16,Unavailable,41,Unavailable,82,Unavailable,Unavailable,Unavailable,Unavailable
MCPHS University,MA,3477,Unavailable,31,40,33,9,7,45,Unavailable,83,6,Unavailable,Unavailable,Unavailable
Campbell University,NC,2813,Unavailable,24,41,27,19,Unavailable,37,Unavailable,77,Unavailable,Unavailable,Unavailable,Unavailable
Gwynedd Mercy University,PA,1457,Unavailable,31,40,32,17,Unavailable,44,Unavailable,81,Unavailable,Unavailable,Unavailable,Unavailable
Defiance College,OH,464,Unavailable,25,38,23,4,Unavailable,32,Unavailable,95,Unavailable,Unavailable,Unavailable,Unavailable
Mount Mercy University,IA,1185,Unavailable,32,37,32,14,#VALUE!,41,Unavailable,83,Unavailable,Unavailable,Unavailable,Unavailable
The University of Findlay,OH,3954,Unavailable,28,38,26,15,Unavailable,39,Unavailable,97,Unavailable,Unavailable,Unavailable,Unavailable
Endicott College,MA,3176,Unavailable,46,39,32,4,13,48,Unavailable,97,12,Unavailable,Unavailable,Unavailable
Cornish College of the Arts,WA,502,Unavailable,28,41,26,6,Unavailable,35,Unavailable,92,Unavailable,Unavailable,Unavailable,Unavailable
Southwestern College,KS,1038,Unavailable,20,36,23,41,Unavailable,29,Unavailable,60,Unavailable,Unavailable,Unavailable,Unavailable
Averett University,VA,1180,Unavailable,22,42,26,20,6,32,Unavailable,77,Unavailable,Unavailable,Unavailable,Unavailable
Albertus Magnus College,CT,892,Unavailable,26,43,27,25,Unavailable,37,Unavailable,69,Unavailable,Unavailable,Unavailable,Unavailable
Concordia University-Nebraska,NE,2934,Unavailable,28,38,26,18,5,37,Unavailable,100,4,Unavailable,Unavailable,Unavailable
American Academy of Art College,IL,90,Unavailable,26,48,27,9,Unavailable,37,Unavailable,94,Unavailable,Unavailable,Unavailable,Unavailable
Westminster College,PA,1155,Unavailable,40,40,30,5,Unavailable,44,Unavailable,95,Unavailable,Unavailable,Unavailable,Unavailable
Nazareth University,NY,1900,Unavailable,37,46,32,2,12,46,Unavailable,97,Unavailable,Unavailable,Unavailable,Unavailable
Nichols College,MA,1152,Unavailable,34,46,26,7,Unavailable,37,Unavailable,94,Unavailable,Unavailable,Unavailable,Unavailable
Chestnut Hill College,PA,972,Unavailable,34,49,33,20,Unavailable,43,Unavailable,73,Unavailable,Unavailable,Unavailable,Unavailable
Marian University,IN,2492,Unavailable,27,42,30,18,Unavailable,41,Unavailable,79,Unavailable,Unavailable,Unavailable,Unavailable
Albany College of Pharmacy and Health Sciences,NY,547,Unavailable,23,45,26,5,43,38,Unavailable,94,Unavailable,43,Unavailable,Unavailable
Columbus College of Art & Design,OH,893,Unavailable,33,47,27,4,Unavailable,38,Unavailable,93,Unavailable,Unavailable,Unavailable,Unavailable
Carroll College,MT,1062,Unavailable,32,36,29,3,6,42,Unavailable,95,4,Unavailable,Unavailable,Unavailable
Vanguard University of Southern California,CA,1987,Unavailable,34,47,30,9,Unavailable,42,Unavailable,91,Unavailable,Unavailable,Unavailable,Unavailable
Warren Wilson College,NC,742,Unavailable,17,40,19,3,#VALUE!,25,Unavailable,93,Unavailable,Unavailable,Unavailable,Unavailable
Doane University,NE,1190,Unavailable,32,34,29,11,Unavailable,39,Unavailable,90,Unavailable,Unavailable,Unavailable,Unavailable
The College of Saint Scholastica,MN,1755,Unavailable,36,37,33,15,#VALUE!,44,Unavailable,81,Unavailable,#VALUE!,Unavailable,Unavailable
Johnson & Wales University-Charlotte,NC,1128,Unavailable,19,41,17,2,10,23,Unavailable,97,6,Unavailable,Unavailable,Unavailable
Johnson & Wales University-Providence,RI,3952,Unavailable,31,35,25,3,12,36,Unavailable,96,11,Unavailable,Unavailable,Unavailable
Mount Saint Mary College,NY,1897,Unavailable,29,47,30,18,Unavailable,41,Unavailable,87,Unavailable,Unavailable,Unavailable,Unavailable
Saint Peter's University,NJ,2101,Unavailable,28,61,33,12,Unavailable,42,Unavailable,90,Unavailable,Unavailable,Unavailable,Unavailable
Cleveland Institute of Music,OH,194,Unavailable,35,58,32,#VALUE!,Unavailable,45,Unavailable,99,Unavailable,Unavailable,Unavailable,Unavailable
College of Our Lady of the Elms,MA,1038,Unavailable,36,51,40,20,Unavailable,49,Unavailable,74,Unavailable,Unavailable,Unavailable,Unavailable
Buena Vista University,IA,1442,Unavailable,34,46,32,29,#VALUE!,42,Unavailable,70,Unavailable,#VALUE!,Unavailable,Unavailable
George Fox University,OR,3004,Unavailable,36,44,32,14,11,45,Unavailable,89,8,Unavailable,Unavailable,Unavailable
Bridgewater College,VA,1391,Unavailable,33,35,27,0,8,38,Unavailable,100,8,Unavailable,Unavailable,Unavailable
Anna Maria College,MA,995,Unavailable,24,38,25,17,Unavailable,33,Unavailable,82,Unavailable,Unavailable,Unavailable,Unavailable
Notre Dame of Maryland University,MD,686,Unavailable,31,41,30,27,Unavailable,39,Unavailable,65,Unavailable,Unavailable,Unavailable,Unavailable
Concordia University-Irvine,CA,1465,Unavailable,36,46,32,5,Unavailable,45,Unavailable,91,Unavailable,Unavailable,Unavailable,Unavailable
King's College,PA,1590,Unavailable,35,43,29,3,22,42,Unavailable,97,Unavailable,22,Unavailable,Unavailable
Sterling College,VT,78,Unavailable,22,36,26,16,Unavailable,32,Unavailable,79,Unavailable,Unavailable,Unavailable,Unavailable
Franklin Pierce University,NH,1058,Unavailable,10,34,19,11,Unavailable,26,Unavailable,93,Unavailable,Unavailable,Unavailable,Unavailable
Maine College of Art & Design,ME,422,Unavailable,23,33,20,3,Unavailable,28,Unavailable,94,Unavailable,Unavailable,Unavailable,Unavailable
Lawrence Technological University,MI,2367,Unavailable,13,34,25,12,Unavailable,37,Unavailable,95,Unavailable,Unavailable,Unavailable,Unavailable
Manhattanville College,NY,1329,Unavailable,32,39,30,6,Unavailable,41,Unavailable,91,Unavailable,Unavailable,Unavailable,Unavailable
Seton Hill University,PA,1597,Unavailable,31,47,29,11,34,42,Unavailable,87,Unavailable,34,Unavailable,Unavailable
Millsaps College,MS,582,Unavailable,37,41,27,1,Unavailable,39,Unavailable,98,Unavailable,Unavailable,Unavailable,Unavailable
University of New England,ME,3863,Unavailable,36,38,29,23,Unavailable,42,Unavailable,76,Unavailable,Unavailable,Unavailable,Unavailable
Alvernia University,PA,2050,Unavailable,25,41,28,15,Unavailable,41,Unavailable,81,Unavailable,Unavailable,Unavailable,Unavailable
Hanover College,IN,962,Unavailable,37,42,26,#VALUE!,30,39,Unavailable,100,Unavailable,30,Unavailable,Unavailable
University of Mount Saint Vincent,NY,2398,Unavailable,21,49,38,9,Unavailable,45,Unavailable,87,Unavailable,Unavailable,Unavailable,Unavailable
Lynn University,FL,2823,Unavailable,26,41,24,11,12,33,Unavailable,90,10,Unavailable,Unavailable,Unavailable
University of Evansville,IN,1741,Unavailable,35,45,30,7,Unavailable,44,Unavailable,94,Unavailable,Unavailable,Unavailable,Unavailable
Eastern Mennonite University,VA,863,Unavailable,26,32,25,6,Unavailable,36,Unavailable,95,Unavailable,Unavailable,Unavailable,Unavailable
Mercyhurst University,PA,2292,Unavailable,35,43,28,5,Unavailable,41,Unavailable,93,Unavailable,Unavailable,Unavailable,Unavailable
American International College,MA,1331,Unavailable,20,46,21,9,Unavailable,29,Unavailable,93,Unavailable,Unavailable,Unavailable,Unavailable
Regis University,CO,2680,Unavailable,32,41,30,29,Unavailable,41,Unavailable,67,Unavailable,Unavailable,Unavailable,Unavailable
Kansas City Art Institute,MO,789,Unavailable,32,51,28,#VALUE!,Unavailable,40,Unavailable,95,Unavailable,Unavailable,Unavailable,Unavailable
Saint Mary's University of Minnesota,MN,1075,Unavailable,30,40,27,15,Unavailable,37,Unavailable,81,Unavailable,Unavailable,Unavailable,Unavailable
Springfield College,MA,1924,Unavailable,41,37,31,1,Unavailable,45,Unavailable,99,Unavailable,Unavailable,Unavailable,Unavailable
Siena College,NY,3497,Unavailable,43,45,34,2,12,49,Unavailable,98,Unavailable,Unavailable,Unavailable,Unavailable
Point Loma Nazarene University,CA,3158,Unavailable,39,45,35,12,13,48,Unavailable,86,8,Unavailable,Unavailable,Unavailable
Saint Joseph's College of Maine,ME,1059,Unavailable,36,38,29,28,Unavailable,42,Unavailable,77,Unavailable,Unavailable,Unavailable,Unavailable
Azusa Pacific University,CA,2977,Unavailable,32,45,31,15,12,45,Unavailable,76,10,Unavailable,Unavailable,Unavailable
Pennsylvania Academy of the Fine Arts,PA,99,Unavailable,28,38,24,7,Unavailable,32,Unavailable,84,Unavailable,Unavailable,Unavailable,Unavailable
Augsburg University,MN,2445,Unavailable,27,52,28,5,Unavailable,39,Unavailable,91,Unavailable,Unavailable,Unavailable,Unavailable
Minneapolis College of Art and Design,MN,714,Unavailable,38,59,30,3,13,42,Unavailable,94,10,Unavailable,Unavailable,Unavailable
Woodbury University,CA,825,Unavailable,19,52,32,9,Unavailable,42,Unavailable,82,Unavailable,Unavailable,Unavailable,Unavailable
Saint Martin's University,WA,1267,Unavailable,31,46,32,11,10,42,Unavailable,79,8,Unavailable,Unavailable,Unavailable
Curry College,MA,1818,Unavailable,29,33,25,10,Unavailable,35,Unavailable,88,Unavailable,Unavailable,Unavailable,Unavailable
Iona University,NY,3134,Unavailable,31,41,27,5,8,39,Unavailable,98,Unavailable,Unavailable,Unavailable,Unavailable
Elon University,NC,6402,Unavailable,47,45,34,1,2,51,Unavailable,99,2,Unavailable,Unavailable,Unavailable
University of New Haven,CT,4865,Unavailable,31,40,30,6,Unavailable,42,Unavailable,93,Unavailable,Unavailable,Unavailable,Unavailable
Cedar Crest College,PA,886,Unavailable,31,44,30,20,Unavailable,42,Unavailable,74,Unavailable,Unavailable,Unavailable,Unavailable
University of Hartford,CT,4131,Unavailable,32,40,26,4,17,38,Unavailable,96,Unavailable,17,Unavailable,Unavailable
Dean College,MA,1151,Unavailable,24,27,20,5,Unavailable,28,Unavailable,95,Unavailable,Unavailable,Unavailable,Unavailable
Suffolk University,MA,4484,Unavailable,28,41,27,2,13,39,Unavailable,96,Unavailable,Unavailable,Unavailable,Unavailable
Champlain College,VT,2886,Unavailable,35,41,32,33,14,44,Unavailable,65,12,Unavailable,Unavailable,Unavailable
Hood College,MD,1209,Unavailable,34,43,31,3,Unavailable,43,Unavailable,94,Unavailable,Unavailable,Unavailable,Unavailable
American Musical and Dramatic Academy,NY,1502,Unavailable,40,47,35,#VALUE!,Unavailable,46,Unavailable,96,Unavailable,Unavailable,Unavailable,Unavailable
Loyola University New Orleans,LA,3205,Unavailable,32,50,27,8,Unavailable,39,Unavailable,93,Unavailable,Unavailable,Unavailable,Unavailable
Simpson College,IA,1140,Unavailable,39,45,30,5,#VALUE!,43,Unavailable,94,Unavailable,Unavailable,Unavailable,Unavailable
Marist College,NY,5545,Unavailable,45,47,34,5,14,50,Unavailable,98,12,Unavailable,Unavailable,Unavailable
Oglethorpe University,GA,1499,Unavailable,26,41,24,3,13,36,Unavailable,96,8,Unavailable,Unavailable,Unavailable
University of Saint Joseph,CT,879,Unavailable,28,52,27,7,Unavailable,37,Unavailable,91,Unavailable,Unavailable,Unavailable,Unavailable
College of the Atlantic,ME,360,Unavailable,32,44,30,#VALUE!,Unavailable,43,Unavailable,94,Unavailable,Unavailable,Unavailable,Unavailable
Mount St. Mary's University,MD,1873,Unavailable,33,39,27,6,11,39,Unavailable,94,Unavailable,Unavailable,Unavailable,Unavailable
Manhattan College,NY,2928,Unavailable,38,46,34,4,15,48,Unavailable,94,13,Unavailable,Unavailable,Unavailable
Emmanuel College,MA,1973,Unavailable,39,39,30,4,12,43,Unavailable,97,Unavailable,Unavailable,Unavailable,Unavailable
Milwaukee School of Engineering,WI,2653,Unavailable,27,45,30,3,Unavailable,42,Unavailable,95,Unavailable,Unavailable,Unavailable,Unavailable
Mount Saint Mary's University,CA,1767,Unavailable,28,53,31,9,Unavailable,42,Unavailable,86,Unavailable,Unavailable,Unavailable,Unavailable
Pacific Northwest College of Art,OR,412,Unavailable,16,41,21,#VALUE!,Unavailable,26,Unavailable,86,Unavailable,Unavailable,Unavailable,Unavailable
Alma College,MI,1235,Unavailable,32,37,27,#VALUE!,Unavailable,39,Unavailable,98,Unavailable,Unavailable,Unavailable,Unavailable
Salve Regina University,RI,2117,Unavailable,43,47,33,2,15,46,Unavailable,97,13,Unavailable,Unavailable,Unavailable
Arcadia University,PA,1890,Unavailable,32,44,27,7,11,39,Unavailable,96,9,Unavailable,Unavailable,Unavailable
Merrimack College,MA,4199,Unavailable,38,41,29,3,Unavailable,42,Unavailable,98,Unavailable,Unavailable,Unavailable,Unavailable
Saint Michael's College,VT,1178,Unavailable,45,40,33,2,10,49,Unavailable,99,9,Unavailable,Unavailable,Unavailable
Regis College,MA,1096,Unavailable,33,42,26,19,Unavailable,38,Unavailable,79,Unavailable,Unavailable,Unavailable,Unavailable
Agnes Scott College,GA,911,Unavailable,41,52,31,1,35,46,Unavailable,99,Unavailable,35,Unavailable,Unavailable
Willamette University,OR,1571,Unavailable,40,45,31,#VALUE!,32,45,Unavailable,99,Unavailable,32,Unavailable,Unavailable
Sacred Heart University,CT,6960,Unavailable,41,41,30,4,Unavailable,45,Unavailable,96,Unavailable,Unavailable,Unavailable,Unavailable
Beacon College,FL,527,Unavailable,31,45,33,5,Unavailable,46,Unavailable,93,Unavailable,Unavailable,Unavailable,Unavailable
Assumption University,MA,1688,Unavailable,41,41,30,1,Unavailable,44,Unavailable,99,Unavailable,Unavailable,Unavailable,Unavailable
McDaniel College,MD,1665,Unavailable,34,48,28,1,Unavailable,40,Unavailable,98,Unavailable,Unavailable,Unavailable,Unavailable
Berklee College of Music,MA,7608,Unavailable,34,40,31,19,Unavailable,45,Unavailable,83,Unavailable,Unavailable,Unavailable,Unavailable
Lebanon Valley College,PA,1710,Unavailable,38,42,29,2,Unavailable,42,Unavailable,98,Unavailable,Unavailable,Unavailable,Unavailable
Whittier College,CA,813,Unavailable,36,46,32,3,Unavailable,44,Unavailable,94,Unavailable,Unavailable,Unavailable,Unavailable
Otis College of Art and Design,CA,1243,Unavailable,35,48,34,5,Unavailable,45,Unavailable,90,Unavailable,Unavailable,Unavailable,Unavailable
School of Visual Arts,NY,3442,Unavailable,38,38,32,#VALUE!,5,47,Unavailable,94,Unavailable,Unavailable,Unavailable,Unavailable
Pacific Lutheran University,WA,2393,Unavailable,35,51,32,5,8,45,Unavailable,91,5,Unavailable,Unavailable,Unavailable
Hampden-Sydney College,VA,876,Unavailable,34,41,26,#VALUE!,13,40,Unavailable,100,11,Unavailable,Unavailable,Unavailable
Linfield University,OR,1678,Unavailable,33,43,32,7,Unavailable,45,Unavailable,89,Unavailable,Unavailable,Unavailable,Unavailable
Dominican University of California,CA,1182,Unavailable,41,53,37,9,5,50,Unavailable,88,4,Unavailable,Unavailable,Unavailable
California Lutheran University,CA,2380,Unavailable,41,51,34,4,11,48,Unavailable,93,10,Unavailable,Unavailable,Unavailable
College for Creative Studies,MI,1399,Unavailable,25,49,29,10,Unavailable,40,Unavailable,90,Unavailable,Unavailable,Unavailable,Unavailable
Moravian University,PA,2006,Unavailable,39,46,31,7,17,43,Unavailable,92,Unavailable,17,Unavailable,Unavailable
Menlo College,CA,831,Unavailable,29,48,31,3,Unavailable,39,Unavailable,95,Unavailable,Unavailable,Unavailable,Unavailable
Bryant University,RI,3240,Unavailable,48,41,35,#VALUE!,13,52,Unavailable,100,Unavailable,Unavailable,Unavailable,Unavailable
Ripon College,WI,734,Unavailable,34,40,26,1,12,39,Unavailable,99,Unavailable,Unavailable,Unavailable,Unavailable
Ringling College of Art and Design,FL,1722,Unavailable,43,42,34,2,Unavailable,50,Unavailable,96,Unavailable,Unavailable,Unavailable,Unavailable
Art Center College of Design,CA,2079,Unavailable,18,59,34,10,Unavailable,52,Unavailable,84,Unavailable,Unavailable,Unavailable,Unavailable
Hult International Business School,MA,694,Unavailable,11,Unavailable,12,#VALUE!,Unavailable,16,Unavailable,97,Unavailable,Unavailable,Unavailable,Unavailable
University of Scranton,PA,3666,Unavailable,46,48,33,2,27,48,Unavailable,98,Unavailable,27,Unavailable,Unavailable
School of the Art Institute of Chicago,IL,2762,Unavailable,26,35,28,5,Unavailable,42,Unavailable,94,Unavailable,Unavailable,Unavailable,Unavailable
Hartwick College,NY,1112,Unavailable,32,34,25,1,Unavailable,36,Unavailable,98,Unavailable,Unavailable,Unavailable,Unavailable
Southern California Institute of Architecture,CA,239,Unavailable,0,61,34,#VALUE!,Unavailable,47,Unavailable,82,Unavailable,Unavailable,Unavailable,Unavailable
Washington College,MD,916,Unavailable,43,48,32,2,16,46,Unavailable,98,Unavailable,16,Unavailable,Unavailable
Widener University,PA,2811,Unavailable,33,38,30,8,Unavailable,44,Unavailable,90,Unavailable,Unavailable,Unavailable,Unavailable
San Francisco Conservatory of Music,CA,215,Unavailable,37,33,29,#VALUE!,Unavailable,45,Unavailable,94,Unavailable,Unavailable,Unavailable,Unavailable
Stonehill College,MA,2515,Unavailable,48,46,35,1,Unavailable,52,Unavailable,99,Unavailable,Unavailable,Unavailable,Unavailable
Maryland Institute College of Art,MD,1324,Unavailable,40,40,31,5,14,46,Unavailable,91,7,Unavailable,Unavailable,Unavailable
Pacific University,OR,1613,Unavailable,38,43,33,7,8,46,Unavailable,92,6,Unavailable,Unavailable,Unavailable
The Juilliard School,NY,619,Unavailable,49,53,36,16,Unavailable,53,Unavailable,79,Unavailable,Unavailable,Unavailable,Unavailable
Manhattan School of Music,NY,543,Unavailable,38,41,30,2,Unavailable,45,Unavailable,97,Unavailable,Unavailable,Unavailable,Unavailable
Gustavus Adolphus College,MN,1952,Unavailable,43,46,32,1,#VALUE!,47,Unavailable,99,Unavailable,#VALUE!,Unavailable,Unavailable
University of the Arts,PA,1072,Unavailable,37,49,31,3,Unavailable,43,Unavailable,96,Unavailable,Unavailable,Unavailable,Unavailable
University of Portland,OR,3136,Unavailable,44,47,34,1,14,50,Unavailable,98,11,Unavailable,Unavailable,Unavailable
The Catholic University of America,DC,3139,Unavailable,40,47,31,6,Unavailable,45,Unavailable,93,Unavailable,Unavailable,Unavailable,Unavailable
Hampshire College,MA,717,Unavailable,32,50,31,#VALUE!,Unavailable,42,Unavailable,95,Unavailable,Unavailable,Unavailable,Unavailable
The New School,NY,6841,Unavailable,34,39,31,5,Unavailable,44,Unavailable,93,Unavailable,Unavailable,Unavailable,Unavailable
Albion College,MI,1354,Unavailable,32,47,27,1,Unavailable,41,Unavailable,99,Unavailable,Unavailable,Unavailable,Unavailable
Fairfield University,CT,4968,Unavailable,49,45,34,1,21,51,Unavailable,99,Unavailable,21,Unavailable,Unavailable
Saint Mary's College of California,CA,2044,Unavailable,37,44,34,4,Unavailable,47,Unavailable,94,Unavailable,Unavailable,Unavailable,Unavailable
University of San Diego,CA,5726,Unavailable,40,47,36,2,Unavailable,50,Unavailable,96,Unavailable,Unavailable,Unavailable,Unavailable
California Institute of the Arts,CA,918,Unavailable,37,47,33,#VALUE!,Unavailable,46,Unavailable,89,Unavailable,Unavailable,Unavailable,Unavailable
The New England Conservatory of Music,MA,393,Unavailable,43,54,35,4,Unavailable,50,Unavailable,97,Unavailable,Unavailable,Unavailable,Unavailable
California College of the Arts,CA,1012,Unavailable,26,43,29,6,Unavailable,43,Unavailable,90,Unavailable,Unavailable,Unavailable,Unavailable
Loyola Marymount University,CA,7336,Unavailable,43,45,35,1,Unavailable,50,Unavailable,98,Unavailable,Unavailable,Unavailable,Unavailable
Webb Institute,NY,105,Unavailable,44,55,31,#VALUE!,Unavailable,47,Unavailable,Unavailable,Unavailable,Unavailable,Unavailable,Unavailable
Worcester Polytechnic Institute,MA,5453,Unavailable,49,46,36,1,Unavailable,53,Unavailable,99,Unavailable,Unavailable,Unavailable,Unavailable
Beloit College,WI,948,Unavailable,40,45,31,2,14,45,Unavailable,97,7,Unavailable,Unavailable,Unavailable
Kalamazoo College,MI,1196,Unavailable,41,50,31,#VALUE!,Unavailable,47,Unavailable,100,Unavailable,Unavailable,Unavailable,Unavailable
Davidson College,NC,1904,Unavailable,52,56,36,#VALUE!,51,54,Unavailable,100,Unavailable,51,Unavailable,Unavailable
Emory University,GA,7359,Unavailable,50,54,42,1,57,59,Unavailable,98,Unavailable,57,Unavailable,Unavailable
Rensselaer Polytechnic Institute,NY,5954,Unavailable,42,48,34,#VALUE!,62,51,Unavailable,99,Unavailable,62,Unavailable,Unavailable
New York University,NY,29760,Unavailable,47,53,37,3,37,54,Unavailable,97,Unavailable,37,Unavailable,Unavailable
California Institute of Technology,CA,1023,Unavailable,52,54,37,#VALUE!,Unavailable,57,Unavailable,100,Unavailable,Unavailable,Unavailable,Unavailable
Lewis & Clark College,OR,2194,Unavailable,40,42,31,#VALUE!,11,46,Unavailable,99,9,Unavailable,Unavailable,Unavailable
Hamilton College,NY,2048,Unavailable,52,53,37,#VALUE!,47,55,Unavailable,100,Unavailable,47,Unavailable,Unavailable
University of Notre Dame,IN,8968,Unavailable,53,54,40,0,55,58,Unavailable,100,Unavailable,55,Unavailable,Unavailable
Pitzer College,CA,1204,Unavailable,49,52,36,#VALUE!,Unavailable,54,Unavailable,99,Unavailable,Unavailable,Unavailable,Unavailable
University of Richmond,VA,3054,Unavailable,50,53,37,3,33,55,Unavailable,97,Unavailable,33,Unavailable,Unavailable
Dickinson College,PA,2204,Unavailable,47,49,33,#VALUE!,Unavailable,49,Unavailable,100,Unavailable,Unavailable,Unavailable,Unavailable
Sarah Lawrence College,NY,1521,Unavailable,40,38,32,1,15,47,Unavailable,99,9,Unavailable,Unavailable,Unavailable
Bard College at Simon's Rock,MA,312,Unavailable,Unavailable,Unavailable,Unavailable,9,Unavailable,Unavailable,Unavailable,97,Unavailable,Unavailable,Unavailable,Unavailable
St Lawrence University,NY,2060,Unavailable,46,50,33,0,19,49,Unavailable,100,Unavailable,19,Unavailable,Unavailable
Bates College,ME,1753,Unavailable,53,52,37,#VALUE!,20,55,Unavailable,100,Unavailable,20,Unavailable,Unavailable
Landmark College,VT,598,Unavailable,Unavailable,Unavailable,Unavailable,15,Unavailable,Unavailable,Unavailable,91,Unavailable,Unavailable,Unavailable,Unavailable
Trinity College,CT,2237,Unavailable,49,51,35,1,11,52,Unavailable,99,8,Unavailable,Unavailable,Unavailable
Middlebury College,VT,2800,Unavailable,50,50,37,0,39,55,Unavailable,100,Unavailable,39,Unavailable,Unavailable
Tufts University,MA,6877,Unavailable,53,52,38,1,51,57,Unavailable,99,Unavailable,51,Unavailable,Unavailable
Vassar College,NY,2456,Unavailable,52,55,37,#VALUE!,37,56,Unavailable,99,Unavailable,37,Unavailable,Unavailable
Ambria College of Nursing,IL,195,Unavailable,Unavailable,Unavailable,Unavailable,62,Unavailable,Unavailable,Unavailable,16,Unavailable,Unavailable,Unavailable,Unavailable
American Medical Academy,FL,303,Unavailable,Unavailable,Unavailable,Unavailable,23,Unavailable,Unavailable,Unavailable,61,Unavailable,Unavailable,Unavailable,Unavailable
American Medical Sciences Center,CA,200,Unavailable,Unavailable,Unavailable,Unavailable,#VALUE!,Unavailable,Unavailable,Unavailable,64,Unavailable,Unavailable,Unavailable,Unavailable
Angeles College,CA,484,Unavailable,30,Unavailable,30,33,Unavailable,37,Unavailable,19,Unavailable,Unavailable,Unavailable,Unavailable
ATI College-Whittier,CA,141,Unavailable,Unavailable,Unavailable,Unavailable,30,Unavailable,Unavailable,Unavailable,48,Unavailable,Unavailable,Unavailable,Unavailable
Beal University,ME,512,Unavailable,Unavailable,Unavailable,Unavailable,#VALUE!,Unavailable,Unavailable,Unavailable,21,Unavailable,Unavailable,Unavailable,Unavailable
Brookline College-Albuquerque,NM,492,Unavailable,20,26,23,#VALUE!,Unavailable,27,Unavailable,28,Unavailable,Unavailable,Unavailable,Unavailable
Brookline College-Phoenix,AZ,714,Unavailable,17,63,25,#VALUE!,Unavailable,26,Unavailable,33,Unavailable,Unavailable,Unavailable,Unavailable
Brookline College-Tempe,AZ,294,Unavailable,Unavailable,Unavailable,Unavailable,#VALUE!,Unavailable,Unavailable,Unavailable,40,Unavailable,Unavailable,Unavailable,Unavailable
California Career College,CA,195,Unavailable,Unavailable,Unavailable,Unavailable,#VALUE!,Unavailable,Unavailable,Unavailable,8,Unavailable,Unavailable,Unavailable,Unavailable
Career Networks Institute,CA,971,Unavailable,Unavailable,Unavailable,Unavailable,#VALUE!,Unavailable,Unavailable,Unavailable,30,Unavailable,Unavailable,Unavailable,Unavailable
Carrington College-Sacramento,CA,2288,Unavailable,Unavailable,Unavailable,Unavailable,#VALUE!,Unavailable,Unavailable,Unavailable,37,Unavailable,Unavailable,Unavailable,Unavailable
Casa Loma College-Los Angeles,CA,581,Unavailable,Unavailable,Unavailable,Unavailable,#VALUE!,Unavailable,Unavailable,Unavailable,35,Unavailable,Unavailable,Unavailable,Unavailable
CBD College,CA,1408,Unavailable,Unavailable,Unavailable,Unavailable,#VALUE!,Unavailable,Unavailable,Unavailable,26,Unavailable,Unavailable,Unavailable,Unavailable
Concorde Career College-Aurora,CO,196,Unavailable,Unavailable,Unavailable,Unavailable,#VALUE!,Unavailable,Unavailable,Unavailable,65,Unavailable,Unavailable,Unavailable,Unavailable
Concorde Career College-Kansas City,MO,240,Unavailable,Unavailable,Unavailable,Unavailable,#VALUE!,Unavailable,Unavailable,Unavailable,42,Unavailable,Unavailable,Unavailable,Unavailable
Daytona College,FL,199,Unavailable,Unavailable,Unavailable,Unavailable,#VALUE!,Unavailable,Unavailable,Unavailable,35,Unavailable,Unavailable,Unavailable,Unavailable
Eagle Gate College-Layton,UT,205,Unavailable,24,65,23,#VALUE!,Unavailable,28,Unavailable,27,Unavailable,Unavailable,Unavailable,Unavailable
Florida Academy of Nursing,FL,54,Unavailable,Unavailable,Unavailable,Unavailable,#VALUE!,Unavailable,Unavailable,Unavailable,6,Unavailable,Unavailable,Unavailable,Unavailable
Fremont University,CA,153,Unavailable,Unavailable,Unavailable,Unavailable,#VALUE!,Unavailable,Unavailable,Unavailable,15,Unavailable,Unavailable,Unavailable,Unavailable
Galen College of Nursing-Louisville,KY,4184,Unavailable,Unavailable,38,Unavailable,69,Unavailable,Unavailable,Unavailable,13,Unavailable,Unavailable,Unavailable,Unavailable
Galen Health Institutes-Las Vegas,NV,,Unavailable,Unavailable,Unavailable,Unavailable,#VALUE!,Unavailable,Unavailable,Unavailable,Unavailable,Unavailable,Unavailable,Unavailable,Unavailable
Glendale Career College,CA,,Unavailable,Unavailable,Unavailable,Unavailable,#VALUE!,Unavailable,Unavailable,Unavailable,32,Unavailable,Unavailable,Unavailable,Unavailable
Gurnick Academy of Medical Arts,CA,,Unavailable,Unavailable,Unavailable,Unavailable,#VALUE!,Unavailable,Unavailable,Unavailable,25,Unavailable,Unavailable,Unavailable,Unavailable
Gwinnett Institute,FL,,Unavailable,Unavailable,Unavailable,Unavailable,#VALUE!,Unavailable,Unavailable,Unavailable,23,Unavailable,Unavailable,Unavailable,Unavailable
Hallmark University,TX,,Unavailable,34,51,36,#VALUE!,Unavailable,44,Unavailable,31,Unavailable,Unavailable,Unavailable,Unavailable
Homestead Schools,CA,,Unavailable,Unavailable,Unavailable,Unavailable,38,Unavailable,Unavailable,Unavailable,22,Unavailable,Unavailable,Unavailable,Unavailable
Integrity College of Health,CA,,Unavailable,Unavailable,Unavailable,Unavailable,23,Unavailable,Unavailable,Unavailable,55,Unavailable,Unavailable,Unavailable,Unavailable
InterCoast Colleges-West Covina,CA,,Unavailable,Unavailable,Unavailable,Unavailable,#VALUE!,Unavailable,Unavailable,Unavailable,13,Unavailable,Unavailable,Unavailable,Unavailable
Laurus College,CA,,Unavailable,Unavailable,44,Unavailable,59,Unavailable,Unavailable,Unavailable,4,Unavailable,Unavailable,Unavailable,Unavailable
Los Angeles Film School,CA,,Unavailable,26,49,22,#VALUE!,Unavailable,30,Unavailable,30,Unavailable,Unavailable,Unavailable,Unavailable
Miami Regional University,FL,,Unavailable,0,41,20,#VALUE!,Unavailable,13,Unavailable,15,Unavailable,Unavailable,Unavailable,Unavailable
Miller-Motte College-Chattanooga,TN,,Unavailable,Unavailable,Unavailable,Unavailable,62,Unavailable,Unavailable,Unavailable,18,Unavailable,Unavailable,Unavailable,Unavailable
Miller-Motte College-Wilmington,NC,,Unavailable,11,36,8,40,Unavailable,12,Unavailable,19,Unavailable,Unavailable,Unavailable,Unavailable
Nightingale College,UT,,Unavailable,Unavailable,28,Unavailable,76,Unavailable,Unavailable,Unavailable,12,Unavailable,Unavailable,Unavailable,Unavailable
North-West College-San Diego,CA,,Unavailable,Unavailable,Unavailable,Unavailable,#VALUE!,Unavailable,Unavailable,Unavailable,25,Unavailable,Unavailable,Unavailable,Unavailable
Pacific College,CA,,Unavailable,Unavailable,Unavailable,Unavailable,#VALUE!,Unavailable,Unavailable,Unavailable,14,Unavailable,Unavailable,Unavailable,Unavailable
Pima Medical Institute-Tucson,AZ,,Unavailable,Unavailable,Unavailable,Unavailable,#VALUE!,Unavailable,Unavailable,Unavailable,28,Unavailable,Unavailable,Unavailable,Unavailable
San Joaquin Valley College-Visalia,CA,,Unavailable,Unavailable,Unavailable,Unavailable,#VALUE!,Unavailable,Unavailable,Unavailable,33,Unavailable,Unavailable,Unavailable,Unavailable
St Louis College of Health Careers-Fenton,MO,,Unavailable,Unavailable,Unavailable,Unavailable,51,Unavailable,Unavailable,Unavailable,14,Unavailable,Unavailable,Unavailable,Unavailable
Stanbridge University,CA,,Unavailable,58,60,41,#VALUE!,Unavailable,59,Unavailable,28,Unavailable,Unavailable,Unavailable,Unavailable
Sumner College,OR,,Unavailable,Unavailable,Unavailable,Unavailable,#VALUE!,Unavailable,Unavailable,Unavailable,27,Unavailable,Unavailable,Unavailable,Unavailable
The College of Health Care Professions-Northwest,TX,,Unavailable,16,Unavailable,16,#VALUE!,Unavailable,19,Unavailable,40,Unavailable,Unavailable,Unavailable,Unavailable
Unitek College,CA,,Unavailable,Unavailable,Unavailable,Unavailable,#VALUE!,Unavailable,Unavailable,Unavailable,35,Unavailable,Unavailable,Unavailable,Unavailable
Valley College-Martinsburg,WV,,Unavailable,Unavailable,Unavailable,Unavailable,#VALUE!,Unavailable,Unavailable,Unavailable,27,Unavailable,Unavailable,Unavailable,Unavailable
Western Technical College,TX,,Unavailable,Unavailable,47,Unavailable,43,Unavailable,Unavailable,Unavailable,25,Unavailable,Unavailable,Unavailable,Unavailable
Western Technical College,TX,,Unavailable,Unavailable,53,Unavailable,#VALUE!,Unavailable,Unavailable,Unavailable,49,Unavailable,Unavailable,Unavailable,Unavailable
Massachusetts Institute of Technology,MA,,Unavailable,53,56,39,#VALUE!,111,58,79,99,79,111,109,82
Georgia Institute of Technology-Main Campus,GA,,20,31,50,40,4,101,58,67,98,67,101,99,72
Georgetown University,DC,,Unavailable,54,52,39,6,101,59,69,95,69,101,101,71
Florida Polytechnic University,FL,,36,23,40,25,4,105,35,70,95,70,105,103,70
University of Florida,FL,,30,43,55,39,5,104,56,68,97,68,104,105,69
The University of Texas at Dallas,TX,,36,31,49,33,8,76,47,63,93,63,76,74,64
Florida International University,FL,,41,25,60,33,28,71,47,67,81,67,71,73,64
Texas A & M University-College Station,TX,,31,35,47,36,4,79,52,63,98,63,79,78,63
Missouri University of Science and Technology,MO,,27,13,36,28,5,69,41,57,96,57,69,65,62
Purdue University-Main Campus,IN,,17,36,43,35,3,80,51,59,97,59,80,79,61
University of Florida-Online,FL,,31,16,22,26,59,94,34,62,68,62,94,96,60
Harding University,AR,,Unavailable,29,40,29,6,76,42,63,95,63,76,76,60
Louisiana State University and Agricultural & Mechanical College,LA,,29,26,43,29,8,73,42,62,95,62,73,73,60
Old Dominion University,VA,,37,15,38,25,27,69,34,62,75,62,69,70,59
South Dakota School of Mines and Technology,SD,,26,14,29,23,9,76,35,52,94,52,76,72,59
Louisiana Tech University,LA,,33,23,36,25,9,60,37,57,97,57,60,60,57
University of Central Florida,FL,,36,28,53,37,20,78,51,59,86,59,78,79,57
New Mexico Institute of Mining and Technology,NM,,37,19,42,25,9,75,37,59,87,59,75,75,57
United States Merchant Marine Academy,NY,,28,44,43,33,#VALUE!,88,49,58,100,58,88,89,57
University of South Florida,FL,,32,35,52,36,14,76,49,58,89,58,76,75,57
The University of Tennessee-Knoxville,TN,,24,32,42,32,3,83,46,61,97,61,83,83,56
Mississippi State University,MS,,26,22,39,30,9,62,40,56,92,56,62,60,56
Florida Gulf Coast University,FL,,31,22,40,27,12,84,38,58,91,58,84,85,56
Princeton University,NJ,,Unavailable,54,58,40,#VALUE!,74,59,54,99,54,74,74,56
Bethel University,TN,,Unavailable,16,24,24,30,71,28,53,81,53,71,68,56
University of Nebraska-Lincoln,NE,,27,28,38,29,3,61,42,55,97,55,61,61,55
Saginaw Valley State University,MI,,38,8,39,20,10,58,29,56,89,56,58,58,55
The University of Tennessee-Martin,TN,,41,20,45,25,16,60,35,58,91,58,60,60,55
Florida Agricultural and Mechanical University,FL,,39,17,54,27,7,84,38,58,91,58,84,84,55
Yale University,CT,,Unavailable,53,56,39,0,78,58,53,99,53,78,78,55
The University of Texas at Austin,TX,,32,42,53,38,3,71,55,54,98,54,71,71,54
University of Louisville,KY,,33,25,41,29,19,67,41,56,85,56,67,67,54
Florida State University,FL,,31,42,52,37,6,80,53,54,97,54,80,81,54
Fort Hays State University,KS,,29,17,30,30,36,59,38,53,76,53,59,57,53
College of the Ozarks,MO,,Unavailable,27,53,26,1,64,38,56,99,56,64,64,53
Florida Atlantic University,FL,,35,22,52,28,19,68,38,56,86,56,68,69,53
Brown University,RI,,Unavailable,52,54,39,3,73,59,51,98,51,73,73,53
Florida Institute of Technology,FL,,Unavailable,32,42,29,5,73,42,53,94,53,73,73,53
University of Central Arkansas,AR,,37,20,39,23,10,60,33,57,92,57,60,60,52
The University of Tennessee-Chattanooga,TN,,35,21,39,26,9,62,37,57,91,57,62,62,52
Michigan Technological University,MI,,26,20,39,29,3,68,44,52,97,52,68,68,52
Bryn Mawr College,PA,,Unavailable,49,52,35,#VALUE!,74,52,54,99,54,74,77,52
South Dakota State University,SD,,25,25,36,26,12,51,38,47,94,47,51,49,52
University of Houston-Clear Lake,TX,,42,17,46,31,34,56,41,53,61,53,56,56,52
Truman State University,MO,,26,35,38,30,8,58,45,51,97,51,58,56,51
Harvard University,MA,,Unavailable,52,58,39,14,72,59,49,83,49,72,71,51
Kansas State University,KS,,27,25,40,32,9,58,45,54,91,54,58,58,51
Auburn University,AL,,20,33,40,35,5,69,51,55,97,55,69,69,51
Middle Tennessee State University,TN,,37,21,40,27,15,61,37,56,86,56,61,61,51
Blue Mountain Christian University,MS,,Unavailable,28,44,33,17,55,41,49,96,49,55,52,51
Union University,TN,,Unavailable,35,42,31,16,66,44,56,82,56,66,64,51
New College of Florida,FL,,33,35,46,35,3,77,46,54,95,54,77,78,51
Ouachita Baptist University,AR,,Unavailable,36,45,28,4,65,41,55,98,55,65,65,50
University of Pennsylvania,PA,,Unavailable,53,56,39,7,68,59,48,93,48,68,66,50
Carnegie Mellon University,PA,,Unavailable,47,52,38,2,66,57,48,99,48,66,64,50
Arkansas State University,AR,,36,23,42,27,27,55,37,55,80,55,55,57,50
Southern Arkansas University Main Campus,AR,,38,16,44,19,12,60,26,56,92,56,60,60,50
Dakota State University,SD,,27,17,32,25,32,56,33,46,81,46,56,54,50
Montana Technological University,MT,,28,22,32,26,7,56,37,46,87,46,56,53,50
Southwestern Adventist University,TX,,Unavailable,16,43,22,17,63,30,51,85,51,63,65,50
Murray State University,KY,,30,22,44,27,14,63,38,50,91,50,63,63,50
Freed-Hardeman University,TN,,Unavailable,35,44,28,14,61,40,54,98,54,61,61,49
Rice University,TX,,Unavailable,52,54,37,1,70,56,48,100,48,70,69,49
Duke University,NC,,Unavailable,53,55,39,0,78,58,48,100,48,78,78,49
Utah State University,UT,,30,17,40,25,18,60,36,49,88,49,60,58,49
University of Arkansas,AR,,17,31,38,31,7,71,45,51,93,51,71,71,49
University of Nebraska at Kearney,NE,,35,19,45,28,14,54,38,51,88,51,54,54,49
Prairie View A & M University,TX,,47,9,52,21,6,62,30,51,93,51,62,62,49
University of Michigan-Ann Arbor,MI,,20,49,54,40,2,64,58,47,98,47,64,64,49
Northwestern University,IL,,Unavailable,52,58,40,2,75,59,47,97,47,75,75,49
Harvey Mudd College,CA,,Unavailable,53,56,38,#VALUE!,64,57,47,100,47,64,63,49
West Virginia University Institute of Technology,WV,,34,11,31,14,14,69,19,50,94,50,69,69,49
Northwestern State University of Louisiana,LA,,43,17,44,22,34,56,31,54,78,54,56,56,49
Louisiana State University-Shreveport,LA,,43,14,33,25,32,58,30,56,73,56,58,58,49
Urshan College,MO,,Unavailable,15,Unavailable,26,20,100,32,54,83,54,100,100,49
University of Georgia,GA,,25,41,50,38,2,79,55,49,98,49,79,84,48
The University of Tennessee Southern,TN,,40,14,32,21,10,57,25,56,91,56,57,60,48
Nicholls State University,LA,,40,16,41,22,15,51,32,50,90,50,51,52,48
Arkansas Tech University,AR,,43,17,42,20,23,51,28,53,87,53,51,54,48
University of Virginia-Main Campus,VA,,21,53,54,40,3,61,58,46,97,46,61,61,48
The University of Texas at Arlington,TX,,40,17,47,28,29,56,38,48,71,48,56,55,47
Martin Luther College,MN,,Unavailable,32,51,32,18,56,46,43,80,43,56,52,47
East Central University,OK,,39,12,37,20,21,55,24,53,77,53,55,55,47
Maryville College,TN,,Unavailable,28,39,25,5,57,35,49,96,49,57,55,47
East Tennessee State University,TN,,36,21,38,26,15,53,36,49,86,49,53,54,47
McNeese State University,LA,,38,14,36,20,15,57,28,51,87,51,57,57,46
University of Louisiana at Monroe,LA,,37,21,42,25,21,59,36,54,90,54,59,61,46
Stanford University,CA,,Unavailable,46,55,39,1,67,58,45,98,45,67,66,46
University of North Florida,FL,,35,27,47,30,14,67,42,50,92,50,67,68,46
University of West Alabama,AL,,45,16,44,27,40,54,32,54,56,54,54,57,46
University of South Alabama,AL,,38,17,42,24,11,55,34,51,88,51,55,55,46
West Virginia University,WV,,19,26,35,28,5,66,40,48,96,48,66,66,46
Eastern Kentucky University,KY,,40,20,44,26,#VALUE!,53,35,51,Unavailable,51,53,53,46
University of Missouri-Columbia,MO,,26,31,44,32,5,55,46,46,97,46,55,54,46
University of Chicago,IL,,Unavailable,55,54,39,#VALUE!,74,58,44,99,44,74,73,45
Oklahoma Baptist University,OK,,Unavailable,26,36,24,6,59,34,43,94,43,59,55,45
Eastern Michigan University,MI,,40,14,38,24,20,50,34,47,81,47,50,51,45
Fisk University,TN,,Unavailable,23,49,18,2,59,27,41,97,41,59,57,45
Taylor University,IN,,Unavailable,44,43,32,7,70,47,45,99,45,70,69,45
Missouri State University-Springfield,MO,,32,23,38,29,20,51,40,47,91,47,51,51,45
University of Arkansas at Little Rock,AR,,42,14,44,26,41,51,31,50,66,50,51,53,45
Tennessee Wesleyan University,TN,,Unavailable,26,37,31,11,51,38,47,87,47,51,51,45
Louisiana State University-Alexandria,LA,,38,11,36,25,50,56,27,53,56,53,56,56,45
Franklin W Olin College of Engineering,MA,,Unavailable,47,49,39,#VALUE!,65,58,43,Unavailable,43,65,65,45
Marshall University,WV,,37,20,41,26,13,79,36,48,89,48,79,81,45
Rutgers University-New Brunswick,NJ,,32,41,54,37,4,48,53,43,95,43,48,48,45
University of South Dakota,SD,,31,26,38,27,16,46,39,45,93,45,46,46,45
Mount Vernon Nazarene University,OH,,Unavailable,28,44,27,18,53,39,43,84,43,53,51,45
Lee University,TN,,Unavailable,28,42,27,19,63,38,51,82,51,63,65,44
Samford University,AL,,Unavailable,41,38,33,1,65,48,48,99,48,65,68,44
Northern Kentucky University,KY,,28,19,34,25,25,51,35,48,84,48,51,51,44
University of Michigan-Flint,MI,,40,7,39,24,33,47,30,46,68,46,47,47,44
Purdue University Fort Wayne,IN,,36,13,31,18,20,49,26,45,90,45,49,49,44
Bethel University,IN,,Unavailable,32,40,33,13,50,43,45,87,45,50,50,44
Huntington University,IN,,Unavailable,35,42,31,12,48,44,39,94,39,48,46,44
University of Alabama in Huntsville,AL,,30,21,36,30,13,50,41,45,85,45,50,50,44
New Mexico State University-Main Campus,NM,,35,16,45,23,18,56,34,44,80,44,56,56,43
Alcorn State University,MS,,57,20,61,21,12,56,29,51,90,51,56,56,43
University of Kansas,KS,,23,30,38,30,8,53,43,43,93,43,53,52,43
Embry-Riddle Aeronautical University-Daytona Beach,FL,,Unavailable,20,41,27,11,64,40,43,95,43,64,62,43
University of Michigan-Dearborn,MI,,41,16,47,28,13,46,40,43,86,43,46,46,43
Youngstown State University,OH,,33,14,39,22,13,55,32,43,90,43,55,55,43
Transylvania University,KY,,Unavailable,42,44,30,1,48,44,47,100,47,48,50,43
Williams Baptist University,AR,,Unavailable,16,39,18,2,51,23,48,97,48,51,51,43
Purdue University Northwest,IN,,36,13,39,20,21,46,28,44,86,44,46,46,43
Fairmont State University,WV,,37,17,38,23,15,66,30,48,87,48,66,68,43
The University of Texas at San Antonio,TX,,42,17,47,26,18,48,36,44,85,44,48,49,43
Calvary University,MO,,Unavailable,7,42,21,33,65,26,40,81,40,65,63,43
University of Idaho,ID,,27,23,44,28,13,47,39,44,92,44,47,48,42
University of Illinois Urbana-Champaign,IL,,28,43,51,37,2,57,53,41,99,41,57,57,42
DePauw University,IN,,Unavailable,47,45,34,1,46,50,41,100,41,46,46,42
Wichita State University,KS,,33,15,41,27,24,50,36,44,78,44,50,48,42
Oklahoma State University-Main Campus,OK,,27,27,40,31,10,60,43,42,91,42,60,59,42
Messiah University,PA,,Unavailable,44,47,33,5,47,47,43,98,43,47,47,42
University of Akron Main Campus,OH,,36,13,35,22,15,56,32,42,89,42,56,56,42
University of Mississippi,MS,,18,31,39,31,5,60,45,44,96,44,60,61,42
Dordt University,IA,,Unavailable,43,41,31,4,57,47,42,99,42,57,57,42
Reed College,OR,,Unavailable,37,39,30,1,63,45,43,99,43,63,64,42
Dartmouth College,NH,,Unavailable,52,54,38,#VALUE!,63,57,41,99,41,63,63,42
Binghamton University,NY,,32,45,53,37,2,49,53,41,98,41,49,49,42
Case Western Reserve University,OH,,Unavailable,40,52,34,1,62,51,39,99,39,62,60,41
Ferris State University,MI,,39,22,40,28,19,42,38,41,85,41,42,42,41
Kettering University,MI,,Unavailable,6,38,29,3,45,45,39,97,39,45,44,41
Delta State University,MS,,45,14,46,30,19,55,35,48,84,48,55,55,41
Bluffton University,OH,,Unavailable,29,41,26,2,44,35,39,97,39,44,43,41
University of West Florida,FL,,35,21,46,29,30,77,38,43,72,43,77,78,41
The Cooper Union for the Advancement of Science and Art,NY,,Unavailable,38,53,34,#VALUE!,48,52,39,99,39,48,47,41
Westminster College,MO,,Unavailable,28,47,24,3,46,35,39,96,39,46,44,41
University of New Mexico-Main Campus,NM,,34,20,42,26,18,50,37,42,80,42,50,50,41
William Carey University,MS,,Unavailable,23,40,37,31,55,45,55,77,55,55,58,41
Central Michigan University,MI,,37,20,41,30,14,45,42,41,86,41,45,45,41
William & Mary,VA,,20,52,50,38,1,56,56,41,99,41,56,58,41
University of Tulsa,OK,,Unavailable,35,46,32,5,64,46,44,95,44,64,65,41
Johns Hopkins University,MD,,Unavailable,52,58,39,4,53,57,39,95,39,53,53,40
Clarkson University,NY,,Unavailable,38,44,32,1,46,47,39,99,39,46,45,40
Williams College,MA,,Unavailable,51,58,38,#VALUE!,57,57,40,99,40,57,57,40
Indiana Wesleyan University-Marion,IN,,Unavailable,37,41,30,3,49,44,41,99,41,49,50,40
Concord University,WV,,36,17,44,23,13,58,30,43,86,43,58,60,40
Northwest Missouri State University,MO,,29,20,39,25,15,46,34,42,91,42,46,44,40
Trevecca Nazarene University,TN,,Unavailable,23,38,22,21,57,32,44,82,44,57,57,40
Carson-Newman University,TN,,Unavailable,29,38,27,8,51,37,42,95,42,51,49,40
Augustana University,SD,,Unavailable,34,42,31,2,44,44,38,97,38,44,43,40
Wellesley College,MA,,Unavailable,50,54,37,1,56,56,39,99,39,56,56,40
Oklahoma Christian University,OK,,Unavailable,25,36,27,21,57,37,38,77,38,57,55,40
Bowling Green State University-Main Campus,OH,,33,28,37,27,9,54,39,40,94,40,54,52,40
University of New Orleans,LA,,42,12,43,20,18,47,28,44,83,44,47,48,40
Randall University,OK,,Unavailable,4,31,18,21,54,18,37,79,37,54,48,40
Lincoln Memorial University,TN,,Unavailable,26,39,30,14,48,39,41,83,41,48,48,39
Malone University,OH,,Unavailable,31,38,27,12,49,38,39,94,39,49,47,39
University of Maryland-College Park,MD,,25,43,51,39,4,46,55,37,95,37,46,45,39
University of Iowa,IA,,21,34,39,33,5,55,47,39,95,39,55,54,39
Drury University,MO,,Unavailable,25,44,28,2,46,39,39,97,39,46,44,39
Western Michigan University,MI,,30,17,37,27,10,44,39,41,91,41,44,45,39
Grand Valley State University,MI,,33,25,43,31,7,43,44,40,93,40,43,43,39
Rose-Hulman Institute of Technology,IN,,Unavailable,45,48,35,1,55,52,37,100,37,55,54,39
Swarthmore College,PA,,Unavailable,52,55,38,#VALUE!,51,57,38,99,38,51,51,39
Columbia University in the City of New York,NY,,Unavailable,52,58,43,8,59,61,38,86,38,59,58,39
Jewish Theological Seminary of America,NY,,Unavailable,44,3,37,#VALUE!,60,53,38,Unavailable,38,60,60,39
Tuskegee University,AL,,Unavailable,16,59,24,3,48,36,41,97,41,48,47,39
University of Houston,TX,,40,23,52,32,16,44,44,40,88,40,44,44,39
Wabash College,IN,,Unavailable,47,50,34,0,47,51,38,100,38,47,46,39
St. John's College,MD,,Unavailable,43,41,30,#VALUE!,56,46,42,96,42,56,59,39
St. John's College,NM,,Unavailable,38,32,30,#VALUE!,63,44,41,93,41,63,65,39
University of Memphis,TN,,41,19,44,26,24,45,37,43,82,43,45,45,39
University of the Ozarks,AR,,Unavailable,25,41,23,2,62,32,45,98,45,62,63,39
Central Baptist College,AR,,Unavailable,23,41,24,13,46,30,42,87,42,46,48,38
Haverford College,PA,,Unavailable,50,49,36,#VALUE!,50,54,37,100,37,50,50,38
Saint Vincent College,PA,,Unavailable,40,44,31,2,43,45,39,98,39,43,44,38
Augusta University,GA,,40,17,41,25,12,51,35,40,88,40,51,52,38
Wilmington College,OH,,Unavailable,29,43,24,5,42,33,36,95,36,42,38,37
Maranatha Baptist University,WI,,Unavailable,25,55,22,23,55,32,44,89,44,55,59,37
Colorado School of Mines,CO,,18,40,42,35,3,52,51,36,97,36,52,52,37
Kentucky Wesleyan College,KY,,Unavailable,20,42,24,10,47,31,37,90,37,47,46,37
The University of Texas at El Paso,TX,,49,11,53,22,18,39,34,39,82,39,39,40,37
Northwest Nazarene University,ID,,Unavailable,26,36,30,11,70,41,37,87,37,70,64,37
Rochester Institute of Technology,NY,,Unavailable,15,49,30,4,45,45,37,97,37,45,45,37
Stevens Institute of Technology,NJ,,Unavailable,38,54,35,0,43,53,35,99,35,43,43,37
Spalding University,KY,,Unavailable,18,46,26,25,48,32,39,78,39,48,49,37
Creighton University,NE,,Unavailable,42,34,33,2,49,49,38,96,38,49,49,37
New Jersey Institute of Technology,NJ,,39,23,57,34,10,39,50,35,88,35,39,38,37
Shepherd University,WV,,30,20,37,23,16,43,30,39,81,39,43,44,37
University of Kentucky,KY,,25,31,38,30,6,45,43,37,94,37,45,43,37
Illinois Institute of Technology,IL,,Unavailable,22,49,32,10,45,46,36,91,36,45,45,37
Northeastern State University,OK,,41,12,39,25,32,44,31,43,69,43,44,46,37
Missouri Southern State University,MO,,42,13,35,22,24,42,28,40,81,40,42,42,36
Bethany Lutheran College,MN,,Unavailable,32,45,28,8,44,40,35,97,35,44,42,36
Anderson University,IN,,Unavailable,32,38,28,6,43,39,37,93,37,43,43,36
University of St Francis,IL,,Unavailable,24,48,36,16,42,45,36,81,36,42,42,36
Trinity College of Florida,FL,,Unavailable,19,31,22,23,54,25,36,72,36,54,55,36
Amherst College,MA,,Unavailable,52,58,37,#VALUE!,51,57,35,99,35,51,52,36
Cornell University,NY,,Unavailable,53,56,40,0,46,59,34,100,34,46,46,36
Virginia Polytechnic Institute and State University,VA,,22,41,47,37,2,42,54,35,98,35,42,41,36
Brigham Young University,UT,,Unavailable,15,54,33,6,49,51,40,93,40,49,50,36
Milligan University,TN,,Unavailable,37,36,32,4,51,45,36,96,36,51,49,36
University of Pittsburgh-Johnstown,PA,,33,22,38,23,2,40,31,36,97,36,40,40,36
Marietta College,OH,,Unavailable,26,43,22,3,49,32,34,97,34,49,47,36
Southern Adventist University,TN,,Unavailable,19,43,26,8,68,37,39,93,39,68,69,36
Southwest Baptist University,MO,,Unavailable,23,50,25,19,43,34,37,83,37,43,43,36
Muskingum University,OH,,Unavailable,24,43,24,12,44,34,36,90,36,44,42,36
University of Nevada-Las Vegas,NV,,38,11,44,24,17,47,35,39,82,39,47,47,35
Johnson University,TN,,Unavailable,35,44,30,13,53,43,39,88,39,53,53,35
Bowdoin College,ME,,Unavailable,53,56,38,#VALUE!,56,57,35,99,35,56,56,35
Centenary College of Louisiana,LA,,Unavailable,31,49,26,1,48,38,37,99,37,48,49,35
Emmaus Bible College,IA,,Unavailable,31,41,29,11,43,39,38,90,38,43,45,35
University of Detroit Mercy,MI,,Unavailable,31,48,31,13,42,44,35,94,35,42,41,35
Northwestern Oklahoma State University,OK,,36,13,42,20,19,48,24,37,85,37,48,46,35
DigiPen Institute of Technology,WA,,Unavailable,26,38,29,9,44,39,37,84,37,44,44,35
University of Pittsburgh-Pittsburgh Campus,PA,,20,41,47,36,8,45,53,35,98,35,45,45,35
Goshen College,IN,,Unavailable,33,42,34,10,40,45,34,85,34,40,40,35
Saint Johns University,MN,,Unavailable,44,44,33,1,39,48,31,100,31,39,34,35
Colby College,ME,,Unavailable,49,52,35,#VALUE!,50,52,33,100,33,50,51,35
Centre College,KY,,Unavailable,51,49,35,#VALUE!,44,52,38,100,38,44,46,35
Faulkner University,AL,,Unavailable,7,40,17,39,46,17,39,59,39,46,46,34
Southern University and A & M College,LA,,52,6,48,15,11,47,22,34,92,34,47,46,34
Abilene Christian University,TX,,Unavailable,28,34,26,2,54,38,35,98,35,54,53,34
Southeastern Oklahoma State University,OK,,35,10,36,19,36,48,25,38,64,38,48,46,34
Iowa State University,IA,,21,31,44,34,3,42,48,33,97,33,42,40,34
Neumont College of Computer Science,UT,,Unavailable,29,56,23,5,51,33,30,95,30,51,47,34
Tabor College,KS,,Unavailable,25,32,25,3,37,32,34,99,34,37,37,34
Central College,IA,,Unavailable,36,39,28,2,41,41,34,99,34,41,39,34
University of West Georgia,GA,,42,13,44,21,22,51,29,35,86,35,51,50,34
Calvin University,MI,,Unavailable,40,40,33,6,43,48,34,93,34,43,43,34
Eastern New Mexico University-Main Campus,NM,,37,13,36,23,44,44,29,34,64,34,44,43,34
University of Southern Indiana,IN,,34,20,36,24,17,40,33,34,92,34,40,39,34
MidAmerica Nazarene University,KS,,Unavailable,19,35,27,14,41,33,35,85,35,41,41,34
Lipscomb University,TN,,Unavailable,38,41,32,8,46,46,35,92,35,46,46,33
Covenant College,GA,,Unavailable,39,44,30,3,62,44,36,99,36,62,64,33
Susquehanna University,PA,,Unavailable,41,44,31,2,38,45,35,98,35,38,39,33
Stephen F Austin State University,TX,,41,21,43,26,14,42,36,34,89,34,42,42,33
Florida College,FL,,Unavailable,13,28,16,4,63,20,36,98,36,63,63,33
Ashland University,OH,,Unavailable,34,44,31,23,34,43,32,76,32,34,33,33
Judson University,IL,,Unavailable,34,46,35,10,44,46,33,87,33,44,44,33
Stony Brook University,NY,,36,38,60,36,4,34,50,31,94,31,34,33,33
Indiana University-Bloomington,IN,,20,41,45,33,1,46,50,33,99,33,46,46,33
University of Alabama at Birmingham,AL,,35,25,44,30,18,39,42,35,83,35,39,39,33
University of Missouri-Kansas City,MO,,33,17,43,30,17,36,39,33,90,33,36,34,33
Concordia College at Moorhead,MN,,Unavailable,43,42,31,3,33,46,33,97,33,33,33,33
Cedarville University,OH,,Unavailable,38,41,31,7,62,45,34,99,34,62,63,33
Anderson University,SC,,Unavailable,34,43,28,7,57,40,34,95,34,57,58,33
Nova Southeastern University,FL,,Unavailable,31,48,29,6,43,39,34,92,34,43,44,33
The College of New Jersey,NJ,,32,46,50,37,2,36,55,Unavailable,98,Unavailable,36,Unavailable,33
University of Arkansas at Pine Bluff,AR,,42,16,54,20,9,41,27,43,90,43,41,50,33
The University of Alabama,AL,,17,32,39,31,8,48,45,34,94,34,48,48,33
Texas A & M University-Corpus Christi,TX,,40,11,37,19,15,39,26,34,87,34,39,39,32
William Jewell College,MO,,Unavailable,37,38,29,2,38,41,34,97,34,38,36,32
Central Methodist University-College of Liberal Arts and Sciences,MO,,Unavailable,23,44,26,1,37,35,34,97,34,37,36,32
Capital University,OH,,Unavailable,32,43,28,4,46,39,34,93,34,46,45,32
Clemson University,SC,,20,39,47,38,2,50,54,32,98,32,50,50,32
Thomas Aquinas College,CA,,Unavailable,46,51,36,#VALUE!,45,53,34,98,34,45,46,32
John Brown University,AR,,Unavailable,37,44,32,15,41,46,33,93,33,41,41,32
Union College,NY,,Unavailable,48,51,35,#VALUE!,43,51,31,98,31,43,43,32
Southwestern Assemblies of God University,TX,,Unavailable,24,46,28,17,52,36,33,84,33,52,52,32
Georgia Southern University,GA,,38,19,42,25,13,46,37,33,89,33,46,46,32
Colorado Mesa University,CO,,33,17,36,21,16,39,31,33,85,33,39,39,32
Drexel University,PA,,Unavailable,19,50,34,6,37,49,31,93,31,37,37,32
Tarleton State University,TX,,40,18,42,26,22,42,35,32,85,32,42,42,32
Aquinas College,MI,,Unavailable,24,40,27,4,36,39,33,95,33,36,36,32
Illinois College,IL,,Unavailable,37,47,29,6,40,41,31,94,31,40,40,32
Hope College,MI,,Unavailable,44,47,33,2,44,50,33,98,33,44,44,32
Wright State University-Main Campus,OH,,38,16,35,24,16,39,31,33,84,33,39,37,32
Ohio Northern University,OH,,Unavailable,35,40,30,3,40,45,29,98,29,40,37,32
Hampton University,VA,,Unavailable,24,43,25,4,41,36,32,95,32,41,42,31
American College of the Building Arts,SC,,Unavailable,28,Unavailable,18,#VALUE!,45,28,31,69,31,45,44,31
Barnard College,NY,,Unavailable,51,56,40,2,47,58,31,100,31,47,47,31
College of Saint Benedict,MN,,Unavailable,44,47,32,1,34,47,30,99,30,34,33,31
Gallaudet University,DC,,Unavailable,13,47,28,14,45,41,25,76,25,45,39,31
Sam Houston State University,TX,,41,22,47,29,17,36,39,32,86,32,36,36,31
University of Southern California,CA,,Unavailable,47,57,41,25,43,58,29,39,29,43,43,31
Texas State University,TX,,39,20,43,27,10,36,39,32,92,32,36,37,31
Oberlin College,OH,,Unavailable,43,40,33,#VALUE!,48,50,32,100,32,48,50,31
University of Connecticut,CT,,24,43,52,35,2,34,52,31,98,31,34,34,31
Wayne State University,MI,,42,17,49,29,15,34,40,32,85,32,34,35,31
University of Louisiana at Lafayette,LA,,41,14,42,23,12,33,34,33,89,33,33,34,31
Southern Illinois University-Edwardsville,IL,,38,18,38,26,12,44,35,32,88,32,44,44,31
Minot State University,ND,,36,16,35,26,23,39,34,32,79,32,39,37,31
Saint Mary-of-the-Woods College,IN,,Unavailable,30,50,31,24,32,42,31,72,31,32,32,31
The University of Texas Permian Basin,TX,,40,15,41,26,32,33,32,31,68,31,33,33,31
Charleston Southern University,SC,,Unavailable,23,38,25,11,49,34,32,88,32,49,50,31
Southwestern University,TX,,Unavailable,41,44,32,#VALUE!,42,46,32,97,32,42,42,31
Hendrix College,AR,,Unavailable,42,43,30,#VALUE!,41,45,35,99,35,41,42,30
Michigan State University,MI,,27,35,47,35,3,36,51,31,98,31,36,37,30
The Christ College of Nursing and Health Sciences,OH,,Unavailable,25,41,28,26,37,38,32,67,32,37,36,30
Smith College,MA,,Unavailable,51,55,37,#VALUE!,44,55,31,98,31,44,46,30
York College of Pennsylvania,PA,,Unavailable,30,37,30,7,32,42,31,94,31,32,33,30
Saint Francis University,PA,,Unavailable,40,44,30,19,39,45,31,94,31,39,39,30
Troy University,AL,,40,18,41,27,36,37,35,33,66,33,37,37,30
Texas A & M International University,TX,,51,16,58,24,15,35,34,31,87,31,35,36,30
Faith Baptist Bible College and Theological Seminary,IA,,Unavailable,27,47,24,15,44,35,35,95,35,44,44,30
Belmont University,TN,,Unavailable,34,41,30,3,48,43,33,96,33,48,49,30
Alabama A & M University,AL,,39,7,47,14,7,46,20,28,93,28,46,42,30
Kent State University at Kent,OH,,32,31,43,29,11,42,43,30,92,30,42,42,30
Cabarrus College of Health Sciences,NC,,Unavailable,Unavailable,14,Unavailable,44,57,Unavailable,33,49,33,57,58,30
Lehigh University,PA,,Unavailable,47,51,35,1,38,53,29,100,29,38,39,30
Dallas Christian College,TX,,Unavailable,5,37,19,16,49,19,29,79,29,49,48,29
West Texas A & M University,TX,,37,17,44,26,21,48,33,30,79,30,48,48,29
The University of the South,TN,,Unavailable,45,50,33,#VALUE!,45,49,36,100,36,45,50,29
University of Oklahoma-Norman Campus,OK,,23,30,45,33,8,50,48,29,93,29,50,49,29
University of Minnesota-Duluth,MN,,29,27,40,29,6,31,41,28,97,28,31,30,29
Benedictine College,KS,,Unavailable,26,49,27,3,46,39,29,99,29,46,45,29
Brandeis University,MA,,Unavailable,49,48,36,0,39,53,28,100,28,39,38,29
University of North Texas,TX,,38,24,47,31,13,36,42,30,87,30,36,36,29
Xavier University of Louisiana,LA,,Unavailable,22,47,21,2,47,31,30,98,30,47,48,29
University of Vermont,VT,,9,42,40,33,4,39,48,30,96,30,39,40,29
College of the Holy Cross,MA,,Unavailable,54,52,38,#VALUE!,45,56,30,100,30,45,46,29
Andrews University,MI,,Unavailable,25,42,34,10,50,47,30,89,30,50,52,29
Angelo State University,TX,,42,19,41,22,21,47,31,30,93,30,47,47,29
Augustana College,IL,,Unavailable,46,48,33,1,35,49,29,98,29,35,35,29
Lamar University,TX,,42,10,37,22,30,33,29,29,68,29,33,33,29
Washington University in St Louis,MO,,Unavailable,52,55,39,6,54,57,27,92,27,54,54,29
Mount St. Joseph University,OH,,Unavailable,25,39,25,10,40,34,32,95,32,40,40,29
Auburn University at Montgomery,AL,,41,8,39,20,21,35,28,33,80,33,35,35,29
Grinnell College,IA,,Unavailable,49,51,35,#VALUE!,47,52,27,100,27,47,47,29
Carleton College,MN,,Unavailable,52,52,37,#VALUE!,53,55,28,100,28,53,54,29
Gettysburg College,PA,,Unavailable,47,55,33,0,34,49,29,100,29,34,35,28
University of Miami,FL,,Unavailable,44,48,36,3,47,52,28,97,28,47,47,28
University of North Carolina at Chapel Hill,NC,,29,51,55,40,2,57,57,31,98,31,57,57,28
Ohio State University-Main Campus,OH,,25,40,51,40,6,42,56,30,94,30,42,42,28
Babson College,MA,,Unavailable,54,56,39,1,32,57,26,100,26,32,31,28
University of Saint Francis-Fort Wayne,IN,,Unavailable,31,48,29,10,34,39,29,85,29,34,34,28
Christian Brothers University,TN,,Unavailable,33,42,29,11,37,40,33,91,33,37,39,28
LeTourneau University,TX,,Unavailable,32,42,29,25,44,41,28,93,28,44,44,28
St Olaf College,MN,,Unavailable,49,50,35,0,40,51,32,100,32,40,42,28
University of Houston-Downtown,TX,,45,6,44,22,42,30,27,28,58,28,30,30,28
Pomona College,CA,,Unavailable,52,57,38,#VALUE!,42,56,27,99,27,42,42,28
Claremont McKenna College,CA,,Unavailable,48,58,38,#VALUE!,42,56,27,100,27,42,42,28
Union College,KY,,Unavailable,17,45,22,10,38,28,26,88,26,38,36,28
Trinity University,TX,,Unavailable,41,51,33,#VALUE!,42,48,28,99,28,42,43,28
Baptist University of Florida,FL,,Unavailable,17,57,23,40,56,28,31,71,31,56,58,28
Butler University,IN,,Unavailable,45,42,34,2,43,50,28,99,28,43,43,28
Lafayette College,PA,,Unavailable,51,48,36,0,40,53,27,100,27,40,40,28
University of North Georgia,GA,,36,16,42,21,17,40,31,29,91,29,40,40,28
Kennesaw State University,GA,,39,10,42,24,17,41,34,29,88,29,41,41,28
The University of Texas at Tyler,TX,,41,16,46,25,22,39,31,28,79,28,39,40,28
University of Illinois Springfield,IL,,36,23,43,33,35,35,39,27,67,27,35,34,28
Rockhurst University,MO,,Unavailable,41,48,36,16,31,49,27,91,27,31,30,27
Bluefield State University,WV,,33,10,39,19,23,39,28,28,81,28,39,38,27
Pennsylvania State University-Main Campus,PA,,18,41,46,35,2,32,53,27,98,27,32,32,27
Long Island University,NY,,Unavailable,20,41,25,20,31,34,28,93,28,31,31,27
Avila University,MO,,Unavailable,17,45,24,14,33,30,32,82,32,33,36,27
DeSales University,PA,,Unavailable,38,42,31,14,30,44,28,86,28,30,30,27
Clayton  State University,GA,,48,8,48,22,36,37,28,29,69,29,37,37,27
York University,NE,,Unavailable,16,32,20,7,50,25,29,90,29,50,49,27
Winona State University,MN,,26,26,38,30,11,28,41,26,90,26,28,27,27
Georgetown College,KY,,Unavailable,31,37,25,1,30,36,28,99,28,30,30,27
West Virginia Wesleyan College,WV,,Unavailable,26,37,26,2,42,36,28,97,28,42,43,27
University of Northern Iowa,IA,,32,26,42,34,9,29,46,27,91,27,29,28,27
Juniata College,PA,,Unavailable,44,48,32,1,31,47,28,99,28,31,31,27
University at Buffalo,NY,,35,36,51,34,5,29,48,26,95,26,29,29,27
Franklin College,IN,,Unavailable,34,47,27,3,30,38,27,96,27,30,30,27
Embry-Riddle Aeronautical University-Prescott,AZ,,Unavailable,24,39,30,4,46,44,27,93,27,46,46,27
Franklin and Marshall College,PA,,Unavailable,47,53,33,#VALUE!,35,50,27,100,27,35,35,27
George Mason University,VA,,32,29,49,34,17,29,48,28,83,28,29,30,27
Bellarmine University,KY,,Unavailable,35,42,30,5,34,42,28,94,28,34,34,27
George Washington University,DC,,Unavailable,46,50,37,7,37,53,27,93,27,37,38,27
Northeastern University Oakland,CA,,Unavailable,Unavailable,Unavailable,Unavailable,#VALUE!,31,Unavailable,25,98,25,31,31,27
Boston University,MA,,Unavailable,50,55,39,2,35,56,25,97,25,35,35,27
Boston College,MA,,Unavailable,53,51,37,2,41,55,26,98,26,41,41,27
Wesleyan University,CT,,Unavailable,52,53,37,2,40,55,26,98,26,40,40,27
Friends University,KS,,Unavailable,17,50,22,17,37,29,27,91,27,37,36,27
University of Minnesota-Twin Cities,MN,,26,43,49,37,10,34,53,26,95,26,34,33,26
Muhlenberg College,PA,,Unavailable,46,53,34,2,36,50,28,97,28,36,37,26
Wisconsin Lutheran College,WI,,Unavailable,30,39,27,3,30,38,25,97,25,30,29,26
Indiana University-Indianapolis,IN,,38,23,43,27,14,30,38,26,84,26,30,30,26
Macalester College,MN,,Unavailable,51,55,36,#VALUE!,51,54,27,100,27,51,52,26
Saint Louis University,MO,,Unavailable,44,45,36,16,41,51,28,93,28,41,42,26
Montana State University,MT,,16,19,29,24,8,44,35,25,92,25,44,43,26
Birmingham-Southern College,AL,,Unavailable,39,36,30,1,34,44,27,99,27,34,34,26
Rocky Mountain College,MT,,Unavailable,25,36,25,3,33,34,27,94,27,33,33,26
Northland College,WI,,Unavailable,30,33,26,3,42,37,30,98,30,42,42,26
University of Maryland-Baltimore County,MD,,35,27,49,32,9,29,46,26,90,26,29,29,26
University of Cincinnati-Main Campus,OH,,30,23,40,31,12,36,46,25,91,25,36,34,26
Northeastern University,MA,,Unavailable,0,51,40,0,33,57,25,99,25,33,32,26
Whitman College,WA,,Unavailable,47,44,37,#VALUE!,36,55,27,98,27,36,36,26
Pacific Union College,CA,,Unavailable,15,39,24,20,33,31,29,71,29,33,35,26
University of Saint Mary,KS,,Unavailable,20,45,28,12,32,34,27,88,27,32,32,26
University of Mary Hardin-Baylor,TX,,Unavailable,23,41,24,7,36,34,27,91,27,36,36,26
Texas Southern University,TX,,47,5,45,13,11,36,18,28,86,28,36,36,26
Colorado State University Pueblo,CO,,39,13,37,22,25,29,30,26,83,26,29,29,26
Washington and Lee University,VA,,Unavailable,55,52,38,#VALUE!,49,56,25,99,25,49,49,26
Pennsylvania State University-Penn State Erie-Behrend College,PA,,29,19,36,21,3,28,29,26,96,26,28,28,26
Wofford College,SC,,Unavailable,45,49,33,#VALUE!,42,49,26,100,26,42,43,25
University of South Carolina-Columbia,SC,,30,40,45,34,3,39,49,26,97,26,39,39,25
Indiana University-Kokomo,IN,,39,16,39,22,22,26,31,25,82,25,26,26,25
Wentworth Institute of Technology,MA,,Unavailable,34,45,30,5,27,44,25,96,25,27,27,25
Lake Erie College,OH,,Unavailable,22,33,27,8,28,33,24,92,24,28,26,25
Tulane University of Louisiana,LA,,Unavailable,46,43,35,5,40,52,29,96,29,40,42,25
Georgia State University,GA,,43,20,52,25,17,33,37,26,85,26,33,34,25
Midland University,NE,,Unavailable,23,33,23,6,30,30,26,95,26,30,30,25
Mercer University,GA,,Unavailable,38,50,36,18,38,48,26,77,26,38,39,25
Hofstra University,NY,,Unavailable,36,42,30,2,29,43,25,98,25,29,29,25
Baylor University,TX,,Unavailable,41,43,34,2,40,50,25,98,25,40,41,25
University of Rochester,NY,,Unavailable,46,47,35,5,33,52,23,94,23,33,33,25
Maine Maritime Academy,ME,,23,32,40,30,3,31,45,25,95,25,31,30,25
Tiffin University,OH,,Unavailable,22,37,23,29,39,31,25,75,25,39,38,25
Vanderbilt University,TN,,Unavailable,53,54,40,0,49,58,25,100,25,49,49,25
Concordia University Texas,TX,,Unavailable,16,36,22,22,30,28,25,68,25,30,30,25
Austin Peay State University,TN,,43,14,44,22,27,29,29,27,76,27,29,29,25
Virginia Commonwealth University,VA,,35,29,45,31,9,28,45,26,91,26,28,29,25
Brigham Young University-Idaho,ID,,Unavailable,9,38,24,52,47,37,24,55,24,47,46,24
Earlham College,IN,,Unavailable,38,45,31,1,41,45,26,99,26,41,42,24
St. Mary's College of Maryland,MD,,30,38,34,32,1,28,46,26,98,26,28,29,24
University of Northwestern-St Paul,MN,,Unavailable,35,47,31,16,28,43,24,97,24,28,27,24
University of Connecticut-Hartford Campus,CT,,43,25,56,28,4,25,42,24,95,24,25,25,24
Warner University,FL,,Unavailable,15,41,23,11,35,25,26,90,26,35,36,24
University of Wisconsin-Madison,WI,,17,41,50,37,4,38,55,26,97,26,38,38,24
University of Houston-Victoria,TX,,41,5,39,19,51,27,22,25,53,25,27,28,24
Illinois State University,IL,,37,29,42,33,4,31,45,25,96,25,31,31,24
Scripps College,CA,,Unavailable,46,49,34,#VALUE!,40,50,24,100,24,40,41,24
Wake Forest University,NC,,Unavailable,52,48,36,0,44,55,23,100,23,44,45,24
Rowan University,NJ,,36,28,47,35,11,26,48,24,89,24,26,26,24
Ohio University-Main Campus,OH,,30,31,38,30,17,34,43,24,85,24,34,33,24
Kentucky Christian University,KY,,Unavailable,19,38,20,7,29,25,28,95,28,29,30,24
Texas Tech University,TX,,35,23,42,29,8,32,41,24,93,24,32,31,24
University of Science and Arts of Oklahoma,OK,,41,13,43,24,8,34,29,27,89,27,34,34,24
University of Massachusetts-Amherst,MA,,25,46,50,37,5,27,53,23,95,23,27,27,24
Bethel University,MN,,Unavailable,40,46,33,17,27,47,24,90,24,27,26,24
Greenville University,IL,,Unavailable,27,42,25,9,34,33,24,90,24,34,34,24
Lander University,SC,,39,22,44,26,9,34,36,24,94,24,34,34,23
University of Colorado Colorado Springs,CO,,31,14,32,24,19,29,32,25,78,25,29,29,23
Bucknell University,PA,,Unavailable,50,45,36,#VALUE!,32,53,23,100,23,32,32,23
Logan University,MO,,Unavailable,Unavailable,22,Unavailable,66,43,Unavailable,23,47,23,43,43,23
University of Massachusetts-Lowell,MA,,33,28,47,33,19,26,46,24,82,24,26,26,23
Saint Joseph's University,PA,,Unavailable,45,47,35,3,26,51,24,98,24,26,26,23
Ohio Wesleyan University,OH,,Unavailable,35,39,26,1,35,39,24,99,24,35,34,23
Lawrence University,WI,,Unavailable,41,47,33,#VALUE!,46,49,27,99,27,46,47,23
Saint Mary's College,IN,,Unavailable,41,49,30,1,38,45,25,99,25,38,39,23
University of Puget Sound,WA,,Unavailable,40,37,31,1,35,45,24,98,24,35,36,23
Villanova University,PA,,Unavailable,53,51,37,3,33,55,23,96,23,33,33,23
Bethune-Cookman University,FL,,Unavailable,9,53,16,3,33,22,25,96,25,33,33,23
Furman University,SC,,Unavailable,45,43,32,1,44,49,24,100,24,44,46,23
Commonwealth University of Pennsylvania,PA,,35,25,38,26,7,24,36,23,94,23,24,25,23
Olivet Nazarene University,IL,,Unavailable,33,45,30,6,33,41,23,94,23,33,34,23
Texas A&M University-San Antonio,TX,,46,Unavailable,40,Unavailable,30,26,Unavailable,23,67,23,26,26,23
University of Dallas,TX,,Unavailable,41,42,30,2,34,44,24,98,24,34,35,23
University of Mary Washington,VA,,30,35,40,32,11,28,45,25,88,25,28,29,23
Ball State University,IN,,37,32,45,30,8,25,43,24,94,24,25,26,23
Lancaster Bible College,PA,,Unavailable,28,47,41,41,26,47,24,59,24,26,26,23
Denison University,OH,,Unavailable,46,48,33,#VALUE!,44,50,23,100,23,44,45,23
Wittenberg University,OH,,Unavailable,34,34,29,1,27,41,22,99,22,27,27,23
Texas A&M University-Texarkana,TX,,43,11,39,20,28,37,23,25,70,25,37,37,23
Houston Christian University,TX,,Unavailable,19,50,23,17,27,30,23,86,23,27,27,23
Jacksonville State University,AL,,45,16,46,24,14,29,34,26,89,26,29,30,23
Santa Clara University,CA,,Unavailable,51,53,38,1,33,56,Unavailable,99,Unavailable,33,Unavailable,23
Southern Illinois University-Carbondale,IL,,35,19,40,27,17,30,33,23,81,23,30,30,23
Pennsylvania State University-Penn State Brandywine,PA,,32,8,28,13,4,24,18,23,96,23,24,24,23
University of New Hampshire-Main Campus,NH,,16,42,45,33,1,24,48,23,98,23,24,25,23
Elizabethtown College,PA,,Unavailable,42,44,32,6,25,47,23,94,23,25,26,22
Drake University,IA,,Unavailable,42,45,33,2,30,48,23,97,23,30,30,22
Viterbo University,WI,,Unavailable,29,42,34,19,26,44,23,79,23,26,26,22
Randolph-Macon College,VA,,Unavailable,40,46,31,1,26,44,23,99,23,26,26,22
University of Illinois Chicago,IL,,42,22,54,30,7,25,42,22,91,22,25,26,22
Appalachian Bible College,WV,,Unavailable,43,60,32,18,42,45,25,76,25,42,45,22
University of Missouri-St Louis,MO,,36,22,48,35,34,29,44,22,85,22,29,28,22
University of the Pacific,CA,,Unavailable,26,50,30,#VALUE!,26,44,22,94,22,26,26,22
University of Denver,CO,,Unavailable,40,45,32,7,36,48,23,91,23,36,36,22
Valdosta State University,GA,,41,13,45,22,22,32,30,23,83,23,32,33,22
Belmont Abbey College,NC,,Unavailable,23,32,23,6,40,31,22,94,22,40,40,22
North Carolina State University at Raleigh,NC,,29,38,50,37,5,41,54,23,95,23,41,40,22
Wheaton College,IL,,Unavailable,49,52,36,1,38,54,22,99,22,38,39,22
American University,DC,,Unavailable,44,46,33,2,36,48,23,99,23,36,38,22
The College of Wooster,OH,,Unavailable,42,42,31,0,42,47,22,100,22,42,43,22
Franciscan University of Steubenville,OH,,Unavailable,38,48,32,10,41,45,23,94,23,41,42,22
Pennsylvania State University-Penn State Berks,PA,,28,10,26,14,6,25,19,22,93,22,25,25,22
Miami University-Oxford,OH,,20,44,44,34,1,31,51,22,99,22,31,30,22
DePaul University,IL,,Unavailable,35,48,33,8,31,46,23,90,23,31,32,22
University of Dayton,OH,,Unavailable,38,47,33,2,31,49,23,98,23,31,31,22
St. John's University-New York,NY,,Unavailable,31,51,29,13,23,43,22,99,22,23,24,22
Drew University,NJ,,Unavailable,41,52,32,3,25,46,22,96,22,25,26,22
Georgia College & State University,GA,,32,29,41,27,3,36,38,23,99,23,36,37,22
North Greenville University,SC,,Unavailable,28,40,28,13,39,38,22,90,22,39,39,22
Piedmont University,GA,,Unavailable,24,40,25,10,31,33,23,85,23,31,31,22
McPherson College,KS,,Unavailable,26,38,25,1,39,35,22,98,22,39,37,22
Hobart William Smith Colleges,NY,,Unavailable,41,48,30,#VALUE!,27,44,22,99,22,27,27,22
Webster University,MO,,Unavailable,27,39,30,18,30,39,25,79,25,30,31,22
Dallas Baptist University,TX,,Unavailable,28,38,31,16,32,41,22,88,22,32,33,21
Thomas More University,KY,,Unavailable,21,30,22,13,25,32,22,96,22,25,25,21
University of North Carolina at Charlotte,NC,,36,26,49,32,9,37,45,20,91,20,37,36,21
Nebraska Wesleyan University,NE,,Unavailable,35,45,30,3,24,42,21,96,21,24,23,21
Hamline University,MN,,Unavailable,33,47,29,4,24,40,20,95,20,24,23,21
Stephens College,MO,,Unavailable,31,43,26,7,32,35,28,89,28,32,33,21
Bentley University,MA,,Unavailable,50,51,36,1,24,54,20,100,20,24,24,21
Skidmore College,NY,,Unavailable,49,47,34,#VALUE!,29,51,22,99,22,29,30,21
University of Connecticut-Stamford,CT,,43,22,52,26,5,23,38,22,94,22,23,23,21
Roanoke College,VA,,Unavailable,40,42,30,2,26,44,22,97,22,26,28,21
Bradley University,IL,,Unavailable,34,47,32,2,28,47,21,98,21,28,28,21
Monmouth College,IL,,Unavailable,30,40,24,0,24,36,21,99,21,24,23,21
University of St Thomas,MN,,Unavailable,41,45,33,2,24,49,21,97,21,24,23,21
Thomas Jefferson University,PA,,Unavailable,34,47,39,13,23,50,21,81,21,23,23,21
Indiana University of Pennsylvania-Main Campus,PA,,39,25,40,25,8,22,37,21,91,21,22,22,21
Occidental College,CA,,Unavailable,47,54,35,1,33,51,21,100,21,33,34,21
Baldwin Wallace University,OH,,Unavailable,32,44,30,3,40,42,20,95,20,40,40,21
University of Pittsburgh-Bradford,PA,,34,17,46,18,3,24,25,21,96,21,24,24,21
Marywood University,PA,,Unavailable,34,45,31,5,22,45,21,93,21,22,22,21
Lycoming College,PA,,Unavailable,32,49,28,1,23,41,22,99,22,23,23,21
Pennsylvania State University-Penn State Abington,PA,,32,8,36,13,5,21,18,21,93,21,21,21,21
University of Massachusetts-Boston,MA,,37,16,46,26,13,22,35,21,84,21,22,22,21
Quinnipiac University,CT,,Unavailable,46,42,34,3,23,49,21,97,21,23,24,21
Davis & Elkins College,WV,,Unavailable,23,38,25,4,23,33,21,92,21,23,22,21
Pennsylvania State University-Penn State Harrisburg,PA,,22,10,32,15,4,22,20,20,93,20,22,22,21
Gonzaga University,WA,,Unavailable,45,49,36,1,28,52,21,98,21,28,28,20
Grambling State University,LA,,52,7,51,14,13,30,21,20,88,20,30,29,20
Chatham University,PA,,Unavailable,34,45,29,13,27,41,21,86,21,27,28,20
Indiana University-Southeast,IN,,38,13,32,20,25,27,28,21,78,21,27,27,20
Pennsylvania State University-Penn State Lehigh Valley,PA,,37,5,27,12,8,23,14,21,91,21,23,23,20
Marquette University,WI,,Unavailable,38,46,34,2,32,50,21,99,21,32,32,20
Moore College of Art and Design,PA,,Unavailable,31,47,28,4,23,38,19,92,19,23,23,20
Abraham Baldwin Agricultural College,GA,,38,11,32,17,16,28,23,21,92,21,28,28,20
Ursinus College,PA,,Unavailable,40,48,30,#VALUE!,26,45,21,99,21,26,27,20
Fordham University,NY,,Unavailable,47,47,35,3,28,52,20,96,20,28,29,20
Syracuse University,NY,,Unavailable,43,48,34,3,28,51,20,97,20,28,28,20
St. John Fisher University,NY,,Unavailable,39,49,32,2,22,46,20,97,20,22,23,20
Alfred University,NY,,Unavailable,28,43,28,3,24,39,20,96,20,24,24,20
Valparaiso University,IN,,Unavailable,39,43,32,2,25,47,21,96,21,25,25,20
University of South Carolina Aiken,SC,,41,14,38,24,20,28,32,20,82,20,28,28,20
Converse University,SC,,Unavailable,31,41,27,3,31,38,22,94,22,31,32,20
Grace College and Theological Seminary,IN,,Unavailable,41,48,31,9,25,45,21,95,21,25,26,20
Saint Cloud State University,MN,,31,14,36,26,24,21,34,19,87,19,21,20,20
University of Hawaii-West Oahu,HI,,39,8,41,27,46,25,32,20,61,20,25,25,20
Mercy College of Ohio,OH,,Unavailable,2,41,35,60,29,42,20,37,20,29,29,20
Life University,GA,,Unavailable,14,33,26,14,25,33,19,84,19,25,25,20
SUNY Polytechnic Institute,NY,,40,35,46,34,16,21,45,19,84,19,21,21,20
Colgate University,NY,,Unavailable,52,50,37,#VALUE!,36,54,19,100,19,36,37,20
Western Colorado University,CO,,28,17,35,24,21,27,33,20,93,20,27,27,20
Stockton University,NJ,,41,36,55,36,6,20,50,20,89,20,20,21,20
Pennsylvania State University-Penn State Altoona,PA,,25,5,23,8,3,22,10,20,96,20,22,21,20
Howard University,DC,,Unavailable,32,53,27,3,27,40,21,98,21,27,28,20
Yeshiva University,NY,,Unavailable,43,50,33,2,36,50,19,100,19,36,37,20
Lubbock Christian University,TX,,Unavailable,19,34,24,10,35,31,20,90,20,35,34,20
Biola University,CA,,Unavailable,33,45,32,7,26,46,21,92,21,26,27,20
Seton Hall University,NJ,,Unavailable,40,48,31,2,23,44,20,98,20,23,23,20
Illinois Wesleyan University,IL,,Unavailable,46,49,34,0,29,50,20,99,20,29,29,20
University of Toledo,OH,,32,19,36,26,13,27,37,19,90,19,27,26,19
Luther College,IA,,Unavailable,40,43,30,1,29,44,19,100,19,29,27,19
Cornell College,IA,,Unavailable,36,50,28,#VALUE!,27,40,21,100,21,27,28,19
Duquesne University,PA,,Unavailable,40,38,33,1,23,48,20,98,20,23,24,19
Ithaca College,NY,,Unavailable,43,43,32,1,25,47,20,99,20,25,25,19
University of Hawaii at Hilo,HI,,34,16,41,25,19,37,32,21,81,21,37,36,19
Lewis University,IL,,Unavailable,26,44,33,17,23,42,19,85,19,23,22,19
Indiana University-Northwest,IN,,42,13,37,20,26,20,27,19,76,19,20,21,19
Hardin-Simmons University,TX,,Unavailable,24,37,24,4,31,33,20,94,20,31,31,19
Spring Arbor University,MI,,Unavailable,28,41,32,19,22,43,19,82,19,22,21,19
University of Delaware,DE,,14,44,43,35,4,22,52,20,98,20,22,22,19
Florida Southern College,FL,,Unavailable,38,44,30,4,35,42,20,95,20,35,35,19
Loyola University Chicago,IL,,Unavailable,39,46,31,6,29,44,20,95,20,29,30,19
Dillard University,LA,,Unavailable,24,55,24,4,28,35,22,94,22,28,28,19
New York Institute of Technology,NY,,Unavailable,23,48,25,6,22,35,18,93,18,22,21,19
Rutgers University-Camden,NJ,,41,26,56,36,19,20,49,19,76,19,20,20,19
Wilkes University,PA,,Unavailable,30,42,28,6,20,40,19,93,19,20,21,19
Seattle University,WA,,Unavailable,39,46,34,3,23,48,19,95,19,23,24,19
Thomas University,GA,,Unavailable,15,37,36,34,28,41,18,59,18,28,26,19
Virginia Military Institute,VA,,20,38,42,30,#VALUE!,25,45,19,99,19,25,25,19
Saint Anselm College,NH,,Unavailable,44,47,32,1,20,47,20,100,20,20,20,19
Goucher College,MD,,Unavailable,31,49,26,2,26,37,20,98,20,26,26,19
Metropolitan State University of Denver,CO,,39,7,33,20,32,21,25,19,71,19,21,21,19
Sweet Briar College,VA,,Unavailable,25,45,18,1,25,26,20,99,20,25,25,19
Carroll University,WI,,Unavailable,34,41,30,4,24,43,19,95,19,24,23,19
Westminster University,UT,,Unavailable,31,45,30,6,23,42,21,90,21,23,24,19
Kentucky State University,KY,,33,13,47,18,12,24,25,18,93,18,24,23,19
Trinity Baptist College,FL,,Unavailable,5,45,17,22,37,18,19,80,19,37,36,19
Texas Lutheran University,TX,,Unavailable,21,37,27,6,22,36,19,89,19,22,22,19
Palm Beach Atlantic University,FL,,Unavailable,30,42,29,12,28,40,20,94,20,28,29,19
Hollins University,VA,,Unavailable,35,49,25,1,28,36,20,97,20,28,29,18
Southern Virginia University,VA,,Unavailable,17,38,23,#VALUE!,24,30,19,94,19,24,24,18
Eckerd College,FL,,Unavailable,38,41,29,#VALUE!,32,43,20,99,20,32,32,18
University of Health Sciences and Pharmacy in St. Louis,MO,,Unavailable,42,47,35,2,35,49,19,97,19,35,34,18
Providence College,RI,,Unavailable,51,48,37,2,24,54,18,98,18,24,25,18
North Central College,IL,,Unavailable,34,46,33,3,23,44,18,96,18,23,22,18
Saint Norbert College,WI,,Unavailable,45,43,32,5,22,47,18,99,18,22,22,18
Colorado College,CO,,Unavailable,49,46,35,#VALUE!,33,52,18,100,18,33,34,18
Kenyon College,OH,,Unavailable,50,47,35,#VALUE!,33,53,18,100,18,33,35,18
Pennsylvania State University-Penn State Beaver,PA,,30,7,31,10,4,21,13,18,95,18,21,21,18
Roger Williams University,RI,,Unavailable,40,39,33,8,20,46,19,92,19,20,20,18
Carthage College,WI,,Unavailable,37,35,29,1,28,43,18,98,18,28,29,18
Indiana University-South Bend,IN,,40,11,37,20,20,19,28,18,80,18,19,19,18
Coastal Carolina University,SC,,19,22,37,25,4,24,34,19,97,19,24,24,18
Huntingdon College,AL,,Unavailable,20,40,20,1,23,29,20,99,20,23,22,18
St Bonaventure University,NY,,Unavailable,41,43,30,1,20,44,17,99,17,20,20,18
The University of Texas Rio Grande Valley,TX,,51,15,56,23,17,32,36,18,86,18,32,31,18
Trinity Christian College,IL,,Unavailable,32,41,36,6,24,46,18,91,18,24,24,18
Mount Holyoke College,MA,,Unavailable,49,51,35,#VALUE!,20,52,18,98,18,20,20,18
Jacksonville University,FL,,Unavailable,24,40,24,9,27,32,18,86,18,27,27,17
Stetson University,FL,,Unavailable,35,46,28,2,26,40,18,97,18,26,26,17
Xavier University,OH,,Unavailable,41,37,32,4,34,47,18,95,18,34,33,17
High Point University,NC,,Unavailable,39,40,29,1,29,43,18,99,18,29,29,17
Adelphi University,NY,,Unavailable,37,47,31,4,20,45,18,96,18,20,20,17
Rhodes College,TN,,Unavailable,49,48,34,#VALUE!,25,52,21,98,21,25,28,17
University of Pittsburgh-Greensburg,PA,,35,15,37,18,3,20,24,18,96,18,20,20,17
Spelman College,GA,,Unavailable,40,48,31,28,30,46,18,75,18,30,31,17
Knox College,IL,,Unavailable,39,44,31,1,24,46,17,98,17,24,24,17
Tennessee State University,TN,,31,11,44,14,8,21,20,18,92,18,21,20,17
Millikin University,IL,,Unavailable,26,35,26,6,20,36,17,93,17,20,20,17
Central Connecticut State University,CT,,37,17,39,28,13,18,39,17,83,17,18,18,17
Slippery Rock University of Pennsylvania,PA,,33,32,42,32,5,19,44,17,95,17,19,19,17
Wheaton College (Massachusetts),MA,,Unavailable,39,52,30,1,20,44,18,99,18,20,20,17
John Paul the Great Catholic University,CA,,Unavailable,37,50,29,#VALUE!,24,40,18,91,18,24,24,17
Southern Wesleyan University,SC,,Unavailable,27,37,27,25,29,36,17,79,17,29,27,17
University of La Verne,CA,,Unavailable,36,56,33,19,19,46,17,76,17,19,19,17
University of the Incarnate Word,TX,,Unavailable,23,47,27,16,20,38,17,79,17,20,21,17
Rollins College,FL,,Unavailable,38,48,31,#VALUE!,32,44,17,94,17,32,33,17
Brigham Young University-Hawaii,HI,,Unavailable,18,33,22,15,22,32,17,67,17,22,22,17
University of Colorado Boulder,CO,,19,32,42,32,5,24,47,17,94,17,24,23,17
Point Park University,PA,,Unavailable,32,46,29,11,22,40,18,88,18,22,22,17
Wingate University,NC,,Unavailable,32,40,28,3,23,39,16,96,16,23,22,17
Morgan State University,MD,,33,12,47,20,7,18,30,16,90,16,18,17,16
Emerson College,MA,,Unavailable,46,45,34,1,23,50,17,99,17,23,24,16
University of St Thomas,TX,,Unavailable,21,53,30,20,20,42,17,78,17,20,20,16
Monmouth University,NJ,,Unavailable,35,49,31,2,18,44,17,98,17,18,18,16
University of Colorado Denver/Anschutz Medical Campus,CO,,33,14,40,27,24,20,36,17,81,17,20,20,16
Fort Lewis College,CO,,26,18,35,21,9,23,30,17,88,17,23,23,16
Indiana University-East,IN,,38,20,38,25,48,21,31,16,61,16,21,21,16
SUNY Oneonta,NY,,38,39,49,34,2,20,47,16,98,16,20,20,16
Brevard College,NC,,Unavailable,16,38,18,2,32,23,17,96,17,32,33,16
Le Moyne College,NY,,Unavailable,41,47,35,7,18,49,16,93,16,18,18,16
Seattle Pacific University,WA,,Unavailable,34,43,29,3,19,41,16,94,16,19,19,16
John Carroll University,OH,,Unavailable,42,43,32,1,28,47,16,99,16,28,28,16
Texas Christian University,TX,,Unavailable,43,47,36,2,28,51,16,97,16,28,29,16
Howard Payne University,TX,,Unavailable,14,38,19,9,25,25,16,91,16,25,25,16
LIM College,NY,,Unavailable,23,44,29,14,19,38,17,93,17,19,19,16
Alabama State University,AL,,39,6,50,14,8,22,20,17,93,17,22,22,16
Connecticut College,CT,,Unavailable,47,47,33,1,23,49,16,100,16,23,24,16
College of Charleston,SC,,20,35,39,31,5,24,43,16,94,16,24,24,15
Simmons University,MA,,Unavailable,40,47,33,11,17,45,16,88,16,17,18,15
Appalachian State University,NC,,32,34,46,34,6,23,48,15,94,15,23,23,15
West Liberty University,WV,,30,25,43,21,10,25,28,16,94,16,25,26,15
University of Arizona,AZ,,24,30,43,30,17,26,43,15,86,15,26,26,15
Delaware State University,DE,,31,20,41,22,8,17,31,16,95,16,17,18,15
Texas A & M University-Commerce,TX,,41,16,42,25,32,19,31,15,68,15,19,19,15
University of Northern Colorado,CO,,32,22,38,26,13,18,36,16,89,16,18,18,15
Houghton University,NY,,Unavailable,34,49,30,9,20,43,16,94,16,20,21,15
Rhode Island School of Design,RI,,Unavailable,42,51,37,#VALUE!,18,55,15,98,15,18,18,15
University of Dubuque,IA,,Unavailable,16,36,21,11,26,28,15,85,15,26,24,15
Southern Methodist University,TX,,Unavailable,45,47,35,1,28,51,15,98,15,28,29,15
Adrian College,MI,,Unavailable,23,37,23,2,19,32,15,99,15,19,18,15
Niagara University,NY,,Unavailable,39,45,32,6,16,45,15,89,15,16,17,15
Whitworth University,WA,,Unavailable,38,47,32,2,19,47,16,97,16,19,19,15
Westmont College,CA,,Unavailable,41,41,32,2,22,46,15,96,15,22,23,15
Georgia Southwestern State University,GA,,43,12,40,22,30,23,27,16,77,16,23,22,15
University of North Carolina Asheville,NC,,34,29,42,32,11,24,43,16,84,16,24,24,15
Catawba College,NC,,Unavailable,32,43,30,9,24,40,14,90,14,24,23,15
Ursuline College,OH,,Unavailable,19,42,27,19,23,34,14,74,14,23,22,15
Wartburg College,IA,,Unavailable,40,38,30,1,18,43,15,99,15,18,17,15
William Penn University,IA,,Unavailable,13,34,22,18,26,26,16,78,16,26,25,15
Berry College,GA,,Unavailable,40,50,30,1,28,45,15,100,15,28,28,15
Coe College,IA,,Unavailable,35,42,29,1,20,41,14,98,14,20,20,15
Western New England University,MA,,Unavailable,32,37,28,3,15,40,15,97,15,15,15,14
Austin College,TX,,Unavailable,39,48,29,1,23,42,15,99,15,23,23,14
SUNY College at Geneseo,NY,,35,41,43,33,2,16,48,15,99,15,16,16,14
Northwest University,WA,,Unavailable,32,41,29,4,18,39,14,92,14,18,18,14
Quincy University,IL,,Unavailable,19,34,22,6,20,28,15,96,15,20,21,14
Western Carolina University,NC,,33,26,43,31,20,21,41,14,80,14,21,21,14
Gardner-Webb University,NC,,Unavailable,22,41,26,23,24,33,13,75,13,24,23,14
Midway University,KY,,Unavailable,32,45,30,25,17,40,15,83,15,17,17,14
Pennsylvania State University-Penn State New Kensington,PA,,34,10,34,13,9,17,17,14,89,14,17,16,14
Loyola University Maryland,MD,,Unavailable,46,46,33,1,18,49,15,99,15,18,18,14
Flagler College,FL,,Unavailable,30,42,26,3,20,37,15,95,15,20,21,14
Gordon College,MA,,Unavailable,39,40,31,3,19,45,14,98,14,19,19,14
West Virginia State University,WV,,39,11,37,18,26,19,23,15,92,15,19,19,14
Cleveland Institute of Art,OH,,Unavailable,28,50,25,#VALUE!,23,36,15,95,15,23,24,14
Saint Edward's University,TX,,Unavailable,33,52,31,5,19,43,15,93,15,19,19,14
Clark University,MA,,Unavailable,45,47,33,1,17,48,14,99,14,17,18,14
Pace University,NY,,Unavailable,28,42,27,6,17,38,14,94,14,17,17,14
Bennington College,VT,,Unavailable,35,42,29,4,19,42,15,94,15,19,21,13
Pratt Institute-Main,NY,,Unavailable,37,39,30,2,17,44,13,96,13,17,17,13
Chapman University,CA,,Unavailable,43,49,34,3,20,50,13,98,13,20,21,13
Rider University,NJ,,Unavailable,32,45,29,5,15,40,14,93,14,15,15,13
Presbyterian College,SC,,Unavailable,30,42,27,1,22,39,14,100,14,22,22,13
University of Redlands,CA,,Unavailable,35,52,37,7,17,49,14,91,14,17,17,13
Culinary Institute of America,NY,,Unavailable,Unavailable,32,Unavailable,8,17,Unavailable,14,85,14,17,17,13
Wagner College,NY,,Unavailable,38,45,31,#VALUE!,18,46,13,95,13,18,18,13
Fitchburg State University,MA,,36,22,41,28,19,14,38,13,80,13,14,14,13
Emory & Henry University,VA,,Unavailable,25,43,24,1,22,33,14,99,14,22,22,13
Middle Georgia State University,GA,,42,6,34,17,37,18,22,14,73,14,18,18,13
Ottawa University-Ottawa,KS,,Unavailable,16,34,20,3,17,25,13,96,13,17,17,13
Rockford University,IL,,Unavailable,16,37,22,11,18,30,14,82,14,18,18,13
Jackson State University,MS,,35,14,56,21,19,22,28,14,81,14,22,21,13
Toccoa Falls College,GA,,Unavailable,25,43,28,30,19,36,14,95,14,19,19,13
Lake Forest College,IL,,Unavailable,40,52,32,2,22,46,13,97,13,22,22,13
Berea College,KY,,Unavailable,27,71,29,#VALUE!,19,41,14,97,14,19,19,13
Savannah College of Art and Design,GA,,Unavailable,35,42,31,9,22,45,14,94,14,22,23,13
Delaware Valley University,PA,,Unavailable,28,38,25,6,15,36,14,95,14,15,15,13
Queens University of Charlotte,NC,,Unavailable,34,42,32,4,24,43,13,93,13,24,23,13
Marymount Manhattan College,NY,,Unavailable,29,35,26,8,18,38,13,89,13,18,19,12
University of San Francisco,CA,,Unavailable,41,49,34,4,17,48,12,94,12,17,17,12
Radford University,VA,,37,23,40,28,11,14,37,13,87,13,14,14,12
Pepperdine University,CA,,Unavailable,43,53,35,4,18,52,12,97,12,18,18,12
Meredith College,NC,,Unavailable,38,47,30,#VALUE!,22,43,13,96,13,22,22,12
Southeastern Baptist Theological Seminary,NC,,Unavailable,9,Unavailable,30,38,23,41,13,74,13,23,25,12
Francis Marion University,SC,,45,11,47,21,14,21,30,13,92,13,21,21,12
Columbus State University,GA,,42,11,42,22,25,22,31,13,76,13,22,22,12
Waynesburg University,PA,,Unavailable,35,42,29,4,14,42,12,97,12,14,14,12
University of North Carolina School of the Arts,NC,,21,40,49,31,2,23,45,13,97,13,23,24,12
Elmhurst University,IL,,Unavailable,34,46,35,7,14,47,12,90,12,14,14,11
State University of New York at New Paltz,NY,,37,35,49,35,8,16,48,12,93,12,16,16,11
University of North Carolina Wilmington,NC,,30,34,46,36,14,17,48,11,85,11,17,17,11
Guilford College,NC,,Unavailable,27,41,25,4,19,35,11,94,11,19,18,11
University of Providence,MT,,Unavailable,12,30,23,23,16,39,9,70,9,16,15,11
Norwich University,VT,,Unavailable,34,37,29,20,14,40,11,81,11,14,15,11
East Carolina University,NC,,34,27,44,31,17,18,44,11,84,11,18,17,11
Milwaukee Institute of Art & Design,WI,,Unavailable,27,44,25,2,15,34,11,97,11,15,15,11
Bard College,NY,,Unavailable,34,52,31,13,19,45,12,78,12,19,20,11
Roosevelt University,IL,,Unavailable,18,43,25,14,13,30,11,79,11,13,13,11
Upper Iowa University,IA,,Unavailable,17,38,23,61,14,28,10,35,10,14,13,10
Shorter University,GA,,Unavailable,17,40,20,16,18,26,10,88,10,18,17,10
Allegheny College,PA,,Unavailable,40,41,31,3,18,46,10,98,10,18,18,10
University of Utah,UT,,22,22,38,30,12,39,46,31,88,31,39,39,10
Siena Heights University,MI,,Unavailable,23,36,28,34,13,36,9,70,9,13,12,9
Citadel Military College of South Carolina,SC,,22,41,43,32,7,16,47,10,90,10,16,16,9
Hawaii Pacific University,HI,,Unavailable,19,30,24,22,15,31,10,84,10,15,15,9
Methodist University,NC,,Unavailable,14,32,21,13,17,27,9,81,9,17,17,9
Oral Roberts University,OK,,Unavailable,29,43,28,23,14,39,9,86,9,14,15,9
North Carolina A & T State University,NC,,35,17,51,25,8,17,35,9,93,9,17,16,9
Missouri Valley College,MO,,Unavailable,9,28,17,10,12,20,9,95,9,12,11,9
Ottawa University-Surprise,AZ,,Unavailable,Unavailable,29,Unavailable,5,10,Unavailable,8,96,8,10,9,8
University of Virginia's College at Wise,VA,,44,19,46,19,25,16,27,8,64,8,16,15,8
Clarke University,IA,,Unavailable,29,41,29,7,13,37,7,93,7,13,12,7
Chamberlain University-Illinois,IL,,Unavailable,44,33,46,79,12,55,6,15,6,12,11,7